{
    "progression_percentage": 37.272727272727266,
    "standard_error": 3.1360342383018796,
    "average_steps": 195.5,
    "episodes_played": 10,
    "tasks": {
        "default": {
            "progression_percentage": 37.272727272727266,
            "standard_error": 3.1360342383018796,
            "episodes_played": 10
        }
    },
    "input_tokens": 3945345,
    "output_tokens": 9998
}