{
    "progression_percentage": 16.363636363636363,
    "standard_error": 3.0287874998104876,
    "average_steps": 178.7,
    "episodes_played": 10,
    "tasks": {
        "default": {
            "progression_percentage": 16.363636363636363,
            "standard_error": 3.0287874998104876,
            "episodes_played": 10
        }
    },
    "input_tokens": 2865370,
    "output_tokens": 4447
}