{
    "progression_percentage": 57.272727272727266,
    "standard_error": 3.920701573245059,
    "average_steps": 261.7,
    "episodes_played": 10,
    "tasks": {
        "default": {
            "progression_percentage": 57.272727272727266,
            "standard_error": 3.920701573245059,
            "episodes_played": 10
        }
    },
    "input_tokens": 4629787,
    "output_tokens": 3954
}