{
    "progression_percentage": 12.727272727272727,
    "standard_error": 1.9069251784911847,
    "average_steps": 185.8,
    "episodes_played": 10,
    "tasks": {
        "default": {
            "progression_percentage": 12.727272727272727,
            "standard_error": 1.9069251784911847,
            "episodes_played": 10
        }
    },
    "input_tokens": 3029554,
    "output_tokens": 5802
}