{
    "progression_percentage": 32.549019607843135,
    "standard_error": 6.880835167725513,
    "average_steps": 64.93333333333334,
    "episodes_played": 30,
    "tasks": {
        "coin_collector": {
            "progression_percentage": 30.0,
            "standard_error": 14.491376746189436,
            "episodes_played": 10
        },
        "the_cooking_game": {
            "progression_percentage": 47.647058823529406,
            "standard_error": 4.113443232246374,
            "episodes_played": 10
        },
        "treasure_hunter": {
            "progression_percentage": 20.0,
            "standard_error": 12.64911064067352,
            "episodes_played": 10
        }
    },
    "input_tokens": 2940450,
    "output_tokens": 6695
}