Step,Action,Reasoning,Observation,Reward,Done
0,north,,"message:


language observation:
dark area near east
horizontal wall near south
vertical wall very near southeast, southwest, and west
horizontal wall adjacent north, northeast, and northwest
horn adjacent south

cursor:
Yourself a knight
(x=22, y=11)

map:
                                                                                
                                                                                
                                                                                
                                                                                
                                                                                
                                                                                
                                                                                
                                                                                
                                                                                
                    -----                                                       
                    |.@..##                                                     
                    |.(.|                                                       
                    |...|                                                       
                    -----                                                       
                                                                                
                                                                                
                                                                                
                                                                                
                                                                                
                                                                                
                                                                                
Agent the Gallant              St:16 Dx:9 Co:11 In:8 Wi:14 Ch:17 Lawful S:0     
Dlvl:1 $:0 HP:16(16) Pw:6(6) AC:3 Xp:1/0                                        

",0.0,False
1,east,,"message:


language observation:
dark area near east
horizontal wall near south
southwest corner near southwest
vertical wall near west
horizontal wall adjacent north, northeast, and northwest
vertical wall adjacent southeast
horn adjacent southwest

cursor:
Yourself a knight
(x=23, y=11)

map:
                                                                                
                                                                                
                                                                                
                                                                                
                                                                                
                                                                                
                                                                                
                                                                                
                                                                                
                    -----                                                       
                    |..@.##                                                     
                    |.(.|                                                       
                    |...|                                                       
                    -----                                                       
                                                                                
                                                                                
                                                                                
                                                                                
                                                                                
                                                                                
                                                                                
Agent the Gallant              St:16 Dx:9 Co:11 In:8 Wi:14 Ch:17 Lawful S:0     
Dlvl:1 $:0 HP:16(16) Pw:6(6) AC:3 Xp:1/0                                        

",0.0,False
2,east,,"message:


language observation:
dark area near east
horizontal wall near southwest
vertical wall near west
horn very near westsouthwest
horizontal wall adjacent north and northwest
dark area adjacent northeast and southeast
vertical wall adjacent south

cursor:
Yourself a knight
(x=24, y=11)

map:
                                                                                
                                                                                
                                                                                
                                                                                
                                                                                
                                                                                
                                                                                
                                                                                
                                                                                
                    -----                                                       
                    |...@##                                                     
                    |.(.|                                                       
                    |...|                                                       
                    -----                                                       
                                                                                
                                                                                
                                                                                
                                                                                
                                                                                
                                                                                
                                                                                
Agent the Gallant              St:16 Dx:9 Co:11 In:8 Wi:14 Ch:17 Lawful S:0     
Dlvl:1 $:0 HP:16(16) Pw:6(6) AC:3 Xp:1/0                                        

",0.0,False
3,east,,"message:


language observation:
dark area near southeast
horn near westsouthwest
vertical wall near west
dark area very near east
dark area adjacent north, northeast, and south
vertical wall adjacent southwest
horizontal wall adjacent northwest

cursor:
Yourself a knight
(x=25, y=11)

map:
                                                                                
                                                                                
                                                                                
                                                                                
                                                                                
                                                                                
                                                                                
                                                                                
                                                                                
                    -----                                                       
                    |....@#                                                     
                    |.(.| #                                                     
                    |...| ##                                                    
                    -----                                                       
                                                                                
                                                                                
                                                                                
                                                                                
                                                                                
                                                                                
                                                                                
Agent the Gallant              St:16 Dx:9 Co:11 In:8 Wi:14 Ch:17 Lawful S:0     
Dlvl:1 $:0 HP:16(16) Pw:6(6) AC:3 Xp:1/0                                        

",0.0,False
4,east,,"message:


language observation:
vertical wall far west
dark area near south
horn near westsouthwest
dark area adjacent north, northeast, east, southeast, southwest, and northwest

cursor:
Yourself a knight
(x=26, y=11)

map:
                                                                                
                                                                                
                                                                                
                                                                                
                                                                                
                                                                                
                                                                                
                                                                                
                                                                                
                    -----                                                       
                    |....#@                                                     
                    |.(.| #                                                     
                    |...| ##                                                    
                    -----                                                       
                                                                                
                                                                                
                                                                                
                                                                                
                                                                                
                                                                                
                                                                                
Agent the Gallant              St:16 Dx:9 Co:11 In:8 Wi:14 Ch:17 Lawful S:0     
Dlvl:1 $:0 HP:16(16) Pw:6(6) AC:3 Xp:1/0                                        

",0.0,False
5,east,,"message:
It's solid stone.

language observation:
vertical wall far west
dark area near south
horn near westsouthwest
dark area adjacent north, northeast, east, southeast, southwest, and northwest

cursor:
Yourself a knight
(x=26, y=11)

map:
                                                                                
                                                                                
                                                                                
                                                                                
                                                                                
                                                                                
                                                                                
                                                                                
                                                                                
                    -----                                                       
                    |....#@                                                     
                    |.(.| #                                                     
                    |...| ##                                                    
                    -----                                                       
                                                                                
                                                                                
                                                                                
                                                                                
                                                                                
                                                                                
                                                                                
Agent the Gallant              St:16 Dx:9 Co:11 In:8 Wi:14 Ch:17 Lawful S:0     
Dlvl:1 $:0 HP:16(16) Pw:6(6) AC:3 Xp:1/0                                        

",-0.01,False
6,west,,"message:


language observation:
dark area near southeast
horn near westsouthwest
vertical wall near west
dark area very near east
dark area adjacent north, northeast, and south
vertical wall adjacent southwest
horizontal wall adjacent northwest

cursor:
Yourself a knight
(x=25, y=11)

map:
                                                                                
                                                                                
                                                                                
                                                                                
                                                                                
                                                                                
                                                                                
                                                                                
                                                                                
                    -----                                                       
                    |....@#                                                     
                    |.(.| #                                                     
                    |...| ##                                                    
                    -----                                                       
                                                                                
                                                                                
                                                                                
                                                                                
                                                                                
                                                                                
                                                                                
Agent the Gallant              St:16 Dx:9 Co:11 In:8 Wi:14 Ch:17 Lawful S:0     
Dlvl:1 $:0 HP:16(16) Pw:6(6) AC:3 Xp:1/0                                        

",0.0,False
7,south,,"message:
It's solid stone.

language observation:
dark area near southeast
horn near westsouthwest
vertical wall near west
dark area very near east
dark area adjacent north, northeast, and south
vertical wall adjacent southwest
horizontal wall adjacent northwest

cursor:
Yourself a knight
(x=25, y=11)

map:
                                                                                
                                                                                
                                                                                
                                                                                
                                                                                
                                                                                
                                                                                
                                                                                
                                                                                
                    -----                                                       
                    |....@#                                                     
                    |.(.| #                                                     
                    |...| ##                                                    
                    -----                                                       
                                                                                
                                                                                
                                                                                
                                                                                
                                                                                
                                                                                
                                                                                
Agent the Gallant              St:16 Dx:9 Co:11 In:8 Wi:14 Ch:17 Lawful S:0     
Dlvl:1 $:0 HP:16(16) Pw:6(6) AC:3 Xp:1/0                                        

",-0.01,False
8,north,,"message:
It's solid stone.

language observation:
dark area near southeast
horn near westsouthwest
vertical wall near west
dark area very near east
dark area adjacent north, northeast, and south
vertical wall adjacent southwest
horizontal wall adjacent northwest

cursor:
Yourself a knight
(x=25, y=11)

map:
                                                                                
                                                                                
                                                                                
                                                                                
                                                                                
                                                                                
                                                                                
                                                                                
                                                                                
                    -----                                                       
                    |....@#                                                     
                    |.(.| #                                                     
                    |...| ##                                                    
                    -----                                                       
                                                                                
                                                                                
                                                                                
                                                                                
                                                                                
                                                                                
                                                                                
Agent the Gallant              St:16 Dx:9 Co:11 In:8 Wi:14 Ch:17 Lawful S:0     
Dlvl:1 $:0 HP:16(16) Pw:6(6) AC:3 Xp:1/0                                        

",-0.01,False
9,northeast,,"message:
It's solid stone.

language observation:
dark area near southeast
horn near westsouthwest
vertical wall near west
dark area very near east
dark area adjacent north, northeast, and south
vertical wall adjacent southwest
horizontal wall adjacent northwest

cursor:
Yourself a knight
(x=25, y=11)

map:
                                                                                
                                                                                
                                                                                
                                                                                
                                                                                
                                                                                
                                                                                
                                                                                
                                                                                
                    -----                                                       
                    |....@#                                                     
                    |.(.| #                                                     
                    |...| ##                                                    
                    -----                                                       
                                                                                
                                                                                
                                                                                
                                                                                
                                                                                
                                                                                
                                                                                
Agent the Gallant              St:16 Dx:9 Co:11 In:8 Wi:14 Ch:17 Lawful S:0     
Dlvl:1 $:0 HP:16(16) Pw:6(6) AC:3 Xp:1/0                                        

",-0.01,False
10,search,,"message:


language observation:
dark area near southeast
horn near westsouthwest
vertical wall near west
dark area very near east
dark area adjacent north, northeast, and south
vertical wall adjacent southwest
horizontal wall adjacent northwest

cursor:
Yourself a knight
(x=25, y=11)

map:
                                                                                
                                                                                
                                                                                
                                                                                
                                                                                
                                                                                
                                                                                
                                                                                
                                                                                
                    -----                                                       
                    |....@#                                                     
                    |.(.| #                                                     
                    |...| ##                                                    
                    -----                                                       
                                                                                
                                                                                
                                                                                
                                                                                
                                                                                
                                                                                
                                                                                
Agent the Gallant              St:16 Dx:9 Co:11 In:8 Wi:14 Ch:17 Lawful S:0     
Dlvl:1 $:0 HP:16(16) Pw:6(6) AC:3 Xp:1/0                                        

",0.0,False
11,south,,"message:
It's solid stone.

language observation:
dark area near southeast
horn near westsouthwest
vertical wall near west
dark area very near east
dark area adjacent north, northeast, and south
vertical wall adjacent southwest
horizontal wall adjacent northwest

cursor:
Yourself a knight
(x=25, y=11)

map:
                                                                                
                                                                                
                                                                                
                                                                                
                                                                                
                                                                                
                                                                                
                                                                                
                                                                                
                    -----                                                       
                    |....@#                                                     
                    |.(.| #                                                     
                    |...| ##                                                    
                    -----                                                       
                                                                                
                                                                                
                                                                                
                                                                                
                                                                                
                                                                                
                                                                                
Agent the Gallant              St:16 Dx:9 Co:11 In:8 Wi:14 Ch:17 Lawful S:0     
Dlvl:1 $:0 HP:16(16) Pw:6(6) AC:3 Xp:1/0                                        

",-0.01,False
12,west,,"message:


language observation:
dark area near east
horizontal wall near southwest
vertical wall near west
horn very near westsouthwest
horizontal wall adjacent north and northwest
dark area adjacent northeast and southeast
vertical wall adjacent south

cursor:
Yourself a knight
(x=24, y=11)

map:
                                                                                
                                                                                
                                                                                
                                                                                
                                                                                
                                                                                
                                                                                
                                                                                
                                                                                
                    -----                                                       
                    |...@##                                                     
                    |.(.| #                                                     
                    |...| ##                                                    
                    -----                                                       
                                                                                
                                                                                
                                                                                
                                                                                
                                                                                
                                                                                
                                                                                
Agent the Gallant              St:16 Dx:9 Co:11 In:8 Wi:14 Ch:17 Lawful S:0     
Dlvl:1 $:0 HP:16(16) Pw:6(6) AC:3 Xp:1/0                                        

",0.0,False
13,southeast,,"message:
It's solid stone.

language observation:
dark area near east
horizontal wall near southwest
vertical wall near west
horn very near westsouthwest
horizontal wall adjacent north and northwest
dark area adjacent northeast and southeast
vertical wall adjacent south

cursor:
Yourself a knight
(x=24, y=11)

map:
                                                                                
                                                                                
                                                                                
                                                                                
                                                                                
                                                                                
                                                                                
                                                                                
                                                                                
                    -----                                                       
                    |...@##                                                     
                    |.(.| #                                                     
                    |...| ##                                                    
                    -----                                                       
                                                                                
                                                                                
                                                                                
                                                                                
                                                                                
                                                                                
                                                                                
Agent the Gallant              St:16 Dx:9 Co:11 In:8 Wi:14 Ch:17 Lawful S:0     
Dlvl:1 $:0 HP:16(16) Pw:6(6) AC:3 Xp:1/0                                        

",-0.01,False
14,east,,"message:


language observation:
dark area near southeast
horn near westsouthwest
vertical wall near west
dark area very near east
dark area adjacent north, northeast, and south
vertical wall adjacent southwest
horizontal wall adjacent northwest

cursor:
Yourself a knight
(x=25, y=11)

map:
                                                                                
                                                                                
                                                                                
                                                                                
                                                                                
                                                                                
                                                                                
                                                                                
                                                                                
                    -----                                                       
                    |....@#                                                     
                    |.(.| #                                                     
                    |...| ##                                                    
                    -----                                                       
                                                                                
                                                                                
                                                                                
                                                                                
                                                                                
                                                                                
                                                                                
Agent the Gallant              St:16 Dx:9 Co:11 In:8 Wi:14 Ch:17 Lawful S:0     
Dlvl:1 $:0 HP:16(16) Pw:6(6) AC:3 Xp:1/0                                        

",0.0,False
15,search,,"message:


language observation:
dark area near southeast
horn near westsouthwest
vertical wall near west
dark area very near east
dark area adjacent north, northeast, and south
vertical wall adjacent southwest
horizontal wall adjacent northwest

cursor:
Yourself a knight
(x=25, y=11)

map:
                                                                                
                                                                                
                                                                                
                                                                                
                                                                                
                                                                                
                                                                                
                                                                                
                                                                                
                    -----                                                       
                    |....@#                                                     
                    |.(.| #                                                     
                    |...| ##                                                    
                    -----                                                       
                                                                                
                                                                                
                                                                                
                                                                                
                                                                                
                                                                                
                                                                                
Agent the Gallant              St:16 Dx:9 Co:11 In:8 Wi:14 Ch:17 Lawful S:0     
Dlvl:1 $:0 HP:16(16) Pw:6(6) AC:3 Xp:1/0                                        

",0.0,False
16,west,,"message:


language observation:
dark area near east
horizontal wall near southwest
vertical wall near west
horn very near westsouthwest
horizontal wall adjacent north and northwest
dark area adjacent northeast and southeast
vertical wall adjacent south

cursor:
Yourself a knight
(x=24, y=11)

map:
                                                                                
                                                                                
                                                                                
                                                                                
                                                                                
                                                                                
                                                                                
                                                                                
                                                                                
                    -----                                                       
                    |...@##                                                     
                    |.(.| #                                                     
                    |...| ##                                                    
                    -----                                                       
                                                                                
                                                                                
                                                                                
                                                                                
                                                                                
                                                                                
                                                                                
Agent the Gallant              St:16 Dx:9 Co:11 In:8 Wi:14 Ch:17 Lawful S:0     
Dlvl:1 $:0 HP:16(16) Pw:6(6) AC:3 Xp:1/0                                        

",0.0,False
17,east,,"message:


language observation:
dark area near southeast
horn near westsouthwest
vertical wall near west
dark area very near east
dark area adjacent north, northeast, and south
vertical wall adjacent southwest
horizontal wall adjacent northwest

cursor:
Yourself a knight
(x=25, y=11)

map:
                                                                                
                                                                                
                                                                                
                                                                                
                                                                                
                                                                                
                                                                                
                                                                                
                                                                                
                    -----                                                       
                    |....@#                                                     
                    |.(.| #                                                     
                    |...| ##                                                    
                    -----                                                       
                                                                                
                                                                                
                                                                                
                                                                                
                                                                                
                                                                                
                                                                                
Agent the Gallant              St:16 Dx:9 Co:11 In:8 Wi:14 Ch:17 Lawful S:0     
Dlvl:1 $:0 HP:16(16) Pw:6(6) AC:3 Xp:1/0                                        

",0.0,False
18,east,,"message:


language observation:
vertical wall far west
dark area near south
horn near westsouthwest
dark area adjacent north, northeast, east, southeast, southwest, and northwest

cursor:
Yourself a knight
(x=26, y=11)

map:
                                                                                
                                                                                
                                                                                
                                                                                
                                                                                
                                                                                
                                                                                
                                                                                
                                                                                
                    -----                                                       
                    |....#@                                                     
                    |.(.| #                                                     
                    |...| ##                                                    
                    -----                                                       
                                                                                
                                                                                
                                                                                
                                                                                
                                                                                
                                                                                
                                                                                
Agent the Gallant              St:16 Dx:9 Co:11 In:8 Wi:14 Ch:17 Lawful S:0     
Dlvl:1 $:0 HP:16(16) Pw:6(6) AC:3 Xp:1/0                                        

",0.0,False
19,south,,"message:


language observation:
horn near west
dark area very near north, southeast, and south
horizontal wall very near northwest
dark area adjacent northeast, east, southwest, and west

cursor:
Yourself a knight
(x=26, y=12)

map:
                                                                                
                                                                                
                                                                                
                                                                                
                                                                                
                                                                                
                                                                                
                                                                                
                                                                                
                    -----                                                       
                    |....##                                                     
                    |.(.| @                                                     
                    |...| ##                                                    
                    -----                                                       
                                                                                
                                                                                
                                                                                
                                                                                
                                                                                
                                                                                
                                                                                
Agent the Gallant              St:16 Dx:9 Co:11 In:8 Wi:14 Ch:17 Lawful S:0     
Dlvl:1 $:0 HP:16(16) Pw:6(6) AC:3 Xp:1/0                                        

",0.0,False
20,east,,"message:
It's solid stone.

language observation:
horn near west
dark area very near north, southeast, and south
horizontal wall very near northwest
dark area adjacent northeast, east, southwest, and west

cursor:
Yourself a knight
(x=26, y=12)

map:
                                                                                
                                                                                
                                                                                
                                                                                
                                                                                
                                                                                
                                                                                
                                                                                
                                                                                
                    -----                                                       
                    |....##                                                     
                    |.(.| @                                                     
                    |...| ##                                                    
                    -----                                                       
                                                                                
                                                                                
                                                                                
                                                                                
                                                                                
                                                                                
                                                                                
Agent the Gallant              St:16 Dx:9 Co:11 In:8 Wi:14 Ch:17 Lawful S:0     
Dlvl:1 $:0 HP:16(16) Pw:6(6) AC:3 Xp:1/0                                        

",-0.01,False
21,south,,"message:


language observation:
lava very far east
area of lava very far eastnortheast
stairs down very far east
giant rats far eastnortheast and east
dark area near north
horn near westnorthwest
dark area very near east
dark area adjacent northeast, southeast, south, southwest, west, and northwest

cursor:
Yourself a knight
(x=26, y=13)

map:
                                                                                
                                                                                
                                                                                
                                                                                
                                                                                
                                                                                
                                                                                
                                                                                
                                                                                
                    -----                          ------                       
                    |....##                        .}...|                       
                    |.(.| #            .r.r.........}...|                       
                    |...| @#    ......r.r.r.........}.>.|                       
                    -----        ------------------------                       
                                                                                
                                                                                
                                                                                
                                                                                
                                                                                
                                                                                
                                                                                
Agent the Gallant              St:16 Dx:9 Co:11 In:8 Wi:14 Ch:17 Lawful S:0     
Dlvl:1 $:0 HP:16(16) Pw:6(6) AC:3 Xp:1/0                                        

",0.0,False
22,east,,"message:


language observation:
lava very far east
area of lava very far eastnortheast
stairs down very far east
giant rats far eastnortheast and east
horn near westnorthwest
horizontal wall near northwest
dark area very near east and west
dark area adjacent north, northeast, southeast, south, and southwest

cursor:
Yourself a knight
(x=27, y=13)

map:
                                                                                
                                                                                
                                                                                
                                                                                
                                                                                
                                                                                
                                                                                
                                                                                
                                                                                
                    -----                       ---------                       
                    |....##                     ....}...|                       
                    |.(.| #           ..rr..........}...|                       
                    |...| #@#   .....r.r.r..........}.>.|                       
                    -----        ------------------------                       
                                                                                
                                                                                
                                                                                
                                                                                
                                                                                
                                                                                
                                                                                
Agent the Gallant              St:16 Dx:9 Co:11 In:8 Wi:14 Ch:17 Lawful S:0     
Dlvl:1 $:0 HP:16(16) Pw:6(6) AC:3 Xp:1/0                                        

",0.0,False
23,east,,"message:


language observation:
lava very far east
area of lava very far eastnortheast
stairs down very far east
giant rats far east
horn far westnorthwest
dark area near west
dark area very near east
dark area adjacent north, northeast, southeast, south, southwest, and northwest

cursor:
Yourself a knight
(x=28, y=13)

map:
                                                                                
                                                                                
                                                                                
                                                                                
                                                                                
                                                                                
                                                                                
                                                                                
                                                                                
                    -----                    ------------                       
                    |....##                  .......}...|                       
                    |.(.| #          ...............}...|                       
                    |...| ##@#  ....r.rrr...........}.>.|                       
                    -----        ------------------------                       
                                                                                
                                                                                
                                                                                
                                                                                
                                                                                
                                                                                
                                                                                
Agent the Gallant              St:16 Dx:9 Co:11 In:8 Wi:14 Ch:17 Lawful S:0     
Dlvl:1 $:0 HP:16(16) Pw:6(6) AC:3 Xp:1/0                                        

",0.0,False
24,east,,"message:


language observation:
lava very far east
area of lava very far eastnortheast
stairs down very far east
giant rats far east
horn far westnorthwest
dark area near west
dark area very near east
dark area adjacent north, northeast, southeast, south, southwest, and northwest

cursor:
Yourself a knight
(x=29, y=13)

map:
                                                                                
                                                                                
                                                                                
                                                                                
                                                                                
                                                                                
                                                                                
                                                                                
                                                                                
                    -----                 ---------------                       
                    |....##               ..........}...|                       
                    |.(.| #         ................}...|                       
                    |...| ###@# ...r.rr.r...........}.>.|                       
                    -----        ------------------------                       
                                                                                
                                                                                
                                                                                
                                                                                
                                                                                
                                                                                
                                                                                
Agent the Gallant              St:16 Dx:9 Co:11 In:8 Wi:14 Ch:17 Lawful S:0     
Dlvl:1 $:0 HP:16(16) Pw:6(6) AC:3 Xp:1/0                                        

",0.0,False
25,east,,"message:


language observation:
lava very far east
area of lava very far eastnortheast
stairs down very far east
giant rats far eastnortheast and east
horn far westnorthwest
giant rat near east
dark area near west
dark area adjacent north, northeast, southeast, south, southwest, and northwest

cursor:
Yourself a knight
(x=30, y=13)

map:
                                                                                
                                                                                
                                                                                
                                                                                
                                                                                
                                                                                
                                                                                
                                                                                
                                                                                
                    -----              ------------------                       
                    |....##            .r...........}...|                       
                    |.(.| #        ..r..............}...|                       
                    |...| ####@#..r..r.r............}.>.|                       
                    -----        ------------------------                       
                                                                                
                                                                                
                                                                                
                                                                                
                                                                                
                                                                                
                                                                                
Agent the Gallant              St:16 Dx:9 Co:11 In:8 Wi:14 Ch:17 Lawful S:0     
Dlvl:1 $:0 HP:16(16) Pw:6(6) AC:3 Xp:1/0                                        

",0.0,False
26,east,,"message:


language observation:
lava very far east
area of lava very far eastnortheast
stairs down very far east
giant rat far east
giant rats far eastnortheast
dark area far west
horn far westnorthwest
giant rat near east
giant rat very near east
dark area adjacent north, northeast, south, southwest, and northwest
horizontal wall adjacent southeast

cursor:
Yourself a knight
(x=31, y=13)

map:
                                                                                
                                                                                
                                                                                
                                                                                
                                                                                
                                                                                
                                                                                
                                                                                
                                                                                
                    -----           ---------------------                       
                    |....##         ................}...|                       
                    |.(.| #       ...r.r............}...|                       
                    |...| #####@.r..r.r.............}.>.|                       
                    -----       -------------------------                       
                                                                                
                                                                                
                                                                                
                                                                                
                                                                                
                                                                                
                                                                                
Agent the Gallant              St:16 Dx:9 Co:11 In:8 Wi:14 Ch:17 Lawful S:0     
Dlvl:1 $:0 HP:16(16) Pw:6(6) AC:3 Xp:1/0                                        

",0.0,False
27,east,,"message:
The giant rat just misses!  The giant rat bites!

language observation:
lava very far east
area of lava very far eastnortheast
stairs down very far east
giant rat far east
dark area far west
horn far westnorthwest
horizontal wall near northeast
giant rat near eastnortheast
giant rats near east
vertical wall adjacent north
giant rat adjacent northeast and east
horizontal wall adjacent southeast and south
dark area adjacent southwest and northwest

cursor:
Yourself a knight
(x=32, y=13)

map:
                                                                                
                                                                                
                                                                                
                                                                                
                                                                                
                                                                                
                                                                                
                                                                                
                                                                                
                    -----        ------------------------                       
                    |....##      ...................}...|                       
                    |.(.| #     |r..r...............}...|                       
                    |...| ######@r..rrr.............}.>.|                       
                    -----       -------------------------                       
                                                                                
                                                                                
                                                                                
                                                                                
                                                                                
                                                                                
                                                                                
Agent the Gallant              St:16 Dx:9 Co:11 In:8 Wi:14 Ch:17 Lawful S:0     
Dlvl:1 $:0 HP:13(16) Pw:6(6) AC:3 Xp:1/0                                        

",0.0,False
28,east,,"message:
You miss the giant rat.  The giant rat bites!  The giant rat misses!

language observation:
lava very far east
area of lava very far eastnortheast
stairs down very far east
giant rat far east
dark area far west
horn far westnorthwest
horizontal wall near northeast
giant rat near east
giant rats near eastnortheast
vertical wall adjacent north
giant rat adjacent northeast and east
horizontal wall adjacent southeast and south
dark area adjacent southwest and northwest

cursor:
Yourself a knight
(x=32, y=13)

map:
                                                                                
                                                                                
                                                                                
                                                                                
                                                                                
                                                                                
                                                                                
                                                                                
                                                                                
                    -----        ------------------------                       
                    |....##      ...................}...|                       
                    |.(.| #     |r.r.r..............}...|                       
                    |...| ######@r.r..r.............}.>.|                       
                    -----       -------------------------                       
                                                                                
                                                                                
                                                                                
                                                                                
                                                                                
                                                                                
                                                                                
Agent the Gallant              St:16 Dx:9 Co:11 In:8 Wi:14 Ch:17 Lawful S:0     
Dlvl:1 $:0 HP:10(16) Pw:6(6) AC:3 Xp:1/0                                        

",0.0,False
29,east,,"message:
You kill the giant rat!  The giant rat bites!

language observation:
lava very far east
area of lava very far eastnortheast
stairs down very far east
dark area far west
horn far westnorthwest
horizontal wall near northeast
giant rats near east
giant rat very near eastnortheast and east
vertical wall adjacent north
giant rat adjacent northeast
giant rat corpse adjacent east
horizontal wall adjacent southeast and south
dark area adjacent southwest and northwest

cursor:
Yourself a knight
(x=32, y=13)

map:
                                                                                
                                                                                
                                                                                
                                                                                
                                                                                
                                                                                
                                                                                
                                                                                
                                                                                
                    -----        ------------------------                       
                    |....##      ...................}...|                       
                    |.(.| #     |rr.................}...|                       
                    |...| ######@%r.rr..............}.>.|                       
                    -----       -------------------------                       
                                                                                
                                                                                
                                                                                
                                                                                
                                                                                
                                                                                
                                                                                
Agent the Gallant              St:16 Dx:9 Co:11 In:8 Wi:14 Ch:17 Lawful S:8     
Dlvl:1 $:0 HP:7(16) Pw:6(6) AC:3 Xp:1/2                                         

",0.0,False
30,northeast,,"message:
You kill the giant rat!

language observation:
lava very far east
area of lava very far eastnortheast
stairs down very far east
dark area far west
horn far westnorthwest
horizontal wall near northeast
giant rats near east
giant rat very near east
vertical wall adjacent north
giant rat adjacent east
horizontal wall adjacent southeast and south
dark area adjacent southwest and northwest

cursor:
Yourself a knight
(x=32, y=13)

map:
                                                                                
                                                                                
                                                                                
                                                                                
                                                                                
                                                                                
                                                                                
                                                                                
                                                                                
                    -----        ------------------------                       
                    |....##      ...................}...|                       
                    |.(.| #     |...................}...|                       
                    |...| ######@rrrr...............}.>.|                       
                    -----       -------------------------                       
                                                                                
                                                                                
                                                                                
                                                                                
                                                                                
                                                                                
                                                                                
Agent the Gallant              St:16 Dx:9 Co:11 In:8 Wi:14 Ch:17 Lawful S:16    
Dlvl:1 $:0 HP:7(16) Pw:6(6) AC:3 Xp:1/4                                         

",0.0,False
31,west,,"message:


language observation:
lava very far east
area of lava very far eastnortheast
stairs down very far east
dark area far west
horn far westnorthwest
giant rat near eastnortheast
giant rats near east
giant rat corpse very near east
dark area adjacent north, south, southwest, and northwest
vertical wall adjacent northeast
giant rat adjacent east
horizontal wall adjacent southeast

cursor:
Yourself a knight
(x=31, y=13)

map:
                                                                                
                                                                                
                                                                                
                                                                                
                                                                                
                                                                                
                                                                                
                                                                                
                                                                                
                    -----        ------------------------                       
                    |....##      ...................}...|                       
                    |.(.| #     |.r.................}...|                       
                    |...| #####@r%rr................}.>.|                       
                    -----       -------------------------                       
                                                                                
                                                                                
                                                                                
                                                                                
                                                                                
                                                                                
                                                                                
Agent the Gallant              St:16 Dx:9 Co:11 In:8 Wi:14 Ch:17 Lawful S:16    
Dlvl:1 $:0 HP:7(16) Pw:6(6) AC:3 Xp:1/4                                         

",0.0,False
32,east,,"message:
You miss the giant rat.  The giant rat misses!

language observation:
lava very far east
area of lava very far eastnortheast
stairs down very far east
dark area far west
horn far westnorthwest
giant rat near east
giant rat very near east
dark area adjacent north, south, southwest, and northwest
vertical wall adjacent northeast
giant rat adjacent east
horizontal wall adjacent southeast

cursor:
Yourself a knight
(x=31, y=13)

map:
                                                                                
                                                                                
                                                                                
                                                                                
                                                                                
                                                                                
                                                                                
                                                                                
                                                                                
                    -----        ------------------------                       
                    |....##      ...................}...|                       
                    |.(.| #     |...................}...|                       
                    |...| #####@rrr.................}.>.|                       
                    -----       -------------------------                       
                                                                                
                                                                                
                                                                                
                                                                                
                                                                                
                                                                                
                                                                                
Agent the Gallant              St:16 Dx:9 Co:11 In:8 Wi:14 Ch:17 Lawful S:16    
Dlvl:1 $:0 HP:7(16) Pw:6(6) AC:3 Xp:1/4                                         

",0.0,False
33,east,,"message:
You miss the giant rat.

language observation:
lava very far east
area of lava very far eastnortheast
stairs down very far east
dark area far west
horn far westnorthwest
giant rat near eastnortheast
giant rat very near east
dark area adjacent north, south, southwest, and northwest
vertical wall adjacent northeast
giant rat adjacent east
horizontal wall adjacent southeast

cursor:
Yourself a knight
(x=31, y=13)

map:
                                                                                
                                                                                
                                                                                
                                                                                
                                                                                
                                                                                
                                                                                
                                                                                
                                                                                
                    -----        ------------------------                       
                    |....##      ...................}...|                       
                    |.(.| #     |.r.................}...|                       
                    |...| #####@rr..................}.>.|                       
                    -----       -------------------------                       
                                                                                
                                                                                
                                                                                
                                                                                
                                                                                
                                                                                
                                                                                
Agent the Gallant              St:16 Dx:9 Co:11 In:8 Wi:14 Ch:17 Lawful S:16    
Dlvl:1 $:0 HP:7(16) Pw:6(6) AC:3 Xp:1/4                                         

",0.0,False
34,east,,"message:
You kill the giant rat!

language observation:
lava very far east
area of lava very far eastnortheast
stairs down very far east
dark area far west
horn far westnorthwest
giant rat very near east
dark area adjacent north, south, southwest, and northwest
vertical wall adjacent northeast
giant rat adjacent east
horizontal wall adjacent southeast

cursor:
Yourself a knight
(x=31, y=13)

map:
                                                                                
                                                                                
                                                                                
                                                                                
                                                                                
                                                                                
                                                                                
                                                                                
                                                                                
                    -----        ------------------------                       
                    |....##      ...................}...|                       
                    |.(.| #     |...................}...|                       
                    |...| #####@rr..................}.>.|                       
                    -----       -------------------------                       
                                                                                
                                                                                
                                                                                
                                                                                
                                                                                
                                                                                
                                                                                
Agent the Gallant              St:16 Dx:9 Co:11 In:8 Wi:14 Ch:17 Lawful S:24    
Dlvl:1 $:0 HP:7(16) Pw:6(6) AC:3 Xp:1/6                                         

",0.0,False
35,east,,"message:
You miss the giant rat.

language observation:
lava very far east
area of lava very far eastnortheast
stairs down very far east
dark area far west
horn far westnorthwest
giant rat near east
giant rat corpse very near east
dark area adjacent north, south, southwest, and northwest
vertical wall adjacent northeast
giant rat adjacent east
horizontal wall adjacent southeast

cursor:
Yourself a knight
(x=31, y=13)

map:
                                                                                
                                                                                
                                                                                
                                                                                
                                                                                
                                                                                
                                                                                
                                                                                
                                                                                
                    -----        ------------------------                       
                    |....##      ...................}...|                       
                    |.(.| #     |...................}...|                       
                    |...| #####@r%r.................}.>.|                       
                    -----       -------------------------                       
                                                                                
                                                                                
                                                                                
                                                                                
                                                                                
                                                                                
                                                                                
Agent the Gallant              St:16 Dx:9 Co:11 In:8 Wi:14 Ch:17 Lawful S:24    
Dlvl:1 $:0 HP:8(16) Pw:6(6) AC:3 Xp:1/6                                         

",0.0,False
36,east,,"message:
You miss the giant rat.

language observation:
lava very far east
area of lava very far eastnortheast
stairs down very far east
dark area far west
horn far westnorthwest
giant rat near eastnortheast
giant rat corpse very near east
dark area adjacent north, south, southwest, and northwest
vertical wall adjacent northeast
giant rat adjacent east
horizontal wall adjacent southeast

cursor:
Yourself a knight
(x=31, y=13)

map:
                                                                                
                                                                                
                                                                                
                                                                                
                                                                                
                                                                                
                                                                                
                                                                                
                                                                                
                    -----        ------------------------                       
                    |....##      ...................}...|                       
                    |.(.| #     |.r.................}...|                       
                    |...| #####@r%..................}.>.|                       
                    -----       -------------------------                       
                                                                                
                                                                                
                                                                                
                                                                                
                                                                                
                                                                                
                                                                                
Agent the Gallant              St:16 Dx:9 Co:11 In:8 Wi:14 Ch:17 Lawful S:24    
Dlvl:1 $:0 HP:8(16) Pw:6(6) AC:3 Xp:1/6                                         

",0.0,False
37,east,,"message:
You miss the giant rat.

language observation:
lava very far east
area of lava very far eastnortheast
stairs down very far east
dark area far west
horn far westnorthwest
giant rat corpse very near east
dark area adjacent north, south, southwest, and northwest
vertical wall adjacent northeast
giant rat adjacent east
horizontal wall adjacent southeast

cursor:
Yourself a knight
(x=31, y=13)

map:
                                                                                
                                                                                
                                                                                
                                                                                
                                                                                
                                                                                
                                                                                
                                                                                
                                                                                
                    -----        ------------------------                       
                    |....##      ...................}...|                       
                    |.(.| #     |...................}...|                       
                    |...| #####@r%..................}.>.|                       
                    -----       -------------------------                       
                                                                                
                                                                                
                                                                                
                                                                                
                                                                                
                                                                                
                                                                                
Agent the Gallant              St:16 Dx:9 Co:11 In:8 Wi:14 Ch:17 Lawful S:24    
Dlvl:1 $:0 HP:8(16) Pw:6(6) AC:3 Xp:1/6                                         

",0.0,False
38,east,,"message:
You miss the giant rat.  The giant rat bites!

language observation:
lava very far east
area of lava very far eastnortheast
stairs down very far east
dark area far west
horn far westnorthwest
giant rat near east
giant rat corpse very near east
dark area adjacent north, south, southwest, and northwest
vertical wall adjacent northeast
giant rat adjacent east
horizontal wall adjacent southeast

cursor:
Yourself a knight
(x=31, y=13)

map:
                                                                                
                                                                                
                                                                                
                                                                                
                                                                                
                                                                                
                                                                                
                                                                                
                                                                                
                    -----        ------------------------                       
                    |....##      ...................}...|                       
                    |.(.| #     |...................}...|                       
                    |...| #####@r%r.................}.>.|                       
                    -----       -------------------------                       
                                                                                
                                                                                
                                                                                
                                                                                
                                                                                
                                                                                
                                                                                
Agent the Gallant              St:16 Dx:9 Co:11 In:8 Wi:14 Ch:17 Lawful S:24    
Dlvl:1 $:0 HP:7(16) Pw:6(6) AC:3 Xp:1/6                                         

",0.0,False
39,east,,"message:
You miss the giant rat.  The giant rat misses!

language observation:
lava very far east
area of lava very far eastnortheast
stairs down very far east
dark area far west
horn far westnorthwest
giant rat very near east
dark area adjacent north, south, southwest, and northwest
vertical wall adjacent northeast
giant rat adjacent east
horizontal wall adjacent southeast

cursor:
Yourself a knight
(x=31, y=13)

map:
                                                                                
                                                                                
                                                                                
                                                                                
                                                                                
                                                                                
                                                                                
                                                                                
                                                                                
                    -----        ------------------------                       
                    |....##      ...................}...|                       
                    |.(.| #     |...................}...|                       
                    |...| #####@rr..................}.>.|                       
                    -----       -------------------------                       
                                                                                
                                                                                
                                                                                
                                                                                
                                                                                
                                                                                
                                                                                
Agent the Gallant              St:16 Dx:9 Co:11 In:8 Wi:14 Ch:17 Lawful S:24    
Dlvl:1 $:0 HP:7(16) Pw:6(6) AC:3 Xp:1/6                                         

",0.0,False
40,east,,"message:
You miss the giant rat.  The giant rat misses!

language observation:
lava very far east
area of lava very far eastnortheast
stairs down very far east
dark area far west
horn far westnorthwest
giant rats near eastnortheast
giant rat corpse very near east
dark area adjacent north, south, southwest, and northwest
vertical wall adjacent northeast
giant rat adjacent east
horizontal wall adjacent southeast

cursor:
Yourself a knight
(x=31, y=13)

map:
                                                                                
                                                                                
                                                                                
                                                                                
                                                                                
                                                                                
                                                                                
                                                                                
                                                                                
                    -----        ------------------------                       
                    |....##      ...................}...|                       
                    |.(.| #     |.rr................}...|                       
                    |...| #####@r%..................}.>.|                       
                    -----       -------------------------                       
                                                                                
                                                                                
                                                                                
                                                                                
                                                                                
                                                                                
                                                                                
Agent the Gallant              St:16 Dx:9 Co:11 In:8 Wi:14 Ch:17 Lawful S:24    
Dlvl:1 $:0 HP:7(16) Pw:6(6) AC:3 Xp:1/6                                         

",0.0,False
41,east,,"message:
You kill the giant rat!

language observation:
lava very far east
area of lava very far eastnortheast
stairs down very far east
dark area far west
horn far westnorthwest
giant rat near east
giant rat corpse very near east
dark area adjacent north, south, southwest, and northwest
vertical wall adjacent northeast
eucalyptus leaf adjacent east
horizontal wall adjacent southeast

cursor:
Yourself a knight
(x=31, y=13)

map:
                                                                                
                                                                                
                                                                                
                                                                                
                                                                                
                                                                                
                                                                                
                                                                                
                                                                                
                    -----        ------------------------                       
                    |....##      ...................}...|                       
                    |.(.| #     |...................}...|                       
                    |...| #####@%%r.................}.>.|                       
                    -----       -------------------------                       
                                                                                
                                                                                
                                                                                
                                                                                
                                                                                
                                                                                
                                                                                
Agent the Gallant              St:16 Dx:9 Co:11 In:8 Wi:14 Ch:17 Lawful S:32    
Dlvl:1 $:0 HP:7(16) Pw:6(6) AC:3 Xp:1/8                                         

",0.0,False
42,east,,"message:
You see here a eucalyptus leaf.

language observation:
lava very far east
area of lava very far eastnortheast
stairs down very far east
dark area far west
horn far westnorthwest
horizontal wall near northeast
giant rat very near northnortheast
vertical wall adjacent north
giant rat adjacent east
horizontal wall adjacent southeast and south
dark area adjacent southwest and northwest

cursor:
Yourself a knight
(x=32, y=13)

map:
                                                                                
                                                                                
                                                                                
                                                                                
                                                                                
                                                                                
                                                                                
                                                                                
                                                                                
                    -----        ------------------------                       
                    |....##      r..................}...|                       
                    |.(.| #     |...................}...|                       
                    |...| ######@r..................}.>.|                       
                    -----       -------------------------                       
                                                                                
                                                                                
                                                                                
                                                                                
                                                                                
                                                                                
                                                                                
Agent the Gallant              St:16 Dx:9 Co:11 In:8 Wi:14 Ch:17 Lawful S:32    
Dlvl:1 $:0 HP:7(16) Pw:6(6) AC:3 Xp:1/8                                         

",0.0,False
43,east,,"message:
You miss the giant rat.

language observation:
lava very far east
area of lava very far eastnortheast
stairs down very far east
dark area far west
horn far westnorthwest
horizontal wall near northeast
giant rat very near northnortheast
vertical wall adjacent north
giant rat adjacent east
horizontal wall adjacent southeast and south
dark area adjacent southwest and northwest

cursor:
Yourself a knight
(x=32, y=13)

map:
                                                                                
                                                                                
                                                                                
                                                                                
                                                                                
                                                                                
                                                                                
                                                                                
                                                                                
                    -----        ------------------------                       
                    |....##      r..................}...|                       
                    |.(.| #     |...................}...|                       
                    |...| ######@r..................}.>.|                       
                    -----       -------------------------                       
                                                                                
                                                                                
                                                                                
                                                                                
                                                                                
                                                                                
                                                                                
Agent the Gallant              St:16 Dx:9 Co:11 In:8 Wi:14 Ch:17 Lawful S:32    
Dlvl:1 $:0 HP:7(16) Pw:6(6) AC:3 Xp:1/8                                         

",0.0,False
44,east,,"message:
You kill the giant rat!

language observation:
lava very far east
area of lava very far eastnortheast
stairs down very far east
dark area far west
horn far westnorthwest
horizontal wall near northeast
vertical wall adjacent north
giant rat adjacent northeast
giant rat corpse adjacent east
horizontal wall adjacent southeast and south
dark area adjacent southwest and northwest

cursor:
Yourself a knight
(x=32, y=13)

map:
                                                                                
                                                                                
                                                                                
                                                                                
                                                                                
                                                                                
                                                                                
                                                                                
                                                                                
                    -----        ------------------------                       
                    |....##      ...................}...|                       
                    |.(.| #     |r..................}...|                       
                    |...| ######@%..................}.>.|                       
                    -----       -------------------------                       
                                                                                
                                                                                
                                                                                
                                                                                
                                                                                
                                                                                
                                                                                
Agent the Gallant              St:16 Dx:9 Co:11 In:8 Wi:14 Ch:17 Lawful S:40    
Dlvl:1 $:0 HP:7(16) Pw:6(6) AC:3 Xp:1/10                                        

",0.0,False
45,east,,"message:
The giant rat bites!

language observation:
stairs down very far east
lava far east
area of lava far eastnortheast
dark area far west
horn far westnorthwest
horizontal wall near north and northeast
giant rat adjacent north
horizontal wall adjacent southeast, south, and southwest
eucalyptus leaf adjacent west
vertical wall adjacent northwest

cursor:
Yourself a knight
(x=33, y=13)

map:
                                                                                
                                                                                
                                                                                
                                                                                
                                                                                
                                                                                
                                                                                
                                                                                
                                                                                
                    -----       -------------------------                       
                    |....##     |...................}...|                       
                    |.(.| #     |r..................}...|                       
                    |...| ######%@..................}.>.|                       
                    -----       -------------------------                       
                                                                                
                                                                                
                                                                                
                                                                                
                                                                                
                                                                                
                                                                                
Agent the Gallant              St:16 Dx:9 Co:11 In:8 Wi:14 Ch:17 Lawful S:40    
Dlvl:1 $:0 HP:6(16) Pw:6(6) AC:3 Xp:1/10                                        

",0.0,False
46,north,,"message:
You kill the giant rat!

language observation:
stairs down very far east
lava far east
area of lava far eastnortheast
dark area far west
horn far westnorthwest
horizontal wall near north and northeast
horizontal wall adjacent southeast, south, and southwest
eucalyptus leaf adjacent west
vertical wall adjacent northwest

cursor:
Yourself a knight
(x=33, y=13)

map:
                                                                                
                                                                                
                                                                                
                                                                                
                                                                                
                                                                                
                                                                                
                                                                                
                                                                                
                    -----       -------------------------                       
                    |....##     |...................}...|                       
                    |.(.| #     |...................}...|                       
                    |...| ######%@..................}.>.|                       
                    -----       -------------------------                       
                                                                                
                                                                                
                                                                                
                                                                                
                                                                                
                                                                                
                                                                                
Agent the Gallant              St:16 Dx:9 Co:11 In:8 Wi:14 Ch:17 Lawful S:48    
Dlvl:1 $:0 HP:6(16) Pw:6(6) AC:3 Xp:1/12                                        

",0.0,False
47,east,,"message:


language observation:
stairs down very far east
lava far east
area of lava far eastnortheast
dark area far west
horn far westnorthwest
horizontal wall near north and northeast
eucalyptus leaf very near west
vertical wall very near northwest
horizontal wall adjacent southeast, south, and southwest
giant rat corpse adjacent west

cursor:
Yourself a knight
(x=34, y=13)

map:
                                                                                
                                                                                
                                                                                
                                                                                
                                                                                
                                                                                
                                                                                
                                                                                
                                                                                
                    -----       -------------------------                       
                    |....##     |...................}...|                       
                    |.(.| #     |...................}...|                       
                    |...| ######%%@.................}.>.|                       
                    -----       -------------------------                       
                                                                                
                                                                                
                                                                                
                                                                                
                                                                                
                                                                                
                                                                                
Agent the Gallant              St:16 Dx:9 Co:11 In:8 Wi:14 Ch:17 Lawful S:48    
Dlvl:1 $:0 HP:6(16) Pw:6(6) AC:3 Xp:1/12                                        

",0.0,False
48,east,,"message:


language observation:
lava far east
area of lava far eastnortheast
stairs down far east
horn far westnorthwest
horizontal wall near north and northeast
eucalyptus leaf near west
northwest room corner near northwest
giant rat corpse very near west
horizontal wall adjacent southeast, south, and southwest

cursor:
Yourself a knight
(x=35, y=13)

map:
                                                                                
                                                                                
                                                                                
                                                                                
                                                                                
                                                                                
                                                                                
                                                                                
                                                                                
                    -----       -------------------------                       
                    |....##     |...................}...|                       
                    |.(.| #     |...................}...|                       
                    |...| ######%%.@................}.>.|                       
                    -----       -------------------------                       
                                                                                
                                                                                
                                                                                
                                                                                
                                                                                
                                                                                
                                                                                
Agent the Gallant              St:16 Dx:9 Co:11 In:8 Wi:14 Ch:17 Lawful S:48    
Dlvl:1 $:0 HP:6(16) Pw:6(6) AC:3 Xp:1/12                                        

",0.0,False
49,east,,"message:


language observation:
lava far east
area of lava far eastnortheast
stairs down far east
horn far westnorthwest
horizontal wall near north, northeast, and northwest
eucalyptus leaf near west
giant rat corpse near west
horizontal wall adjacent southeast, south, and southwest

cursor:
Yourself a knight
(x=36, y=13)

map:
                                                                                
                                                                                
                                                                                
                                                                                
                                                                                
                                                                                
                                                                                
                                                                                
                                                                                
                    -----       -------------------------                       
                    |....##     |...................}...|                       
                    |.(.| #     |...................}...|                       
                    |...| ######%%..@...............}.>.|                       
                    -----       -------------------------                       
                                                                                
                                                                                
                                                                                
                                                                                
                                                                                
                                                                                
                                                                                
Agent the Gallant              St:16 Dx:9 Co:11 In:8 Wi:14 Ch:17 Lawful S:48    
Dlvl:1 $:0 HP:6(16) Pw:6(6) AC:3 Xp:1/12                                        

",0.0,False
50,east,,"message:


language observation:
lava far east
area of lava far eastnortheast
stairs down far east
horn far westnorthwest
horizontal wall near north, northeast, and northwest
eucalyptus leaf near west
giant rat corpse near west
horizontal wall adjacent southeast, south, and southwest

cursor:
Yourself a knight
(x=37, y=13)

map:
                                                                                
                                                                                
                                                                                
                                                                                
                                                                                
                                                                                
                                                                                
                                                                                
                                                                                
                    -----       -------------------------                       
                    |....##     |...................}...|                       
                    |.(.| #     |...................}...|                       
                    |...| ######%%...@..............}.>.|                       
                    -----       -------------------------                       
                                                                                
                                                                                
                                                                                
                                                                                
                                                                                
                                                                                
                                                                                
Agent the Gallant              St:16 Dx:9 Co:11 In:8 Wi:14 Ch:17 Lawful S:48    
Dlvl:1 $:0 HP:7(16) Pw:6(6) AC:3 Xp:1/12                                        

",0.0,False
51,east,,"message:


language observation:
lava far east
area of lava far eastnortheast
stairs down far east
eucalyptus leaf far west
horn far westnorthwest
horizontal wall near north, northeast, and northwest
giant rat corpse near west
horizontal wall adjacent southeast, south, and southwest

cursor:
Yourself a knight
(x=38, y=13)

map:
                                                                                
                                                                                
                                                                                
                                                                                
                                                                                
                                                                                
                                                                                
                                                                                
                                                                                
                    -----       -------------------------                       
                    |....##     |...................}...|                       
                    |.(.| #     |...................}...|                       
                    |...| ######%%....@.............}.>.|                       
                    -----       -------------------------                       
                                                                                
                                                                                
                                                                                
                                                                                
                                                                                
                                                                                
                                                                                
Agent the Gallant              St:16 Dx:9 Co:11 In:8 Wi:14 Ch:17 Lawful S:48    
Dlvl:1 $:0 HP:7(16) Pw:6(6) AC:3 Xp:1/12                                        

",0.0,False
52,east,,"message:


language observation:
lava far east
area of lava far eastnortheast
stairs down far east
eucalyptus leaf far west
giant rat corpse far west
horn far westnorthwest
horizontal wall near north, northeast, and northwest
horizontal wall adjacent southeast, south, and southwest

cursor:
Yourself a knight
(x=39, y=13)

map:
                                                                                
                                                                                
                                                                                
                                                                                
                                                                                
                                                                                
                                                                                
                                                                                
                                                                                
                    -----       -------------------------                       
                    |....##     |...................}...|                       
                    |.(.| #     |...................}...|                       
                    |...| ######%%.....@............}.>.|                       
                    -----       -------------------------                       
                                                                                
                                                                                
                                                                                
                                                                                
                                                                                
                                                                                
                                                                                
Agent the Gallant              St:16 Dx:9 Co:11 In:8 Wi:14 Ch:17 Lawful S:48    
Dlvl:1 $:0 HP:7(16) Pw:6(6) AC:3 Xp:1/12                                        

",0.0,False
53,east,,"message:


language observation:
lava far east
area of lava far eastnortheast
stairs down far east
eucalyptus leaf far west
giant rat corpse far west
horn far westnorthwest
horizontal wall near north, northeast, and northwest
horizontal wall adjacent southeast, south, and southwest

cursor:
Yourself a knight
(x=40, y=13)

map:
                                                                                
                                                                                
                                                                                
                                                                                
                                                                                
                                                                                
                                                                                
                                                                                
                                                                                
                    -----       -------------------------                       
                    |....##     |...................}...|                       
                    |.(.| #     |...................}...|                       
                    |...| ######%%......@...........}.>.|                       
                    -----       -------------------------                       
                                                                                
                                                                                
                                                                                
                                                                                
                                                                                
                                                                                
                                                                                
Agent the Gallant              St:16 Dx:9 Co:11 In:8 Wi:14 Ch:17 Lawful S:48    
Dlvl:1 $:0 HP:7(16) Pw:6(6) AC:3 Xp:1/12                                        

",0.0,False
54,east,,"message:


language observation:
lava far east
area of lava far eastnortheast
stairs down far east
eucalyptus leaf far west
giant rat corpse far west
horn far westnorthwest
horizontal wall near north, northeast, and northwest
horizontal wall adjacent southeast, south, and southwest

cursor:
Yourself a knight
(x=41, y=13)

map:
                                                                                
                                                                                
                                                                                
                                                                                
                                                                                
                                                                                
                                                                                
                                                                                
                                                                                
                    -----       -------------------------                       
                    |....##     |...................}...|                       
                    |.(.| #     |...................}...|                       
                    |...| ######%%.......@..........}.>.|                       
                    -----       -------------------------                       
                                                                                
                                                                                
                                                                                
                                                                                
                                                                                
                                                                                
                                                                                
Agent the Gallant              St:16 Dx:9 Co:11 In:8 Wi:14 Ch:17 Lawful S:48    
Dlvl:1 $:0 HP:7(16) Pw:6(6) AC:3 Xp:1/12                                        

",0.0,False
55,east,,"message:


language observation:
horn very far westnorthwest
lava far east
area of lava far eastnortheast
stairs down far east
eucalyptus leaf far west
giant rat corpse far west
horizontal wall near north, northeast, and northwest
horizontal wall adjacent southeast, south, and southwest

cursor:
Yourself a knight
(x=42, y=13)

map:
                                                                                
                                                                                
                                                                                
                                                                                
                                                                                
                                                                                
                                                                                
                                                                                
                                                                                
                    -----       -------------------------                       
                    |....##     |...................}...|                       
                    |.(.| #     |...................}...|                       
                    |...| ######%%........@.........}.>.|                       
                    -----       -------------------------                       
                                                                                
                                                                                
                                                                                
                                                                                
                                                                                
                                                                                
                                                                                
Agent the Gallant              St:16 Dx:9 Co:11 In:8 Wi:14 Ch:17 Lawful S:48    
Dlvl:1 $:0 HP:7(16) Pw:6(6) AC:3 Xp:1/12                                        

",0.0,False
56,east,,"message:


language observation:
horn very far westnorthwest
lava far east
area of lava far eastnortheast
stairs down far east
eucalyptus leaf far west
giant rat corpse far west
horizontal wall near north, northeast, and northwest
horizontal wall adjacent southeast, south, and southwest

cursor:
Yourself a knight
(x=43, y=13)

map:
                                                                                
                                                                                
                                                                                
                                                                                
                                                                                
                                                                                
                                                                                
                                                                                
                                                                                
                    -----       -------------------------                       
                    |....##     |...................}...|                       
                    |.(.| #     |...................}...|                       
                    |...| ######%%.........@........}.>.|                       
                    -----       -------------------------                       
                                                                                
                                                                                
                                                                                
                                                                                
                                                                                
                                                                                
                                                                                
Agent the Gallant              St:16 Dx:9 Co:11 In:8 Wi:14 Ch:17 Lawful S:48    
Dlvl:1 $:0 HP:7(16) Pw:6(6) AC:3 Xp:1/12                                        

",0.0,False
57,east,,"message:


language observation:
horn very far westnorthwest
lava far east
area of lava far eastnortheast
stairs down far east
eucalyptus leaf far west
giant rat corpse far west
horizontal wall near north, northeast, and northwest
horizontal wall adjacent southeast, south, and southwest

cursor:
Yourself a knight
(x=44, y=13)

map:
                                                                                
                                                                                
                                                                                
                                                                                
                                                                                
                                                                                
                                                                                
                                                                                
                                                                                
                    -----       -------------------------                       
                    |....##     |...................}...|                       
                    |.(.| #     |...................}...|                       
                    |...| ######%%..........@.......}.>.|                       
                    -----       -------------------------                       
                                                                                
                                                                                
                                                                                
                                                                                
                                                                                
                                                                                
                                                                                
Agent the Gallant              St:16 Dx:9 Co:11 In:8 Wi:14 Ch:17 Lawful S:48    
Dlvl:1 $:0 HP:7(16) Pw:6(6) AC:3 Xp:1/12                                        

",0.0,False
58,north,,"message:


language observation:
horn very far west
lava far eastnortheast, east, and eastsoutheast
stairs down far eastsoutheast
eucalyptus leaf far westsouthwest
giant rat corpse far westsouthwest
horizontal wall very near north, northeast, southeast, south, southwest, and northwest

cursor:
Yourself a knight
(x=44, y=12)

map:
                                                                                
                                                                                
                                                                                
                                                                                
                                                                                
                                                                                
                                                                                
                                                                                
                                                                                
                    -----       -------------------------                       
                    |....##     |...................}...|                       
                    |.(.| #     |...........@.......}...|                       
                    |...| ######%%..................}.>.|                       
                    -----       -------------------------                       
                                                                                
                                                                                
                                                                                
                                                                                
                                                                                
                                                                                
                                                                                
Agent the Gallant              St:16 Dx:9 Co:11 In:8 Wi:14 Ch:17 Lawful S:48    
Dlvl:1 $:0 HP:7(16) Pw:6(6) AC:3 Xp:1/12                                        

",0.0,False
59,east,,"message:


language observation:
horn very far west
lava far eastnortheast, east, and eastsoutheast
stairs down far eastsoutheast
eucalyptus leaf far westsouthwest
giant rat corpse far westsouthwest
horizontal wall very near north, northeast, southeast, south, southwest, and northwest

cursor:
Yourself a knight
(x=45, y=12)

map:
                                                                                
                                                                                
                                                                                
                                                                                
                                                                                
                                                                                
                                                                                
                                                                                
                                                                                
                    -----       -------------------------                       
                    |....##     |...................}...|                       
                    |.(.| #     |............@......}...|                       
                    |...| ######%%..................}.>.|                       
                    -----       -------------------------                       
                                                                                
                                                                                
                                                                                
                                                                                
                                                                                
                                                                                
                                                                                
Agent the Gallant              St:16 Dx:9 Co:11 In:8 Wi:14 Ch:17 Lawful S:48    
Dlvl:1 $:0 HP:7(16) Pw:6(6) AC:3 Xp:1/12                                        

",0.0,False
60,east,,"message:


language observation:
horn very far west
lava far eastnortheast, east, and eastsoutheast
stairs down far eastsoutheast
eucalyptus leaf far westsouthwest
giant rat corpse far westsouthwest
horizontal wall very near north, northeast, southeast, south, southwest, and northwest

cursor:
Yourself a knight
(x=46, y=12)

map:
                                                                                
                                                                                
                                                                                
                                                                                
                                                                                
                                                                                
                                                                                
                                                                                
                                                                                
                    -----       -------------------------                       
                    |....##     |...................}...|                       
                    |.(.| #     |.............@.....}...|                       
                    |...| ######%%..................}.>.|                       
                    -----       -------------------------                       
                                                                                
                                                                                
                                                                                
                                                                                
                                                                                
                                                                                
                                                                                
Agent the Gallant              St:16 Dx:9 Co:11 In:8 Wi:14 Ch:17 Lawful S:48    
Dlvl:1 $:0 HP:7(16) Pw:6(6) AC:3 Xp:1/12                                        

",0.0,False
61,east,,"message:


language observation:
horn very far west
vertical wall far east
stairs down far eastsoutheast
eucalyptus leaf far westsouthwest
giant rat corpse far westsouthwest
lava near eastnortheast, east, and eastsoutheast
horizontal wall very near north, northeast, southeast, south, southwest, and northwest

cursor:
Yourself a knight
(x=47, y=12)

map:
                                                                                
                                                                                
                                                                                
                                                                                
                                                                                
                                                                                
                                                                                
                                                                                
                                                                                
                    -----       -------------------------                       
                    |....##     |...................}...|                       
                    |.(.| #     |..............@....}...|                       
                    |...| ######%%..................}.>.|                       
                    -----       -------------------------                       
                                                                                
                                                                                
                                                                                
                                                                                
                                                                                
                                                                                
                                                                                
Agent the Gallant              St:16 Dx:9 Co:11 In:8 Wi:14 Ch:17 Lawful S:48    
Dlvl:1 $:0 HP:7(16) Pw:6(6) AC:3 Xp:1/12                                        

",0.0,False
62,search,,"message:


language observation:
horn very far west
vertical wall far east
stairs down far eastsoutheast
eucalyptus leaf far westsouthwest
giant rat corpse far westsouthwest
lava near eastnortheast, east, and eastsoutheast
horizontal wall very near north, northeast, southeast, south, southwest, and northwest

cursor:
Yourself a knight
(x=47, y=12)

map:
                                                                                
                                                                                
                                                                                
                                                                                
                                                                                
                                                                                
                                                                                
                                                                                
                                                                                
                    -----       -------------------------                       
                    |....##     |...................}...|                       
                    |.(.| #     |..............@....}...|                       
                    |...| ######%%..................}.>.|                       
                    -----       -------------------------                       
                                                                                
                                                                                
                                                                                
                                                                                
                                                                                
                                                                                
                                                                                
Agent the Gallant              St:16 Dx:9 Co:11 In:8 Wi:14 Ch:17 Lawful S:48    
Dlvl:1 $:0 HP:7(16) Pw:6(6) AC:3 Xp:1/12                                        

",0.0,False
63,east,,"message:


language observation:
horn very far west
vertical wall far east
stairs down far eastsoutheast
eucalyptus leaf far westsouthwest
giant rat corpse far westsouthwest
lava near eastnortheast, east, and eastsoutheast
horizontal wall very near north, northeast, southeast, south, southwest, and northwest

cursor:
Yourself a knight
(x=48, y=12)

map:
                                                                                
                                                                                
                                                                                
                                                                                
                                                                                
                                                                                
                                                                                
                                                                                
                                                                                
                    -----       -------------------------                       
                    |....##     |...................}...|                       
                    |.(.| #     |...............@...}...|                       
                    |...| ######%%..................}.>.|                       
                    -----       -------------------------                       
                                                                                
                                                                                
                                                                                
                                                                                
                                                                                
                                                                                
                                                                                
Agent the Gallant              St:16 Dx:9 Co:11 In:8 Wi:14 Ch:17 Lawful S:48    
Dlvl:1 $:0 HP:7(16) Pw:6(6) AC:3 Xp:1/12                                        

",0.0,False
64,,,"

Your previous output did not contain a valid action. Defaulted to action: north

Observation:
message:


language observation:
horn very far westsouthwest
vertical wall far east
stairs down far eastsoutheast
eucalyptus leaf far westsouthwest
giant rat corpse far westsouthwest
lava near east
area of lava near eastsoutheast
horizontal wall near southeast, south, and southwest
horizontal wall adjacent north, northeast, and northwest

cursor:
Yourself a knight
(x=48, y=11)

map:
                                                                                
                                                                                
                                                                                
                                                                                
                                                                                
                                                                                
                                                                                
                                                                                
                                                                                
                    -----       -------------------------                       
                    |....##     |...............@...}...|                       
                    |.(.| #     |...................}...|                       
                    |...| ######%%..................}.>.|                       
                    -----       -------------------------                       
                                                                                
                                                                                
                                                                                
                                                                                
                                                                                
                                                                                
                                                                                
Agent the Gallant              St:16 Dx:9 Co:11 In:8 Wi:14 Ch:17 Lawful S:48    
Dlvl:1 $:0 HP:7(16) Pw:6(6) AC:3 Xp:1/12                                        

",0.0,False
65,east,,"message:


language observation:
horn very far westsouthwest
vertical wall far east
eucalyptus leaf far westsouthwest
giant rat corpse far westsouthwest
lava near east
area of lava near eastsoutheast
stairs down near eastsoutheast
horizontal wall near southeast, south, and southwest
horizontal wall adjacent north, northeast, and northwest

cursor:
Yourself a knight
(x=49, y=11)

map:
                                                                                
                                                                                
                                                                                
                                                                                
                                                                                
                                                                                
                                                                                
                                                                                
                                                                                
                    -----       -------------------------                       
                    |....##     |................@..}...|                       
                    |.(.| #     |...................}...|                       
                    |...| ######%%..................}.>.|                       
                    -----       -------------------------                       
                                                                                
                                                                                
                                                                                
                                                                                
                                                                                
                                                                                
                                                                                
Agent the Gallant              St:16 Dx:9 Co:11 In:8 Wi:14 Ch:17 Lawful S:48    
Dlvl:1 $:0 HP:8(16) Pw:6(6) AC:3 Xp:1/12                                        

",0.0,False
66,southeast,,"message:


language observation:
horn very far west
vertical wall far east
eucalyptus leaf far westsouthwest
giant rat corpse far westsouthwest
stairs down near eastsoutheast
horizontal wall very near north, northeast, southeast, south, southwest, and northwest
lava very near eastnortheast, east, and eastsoutheast

cursor:
Yourself a knight
(x=50, y=12)

map:
                                                                                
                                                                                
                                                                                
                                                                                
                                                                                
                                                                                
                                                                                
                                                                                
                                                                                
                    -----       -------------------------                       
                    |....##     |...................}...|                       
                    |.(.| #     |.................@.}...|                       
                    |...| ######%%..................}.>.|                       
                    -----       -------------------------                       
                                                                                
                                                                                
                                                                                
                                                                                
                                                                                
                                                                                
                                                                                
Agent the Gallant              St:16 Dx:9 Co:11 In:8 Wi:14 Ch:17 Lawful S:48    
Dlvl:1 $:0 HP:8(16) Pw:6(6) AC:3 Xp:1/12                                        

",0.0,False
67,east,,"message:


language observation:
horn very far west
eucalyptus leaf far westsouthwest
giant rat corpse far westsouthwest
vertical wall near east
stairs down near eastsoutheast
horizontal wall very near north, northeast, southeast, south, southwest, and northwest
lava adjacent northeast, east, and southeast

cursor:
Yourself a knight
(x=51, y=12)

map:
                                                                                
                                                                                
                                                                                
                                                                                
                                                                                
                                                                                
                                                                                
                                                                                
                                                                                
                    -----       -------------------------                       
                    |....##     |...................}...|                       
                    |.(.| #     |..................@}...|                       
                    |...| ######%%..................}.>.|                       
                    -----       -------------------------                       
                                                                                
                                                                                
                                                                                
                                                                                
                                                                                
                                                                                
                                                                                
Agent the Gallant              St:16 Dx:9 Co:11 In:8 Wi:14 Ch:17 Lawful S:48    
Dlvl:1 $:0 HP:8(16) Pw:6(6) AC:3 Xp:1/12                                        

",0.0,False
68,north,,"message:


language observation:
horn very far westsouthwest
eucalyptus leaf far westsouthwest
giant rat corpse far westsouthwest
vertical wall near east
stairs down near eastsoutheast
horizontal wall near southeast, south, and southwest
lava very near southsoutheast
horizontal wall adjacent north, northeast, and northwest
lava adjacent east and southeast

cursor:
Yourself a knight
(x=51, y=11)

map:
                                                                                
                                                                                
                                                                                
                                                                                
                                                                                
                                                                                
                                                                                
                                                                                
                                                                                
                    -----       -------------------------                       
                    |....##     |..................@}...|                       
                    |.(.| #     |...................}...|                       
                    |...| ######%%..................}.>.|                       
                    -----       -------------------------                       
                                                                                
                                                                                
                                                                                
                                                                                
                                                                                
                                                                                
                                                                                
Agent the Gallant              St:16 Dx:9 Co:11 In:8 Wi:14 Ch:17 Lawful S:48    
Dlvl:1 $:0 HP:8(16) Pw:6(6) AC:3 Xp:1/12                                        

",0.0,False
69,south,,"message:


language observation:
horn very far west
eucalyptus leaf far westsouthwest
giant rat corpse far westsouthwest
vertical wall near east
stairs down near eastsoutheast
horizontal wall very near north, northeast, southeast, south, southwest, and northwest
lava adjacent northeast, east, and southeast

cursor:
Yourself a knight
(x=51, y=12)

map:
                                                                                
                                                                                
                                                                                
                                                                                
                                                                                
                                                                                
                                                                                
                                                                                
                                                                                
                    -----       -------------------------                       
                    |....##     |...................}...|                       
                    |.(.| #     |..................@}...|                       
                    |...| ######%%..................}.>.|                       
                    -----       -------------------------                       
                                                                                
                                                                                
                                                                                
                                                                                
                                                                                
                                                                                
                                                                                
Agent the Gallant              St:16 Dx:9 Co:11 In:8 Wi:14 Ch:17 Lawful S:48    
Dlvl:1 $:0 HP:8(16) Pw:6(6) AC:3 Xp:1/12                                        

",0.0,False
70,search,,"message:


language observation:
horn very far west
eucalyptus leaf far westsouthwest
giant rat corpse far westsouthwest
vertical wall near east
stairs down near eastsoutheast
horizontal wall very near north, northeast, southeast, south, southwest, and northwest
lava adjacent northeast, east, and southeast

cursor:
Yourself a knight
(x=51, y=12)

map:
                                                                                
                                                                                
                                                                                
                                                                                
                                                                                
                                                                                
                                                                                
                                                                                
                                                                                
                    -----       -------------------------                       
                    |....##     |...................}...|                       
                    |.(.| #     |..................@}...|                       
                    |...| ######%%..................}.>.|                       
                    -----       -------------------------                       
                                                                                
                                                                                
                                                                                
                                                                                
                                                                                
                                                                                
                                                                                
Agent the Gallant              St:16 Dx:9 Co:11 In:8 Wi:14 Ch:17 Lawful S:48    
Dlvl:1 $:0 HP:8(16) Pw:6(6) AC:3 Xp:1/12                                        

",0.0,False
71,pray,,"message:
Are you sure you want to pray? [yn] (n)

language observation:
horn very far west
eucalyptus leaf far westsouthwest
giant rat corpse far westsouthwest
vertical wall near east
stairs down near eastsoutheast
horizontal wall very near north, northeast, southeast, south, southwest, and northwest
lava adjacent northeast, east, and southeast

cursor:

(x=40, y=0)

map:
                                                                                
                                                                                
                                                                                
                                                                                
                                                                                
                                                                                
                                                                                
                                                                                
                                                                                
                    -----       -------------------------                       
                    |....##     |...................}...|                       
                    |.(.| #     |..................@}...|                       
                    |...| ######%%..................}.>.|                       
                    -----       -------------------------                       
                                                                                
                                                                                
                                                                                
                                                                                
                                                                                
                                                                                
                                                                                
Agent the Gallant              St:16 Dx:9 Co:11 In:8 Wi:14 Ch:17 Lawful S:48    
Dlvl:1 $:0 HP:8(16) Pw:6(6) AC:3 Xp:1/12                                        

",-0.01,False
72,pray,,"message:
Are you sure you want to pray? [yn] (n)

language observation:
horn very far west
eucalyptus leaf far westsouthwest
giant rat corpse far westsouthwest
vertical wall near east
stairs down near eastsoutheast
horizontal wall very near north, northeast, southeast, south, southwest, and northwest
lava adjacent northeast, east, and southeast

cursor:

(x=40, y=0)

map:
                                                                                
                                                                                
                                                                                
                                                                                
                                                                                
                                                                                
                                                                                
                                                                                
                                                                                
                    -----       -------------------------                       
                    |....##     |...................}...|                       
                    |.(.| #     |..................@}...|                       
                    |...| ######%%..................}.>.|                       
                    -----       -------------------------                       
                                                                                
                                                                                
                                                                                
                                                                                
                                                                                
                                                                                
                                                                                
Agent the Gallant              St:16 Dx:9 Co:11 In:8 Wi:14 Ch:17 Lawful S:48    
Dlvl:1 $:0 HP:8(16) Pw:6(6) AC:3 Xp:1/12                                        

",-0.01,False
73,southeast,,"message:
Are you sure you want to pray? [yn] (n)

language observation:
horn very far west
eucalyptus leaf far westsouthwest
giant rat corpse far westsouthwest
vertical wall near east
stairs down near eastsoutheast
horizontal wall very near north, northeast, southeast, south, southwest, and northwest
lava adjacent northeast, east, and southeast

cursor:
Yourself a knight
(x=51, y=12)

map:
                                                                                
                                                                                
                                                                                
                                                                                
                                                                                
                                                                                
                                                                                
                                                                                
                                                                                
                    -----       -------------------------                       
                    |....##     |...................}...|                       
                    |.(.| #     |..................@}...|                       
                    |...| ######%%..................}.>.|                       
                    -----       -------------------------                       
                                                                                
                                                                                
                                                                                
                                                                                
                                                                                
                                                                                
                                                                                
Agent the Gallant              St:16 Dx:9 Co:11 In:8 Wi:14 Ch:17 Lawful S:48    
Dlvl:1 $:0 HP:8(16) Pw:6(6) AC:3 Xp:1/12                                        

",-0.01,False
74,south,,"message:


language observation:
horn very far westnorthwest
eucalyptus leaf far west
giant rat corpse far west
horizontal wall near north, northeast, and northwest
stairs down near east
vertical wall near east
lava very near northnortheast
lava adjacent northeast and east
horizontal wall adjacent southeast, south, and southwest

cursor:
Yourself a knight
(x=51, y=13)

map:
                                                                                
                                                                                
                                                                                
                                                                                
                                                                                
                                                                                
                                                                                
                                                                                
                                                                                
                    -----       -------------------------                       
                    |....##     |...................}...|                       
                    |.(.| #     |...................}...|                       
                    |...| ######%%.................@}.>.|                       
                    -----       -------------------------                       
                                                                                
                                                                                
                                                                                
                                                                                
                                                                                
                                                                                
                                                                                
Agent the Gallant              St:16 Dx:9 Co:11 In:8 Wi:14 Ch:17 Lawful S:48    
Dlvl:1 $:0 HP:8(16) Pw:6(6) AC:3 Xp:1/12                                        

",0.0,False
75,search,,"message:


language observation:
horn very far westnorthwest
eucalyptus leaf far west
giant rat corpse far west
horizontal wall near north, northeast, and northwest
stairs down near east
vertical wall near east
lava very near northnortheast
lava adjacent northeast and east
horizontal wall adjacent southeast, south, and southwest

cursor:
Yourself a knight
(x=51, y=13)

map:
                                                                                
                                                                                
                                                                                
                                                                                
                                                                                
                                                                                
                                                                                
                                                                                
                                                                                
                    -----       -------------------------                       
                    |....##     |...................}...|                       
                    |.(.| #     |...................}...|                       
                    |...| ######%%.................@}.>.|                       
                    -----       -------------------------                       
                                                                                
                                                                                
                                                                                
                                                                                
                                                                                
                                                                                
                                                                                
Agent the Gallant              St:16 Dx:9 Co:11 In:8 Wi:14 Ch:17 Lawful S:48    
Dlvl:1 $:0 HP:8(16) Pw:6(6) AC:3 Xp:1/12                                        

",0.0,False
76,far west,,"message:


language observation:
stairs down very far east
lava far east
area of lava far eastnortheast
dark area far west
horn far westnorthwest
horizontal wall near north and northeast
horizontal wall adjacent southeast, south, and southwest
eucalyptus leaf adjacent west
vertical wall adjacent northwest

cursor:
Yourself a knight
(x=33, y=13)

map:
                                                                                
                                                                                
                                                                                
                                                                                
                                                                                
                                                                                
                                                                                
                                                                                
                                                                                
                    -----       -------------------------                       
                    |....##     |...................}...|                       
                    |.(.| #     |...................}...|                       
                    |...| ######%@..................}.>.|                       
                    -----       -------------------------                       
                                                                                
                                                                                
                                                                                
                                                                                
                                                                                
                                                                                
                                                                                
Agent the Gallant              St:16 Dx:9 Co:11 In:8 Wi:14 Ch:17 Lawful S:48    
Dlvl:1 $:0 HP:9(16) Pw:6(6) AC:3 Xp:1/12                                        

",0.0,False
77,west,,"message:
You see here a eucalyptus leaf.

language observation:
lava very far east
area of lava very far eastnortheast
stairs down very far east
dark area far west
horn far westnorthwest
horizontal wall near northeast
vertical wall adjacent north
giant rat corpse adjacent east
horizontal wall adjacent southeast and south
dark area adjacent southwest and northwest

cursor:
Yourself a knight
(x=32, y=13)

map:
                                                                                
                                                                                
                                                                                
                                                                                
                                                                                
                                                                                
                                                                                
                                                                                
                                                                                
                    -----       -------------------------                       
                    |....##     |...................}...|                       
                    |.(.| #     |...................}...|                       
                    |...| ######@%..................}.>.|                       
                    -----       -------------------------                       
                                                                                
                                                                                
                                                                                
                                                                                
                                                                                
                                                                                
                                                                                
Agent the Gallant              St:16 Dx:9 Co:11 In:8 Wi:14 Ch:17 Lawful S:48    
Dlvl:1 $:0 HP:9(16) Pw:6(6) AC:3 Xp:1/12                                        

",0.0,False
78,east,,"message:


language observation:
stairs down very far east
lava far east
area of lava far eastnortheast
dark area far west
horn far westnorthwest
horizontal wall near north and northeast
horizontal wall adjacent southeast, south, and southwest
eucalyptus leaf adjacent west
vertical wall adjacent northwest

cursor:
Yourself a knight
(x=33, y=13)

map:
                                                                                
                                                                                
                                                                                
                                                                                
                                                                                
                                                                                
                                                                                
                                                                                
                                                                                
                    -----       -------------------------                       
                    |....##     |...................}...|                       
                    |.(.| #     |...................}...|                       
                    |...| ######%@..................}.>.|                       
                    -----       -------------------------                       
                                                                                
                                                                                
                                                                                
                                                                                
                                                                                
                                                                                
                                                                                
Agent the Gallant              St:16 Dx:9 Co:11 In:8 Wi:14 Ch:17 Lawful S:48    
Dlvl:1 $:0 HP:9(16) Pw:6(6) AC:3 Xp:1/12                                        

",0.0,False
79,north,,"message:


language observation:
stairs down very far eastsoutheast
lava far eastnortheast, east, and eastsoutheast
horn far west
horizontal wall very near north, northeast, southeast, and south
dark area very near southwest
giant rat corpse adjacent south
eucalyptus leaf adjacent southwest
vertical wall adjacent west and northwest

cursor:
Yourself a knight
(x=33, y=12)

map:
                                                                                
                                                                                
                                                                                
                                                                                
                                                                                
                                                                                
                                                                                
                                                                                
                                                                                
                    -----       -------------------------                       
                    |....##     |...................}...|                       
                    |.(.| #     |@..................}...|                       
                    |...| ######%%..................}.>.|                       
                    -----       -------------------------                       
                                                                                
                                                                                
                                                                                
                                                                                
                                                                                
                                                                                
                                                                                
Agent the Gallant              St:16 Dx:9 Co:11 In:8 Wi:14 Ch:17 Lawful S:48    
Dlvl:1 $:0 HP:9(16) Pw:6(6) AC:3 Xp:1/12                                        

",0.0,False
80,east,,"message:


language observation:
stairs down very far eastsoutheast
lava far eastnortheast, east, and eastsoutheast
horn far west
horizontal wall very near north, northeast, southeast, south, and southwest
eucalyptus leaf very near westsouthwest
vertical wall very near west
northwest room corner very near northwest
giant rat corpse adjacent southwest

cursor:
Yourself a knight
(x=34, y=12)

map:
                                                                                
                                                                                
                                                                                
                                                                                
                                                                                
                                                                                
                                                                                
                                                                                
                                                                                
                    -----       -------------------------                       
                    |....##     |...................}...|                       
                    |.(.| #     |.@.................}...|                       
                    |...| ######%%..................}.>.|                       
                    -----       -------------------------                       
                                                                                
                                                                                
                                                                                
                                                                                
                                                                                
                                                                                
                                                                                
Agent the Gallant              St:16 Dx:9 Co:11 In:8 Wi:14 Ch:17 Lawful S:48    
Dlvl:1 $:0 HP:9(16) Pw:6(6) AC:3 Xp:1/12                                        

",0.0,False
81,west,,"message:


language observation:
stairs down very far eastsoutheast
lava far eastnortheast, east, and eastsoutheast
horn far west
horizontal wall very near north, northeast, southeast, and south
dark area very near southwest
giant rat corpse adjacent south
eucalyptus leaf adjacent southwest
vertical wall adjacent west and northwest

cursor:
Yourself a knight
(x=33, y=12)

map:
                                                                                
                                                                                
                                                                                
                                                                                
                                                                                
                                                                                
                                                                                
                                                                                
                                                                                
                    -----       -------------------------                       
                    |....##     |...................}...|                       
                    |.(.| #     |@..................}...|                       
                    |...| ######%%..................}.>.|                       
                    -----       -------------------------                       
                                                                                
                                                                                
                                                                                
                                                                                
                                                                                
                                                                                
                                                                                
Agent the Gallant              St:16 Dx:9 Co:11 In:8 Wi:14 Ch:17 Lawful S:48    
Dlvl:1 $:0 HP:10(16) Pw:6(6) AC:3 Xp:1/12                                       

",0.0,False
82,east,,"message:


language observation:
stairs down very far eastsoutheast
lava far eastnortheast, east, and eastsoutheast
horn far west
horizontal wall very near north, northeast, southeast, south, and southwest
eucalyptus leaf very near westsouthwest
vertical wall very near west
northwest room corner very near northwest
giant rat corpse adjacent southwest

cursor:
Yourself a knight
(x=34, y=12)

map:
                                                                                
                                                                                
                                                                                
                                                                                
                                                                                
                                                                                
                                                                                
                                                                                
                                                                                
                    -----       -------------------------                       
                    |....##     |...................}...|                       
                    |.(.| #     |.@.................}...|                       
                    |...| ######%%..................}.>.|                       
                    -----       -------------------------                       
                                                                                
                                                                                
                                                                                
                                                                                
                                                                                
                                                                                
                                                                                
Agent the Gallant              St:16 Dx:9 Co:11 In:8 Wi:14 Ch:17 Lawful S:48    
Dlvl:1 $:0 HP:10(16) Pw:6(6) AC:3 Xp:1/12                                       

",0.0,False
83,east,,"message:


language observation:
lava far eastnortheast, east, and eastsoutheast
stairs down far eastsoutheast
horn far west
eucalyptus leaf near westsouthwest
vertical wall near west
horizontal wall very near north, northeast, southeast, south, southwest, and northwest
giant rat corpse very near westsouthwest

cursor:
Yourself a knight
(x=35, y=12)

map:
                                                                                
                                                                                
                                                                                
                                                                                
                                                                                
                                                                                
                                                                                
                                                                                
                                                                                
                    -----       -------------------------                       
                    |....##     |...................}...|                       
                    |.(.| #     |..@................}...|                       
                    |...| ######%%..................}.>.|                       
                    -----       -------------------------                       
                                                                                
                                                                                
                                                                                
                                                                                
                                                                                
                                                                                
                                                                                
Agent the Gallant              St:16 Dx:9 Co:11 In:8 Wi:14 Ch:17 Lawful S:48    
Dlvl:1 $:0 HP:10(16) Pw:6(6) AC:3 Xp:1/12                                       

",0.0,False
84,east,,"message:


language observation:
lava far eastnortheast, east, and eastsoutheast
stairs down far eastsoutheast
horn far west
eucalyptus leaf near westsouthwest
giant rat corpse near westsouthwest
vertical wall near west
horizontal wall very near north, northeast, southeast, south, southwest, and northwest

cursor:
Yourself a knight
(x=36, y=12)

map:
                                                                                
                                                                                
                                                                                
                                                                                
                                                                                
                                                                                
                                                                                
                                                                                
                                                                                
                    -----       -------------------------                       
                    |....##     |...................}...|                       
                    |.(.| #     |...@...............}...|                       
                    |...| ######%%..................}.>.|                       
                    -----       -------------------------                       
                                                                                
                                                                                
                                                                                
                                                                                
                                                                                
                                                                                
                                                                                
Agent the Gallant              St:16 Dx:9 Co:11 In:8 Wi:14 Ch:17 Lawful S:48    
Dlvl:1 $:0 HP:10(16) Pw:6(6) AC:3 Xp:1/12                                       

",0.0,False
85,east,,"message:


language observation:
lava far eastnortheast, east, and eastsoutheast
stairs down far eastsoutheast
horn far west
eucalyptus leaf near westsouthwest
giant rat corpse near westsouthwest
vertical wall near west
horizontal wall very near north, northeast, southeast, south, southwest, and northwest

cursor:
Yourself a knight
(x=37, y=12)

map:
                                                                                
                                                                                
                                                                                
                                                                                
                                                                                
                                                                                
                                                                                
                                                                                
                                                                                
                    -----       -------------------------                       
                    |....##     |...................}...|                       
                    |.(.| #     |....@..............}...|                       
                    |...| ######%%..................}.>.|                       
                    -----       -------------------------                       
                                                                                
                                                                                
                                                                                
                                                                                
                                                                                
                                                                                
                                                                                
Agent the Gallant              St:16 Dx:9 Co:11 In:8 Wi:14 Ch:17 Lawful S:48    
Dlvl:1 $:0 HP:10(16) Pw:6(6) AC:3 Xp:1/12                                       

",0.0,False
86,east,,"message:


language observation:
lava far eastnortheast, east, and eastsoutheast
stairs down far eastsoutheast
eucalyptus leaf far westsouthwest
horn far west
vertical wall far west
giant rat corpse near westsouthwest
horizontal wall very near north, northeast, southeast, south, southwest, and northwest

cursor:
Yourself a knight
(x=38, y=12)

map:
                                                                                
                                                                                
                                                                                
                                                                                
                                                                                
                                                                                
                                                                                
                                                                                
                                                                                
                    -----       -------------------------                       
                    |....##     |...................}...|                       
                    |.(.| #     |.....@.............}...|                       
                    |...| ######%%..................}.>.|                       
                    -----       -------------------------                       
                                                                                
                                                                                
                                                                                
                                                                                
                                                                                
                                                                                
                                                                                
Agent the Gallant              St:16 Dx:9 Co:11 In:8 Wi:14 Ch:17 Lawful S:48    
Dlvl:1 $:0 HP:10(16) Pw:6(6) AC:3 Xp:1/12                                       

",0.0,False
87,east,,"message:


language observation:
lava far eastnortheast, east, and eastsoutheast
stairs down far eastsoutheast
eucalyptus leaf far westsouthwest
giant rat corpse far westsouthwest
horn far west
vertical wall far west
horizontal wall very near north, northeast, southeast, south, southwest, and northwest

cursor:
Yourself a knight
(x=39, y=12)

map:
                                                                                
                                                                                
                                                                                
                                                                                
                                                                                
                                                                                
                                                                                
                                                                                
                                                                                
                    -----       -------------------------                       
                    |....##     |...................}...|                       
                    |.(.| #     |......@............}...|                       
                    |...| ######%%..................}.>.|                       
                    -----       -------------------------                       
                                                                                
                                                                                
                                                                                
                                                                                
                                                                                
                                                                                
                                                                                
Agent the Gallant              St:16 Dx:9 Co:11 In:8 Wi:14 Ch:17 Lawful S:48    
Dlvl:1 $:0 HP:10(16) Pw:6(6) AC:3 Xp:1/12                                       

",0.0,False
88,east,,"message:


language observation:
lava far eastnortheast, east, and eastsoutheast
stairs down far eastsoutheast
eucalyptus leaf far westsouthwest
giant rat corpse far westsouthwest
horn far west
vertical wall far west
horizontal wall very near north, northeast, southeast, south, southwest, and northwest

cursor:
Yourself a knight
(x=40, y=12)

map:
                                                                                
                                                                                
                                                                                
                                                                                
                                                                                
                                                                                
                                                                                
                                                                                
                                                                                
                    -----       -------------------------                       
                    |....##     |...................}...|                       
                    |.(.| #     |.......@...........}...|                       
                    |...| ######%%..................}.>.|                       
                    -----       -------------------------                       
                                                                                
                                                                                
                                                                                
                                                                                
                                                                                
                                                                                
                                                                                
Agent the Gallant              St:16 Dx:9 Co:11 In:8 Wi:14 Ch:17 Lawful S:48    
Dlvl:1 $:0 HP:10(16) Pw:6(6) AC:3 Xp:1/12                                       

",0.0,False
89,east,,"message:


language observation:
lava far eastnortheast, east, and eastsoutheast
stairs down far eastsoutheast
eucalyptus leaf far westsouthwest
giant rat corpse far westsouthwest
horn far west
vertical wall far west
horizontal wall very near north, northeast, southeast, south, southwest, and northwest

cursor:
Yourself a knight
(x=41, y=12)

map:
                                                                                
                                                                                
                                                                                
                                                                                
                                                                                
                                                                                
                                                                                
                                                                                
                                                                                
                    -----       -------------------------                       
                    |....##     |...................}...|                       
                    |.(.| #     |........@..........}...|                       
                    |...| ######%%..................}.>.|                       
                    -----       -------------------------                       
                                                                                
                                                                                
                                                                                
                                                                                
                                                                                
                                                                                
                                                                                
Agent the Gallant              St:16 Dx:9 Co:11 In:8 Wi:14 Ch:17 Lawful S:48    
Dlvl:1 $:0 HP:10(16) Pw:6(6) AC:3 Xp:1/12                                       

",0.0,False
90,east,,"message:


language observation:
horn very far west
lava far eastnortheast, east, and eastsoutheast
stairs down far eastsoutheast
eucalyptus leaf far westsouthwest
giant rat corpse far westsouthwest
horizontal wall very near north, northeast, southeast, south, southwest, and northwest

cursor:
Yourself a knight
(x=42, y=12)

map:
                                                                                
                                                                                
                                                                                
                                                                                
                                                                                
                                                                                
                                                                                
                                                                                
                                                                                
                    -----       -------------------------                       
                    |....##     |...................}...|                       
                    |.(.| #     |.........@.........}...|                       
                    |...| ######%%..................}.>.|                       
                    -----       -------------------------                       
                                                                                
                                                                                
                                                                                
                                                                                
                                                                                
                                                                                
                                                                                
Agent the Gallant              St:16 Dx:9 Co:11 In:8 Wi:14 Ch:17 Lawful S:48    
Dlvl:1 $:0 HP:10(16) Pw:6(6) AC:3 Xp:1/12                                       

",0.0,False
91,east,,"message:


language observation:
horn very far west
lava far eastnortheast, east, and eastsoutheast
stairs down far eastsoutheast
eucalyptus leaf far westsouthwest
giant rat corpse far westsouthwest
horizontal wall very near north, northeast, southeast, south, southwest, and northwest

cursor:
Yourself a knight
(x=43, y=12)

map:
                                                                                
                                                                                
                                                                                
                                                                                
                                                                                
                                                                                
                                                                                
                                                                                
                                                                                
                    -----       -------------------------                       
                    |....##     |...................}...|                       
                    |.(.| #     |..........@........}...|                       
                    |...| ######%%..................}.>.|                       
                    -----       -------------------------                       
                                                                                
                                                                                
                                                                                
                                                                                
                                                                                
                                                                                
                                                                                
Agent the Gallant              St:16 Dx:9 Co:11 In:8 Wi:14 Ch:17 Lawful S:48    
Dlvl:1 $:0 HP:10(16) Pw:6(6) AC:3 Xp:1/12                                       

",0.0,False
92,south,,"message:


language observation:
horn very far westnorthwest
lava far east
area of lava far eastnortheast
stairs down far east
eucalyptus leaf far west
giant rat corpse far west
horizontal wall near north, northeast, and northwest
horizontal wall adjacent southeast, south, and southwest

cursor:
Yourself a knight
(x=43, y=13)

map:
                                                                                
                                                                                
                                                                                
                                                                                
                                                                                
                                                                                
                                                                                
                                                                                
                                                                                
                    -----       -------------------------                       
                    |....##     |...................}...|                       
                    |.(.| #     |...................}...|                       
                    |...| ######%%.........@........}.>.|                       
                    -----       -------------------------                       
                                                                                
                                                                                
                                                                                
                                                                                
                                                                                
                                                                                
                                                                                
Agent the Gallant              St:16 Dx:9 Co:11 In:8 Wi:14 Ch:17 Lawful S:48    
Dlvl:1 $:0 HP:10(16) Pw:6(6) AC:3 Xp:1/12                                       

",0.0,False
93,east,,"message:


language observation:
horn very far westnorthwest
lava far east
area of lava far eastnortheast
stairs down far east
eucalyptus leaf far west
giant rat corpse far west
horizontal wall near north, northeast, and northwest
horizontal wall adjacent southeast, south, and southwest

cursor:
Yourself a knight
(x=44, y=13)

map:
                                                                                
                                                                                
                                                                                
                                                                                
                                                                                
                                                                                
                                                                                
                                                                                
                                                                                
                    -----       -------------------------                       
                    |....##     |...................}...|                       
                    |.(.| #     |...................}...|                       
                    |...| ######%%..........@.......}.>.|                       
                    -----       -------------------------                       
                                                                                
                                                                                
                                                                                
                                                                                
                                                                                
                                                                                
                                                                                
Agent the Gallant              St:16 Dx:9 Co:11 In:8 Wi:14 Ch:17 Lawful S:48    
Dlvl:1 $:0 HP:10(16) Pw:6(6) AC:3 Xp:1/12                                       

",0.0,False
94,east,,"message:


language observation:
horn very far westnorthwest
lava far east
area of lava far eastnortheast
stairs down far east
eucalyptus leaf far west
giant rat corpse far west
horizontal wall near north, northeast, and northwest
horizontal wall adjacent southeast, south, and southwest

cursor:
Yourself a knight
(x=45, y=13)

map:
                                                                                
                                                                                
                                                                                
                                                                                
                                                                                
                                                                                
                                                                                
                                                                                
                                                                                
                    -----       -------------------------                       
                    |....##     |...................}...|                       
                    |.(.| #     |...................}...|                       
                    |...| ######%%...........@......}.>.|                       
                    -----       -------------------------                       
                                                                                
                                                                                
                                                                                
                                                                                
                                                                                
                                                                                
                                                                                
Agent the Gallant              St:16 Dx:9 Co:11 In:8 Wi:14 Ch:17 Lawful S:48    
Dlvl:1 $:0 HP:10(16) Pw:6(6) AC:3 Xp:1/12                                       

",0.0,False
95,east,,"message:


language observation:
horn very far westnorthwest
lava far east
area of lava far eastnortheast
stairs down far east
eucalyptus leaf far west
giant rat corpse far west
horizontal wall near north, northeast, and northwest
horizontal wall adjacent southeast, south, and southwest

cursor:
Yourself a knight
(x=46, y=13)

map:
                                                                                
                                                                                
                                                                                
                                                                                
                                                                                
                                                                                
                                                                                
                                                                                
                                                                                
                    -----       -------------------------                       
                    |....##     |...................}...|                       
                    |.(.| #     |...................}...|                       
                    |...| ######%%............@.....}.>.|                       
                    -----       -------------------------                       
                                                                                
                                                                                
                                                                                
                                                                                
                                                                                
                                                                                
                                                                                
Agent the Gallant              St:16 Dx:9 Co:11 In:8 Wi:14 Ch:17 Lawful S:48    
Dlvl:1 $:0 HP:10(16) Pw:6(6) AC:3 Xp:1/12                                       

",0.0,False
96,east,,"message:


language observation:
horn very far westnorthwest
stairs down far east
vertical wall far east
eucalyptus leaf far west
giant rat corpse far west
horizontal wall near north, northeast, and northwest
lava near east
area of lava near eastnortheast
horizontal wall adjacent southeast, south, and southwest

cursor:
Yourself a knight
(x=47, y=13)

map:
                                                                                
                                                                                
                                                                                
                                                                                
                                                                                
                                                                                
                                                                                
                                                                                
                                                                                
                    -----       -------------------------                       
                    |....##     |...................}...|                       
                    |.(.| #     |...................}...|                       
                    |...| ######%%.............@....}.>.|                       
                    -----       -------------------------                       
                                                                                
                                                                                
                                                                                
                                                                                
                                                                                
                                                                                
                                                                                
Agent the Gallant              St:16 Dx:9 Co:11 In:8 Wi:14 Ch:17 Lawful S:48    
Dlvl:1 $:0 HP:11(16) Pw:6(6) AC:3 Xp:1/12                                       

",0.0,False
97,north,,"message:


language observation:
horn very far west
vertical wall far east
stairs down far eastsoutheast
eucalyptus leaf far westsouthwest
giant rat corpse far westsouthwest
lava near eastnortheast, east, and eastsoutheast
horizontal wall very near north, northeast, southeast, south, southwest, and northwest

cursor:
Yourself a knight
(x=47, y=12)

map:
                                                                                
                                                                                
                                                                                
                                                                                
                                                                                
                                                                                
                                                                                
                                                                                
                                                                                
                    -----       -------------------------                       
                    |....##     |...................}...|                       
                    |.(.| #     |..............@....}...|                       
                    |...| ######%%..................}.>.|                       
                    -----       -------------------------                       
                                                                                
                                                                                
                                                                                
                                                                                
                                                                                
                                                                                
                                                                                
Agent the Gallant              St:16 Dx:9 Co:11 In:8 Wi:14 Ch:17 Lawful S:48    
Dlvl:1 $:0 HP:11(16) Pw:6(6) AC:3 Xp:1/12                                       

",0.0,False
98,east,,"message:


language observation:
horn very far west
vertical wall far east
stairs down far eastsoutheast
eucalyptus leaf far westsouthwest
giant rat corpse far westsouthwest
lava near eastnortheast, east, and eastsoutheast
horizontal wall very near north, northeast, southeast, south, southwest, and northwest

cursor:
Yourself a knight
(x=48, y=12)

map:
                                                                                
                                                                                
                                                                                
                                                                                
                                                                                
                                                                                
                                                                                
                                                                                
                                                                                
                    -----       -------------------------                       
                    |....##     |...................}...|                       
                    |.(.| #     |...............@...}...|                       
                    |...| ######%%..................}.>.|                       
                    -----       -------------------------                       
                                                                                
                                                                                
                                                                                
                                                                                
                                                                                
                                                                                
                                                                                
Agent the Gallant              St:16 Dx:9 Co:11 In:8 Wi:14 Ch:17 Lawful S:48    
Dlvl:1 $:0 HP:11(16) Pw:6(6) AC:3 Xp:1/12                                       

",0.0,False
99,east,,"message:
 
You made the top ten list!
No  Points     Name
Hp [max]
1         48  Agent-Kni-Hum-Fem-Law quit in The Dunge
eons of Doom on
level 1.
11  [16]


language observation:
dark area adjacent east, southeast, and south

cursor:
very far eastsoutheast 
(x=23, y=9)

map:
You made the top ten list!                                                      
                                                                                
                           No  Points     Name                                  
                 Hp [max]                                                       
                           1         48  Agent-Kni-Hum-Fem-Law quit in The Dunge
ons of Doom on                                                                  
                                        level 1.                                
               11  [16]                                                         
                                                                                
                                                                                
                                                                                
                                                                                
                                                                                
                                                                                
                                                                                
                                                                                
                                                                                
                                                                                
                                                                                
                                                                                
                                                                                
                                                                                
                                                                                

",0.0,True
