{
    "progression_percentage": 37.272727272727266,
    "standard_error": 4.887156383896586,
    "average_steps": 237.5,
    "episodes_played": 10,
    "tasks": {
        "default": {
            "progression_percentage": 37.272727272727266,
            "standard_error": 4.887156383896586,
            "episodes_played": 10
        }
    },
    "input_tokens": 4174557,
    "output_tokens": 351058
}