{
    "progression_percentage": 55.00000000000001,
    "standard_error": 5.976883844936904,
    "average_steps": 295.7,
    "episodes_played": 10,
    "tasks": {
        "default": {
            "progression_percentage": 55.00000000000001,
            "standard_error": 5.976883844936904,
            "episodes_played": 10
        }
    },
    "input_tokens": 5286229,
    "output_tokens": 5131
}