{
    "progression_percentage": 26.36363636363636,
    "standard_error": 2.7872199485010705,
    "average_steps": 170.9,
    "episodes_played": 10,
    "tasks": {
        "default": {
            "progression_percentage": 26.36363636363636,
            "standard_error": 2.7872199485010705,
            "episodes_played": 10
        }
    },
    "input_tokens": 3223211,
    "output_tokens": 7712
}