{
    "progression_percentage": 25.000000000000007,
    "standard_error": 4.128614119223852,
    "average_steps": 195.4,
    "episodes_played": 10,
    "tasks": {
        "default": {
            "progression_percentage": 25.000000000000007,
            "standard_error": 4.128614119223852,
            "episodes_played": 10
        }
    },
    "input_tokens": 2945986,
    "output_tokens": 5284
}