Step,Action,Reasoning,Observation,Reward,Done
0,north,,"message:


language observation:
vertical wall far east
doorway near north
dark area near north
horizontal wall near northeast
vertical wall near west and northwest
horizontal wall very near southeast, south, and southwest
sewer rat very near northnorthwest
stairs up adjacent south
tame little dog adjacent southwest

cursor:
Yourself a ranger
(x=7, y=16)

map:
                                                                                
                                                                                
                                                                                
                                                                                
                                                                                
                                                                                
                                                                                
                                                                                
                                                                                
                                                                                
                                                                                
    ---.------                                                                  
    |........|                                                                  
    |.r......|                                                                  
    |........|                                                                  
    |..@.....|                                                                  
    |.d<.....|                                                                  
    ----------                                                                  
                                                                                
                                                                                
                                                                                
Agent the Tenderfoot           St:14 Dx:11 Co:14 In:14 Wi:15 Ch:7 Chaotic S:0   
Dlvl:1 $:0 HP:14(14) Pw:3(3) AC:7 Xp:1/0 T:2                                    

",0.0,False
1,north,,"message:
The sewer rat misses!

language observation:
vertical wall far east
doorway near north
dark area near north
horizontal wall near northeast, southeast, and south
southwest corner near southwest
vertical wall near west
northwest room corner near northwest
stairs up very near south
tame little dog adjacent southwest
sewer rat adjacent northwest

cursor:
Yourself a ranger
(x=7, y=15)

map:
                                                                                
                                                                                
                                                                                
                                                                                
                                                                                
                                                                                
                                                                                
                                                                                
                                                                                
                                                                                
                                                                                
    ---.------                                                                  
    |........|                                                                  
    |.r......|                                                                  
    |..@.....|                                                                  
    |.d......|                                                                  
    |..<.....|                                                                  
    ----------                                                                  
                                                                                
                                                                                
                                                                                
Agent the Tenderfoot           St:14 Dx:11 Co:14 In:14 Wi:15 Ch:7 Chaotic S:0   
Dlvl:1 $:0 HP:14(14) Pw:3(3) AC:7 Xp:1/0 T:3                                    

",0.0,False
2,northwest,,"message:
You hit the sewer rat.  The sewer rat bites!

language observation:
vertical wall far east
doorway near north
dark area near north
horizontal wall near northeast, southeast, and south
southwest corner near southwest
vertical wall near west
northwest room corner near northwest
stairs up very near south
tame little dog adjacent east
sewer rat adjacent northwest

cursor:
Yourself a ranger
(x=7, y=15)

map:
                                                                                
                                                                                
                                                                                
                                                                                
                                                                                
                                                                                
                                                                                
                                                                                
                                                                                
                                                                                
                                                                                
    ---.------                                                                  
    |........|                                                                  
    |.r......|                                                                  
    |..@d....|                                                                  
    |........|                                                                  
    |..<.....|                                                                  
    ----------                                                                  
                                                                                
                                                                                
                                                                                
Agent the Tenderfoot           St:14 Dx:11 Co:14 In:14 Wi:15 Ch:7 Chaotic S:0   
Dlvl:1 $:0 HP:12(14) Pw:3(3) AC:7 Xp:1/0 T:4                                    

",0.0,False
3,northwest,,"message:
You kill the sewer rat!

language observation:
vertical wall far east
doorway near north
dark area near north
horizontal wall near northeast, southeast, and south
southwest corner near southwest
vertical wall near west
northwest room corner near northwest
stairs up very near south
tame little dog adjacent east

cursor:
Yourself a ranger
(x=7, y=15)

map:
                                                                                
                                                                                
                                                                                
                                                                                
                                                                                
                                                                                
                                                                                
                                                                                
                                                                                
                                                                                
                                                                                
    ---.------                                                                  
    |........|                                                                  
    |........|                                                                  
    |..@d....|                                                                  
    |........|                                                                  
    |..<.....|                                                                  
    ----------                                                                  
                                                                                
                                                                                
                                                                                
Agent the Tenderfoot           St:14 Dx:11 Co:14 In:14 Wi:15 Ch:7 Chaotic S:4   
Dlvl:1 $:0 HP:12(14) Pw:3(3) AC:7 Xp:1/1 T:5                                    

",4.0,False
4,north,,"message:


language observation:
vertical wall far east
dark area near north
horizontal wall near southeast and south
stairs up near south
vertical wall near southwest and west
doorway very near north
horizontal wall very near northeast and northwest
tame little dog adjacent southeast

cursor:
Yourself a ranger
(x=7, y=14)

map:
                                                                                
                                                                                
                                                                                
                                                                                
                                                                                
                                                                                
                                                                                
                                                                                
                                                                                
                                                                                
                                                                                
    ---.------                                                                  
    |........|                                                                  
    |..@.....|                                                                  
    |...d....|                                                                  
    |........|                                                                  
    |..<.....|                                                                  
    ----------                                                                  
                                                                                
                                                                                
                                                                                
Agent the Tenderfoot           St:14 Dx:11 Co:14 In:14 Wi:15 Ch:7 Chaotic S:4   
Dlvl:1 $:0 HP:12(14) Pw:3(3) AC:7 Xp:1/1 T:6                                    

",0.0,False
5,north,,"message:


language observation:
vertical wall far east
horizontal wall near southeast and south
stairs up near south
vertical wall near southwest and west
dark area very near north
tame little dog very near eastsoutheast
doorway adjacent north
horizontal wall adjacent northeast and northwest

cursor:
Yourself a ranger
(x=7, y=13)

map:
                                                                                
                                                                                
                                                                                
                                                                                
                                                                                
                                                                                
                                                                                
                                                                                
                                                                                
                                                                                
                                                                                
    ---.------                                                                  
    |..@.....|                                                                  
    |....d...|                                                                  
    |........|                                                                  
    |........|                                                                  
    |..<.....|                                                                  
    ----------                                                                  
                                                                                
                                                                                
                                                                                
Agent the Tenderfoot           St:14 Dx:11 Co:14 In:14 Wi:15 Ch:7 Chaotic S:4   
Dlvl:1 $:0 HP:12(14) Pw:3(3) AC:7 Xp:1/1 T:7                                    

",0.0,False
6,north,,"message:


language observation:
southeast corner far southeast
horizontal wall far south
stairs up near south
vertical wall near southwest
dark area very near north
tame little dog very near southeast
dark area adjacent northeast and northwest
horizontal wall adjacent east and west

cursor:
Yourself a ranger
(x=7, y=12)

map:
                                                                                
                                                                                
                                                                                
                                                                                
                                                                                
                                                                                
                                                                                
                                                                                
                                                                                
                                                                                
       #                                                                        
    ---@------                                                                  
    |........|                                                                  
    |....d...|                                                                  
    |........|                                                                  
    |........|                                                                  
    |..<.....|                                                                  
    ----------                                                                  
                                                                                
                                                                                
                                                                                
Agent the Tenderfoot           St:14 Dx:11 Co:14 In:14 Wi:15 Ch:7 Chaotic S:4   
Dlvl:1 $:0 HP:12(14) Pw:3(3) AC:7 Xp:1/1 T:8                                    

",0.0,False
7,north,,"message:


language observation:
stairs up far south
horizontal wall far south
dark area very near north and northwest
dark area adjacent northeast, east, and west
horizontal wall adjacent southeast and southwest
doorway adjacent south

cursor:
Yourself a ranger
(x=7, y=11)

map:
                                                                                
                                                                                
                                                                                
                                                                                
                                                                                
                                                                                
                                                                                
                                                                                
                                                                                
      ##                                                                        
       @                                                                        
    ---.------                                                                  
    |........|                                                                  
    |........|                                                                  
    |........|                                                                  
    |........|                                                                  
    |..<.....|                                                                  
    ----------                                                                  
                                                                                
                                                                                
                                                                                
Agent the Tenderfoot           St:14 Dx:11 Co:14 In:14 Wi:15 Ch:7 Chaotic S:4   
Dlvl:1 $:0 HP:12(14) Pw:3(3) AC:7 Xp:1/1 T:9                                    

",0.0,False
8,north,,"message:


language observation:
stairs up far south
horizontal wall far south
tame little dog near south
doorway very near south
dark area very near west
dark area adjacent north, northeast, east, southeast, southwest, and northwest

cursor:
Yourself a ranger
(x=7, y=10)

map:
                                                                                
                                                                                
                                                                                
                                                                                
                                                                                
                                                                                
                                                                                
                                                                                
                                                                                
      #@                                                                        
       #                                                                        
    ---.------                                                                  
    |..d.....|                                                                  
    |........|                                                                  
    |........|                                                                  
    |........|                                                                  
    |..<.....|                                                                  
    ----------                                                                  
                                                                                
                                                                                
                                                                                
Agent the Tenderfoot           St:14 Dx:11 Co:14 In:14 Wi:15 Ch:7 Chaotic S:4   
Dlvl:1 $:0 HP:12(14) Pw:3(3) AC:7 Xp:1/1 T:10                                   

",0.0,False
9,west,,"message:


language observation:
stairs up far southsoutheast
dark area very near east, west, and northwest
horizontal wall very near southeast
dark area adjacent north, northeast, south, and southwest
tame little dog adjacent southeast

cursor:
Yourself a ranger
(x=6, y=10)

map:
                                                                                
                                                                                
                                                                                
                                                                                
                                                                                
                                                                                
                                                                                
                                                                                
     #                                                                          
     #@#                                                                        
       d                                                                        
    ---.------                                                                  
    |........|                                                                  
    |........|                                                                  
    |........|                                                                  
    |........|                                                                  
    |..<.....|                                                                  
    ----------                                                                  
                                                                                
                                                                                
                                                                                
Agent the Tenderfoot           St:14 Dx:11 Co:14 In:14 Wi:15 Ch:7 Chaotic S:4   
Dlvl:1 $:0 HP:12(14) Pw:3(3) AC:7 Xp:1/1 T:11                                   

",0.0,False
10,west,,"message:


language observation:
stairs up far southsoutheast
dark area near east
dark area very near north
tame little dog very near east
dark area adjacent northeast, southeast, south, southwest, west, and northwest

cursor:
Yourself a ranger
(x=5, y=10)

map:
                                                                                
   -----                                                                        
    ...                                                                         
     .                                                                          
     .                                                                          
     .                                                                          
     .                                                                          
                                                                                
     #                                                                          
     @#d                                                                        
       #                                                                        
    ---.------                                                                  
    |........|                                                                  
    |........|                                                                  
    |........|                                                                  
    |........|                                                                  
    |..<.....|                                                                  
    ----------                                                                  
                                                                                
                                                                                
                                                                                
Agent the Tenderfoot           St:14 Dx:11 Co:14 In:14 Wi:15 Ch:7 Chaotic S:4   
Dlvl:1 $:0 HP:12(14) Pw:3(3) AC:7 Xp:1/1 T:12                                   

",0.0,False
11,north,,"message:


language observation:
horizontal wall far north
stairs up far southsoutheast
horizontal wall near southeast
doorway very near north
dark area very near south
dark area adjacent northeast, east, southwest, west, and northwest
tame little dog adjacent south

cursor:
Yourself a ranger
(x=5, y=9)

map:
                                                                                
   -----                                                                        
    ...                                                                         
    ...                                                                         
     .                                                                          
     .                                                                          
     .                                                                          
     #                                                                          
     @                                                                          
     d##                                                                        
       #                                                                        
    ---.------                                                                  
    |........|                                                                  
    |........|                                                                  
    |........|                                                                  
    |........|                                                                  
    |..<.....|                                                                  
    ----------                                                                  
                                                                                
                                                                                
                                                                                
Agent the Tenderfoot           St:14 Dx:11 Co:14 In:14 Wi:15 Ch:7 Chaotic S:4   
Dlvl:1 $:0 HP:12(14) Pw:3(3) AC:7 Xp:1/1 T:13                                   

",0.0,False
12,north,,"message:


language observation:
horizontal wall far north
stairs up far southsoutheast
dark area near south
doorway adjacent north
dark area adjacent northeast, east, southeast, southwest, west, and northwest
tame little dog adjacent south

cursor:
Yourself a ranger
(x=5, y=8)

map:
                                                                                
   ------                                                                       
    ....                                                                        
    ...                                                                         
    ...                                                                         
     .                                                                          
     .                                                                          
     @                                                                          
     d                                                                          
     ###                                                                        
       #                                                                        
    ---.------                                                                  
    |........|                                                                  
    |........|                                                                  
    |........|                                                                  
    |........|                                                                  
    |..<.....|                                                                  
    ----------                                                                  
                                                                                
                                                                                
                                                                                
Agent the Tenderfoot           St:14 Dx:11 Co:14 In:14 Wi:15 Ch:7 Chaotic S:4   
Dlvl:1 $:0 HP:12(14) Pw:3(3) AC:7 Xp:1/1 T:14                                   

",0.0,False
13,north,,"message:


language observation:
stairs up far southsoutheast
horizontal wall near north
northeast room corner near northeast
dark area near south
tame little dog very near south
vertical wall very near northwest
horizontal wall adjacent east and west
dark area adjacent southeast and southwest

cursor:
Yourself a ranger
(x=5, y=7)

map:
                                                                                
   --------                                                                     
   |.......                                                                     
   |......|                                                                     
   |......                                                                      
   |....                                                                        
    -@-                                                                         
     #                                                                          
     d                                                                          
     ###                                                                        
       #                                                                        
    ---.------                                                                  
    |........|                                                                  
    |........|                                                                  
    |........|                                                                  
    |........|                                                                  
    |..<.....|                                                                  
    ----------                                                                  
                                                                                
                                                                                
                                                                                
Agent the Tenderfoot           St:14 Dx:11 Co:14 In:14 Wi:15 Ch:7 Chaotic S:4   
Dlvl:1 $:0 HP:13(14) Pw:3(3) AC:7 Xp:1/1 T:15                                   

",0.0,False
14,north,,"message:


language observation:
stairs up far southsoutheast
horizontal wall near north and northeast
vertical wall near east
dark area near south
vertical wall very near west and northwest
horizontal wall adjacent southeast and southwest
tame little dog adjacent south

cursor:
Yourself a ranger
(x=5, y=6)

map:
                                                                                
   --------                                                                     
   |.......                                                                     
   |......|                                                                     
   |......|                                                                     
   |.@....|                                                                     
   --d-----                                                                     
     #                                                                          
     #                                                                          
     ###                                                                        
       #                                                                        
    ---.------                                                                  
    |........|                                                                  
    |........|                                                                  
    |........|                                                                  
    |........|                                                                  
    |..<.....|                                                                  
    ----------                                                                  
                                                                                
                                                                                
                                                                                
Agent the Tenderfoot           St:14 Dx:11 Co:14 In:14 Wi:15 Ch:7 Chaotic S:4   
Dlvl:1 $:0 HP:13(14) Pw:3(3) AC:7 Xp:1/1 T:16                                   

",0.0,False
15,east,,"message:


language observation:
stairs up far southsoutheast
horizontal wall near north
northeast room corner near northeast
vertical wall near east, west, and northwest
dark area very near southwest
tame little dog very near west
horizontal wall adjacent southeast and south
doorway adjacent southwest

cursor:
Yourself a ranger
(x=6, y=6)

map:
                                                                                
   --------                                                                     
   |.......                                                                     
   |......|                                                                     
   |......|                                                                     
   |d.@...|                                                                     
   --.-----                                                                     
     #                                                                          
     #                                                                          
     ###                                                                        
       #                                                                        
    ---.------                                                                  
    |........|                                                                  
    |........|                                                                  
    |........|                                                                  
    |........|                                                                  
    |..<.....|                                                                  
    ----------                                                                  
                                                                                
                                                                                
                                                                                
Agent the Tenderfoot           St:14 Dx:11 Co:14 In:14 Wi:15 Ch:7 Chaotic S:4   
Dlvl:1 $:0 HP:13(14) Pw:3(3) AC:7 Xp:1/1 T:17                                   

",0.0,False
16,east,,"message:


language observation:
stairs up far south
horizontal wall near north
doorway near northeast
dark area near northeast
vertical wall near east and west
northwest room corner near northwest
tame little dog very near westnorthwest
horizontal wall adjacent southeast, south, and southwest

cursor:
Yourself a ranger
(x=7, y=6)

map:
                                                                                
   --------                                                                     
   |.......                                                                     
   |......|                                                                     
   |.d....|                                                                     
   |...@..|                                                                     
   --.-----                                                                     
     #                                                                          
     #                                                                          
     ###                                                                        
       #                                                                        
    ---.------                                                                  
    |........|                                                                  
    |........|                                                                  
    |........|                                                                  
    |........|                                                                  
    |..<.....|                                                                  
    ----------                                                                  
                                                                                
                                                                                
                                                                                
Agent the Tenderfoot           St:14 Dx:11 Co:14 In:14 Wi:15 Ch:7 Chaotic S:4   
Dlvl:1 $:0 HP:13(14) Pw:3(3) AC:7 Xp:1/1 T:18                                   

",0.0,False
17,east,,"message:


language observation:
stairs up far southsouthwest
horizontal wall near north and northwest
vertical wall near west
vertical wall very near northeast and east
tame little dog very near west
horizontal wall adjacent southeast, south, and southwest

cursor:
Yourself a ranger
(x=8, y=6)

map:
                                                                                
   --------                                                                     
   |.......                                                                     
   |......|                                                                     
   |......|                                                                     
   |..d.@.|                                                                     
   --.-----                                                                     
     #                                                                          
     #                                                                          
     ###                                                                        
       #                                                                        
    ---.------                                                                  
    |........|                                                                  
    |........|                                                                  
    |........|                                                                  
    |........|                                                                  
    |..<.....|                                                                  
    ----------                                                                  
                                                                                
                                                                                
                                                                                
Agent the Tenderfoot           St:14 Dx:11 Co:14 In:14 Wi:15 Ch:7 Chaotic S:4   
Dlvl:1 $:0 HP:13(14) Pw:3(3) AC:7 Xp:1/1 T:19                                   

",0.0,False
18,north,,"message:


language observation:
stairs up far southsouthwest
horizontal wall near north and northwest
dark area near northeast
vertical wall near west
doorway very near northeast
vertical wall very near east
southeast corner very near southeast
horizontal wall very near south and southwest
tame little dog very near west

cursor:
Yourself a ranger
(x=8, y=5)

map:
                                                                                
   --------                                                                     
   |.......                                                                     
   |......|                                                                     
   |..d.@.|                                                                     
   |......|                                                                     
   --.-----                                                                     
     #                                                                          
     #                                                                          
     ###                                                                        
       #                                                                        
    ---.------                                                                  
    |........|                                                                  
    |........|                                                                  
    |........|                                                                  
    |........|                                                                  
    |..<.....|                                                                  
    ----------                                                                  
                                                                                
                                                                                
                                                                                
Agent the Tenderfoot           St:14 Dx:11 Co:14 In:14 Wi:15 Ch:7 Chaotic S:4   
Dlvl:1 $:0 HP:13(14) Pw:3(3) AC:7 Xp:1/1 T:20                                   

",0.0,False
19,north,,"message:


language observation:
stairs up far southsouthwest
horizontal wall near south
doorway near southwest
dark area near southwest
vertical wall near west
horizontal wall very near north and northwest
northeast room corner very near northeast
vertical wall very near east and southeast
tame little dog adjacent south

cursor:
Yourself a ranger
(x=8, y=4)

map:
                                                                                
   --------                                                                     
   |.......                                                                     
   |....@.|                                                                     
   |....d.|                                                                     
   |......|                                                                     
   --.-----                                                                     
     #                                                                          
     #                                                                          
     ###                                                                        
       #                                                                        
    ---.------                                                                  
    |........|                                                                  
    |........|                                                                  
    |........|                                                                  
    |........|                                                                  
    |..<.....|                                                                  
    ----------                                                                  
                                                                                
                                                                                
                                                                                
Agent the Tenderfoot           St:14 Dx:11 Co:14 In:14 Wi:15 Ch:7 Chaotic S:4   
Dlvl:1 $:0 HP:13(14) Pw:3(3) AC:7 Xp:1/1 T:21                                   

",0.0,False
20,west,,"message:


language observation:
stairs up far south
vertical wall near east and west
southeast corner near southeast
horizontal wall near south and southwest
horizontal wall very near north, northeast, and northwest
tame little dog adjacent south

cursor:
Yourself a ranger
(x=7, y=4)

map:
                                                                                
   --------                                                                     
   |.......                                                                     
   |...@..|                                                                     
   |...d..|                                                                     
   |......|                                                                     
   --.-----                                                                     
     #                                                                          
     #                                                                          
     ###                                                                        
       #                                                                        
    ---.------                                                                  
    |........|                                                                  
    |........|                                                                  
    |........|                                                                  
    |........|                                                                  
    |..<.....|                                                                  
    ----------                                                                  
                                                                                
                                                                                
                                                                                
Agent the Tenderfoot           St:14 Dx:11 Co:14 In:14 Wi:15 Ch:7 Chaotic S:4   
Dlvl:1 $:0 HP:13(14) Pw:3(3) AC:7 Xp:1/1 T:22                                   

",0.0,False
21,southwest,,"message:


language observation:
stairs up far southsoutheast
horizontal wall near north and northeast
vertical wall near east and west
northwest room corner near northwest
tame little dog very near north
horizontal wall very near southeast, south, and southwest

cursor:
Yourself a ranger
(x=6, y=5)

map:
                                                                                
   --------                                                                     
   |..d....                                                                     
   |......|                                                                     
   |..@...|                                                                     
   |......|                                                                     
   --.-----                                                                     
     #                                                                          
     #                                                                          
     ###                                                                        
       #                                                                        
    ---.------                                                                  
    |........|                                                                  
    |........|                                                                  
    |........|                                                                  
    |........|                                                                  
    |..<.....|                                                                  
    ----------                                                                  
                                                                                
                                                                                
                                                                                
Agent the Tenderfoot           St:14 Dx:11 Co:14 In:14 Wi:15 Ch:7 Chaotic S:4   
Dlvl:1 $:0 HP:13(14) Pw:3(3) AC:7 Xp:1/1 T:23                                   

",0.0,False
22,north,,"message:


language observation:
stairs up far southsoutheast
vertical wall near east and west
horizontal wall near southeast and south
southwest corner near southwest
horizontal wall very near north, northeast, and northwest
tame little dog adjacent west

cursor:
Yourself a ranger
(x=6, y=4)

map:
                                                                                
   --------                                                                     
   |.......                                                                     
   |.d@...|                                                                     
   |......|                                                                     
   |......|                                                                     
   --.-----                                                                     
     #                                                                          
     #                                                                          
     ###                                                                        
       #                                                                        
    ---.------                                                                  
    |........|                                                                  
    |........|                                                                  
    |........|                                                                  
    |........|                                                                  
    |..<.....|                                                                  
    ----------                                                                  
                                                                                
                                                                                
                                                                                
Agent the Tenderfoot           St:14 Dx:11 Co:14 In:14 Wi:15 Ch:7 Chaotic S:4   
Dlvl:1 $:0 HP:13(14) Pw:3(3) AC:7 Xp:1/1 T:24                                   

",0.0,False
23,north,,"message:


language observation:
stairs up far southsoutheast
doorway near east
dark area near east
southeast corner near southeast
horizontal wall near south
vertical wall near southwest and west
tame little dog very near west
horizontal wall adjacent north, northeast, and northwest

cursor:
Yourself a ranger
(x=6, y=3)

map:
                                                                                
   --------                                                                     
   |d.@....                                                                     
   |......|                                                                     
   |......|                                                                     
   |......|                                                                     
   --.-----                                                                     
     #                                                                          
     #                                                                          
     ###                                                                        
       #                                                                        
    ---.------                                                                  
    |........|                                                                  
    |........|                                                                  
    |........|                                                                  
    |........|                                                                  
    |..<.....|                                                                  
    ----------                                                                  
                                                                                
                                                                                
                                                                                
Agent the Tenderfoot           St:14 Dx:11 Co:14 In:14 Wi:15 Ch:7 Chaotic S:4   
Dlvl:1 $:0 HP:13(14) Pw:3(3) AC:7 Xp:1/1 T:25                                   

",0.0,False
24,east,,"message:


language observation:
stairs up far south
doorway near east
dark area near east
vertical wall near southeast and west
horizontal wall near south
southwest corner near southwest
horizontal wall adjacent north, northeast, and northwest
tame little dog adjacent west

cursor:
Yourself a ranger
(x=7, y=3)

map:
                                                                                
   --------                                                                     
   |..d@...                                                                     
   |......|                                                                     
   |......|                                                                     
   |......|                                                                     
   --.-----                                                                     
     #                                                                          
     #                                                                          
     ###                                                                        
       #                                                                        
    ---.------                                                                  
    |........|                                                                  
    |........|                                                                  
    |........|                                                                  
    |........|                                                                  
    |..<.....|                                                                  
    ----------                                                                  
                                                                                
                                                                                
                                                                                
Agent the Tenderfoot           St:14 Dx:11 Co:14 In:14 Wi:15 Ch:7 Chaotic S:4   
Dlvl:1 $:0 HP:13(14) Pw:3(3) AC:7 Xp:1/1 T:26                                   

",0.0,False
25,east,,"message:


language observation:
stairs up far southsouthwest
dark area near east
horizontal wall near south and southwest
vertical wall near west
doorway very near east
vertical wall very near southeast
horizontal wall adjacent north, northeast, and northwest
tame little dog adjacent west

cursor:
Yourself a ranger
(x=8, y=3)

map:
                                                                                
   --------                                                                     
   |...d@..                                                                     
   |......|                                                                     
   |......|                                                                     
   |......|                                                                     
   --.-----                                                                     
     #                                                                          
     #                                                                          
     ###                                                                        
       #                                                                        
    ---.------                                                                  
    |........|                                                                  
    |........|                                                                  
    |........|                                                                  
    |........|                                                                  
    |..<.....|                                                                  
    ----------                                                                  
                                                                                
                                                                                
                                                                                
Agent the Tenderfoot           St:14 Dx:11 Co:14 In:14 Wi:15 Ch:7 Chaotic S:4   
Dlvl:1 $:0 HP:13(14) Pw:3(3) AC:7 Xp:1/1 T:27                                   

",0.0,False
26,east,,"message:


language observation:
stairs up far southsouthwest
vertical wall far west
horizontal wall near south
doorway near southwest
dark area near southwest
dark area very near east
tame little dog very near west
horizontal wall adjacent north and northwest
northeast room corner adjacent northeast
doorway adjacent east
vertical wall adjacent southeast

cursor:
Yourself a ranger
(x=9, y=3)

map:
                                                                                
   --------                                                                     
   |...d.@.                                                                     
   |......|                                                                     
   |......|                                                                     
   |......|                                                                     
   --.-----                                                                     
     #                                                                          
     #                                                                          
     ###                                                                        
       #                                                                        
    ---.------                                                                  
    |........|                                                                  
    |........|                                                                  
    |........|                                                                  
    |........|                                                                  
    |..<.....|                                                                  
    ----------                                                                  
                                                                                
                                                                                
                                                                                
Agent the Tenderfoot           St:14 Dx:11 Co:14 In:14 Wi:15 Ch:7 Chaotic S:4   
Dlvl:1 $:0 HP:13(14) Pw:3(3) AC:7 Xp:1/1 T:28                                   

",0.0,False
27,east,,"message:


language observation:
stairs up far southsouthwest
vertical wall far west
horizontal wall near southwest
dark area very near east
tame little dog very near west
northeast room corner adjacent north
dark area adjacent northeast and southeast
vertical wall adjacent south
horizontal wall adjacent northwest

cursor:
Yourself a ranger
(x=10, y=3)

map:
                                                                                
   --------                                                                     
   |....d.@#                                                                    
   |......|                                                                     
   |......|                                                                     
   |......|                                                                     
   --.-----                                                                     
     #                                                                          
     #                                                                          
     ###                                                                        
       #                                                                        
    ---.------                                                                  
    |........|                                                                  
    |........|                                                                  
    |........|                                                                  
    |........|                                                                  
    |..<.....|                                                                  
    ----------                                                                  
                                                                                
                                                                                
                                                                                
Agent the Tenderfoot           St:14 Dx:11 Co:14 In:14 Wi:15 Ch:7 Chaotic S:4   
Dlvl:1 $:0 HP:13(14) Pw:3(3) AC:7 Xp:1/1 T:29                                   

",0.0,False
28,east,,"message:


language observation:
stairs up far southsouthwest
vertical wall far west
dark area very near east and southeast
tame little dog very near west
dark area adjacent north, northeast, and south
boulder adjacent southeast
vertical wall adjacent southwest
doorway adjacent west
northeast room corner adjacent northwest

cursor:
Yourself a ranger
(x=11, y=3)

map:
                                                                                
   --------                                                                     
   |.....d.@#                                                                   
   |......| `                                                                   
   |......|                                                                     
   |......|                                                                     
   --.-----                                                                     
     #                                                                          
     #                                                                          
     ###                                                                        
       #                                                                        
    ---.------                                                                  
    |........|                                                                  
    |........|                                                                  
    |........|                                                                  
    |........|                                                                  
    |..<.....|                                                                  
    ----------                                                                  
                                                                                
                                                                                
                                                                                
Agent the Tenderfoot           St:14 Dx:11 Co:14 In:14 Wi:15 Ch:7 Chaotic S:4   
Dlvl:1 $:0 HP:14(14) Pw:3(3) AC:7 Xp:1/1 T:30                                   

",0.0,False
29,east,,"message:


language observation:
stairs up far southsouthwest
vertical wall far west
dark area very near southeast and south
doorway very near west
dark area adjacent north, northeast, east, southwest, and northwest
boulder adjacent south
tame little dog adjacent west

cursor:
Yourself a ranger
(x=12, y=3)

map:
                                                                                
   --------                                                                     
   |.......d@                                                                   
   |......| `#                                                                  
   |......|                                                                     
   |......|                                                                     
   --.-----                                                                     
     #                                                                          
     #                                                                          
     ###                                                                        
       #                                                                        
    ---.------                                                                  
    |........|                                                                  
    |........|                                                                  
    |........|                                                                  
    |........|                                                                  
    |..<.....|                                                                  
    ----------                                                                  
                                                                                
                                                                                
                                                                                
Agent the Tenderfoot           St:14 Dx:11 Co:14 In:14 Wi:15 Ch:7 Chaotic S:4   
Dlvl:1 $:0 HP:14(14) Pw:3(3) AC:7 Xp:1/1 T:31                                   

",0.0,False
30,east,,"message:
It's solid stone.

language observation:
stairs up far southsouthwest
vertical wall far west
dark area very near southeast and south
doorway very near west
dark area adjacent north, northeast, east, southwest, and northwest
boulder adjacent south
tame little dog adjacent west

cursor:
Yourself a ranger
(x=12, y=3)

map:
                                                                                
   --------                                                                     
   |.......d@                                                                   
   |......| `#                                                                  
   |......|                                                                     
   |......|                                                                     
   --.-----                                                                     
     #                                                                          
     #                                                                          
     ###                                                                        
       #                                                                        
    ---.------                                                                  
    |........|                                                                  
    |........|                                                                  
    |........|                                                                  
    |........|                                                                  
    |..<.....|                                                                  
    ----------                                                                  
                                                                                
                                                                                
                                                                                
Agent the Tenderfoot           St:14 Dx:11 Co:14 In:14 Wi:15 Ch:7 Chaotic S:4   
Dlvl:1 $:0 HP:14(14) Pw:3(3) AC:7 Xp:1/1 T:31                                   

",0.0,False
31,north,,"message:
It's solid stone.

language observation:
stairs up far southsouthwest
vertical wall far west
dark area very near southeast and south
doorway very near west
dark area adjacent north, northeast, east, southwest, and northwest
boulder adjacent south
tame little dog adjacent west

cursor:
Yourself a ranger
(x=12, y=3)

map:
                                                                                
   --------                                                                     
   |.......d@                                                                   
   |......| `#                                                                  
   |......|                                                                     
   |......|                                                                     
   --.-----                                                                     
     #                                                                          
     #                                                                          
     ###                                                                        
       #                                                                        
    ---.------                                                                  
    |........|                                                                  
    |........|                                                                  
    |........|                                                                  
    |........|                                                                  
    |..<.....|                                                                  
    ----------                                                                  
                                                                                
                                                                                
                                                                                
Agent the Tenderfoot           St:14 Dx:11 Co:14 In:14 Wi:15 Ch:7 Chaotic S:4   
Dlvl:1 $:0 HP:14(14) Pw:3(3) AC:7 Xp:1/1 T:31                                   

",0.0,False
32,north,,"message:
It's solid stone.

language observation:
stairs up far southsouthwest
vertical wall far west
dark area very near southeast and south
doorway very near west
dark area adjacent north, northeast, east, southwest, and northwest
boulder adjacent south
tame little dog adjacent west

cursor:
Yourself a ranger
(x=12, y=3)

map:
                                                                                
   --------                                                                     
   |.......d@                                                                   
   |......| `#                                                                  
   |......|                                                                     
   |......|                                                                     
   --.-----                                                                     
     #                                                                          
     #                                                                          
     ###                                                                        
       #                                                                        
    ---.------                                                                  
    |........|                                                                  
    |........|                                                                  
    |........|                                                                  
    |........|                                                                  
    |..<.....|                                                                  
    ----------                                                                  
                                                                                
                                                                                
                                                                                
Agent the Tenderfoot           St:14 Dx:11 Co:14 In:14 Wi:15 Ch:7 Chaotic S:4   
Dlvl:1 $:0 HP:14(14) Pw:3(3) AC:7 Xp:1/1 T:31                                   

",0.0,False
33,south,,"message:
You try to move the boulder, but in vain.

language observation:
stairs up far southsouthwest
vertical wall far west
dark area very near southeast and south
doorway very near west
dark area adjacent north, northeast, east, southwest, and northwest
boulder adjacent south
tame little dog adjacent west

cursor:
Yourself a ranger
(x=12, y=3)

map:
                                                                                
   --------                                                                     
   |.......d@                                                                   
   |......| `#                                                                  
   |......|                                                                     
   |......|                                                                     
   --.-----                                                                     
     #                                                                          
     #                                                                          
     ###                                                                        
       #                                                                        
    ---.------                                                                  
    |........|                                                                  
    |........|                                                                  
    |........|                                                                  
    |........|                                                                  
    |..<.....|                                                                  
    ----------                                                                  
                                                                                
                                                                                
                                                                                
Agent the Tenderfoot           St:14 Dx:11 Co:14 In:14 Wi:15 Ch:7 Chaotic S:4   
Dlvl:1 $:0 HP:14(14) Pw:3(3) AC:7 Xp:1/1 T:31                                   

",0.0,False
34,southwest,,"message:
It's solid stone.

language observation:
stairs up far southsouthwest
vertical wall far west
dark area very near southeast and south
doorway very near west
dark area adjacent north, northeast, east, southwest, and northwest
boulder adjacent south
tame little dog adjacent west

cursor:
Yourself a ranger
(x=12, y=3)

map:
                                                                                
   --------                                                                     
   |.......d@                                                                   
   |......| `#                                                                  
   |......|                                                                     
   |......|                                                                     
   --.-----                                                                     
     #                                                                          
     #                                                                          
     ###                                                                        
       #                                                                        
    ---.------                                                                  
    |........|                                                                  
    |........|                                                                  
    |........|                                                                  
    |........|                                                                  
    |..<.....|                                                                  
    ----------                                                                  
                                                                                
                                                                                
                                                                                
Agent the Tenderfoot           St:14 Dx:11 Co:14 In:14 Wi:15 Ch:7 Chaotic S:4   
Dlvl:1 $:0 HP:14(14) Pw:3(3) AC:7 Xp:1/1 T:31                                   

",0.0,False
35,west,,"message:
You swap places with Sirius.

language observation:
stairs up far southsouthwest
vertical wall far west
dark area very near east and southeast
dark area adjacent north, northeast, and south
tame little dog adjacent east
boulder adjacent southeast
vertical wall adjacent southwest
doorway adjacent west
northeast room corner adjacent northwest

cursor:
Yourself a ranger
(x=11, y=3)

map:
                                                                                
   --------                                                                     
   |.......@d                                                                   
   |......| `#                                                                  
   |......|                                                                     
   |......|                                                                     
   --.-----                                                                     
     #                                                                          
     #                                                                          
     ###                                                                        
       #                                                                        
    ---.------                                                                  
    |........|                                                                  
    |........|                                                                  
    |........|                                                                  
    |........|                                                                  
    |..<.....|                                                                  
    ----------                                                                  
                                                                                
                                                                                
                                                                                
Agent the Tenderfoot           St:14 Dx:11 Co:14 In:14 Wi:15 Ch:7 Chaotic S:4   
Dlvl:1 $:0 HP:14(14) Pw:3(3) AC:7 Xp:1/1 T:32                                   

",0.0,False
36,west,,"message:


language observation:
stairs up far southsouthwest
vertical wall far west
dark area near east
horizontal wall near southwest
boulder very near eastsoutheast
northeast room corner adjacent north
dark area adjacent northeast and southeast
tame little dog adjacent east
vertical wall adjacent south
horizontal wall adjacent northwest

cursor:
Yourself a ranger
(x=10, y=3)

map:
                                                                                
   --------                                                                     
   |......@d#                                                                   
   |......| `#                                                                  
   |......|                                                                     
   |......|                                                                     
   --.-----                                                                     
     #                                                                          
     #                                                                          
     ###                                                                        
       #                                                                        
    ---.------                                                                  
    |........|                                                                  
    |........|                                                                  
    |........|                                                                  
    |........|                                                                  
    |..<.....|                                                                  
    ----------                                                                  
                                                                                
                                                                                
                                                                                
Agent the Tenderfoot           St:14 Dx:11 Co:14 In:14 Wi:15 Ch:7 Chaotic S:4   
Dlvl:1 $:0 HP:14(14) Pw:3(3) AC:7 Xp:1/1 T:33                                   

",0.0,False
37,west,,"message:


language observation:
stairs up far southsouthwest
vertical wall far west
dark area near east and southwest
boulder near eastsoutheast
horizontal wall near south
doorway near southwest
horizontal wall adjacent north and northwest
northeast room corner adjacent northeast
doorway adjacent east
vertical wall adjacent southeast
tame little dog adjacent south

cursor:
Yourself a ranger
(x=9, y=3)

map:
                                                                                
   --------                                                                     
   |.....@.##                                                                   
   |.....d| `#                                                                  
   |......|                                                                     
   |......|                                                                     
   --.-----                                                                     
     #                                                                          
     #                                                                          
     ###                                                                        
       #                                                                        
    ---.------                                                                  
    |........|                                                                  
    |........|                                                                  
    |........|                                                                  
    |........|                                                                  
    |..<.....|                                                                  
    ----------                                                                  
                                                                                
                                                                                
                                                                                
Agent the Tenderfoot           St:14 Dx:11 Co:14 In:14 Wi:15 Ch:7 Chaotic S:4   
Dlvl:1 $:0 HP:14(14) Pw:3(3) AC:7 Xp:1/1 T:34                                   

",0.0,False
38,south,,"message:
You swap places with Sirius.

language observation:
stairs up far southsouthwest
vertical wall far west
boulder near east
horizontal wall near south and southwest
horizontal wall very near north and northwest
dark area very near northeast
tame little dog very near west
doorway adjacent northeast
vertical wall adjacent east and southeast

cursor:
Yourself a ranger
(x=9, y=4)

map:
                                                                                
   --------                                                                     
   |.......##                                                                   
   |...d.@| `#                                                                  
   |......|                                                                     
   |......|                                                                     
   --.-----                                                                     
     #                                                                          
     #                                                                          
     ###                                                                        
       #                                                                        
    ---.------                                                                  
    |........|                                                                  
    |........|                                                                  
    |........|                                                                  
    |........|                                                                  
    |..<.....|                                                                  
    ----------                                                                  
                                                                                
                                                                                
                                                                                
Agent the Tenderfoot           St:14 Dx:11 Co:14 In:14 Wi:15 Ch:7 Chaotic S:4   
Dlvl:1 $:0 HP:14(14) Pw:3(3) AC:7 Xp:1/1 T:35                                   

",0.0,False
39,northeast,,"message:


language observation:
stairs up far southsouthwest
vertical wall far west
dark area near east
horizontal wall near southwest
boulder very near eastsoutheast
northeast room corner adjacent north
dark area adjacent northeast and southeast
vertical wall adjacent south
tame little dog adjacent west
horizontal wall adjacent northwest

cursor:
Yourself a ranger
(x=10, y=3)

map:
                                                                                
   --------                                                                     
   |.....d@##                                                                   
   |......| `#                                                                  
   |......|                                                                     
   |......|                                                                     
   --.-----                                                                     
     #                                                                          
     #                                                                          
     ###                                                                        
       #                                                                        
    ---.------                                                                  
    |........|                                                                  
    |........|                                                                  
    |........|                                                                  
    |........|                                                                  
    |..<.....|                                                                  
    ----------                                                                  
                                                                                
                                                                                
                                                                                
Agent the Tenderfoot           St:14 Dx:11 Co:14 In:14 Wi:15 Ch:7 Chaotic S:4   
Dlvl:1 $:0 HP:14(14) Pw:3(3) AC:7 Xp:1/1 T:36                                   

",0.0,False
40,west,,"message:
You swap places with Sirius.

language observation:
stairs up far southsouthwest
vertical wall far west
dark area near east and southwest
boulder near eastsoutheast
horizontal wall near south
doorway near southwest
horizontal wall adjacent north and northwest
northeast room corner adjacent northeast
tame little dog adjacent east
vertical wall adjacent southeast

cursor:
Yourself a ranger
(x=9, y=3)

map:
                                                                                
   --------                                                                     
   |.....@d##                                                                   
   |......| `#                                                                  
   |......|                                                                     
   |......|                                                                     
   --.-----                                                                     
     #                                                                          
     #                                                                          
     ###                                                                        
       #                                                                        
    ---.------                                                                  
    |........|                                                                  
    |........|                                                                  
    |........|                                                                  
    |........|                                                                  
    |..<.....|                                                                  
    ----------                                                                  
                                                                                
                                                                                
                                                                                
Agent the Tenderfoot           St:14 Dx:11 Co:14 In:14 Wi:15 Ch:7 Chaotic S:4   
Dlvl:1 $:0 HP:14(14) Pw:3(3) AC:7 Xp:1/1 T:37                                   

",0.0,False
41,southwest,,"message:


language observation:
stairs up far southsouthwest
tame little dog near eastnortheast
boulder near east
horizontal wall near south
doorway near southwest
dark area near southwest
vertical wall near west
horizontal wall very near north and northwest
northeast room corner very near northeast
vertical wall very near east and southeast

cursor:
Yourself a ranger
(x=8, y=4)

map:
                                                                                
   --------                                                                     
   |.......d#                                                                   
   |....@.| `#                                                                  
   |......|                                                                     
   |......|                                                                     
   --.-----                                                                     
     #                                                                          
     #                                                                          
     ###                                                                        
       #                                                                        
    ---.------                                                                  
    |........|                                                                  
    |........|                                                                  
    |........|                                                                  
    |........|                                                                  
    |..<.....|                                                                  
    ----------                                                                  
                                                                                
                                                                                
                                                                                
Agent the Tenderfoot           St:14 Dx:11 Co:14 In:14 Wi:15 Ch:7 Chaotic S:4   
Dlvl:1 $:0 HP:14(14) Pw:3(3) AC:7 Xp:1/1 T:38                                   

",0.0,False
42,southwest,,"message:


language observation:
stairs up far south
horizontal wall near north and northwest
northeast room corner near northeast
boulder near eastnortheast
vertical wall near east and west
dark area near southwest
tame little dog very near eastnortheast
horizontal wall very near southeast and south
doorway very near southwest

cursor:
Yourself a ranger
(x=7, y=5)

map:
                                                                                
   --------                                                                     
   |.......##                                                                   
   |.....d| `#                                                                  
   |...@..|                                                                     
   |......|                                                                     
   --.-----                                                                     
     #                                                                          
     #                                                                          
     ###                                                                        
       #                                                                        
    ---.------                                                                  
    |........|                                                                  
    |........|                                                                  
    |........|                                                                  
    |........|                                                                  
    |..<.....|                                                                  
    ----------                                                                  
                                                                                
                                                                                
                                                                                
Agent the Tenderfoot           St:14 Dx:11 Co:14 In:14 Wi:15 Ch:7 Chaotic S:4   
Dlvl:1 $:0 HP:14(14) Pw:3(3) AC:7 Xp:1/1 T:39                                   

",0.0,False
43,southwest,,"message:


language observation:
boulder far eastnortheast
stairs up far southsoutheast
horizontal wall near north
northeast room corner near northeast
vertical wall near east, west, and northwest
tame little dog very near eastnortheast
dark area very near southwest
horizontal wall adjacent southeast and south
doorway adjacent southwest

cursor:
Yourself a ranger
(x=6, y=6)

map:
                                                                                
   --------                                                                     
   |.......##                                                                   
   |......| `#                                                                  
   |....d.|                                                                     
   |..@...|                                                                     
   --.-----                                                                     
     #                                                                          
     #                                                                          
     ###                                                                        
       #                                                                        
    ---.------                                                                  
    |........|                                                                  
    |........|                                                                  
    |........|                                                                  
    |........|                                                                  
    |..<.....|                                                                  
    ----------                                                                  
                                                                                
                                                                                
                                                                                
Agent the Tenderfoot           St:14 Dx:11 Co:14 In:14 Wi:15 Ch:7 Chaotic S:4   
Dlvl:1 $:0 HP:14(14) Pw:3(3) AC:7 Xp:1/1 T:40                                   

",0.0,False
44,southwest,,"message:


language observation:
boulder far eastnortheast
stairs up far southsoutheast
horizontal wall near north
northeast room corner near northeast
dark area near south
vertical wall very near northwest
tame little dog adjacent northeast
horizontal wall adjacent east and west
dark area adjacent southeast and southwest

cursor:
Yourself a ranger
(x=5, y=7)

map:
                                                                                
   --------                                                                     
   |.......##                                                                   
   |......| `#                                                                  
   |......|                                                                     
   |..d...|                                                                     
   --@-----                                                                     
     #                                                                          
     #                                                                          
     ###                                                                        
       #                                                                        
    ---.------                                                                  
    |........|                                                                  
    |........|                                                                  
    |........|                                                                  
    |........|                                                                  
    |..<.....|                                                                  
    ----------                                                                  
                                                                                
                                                                                
                                                                                
Agent the Tenderfoot           St:14 Dx:11 Co:14 In:14 Wi:15 Ch:7 Chaotic S:4   
Dlvl:1 $:0 HP:14(14) Pw:3(3) AC:7 Xp:1/1 T:41                                   

",0.0,False
45,south,,"message:


language observation:
horizontal wall far north
boulder far eastnortheast
stairs up far southsoutheast
dark area near south
tame little dog adjacent north
horizontal wall adjacent northeast and northwest
dark area adjacent east, southeast, southwest, and west

cursor:
Yourself a ranger
(x=5, y=8)

map:
                                                                                
   --------                                                                     
   |.......##                                                                   
   |......| `#                                                                  
   |......|                                                                     
   |......|                                                                     
   --d-----                                                                     
     @                                                                          
     #                                                                          
     ###                                                                        
       #                                                                        
    ---.------                                                                  
    |........|                                                                  
    |........|                                                                  
    |........|                                                                  
    |........|                                                                  
    |..<.....|                                                                  
    ----------                                                                  
                                                                                
                                                                                
                                                                                
Agent the Tenderfoot           St:14 Dx:11 Co:14 In:14 Wi:15 Ch:7 Chaotic S:4   
Dlvl:1 $:0 HP:14(14) Pw:3(3) AC:7 Xp:1/1 T:42                                   

",0.0,False
46,south,,"message:


language observation:
horizontal wall far north
boulder far eastnortheast
stairs up far southsoutheast
horizontal wall near southeast
doorway very near north
dark area very near south
dark area adjacent northeast, east, southwest, west, and northwest

cursor:
Yourself a ranger
(x=5, y=9)

map:
                                                                                
   --------                                                                     
   |.......##                                                                   
   |......| `#                                                                  
   |......|                                                                     
   |......|                                                                     
   --.-----                                                                     
     #                                                                          
     @                                                                          
     ###                                                                        
       #                                                                        
    ---.------                                                                  
    |........|                                                                  
    |........|                                                                  
    |........|                                                                  
    |........|                                                                  
    |..<.....|                                                                  
    ----------                                                                  
                                                                                
                                                                                
                                                                                
Agent the Tenderfoot           St:14 Dx:11 Co:14 In:14 Wi:15 Ch:7 Chaotic S:4   
Dlvl:1 $:0 HP:14(14) Pw:3(3) AC:7 Xp:1/1 T:43                                   

",0.0,False
47,south,,"message:


language observation:
horizontal wall far north
boulder far eastnortheast
stairs up far southsoutheast
doorway near north
dark area near east
dark area adjacent northeast, southeast, south, southwest, west, and northwest

cursor:
Yourself a ranger
(x=5, y=10)

map:
                                                                                
   --------                                                                     
   |.......##                                                                   
   |......| `#                                                                  
   |......|                                                                     
   |......|                                                                     
   --.-----                                                                     
     #                                                                          
     #                                                                          
     @##                                                                        
       #                                                                        
    ---.------                                                                  
    |........|                                                                  
    |........|                                                                  
    |........|                                                                  
    |........|                                                                  
    |..<.....|                                                                  
    ----------                                                                  
                                                                                
                                                                                
                                                                                
Agent the Tenderfoot           St:14 Dx:11 Co:14 In:14 Wi:15 Ch:7 Chaotic S:4   
Dlvl:1 $:0 HP:14(14) Pw:3(3) AC:7 Xp:1/1 T:44                                   

",0.0,False
48,east,,"message:


language observation:
boulder far northeast
stairs up far southsoutheast
dark area very near east, west, and northwest
horizontal wall very near southeast
dark area adjacent north, northeast, south, and southwest

cursor:
Yourself a ranger
(x=6, y=10)

map:
                                                                                
   --------                                                                     
   |.......##                                                                   
   |......| `#                                                                  
   |......|                                                                     
   |......|                                                                     
   --.-----                                                                     
     #                                                                          
     #                                                                          
     #@#                                                                        
       #                                                                        
    ---.------                                                                  
    |........|                                                                  
    |........|                                                                  
    |........|                                                                  
    |........|                                                                  
    |..<.....|                                                                  
    ----------                                                                  
                                                                                
                                                                                
                                                                                
Agent the Tenderfoot           St:14 Dx:11 Co:14 In:14 Wi:15 Ch:7 Chaotic S:4   
Dlvl:1 $:0 HP:14(14) Pw:3(3) AC:7 Xp:1/1 T:45                                   

",0.0,False
49,east,,"message:


language observation:
boulder far northnortheast
stairs up far south
horizontal wall far south
dark area near west
doorway very near south
dark area adjacent north, northeast, east, southeast, southwest, and northwest

cursor:
Yourself a ranger
(x=7, y=10)

map:
                                                                                
   --------                                                                     
   |.......##                                                                   
   |......| `#                                                                  
   |......|                                                                     
   |......|                                                                     
   --.-----                                                                     
     #                                                                          
     #                                                                          
     ##@                                                                        
       #                                                                        
    ---.------                                                                  
    |........|                                                                  
    |........|                                                                  
    |........|                                                                  
    |........|                                                                  
    |..<.....|                                                                  
    ----------                                                                  
                                                                                
                                                                                
                                                                                
Agent the Tenderfoot           St:14 Dx:11 Co:14 In:14 Wi:15 Ch:7 Chaotic S:4   
Dlvl:1 $:0 HP:14(14) Pw:3(3) AC:7 Xp:1/1 T:46                                   

",0.0,False
50,south,,"message:


language observation:
boulder far northnortheast
stairs up far south
horizontal wall far south
dark area near northwest
dark area very near north
tame little dog very near northwest
dark area adjacent northeast, east, and west
horizontal wall adjacent southeast and southwest
doorway adjacent south

cursor:
Yourself a ranger
(x=7, y=11)

map:
                                                                                
   --------                                                                     
   |.......##                                                                   
   |......| `#                                                                  
   |......|                                                                     
   |......|                                                                     
   --.-----                                                                     
     #                                                                          
     d                                                                          
     ###                                                                        
       @                                                                        
    ---.------                                                                  
    |........|                                                                  
    |........|                                                                  
    |........|                                                                  
    |........|                                                                  
    |..<.....|                                                                  
    ----------                                                                  
                                                                                
                                                                                
                                                                                
Agent the Tenderfoot           St:14 Dx:11 Co:14 In:14 Wi:15 Ch:7 Chaotic S:4   
Dlvl:1 $:0 HP:14(14) Pw:3(3) AC:7 Xp:1/1 T:47                                   

",0.0,False
51,south,,"message:


language observation:
boulder far northnortheast
southeast corner far southeast
horizontal wall far south
dark area near north
stairs up near south
vertical wall near southwest
dark area adjacent northeast and northwest
horizontal wall adjacent east and west

cursor:
Yourself a ranger
(x=7, y=12)

map:
                                                                                
   --------                                                                     
   |.......##                                                                   
   |......| `#                                                                  
   |......|                                                                     
   |......|                                                                     
   --.-----                                                                     
     #                                                                          
     #                                                                          
     ###                                                                        
       #                                                                        
    ---@------                                                                  
    |........|                                                                  
    |........|                                                                  
    |........|                                                                  
    |........|                                                                  
    |..<.....|                                                                  
    ----------                                                                  
                                                                                
                                                                                
                                                                                
Agent the Tenderfoot           St:14 Dx:11 Co:14 In:14 Wi:15 Ch:7 Chaotic S:4   
Dlvl:1 $:0 HP:14(14) Pw:3(3) AC:7 Xp:1/1 T:48                                   

",0.0,False
52,south,,"message:


language observation:
boulder far northnortheast
vertical wall far east
dark area near north
horizontal wall near southeast and south
stairs up near south
vertical wall near southwest and west
tame little dog very near north
doorway adjacent north
horizontal wall adjacent northeast and northwest

cursor:
Yourself a ranger
(x=7, y=13)

map:
                                                                                
   --------                                                                     
   |.......##                                                                   
   |......| `#                                                                  
   |......|                                                                     
   |......|                                                                     
   --.-----                                                                     
     #                                                                          
     #                                                                          
     ###                                                                        
       d                                                                        
    ---.------                                                                  
    |..@.....|                                                                  
    |........|                                                                  
    |........|                                                                  
    |........|                                                                  
    |..<.....|                                                                  
    ----------                                                                  
                                                                                
                                                                                
                                                                                
Agent the Tenderfoot           St:14 Dx:11 Co:14 In:14 Wi:15 Ch:7 Chaotic S:4   
Dlvl:1 $:0 HP:14(14) Pw:3(3) AC:7 Xp:1/1 T:49                                   

",0.0,False
53,east,,"message:


language observation:
boulder far northnortheast
vertical wall near east, southwest, and west
southeast corner near southeast
horizontal wall near south
stairs up near southsouthwest
tame little dog very near west
dark area very near northwest
horizontal wall adjacent north and northeast
doorway adjacent northwest

cursor:
Yourself a ranger
(x=8, y=13)

map:
                                                                                
   --------                                                                     
   |.......##                                                                   
   |......| `#                                                                  
   |......|                                                                     
   |......|                                                                     
   --.-----                                                                     
     #                                                                          
     #                                                                          
     ###                                                                        
       #                                                                        
    ---.------                                                                  
    |.d.@....|                                                                  
    |........|                                                                  
    |........|                                                                  
    |........|                                                                  
    |..<.....|                                                                  
    ----------                                                                  
                                                                                
                                                                                
                                                                                
Agent the Tenderfoot           St:14 Dx:11 Co:14 In:14 Wi:15 Ch:7 Chaotic S:4   
Dlvl:1 $:0 HP:14(14) Pw:3(3) AC:7 Xp:1/1 T:50                                   

",0.0,False
54,northwest,,"message:


language observation:
boulder far northnortheast
southeast corner far southeast
horizontal wall far south
dark area near north
stairs up near south
vertical wall near southwest
tame little dog very near south
dark area adjacent northeast and northwest
horizontal wall adjacent east and west

cursor:
Yourself a ranger
(x=7, y=12)

map:
                                                                                
   --------                                                                     
   |.......##                                                                   
   |......| `#                                                                  
   |......|                                                                     
   |......|                                                                     
   --.-----                                                                     
     #                                                                          
     #                                                                          
     ###                                                                        
       #                                                                        
    ---@------                                                                  
    |........|                                                                  
    |..d.....|                                                                  
    |........|                                                                  
    |........|                                                                  
    |..<.....|                                                                  
    ----------                                                                  
                                                                                
                                                                                
                                                                                
Agent the Tenderfoot           St:14 Dx:11 Co:14 In:14 Wi:15 Ch:7 Chaotic S:4   
Dlvl:1 $:0 HP:14(14) Pw:3(3) AC:7 Xp:1/1 T:51                                   

",0.0,False
55,north,,"message:


language observation:
boulder far northnortheast
stairs up far south
horizontal wall far south
tame little dog near southsoutheast
dark area near northwest
dark area very near north
dark area adjacent northeast, east, and west
horizontal wall adjacent southeast and southwest
doorway adjacent south

cursor:
Yourself a ranger
(x=7, y=11)

map:
                                                                                
   --------                                                                     
   |.......##                                                                   
   |......| `#                                                                  
   |......|                                                                     
   |......|                                                                     
   --.-----                                                                     
     #                                                                          
     #                                                                          
     ###                                                                        
       @                                                                        
    ---.------                                                                  
    |........|                                                                  
    |........|                                                                  
    |...d....|                                                                  
    |........|                                                                  
    |..<.....|                                                                  
    ----------                                                                  
                                                                                
                                                                                
                                                                                
Agent the Tenderfoot           St:14 Dx:11 Co:14 In:14 Wi:15 Ch:7 Chaotic S:4   
Dlvl:1 $:0 HP:14(14) Pw:3(3) AC:7 Xp:1/1 T:52                                   

",0.0,False
56,north,,"message:


language observation:
boulder far northnortheast
stairs up far south
horizontal wall far south
dark area near west
doorway very near south
dark area adjacent north, northeast, east, southeast, southwest, and northwest

cursor:
Yourself a ranger
(x=7, y=10)

map:
                                                                                
   --------                                                                     
   |.......##                                                                   
   |......| `#                                                                  
   |......|                                                                     
   |......|                                                                     
   --.-----                                                                     
     #                                                                          
     #                                                                          
     ##@                                                                        
       #                                                                        
    ---.------                                                                  
    |........|                                                                  
    |........|                                                                  
    |........|                                                                  
    |........|                                                                  
    |..<.....|                                                                  
    ----------                                                                  
                                                                                
                                                                                
                                                                                
Agent the Tenderfoot           St:14 Dx:11 Co:14 In:14 Wi:15 Ch:7 Chaotic S:4   
Dlvl:1 $:0 HP:14(14) Pw:3(3) AC:7 Xp:1/1 T:53                                   

",0.0,False
57,north,,"message:
It's solid stone.

language observation:
boulder far northnortheast
stairs up far south
horizontal wall far south
dark area near west
doorway very near south
dark area adjacent north, northeast, east, southeast, southwest, and northwest

cursor:
Yourself a ranger
(x=7, y=10)

map:
                                                                                
   --------                                                                     
   |.......##                                                                   
   |......| `#                                                                  
   |......|                                                                     
   |......|                                                                     
   --.-----                                                                     
     #                                                                          
     #                                                                          
     ##@                                                                        
       #                                                                        
    ---.------                                                                  
    |........|                                                                  
    |........|                                                                  
    |........|                                                                  
    |........|                                                                  
    |..<.....|                                                                  
    ----------                                                                  
                                                                                
                                                                                
                                                                                
Agent the Tenderfoot           St:14 Dx:11 Co:14 In:14 Wi:15 Ch:7 Chaotic S:4   
Dlvl:1 $:0 HP:14(14) Pw:3(3) AC:7 Xp:1/1 T:53                                   

",0.0,False
58,east,,"message:
It's solid stone.

language observation:
boulder far northnortheast
stairs up far south
horizontal wall far south
dark area near west
doorway very near south
dark area adjacent north, northeast, east, southeast, southwest, and northwest

cursor:
Yourself a ranger
(x=7, y=10)

map:
                                                                                
   --------                                                                     
   |.......##                                                                   
   |......| `#                                                                  
   |......|                                                                     
   |......|                                                                     
   --.-----                                                                     
     #                                                                          
     #                                                                          
     ##@                                                                        
       #                                                                        
    ---.------                                                                  
    |........|                                                                  
    |........|                                                                  
    |........|                                                                  
    |........|                                                                  
    |..<.....|                                                                  
    ----------                                                                  
                                                                                
                                                                                
                                                                                
Agent the Tenderfoot           St:14 Dx:11 Co:14 In:14 Wi:15 Ch:7 Chaotic S:4   
Dlvl:1 $:0 HP:14(14) Pw:3(3) AC:7 Xp:1/1 T:53                                   

",0.0,False
59,south,,"message:


language observation:
boulder far northnortheast
stairs up far south
horizontal wall far south
dark area near northwest
dark area very near north
dark area adjacent northeast, east, and west
horizontal wall adjacent southeast and southwest
doorway adjacent south

cursor:
Yourself a ranger
(x=7, y=11)

map:
                                                                                
   --------                                                                     
   |.......##                                                                   
   |......| `#                                                                  
   |......|                                                                     
   |......|                                                                     
   --.-----                                                                     
     #                                                                          
     #                                                                          
     ###                                                                        
       @                                                                        
    ---.------                                                                  
    |........|                                                                  
    |........|                                                                  
    |........|                                                                  
    |........|                                                                  
    |..<.....|                                                                  
    ----------                                                                  
                                                                                
                                                                                
                                                                                
Agent the Tenderfoot           St:14 Dx:11 Co:14 In:14 Wi:15 Ch:7 Chaotic S:4   
Dlvl:1 $:0 HP:14(14) Pw:3(3) AC:7 Xp:1/1 T:54                                   

",0.0,False
60,north,,"message:


language observation:
boulder far northnortheast
stairs up far south
horizontal wall far south
dark area near west
doorway very near south
dark area adjacent north, northeast, east, southeast, southwest, and northwest

cursor:
Yourself a ranger
(x=7, y=10)

map:
                                                                                
   --------                                                                     
   |.......##                                                                   
   |......| `#                                                                  
   |......|                                                                     
   |......|                                                                     
   --.-----                                                                     
     #                                                                          
     #                                                                          
     ##@                                                                        
       #                                                                        
    ---.------                                                                  
    |........|                                                                  
    |........|                                                                  
    |........|                                                                  
    |........|                                                                  
    |..<.....|                                                                  
    ----------                                                                  
                                                                                
                                                                                
                                                                                
Agent the Tenderfoot           St:14 Dx:11 Co:14 In:14 Wi:15 Ch:7 Chaotic S:4   
Dlvl:1 $:0 HP:14(14) Pw:3(3) AC:7 Xp:1/1 T:55                                   

",0.0,False
61,west,,"message:


language observation:
boulder far northeast
stairs up far southsoutheast
dark area very near east, west, and northwest
horizontal wall very near southeast
dark area adjacent north, northeast, south, and southwest

cursor:
Yourself a ranger
(x=6, y=10)

map:
                                                                                
   --------                                                                     
   |.......##                                                                   
   |......| `#                                                                  
   |......|                                                                     
   |......|                                                                     
   --.-----                                                                     
     #                                                                          
     #                                                                          
     #@#                                                                        
       #                                                                        
    ---.------                                                                  
    |........|                                                                  
    |........|                                                                  
    |........|                                                                  
    |........|                                                                  
    |..<.....|                                                                  
    ----------                                                                  
                                                                                
                                                                                
                                                                                
Agent the Tenderfoot           St:14 Dx:11 Co:14 In:14 Wi:15 Ch:7 Chaotic S:4   
Dlvl:1 $:0 HP:14(14) Pw:3(3) AC:7 Xp:1/1 T:56                                   

",0.0,False
62,west,,"message:


language observation:
horizontal wall far north
boulder far eastnortheast
stairs up far southsoutheast
doorway near north
dark area near east
dark area adjacent northeast, southeast, south, southwest, west, and northwest

cursor:
Yourself a ranger
(x=5, y=10)

map:
                                                                                
   --------                                                                     
   |.......##                                                                   
   |......| `#                                                                  
   |......|                                                                     
   |......|                                                                     
   --.-----                                                                     
     #                                                                          
     #                                                                          
     @##                                                                        
       #                                                                        
    ---.------                                                                  
    |........|                                                                  
    |........|                                                                  
    |........|                                                                  
    |........|                                                                  
    |..<.....|                                                                  
    ----------                                                                  
                                                                                
                                                                                
                                                                                
Agent the Tenderfoot           St:14 Dx:11 Co:14 In:14 Wi:15 Ch:7 Chaotic S:4   
Dlvl:1 $:0 HP:14(14) Pw:3(3) AC:7 Xp:1/1 T:57                                   

",0.0,False
63,north,,"message:


language observation:
horizontal wall far north
boulder far eastnortheast
stairs up far southsoutheast
horizontal wall near southeast
doorway very near north
tame little dog very near southeast
dark area very near south
dark area adjacent northeast, east, southwest, west, and northwest

cursor:
Yourself a ranger
(x=5, y=9)

map:
                                                                                
   --------                                                                     
   |.......##                                                                   
   |......| `#                                                                  
   |......|                                                                     
   |......|                                                                     
   --.-----                                                                     
     #                                                                          
     @                                                                          
     ###                                                                        
       d                                                                        
    ---.------                                                                  
    |........|                                                                  
    |........|                                                                  
    |........|                                                                  
    |........|                                                                  
    |..<.....|                                                                  
    ----------                                                                  
                                                                                
                                                                                
                                                                                
Agent the Tenderfoot           St:14 Dx:11 Co:14 In:14 Wi:15 Ch:7 Chaotic S:4   
Dlvl:1 $:0 HP:14(14) Pw:3(3) AC:7 Xp:1/1 T:58                                   

",0.0,False
64,north,,"message:


language observation:
horizontal wall far north
boulder far eastnortheast
stairs up far southsoutheast
dark area near south
doorway adjacent north
horizontal wall adjacent northeast and northwest
dark area adjacent east, southeast, southwest, and west

cursor:
Yourself a ranger
(x=5, y=8)

map:
                                                                                
   --------                                                                     
   |.......##                                                                   
   |......| `#                                                                  
   |......|                                                                     
   |......|                                                                     
   --.-----                                                                     
     @                                                                          
     #                                                                          
     ###                                                                        
       #                                                                        
    ---.------                                                                  
    |........|                                                                  
    |........|                                                                  
    |........|                                                                  
    |........|                                                                  
    |..<.....|                                                                  
    ----------                                                                  
                                                                                
                                                                                
                                                                                
Agent the Tenderfoot           St:14 Dx:11 Co:14 In:14 Wi:15 Ch:7 Chaotic S:4   
Dlvl:1 $:0 HP:14(14) Pw:3(3) AC:7 Xp:1/1 T:59                                   

",0.0,False
65,north,,"message:


language observation:
boulder far eastnortheast
stairs up far southsoutheast
horizontal wall near north
northeast room corner near northeast
dark area near south
tame little dog very near south
vertical wall very near northwest
horizontal wall adjacent east and west
dark area adjacent southeast and southwest

cursor:
Yourself a ranger
(x=5, y=7)

map:
                                                                                
   --------                                                                     
   |.......##                                                                   
   |......| `#                                                                  
   |......|                                                                     
   |......|                                                                     
   --@-----                                                                     
     #                                                                          
     d                                                                          
     ###                                                                        
       #                                                                        
    ---.------                                                                  
    |........|                                                                  
    |........|                                                                  
    |........|                                                                  
    |........|                                                                  
    |..<.....|                                                                  
    ----------                                                                  
                                                                                
                                                                                
                                                                                
Agent the Tenderfoot           St:14 Dx:11 Co:14 In:14 Wi:15 Ch:7 Chaotic S:4   
Dlvl:1 $:0 HP:14(14) Pw:3(3) AC:7 Xp:1/1 T:60                                   

",0.0,False
66,north,,"message:


language observation:
boulder far eastnortheast
stairs up far southsoutheast
horizontal wall near north and northeast
vertical wall near east
dark area near south
vertical wall very near west and northwest
horizontal wall adjacent southeast and southwest
tame little dog adjacent south

cursor:
Yourself a ranger
(x=5, y=6)

map:
                                                                                
   --------                                                                     
   |.......##                                                                   
   |......| `#                                                                  
   |......|                                                                     
   |.@....|                                                                     
   --d-----                                                                     
     #                                                                          
     #                                                                          
     ###                                                                        
       #                                                                        
    ---.------                                                                  
    |........|                                                                  
    |........|                                                                  
    |........|                                                                  
    |........|                                                                  
    |..<.....|                                                                  
    ----------                                                                  
                                                                                
                                                                                
                                                                                
Agent the Tenderfoot           St:14 Dx:11 Co:14 In:14 Wi:15 Ch:7 Chaotic S:4   
Dlvl:1 $:0 HP:14(14) Pw:3(3) AC:7 Xp:1/1 T:61                                   

",0.0,False
67,north,,"message:


language observation:
boulder far eastnortheast
stairs up far southsoutheast
dark area far south
horizontal wall near north and northeast
vertical wall near east
horizontal wall very near southeast
doorway very near south
southwest corner very near southwest
vertical wall very near west and northwest
tame little dog adjacent east

cursor:
Yourself a ranger
(x=5, y=5)

map:
                                                                                
   --------                                                                     
   |.......##                                                                   
   |......| `#                                                                  
   |.@d...|                                                                     
   |......|                                                                     
   --.-----                                                                     
     #                                                                          
     #                                                                          
     ###                                                                        
       #                                                                        
    ---.------                                                                  
    |........|                                                                  
    |........|                                                                  
    |........|                                                                  
    |........|                                                                  
    |..<.....|                                                                  
    ----------                                                                  
                                                                                
                                                                                
                                                                                
Agent the Tenderfoot           St:14 Dx:11 Co:14 In:14 Wi:15 Ch:7 Chaotic S:4   
Dlvl:1 $:0 HP:14(14) Pw:3(3) AC:7 Xp:1/1 T:62                                   

",0.0,False
68,east,,"message:
You swap places with Sirius.

language observation:
boulder far eastnortheast
stairs up far southsoutheast
horizontal wall near north and northeast
vertical wall near east and west
northwest room corner near northwest
horizontal wall very near southeast, south, and southwest
tame little dog adjacent south

cursor:
Yourself a ranger
(x=6, y=5)

map:
                                                                                
   --------                                                                     
   |.......##                                                                   
   |......| `#                                                                  
   |..@...|                                                                     
   |..d...|                                                                     
   --.-----                                                                     
     #                                                                          
     #                                                                          
     ###                                                                        
       #                                                                        
    ---.------                                                                  
    |........|                                                                  
    |........|                                                                  
    |........|                                                                  
    |........|                                                                  
    |..<.....|                                                                  
    ----------                                                                  
                                                                                
                                                                                
                                                                                
Agent the Tenderfoot           St:14 Dx:11 Co:14 In:14 Wi:15 Ch:7 Chaotic S:4   
Dlvl:1 $:0 HP:14(14) Pw:3(3) AC:7 Xp:1/1 T:63                                   

",0.0,False
69,east,,"message:


language observation:
stairs up far south
horizontal wall near north and northwest
northeast room corner near northeast
boulder near eastnortheast
vertical wall near east and west
dark area near southwest
horizontal wall very near southeast and south
doorway very near southwest
tame little dog adjacent southwest

cursor:
Yourself a ranger
(x=7, y=5)

map:
                                                                                
   --------                                                                     
   |.......##                                                                   
   |......| `#                                                                  
   |...@..|                                                                     
   |..d...|                                                                     
   --.-----                                                                     
     #                                                                          
     #                                                                          
     ###                                                                        
       #                                                                        
    ---.------                                                                  
    |........|                                                                  
    |........|                                                                  
    |........|                                                                  
    |........|                                                                  
    |..<.....|                                                                  
    ----------                                                                  
                                                                                
                                                                                
                                                                                
Agent the Tenderfoot           St:14 Dx:11 Co:14 In:14 Wi:15 Ch:7 Chaotic S:4   
Dlvl:1 $:0 HP:14(14) Pw:3(3) AC:7 Xp:1/1 T:64                                   

",0.0,False
70,east,,"message:


language observation:
stairs up far southsouthwest
horizontal wall near north and northwest
dark area near northeast
boulder near eastnortheast
vertical wall near west
doorway very near northeast
vertical wall very near east
southeast corner very near southeast
horizontal wall very near south and southwest
tame little dog very near west

cursor:
Yourself a ranger
(x=8, y=5)

map:
                                                                                
   --------                                                                     
   |.......##                                                                   
   |......| `#                                                                  
   |..d.@.|                                                                     
   |......|                                                                     
   --.-----                                                                     
     #                                                                          
     #                                                                          
     ###                                                                        
       #                                                                        
    ---.------                                                                  
    |........|                                                                  
    |........|                                                                  
    |........|                                                                  
    |........|                                                                  
    |..<.....|                                                                  
    ----------                                                                  
                                                                                
                                                                                
                                                                                
Agent the Tenderfoot           St:14 Dx:11 Co:14 In:14 Wi:15 Ch:7 Chaotic S:4   
Dlvl:1 $:0 HP:14(14) Pw:3(3) AC:7 Xp:1/1 T:65                                   

",0.0,False
71,north,,"message:


language observation:
stairs up far southsouthwest
boulder near east
horizontal wall near south
doorway near southwest
dark area near southwest
vertical wall near west
horizontal wall very near north and northwest
northeast room corner very near northeast
vertical wall very near east and southeast
tame little dog adjacent southwest

cursor:
Yourself a ranger
(x=8, y=4)

map:
                                                                                
   --------                                                                     
   |.......##                                                                   
   |....@.| `#                                                                  
   |...d..|                                                                     
   |......|                                                                     
   --.-----                                                                     
     #                                                                          
     #                                                                          
     ###                                                                        
       #                                                                        
    ---.------                                                                  
    |........|                                                                  
    |........|                                                                  
    |........|                                                                  
    |........|                                                                  
    |..<.....|                                                                  
    ----------                                                                  
                                                                                
                                                                                
                                                                                
Agent the Tenderfoot           St:14 Dx:11 Co:14 In:14 Wi:15 Ch:7 Chaotic S:4   
Dlvl:1 $:0 HP:14(14) Pw:3(3) AC:7 Xp:1/1 T:66                                   

",0.0,False
72,north,,"message:


language observation:
stairs up far southsouthwest
dark area near east
boulder near eastsoutheast
horizontal wall near south and southwest
vertical wall near west
doorway very near east
vertical wall very near southeast
tame little dog very near southsouthwest
horizontal wall adjacent north, northeast, and northwest

cursor:
Yourself a ranger
(x=8, y=3)

map:
                                                                                
   --------                                                                     
   |....@..##                                                                   
   |......| `#                                                                  
   |...d..|                                                                     
   |......|                                                                     
   --.-----                                                                     
     #                                                                          
     #                                                                          
     ###                                                                        
       #                                                                        
    ---.------                                                                  
    |........|                                                                  
    |........|                                                                  
    |........|                                                                  
    |........|                                                                  
    |..<.....|                                                                  
    ----------                                                                  
                                                                                
                                                                                
                                                                                
Agent the Tenderfoot           St:14 Dx:11 Co:14 In:14 Wi:15 Ch:7 Chaotic S:4   
Dlvl:1 $:0 HP:14(14) Pw:3(3) AC:7 Xp:1/1 T:67                                   

",0.0,False
73,east,,"message:


language observation:
stairs up far southsouthwest
vertical wall far west
dark area near east and southwest
boulder near eastsoutheast
horizontal wall near south
doorway near southwest
tame little dog very near south
horizontal wall adjacent north and northwest
northeast room corner adjacent northeast
doorway adjacent east
vertical wall adjacent southeast

cursor:
Yourself a ranger
(x=9, y=3)

map:
                                                                                
   --------                                                                     
   |.....@.##                                                                   
   |......| `#                                                                  
   |.....d|                                                                     
   |......|                                                                     
   --.-----                                                                     
     #                                                                          
     #                                                                          
     ###                                                                        
       #                                                                        
    ---.------                                                                  
    |........|                                                                  
    |........|                                                                  
    |........|                                                                  
    |........|                                                                  
    |..<.....|                                                                  
    ----------                                                                  
                                                                                
                                                                                
                                                                                
Agent the Tenderfoot           St:14 Dx:11 Co:14 In:14 Wi:15 Ch:7 Chaotic S:4   
Dlvl:1 $:0 HP:14(14) Pw:3(3) AC:7 Xp:1/1 T:68                                   

",0.0,False
74,east,,"message:


language observation:
stairs up far southsouthwest
vertical wall far west
dark area near east
horizontal wall near southwest
boulder very near eastsoutheast
northeast room corner adjacent north
dark area adjacent northeast and southeast
vertical wall adjacent south
horizontal wall adjacent northwest

cursor:
Yourself a ranger
(x=10, y=3)

map:
                                                                                
   --------                                                                     
   |......@##                                                                   
   |......| `#                                                                  
   |......|                                                                     
   |......|                                                                     
   --.-----                                                                     
     #                                                                          
     #                                                                          
     ###                                                                        
       #                                                                        
    ---.------                                                                  
    |........|                                                                  
    |........|                                                                  
    |........|                                                                  
    |........|                                                                  
    |..<.....|                                                                  
    ----------                                                                  
                                                                                
                                                                                
                                                                                
Agent the Tenderfoot           St:14 Dx:11 Co:14 In:14 Wi:15 Ch:7 Chaotic S:4   
Dlvl:1 $:0 HP:14(14) Pw:3(3) AC:7 Xp:1/1 T:69                                   

",0.0,False
75,east,,"message:


language observation:
stairs up far southsouthwest
vertical wall far west
dark area very near east and southeast
dark area adjacent north, northeast, and south
boulder adjacent southeast
vertical wall adjacent southwest
doorway adjacent west
northeast room corner adjacent northwest

cursor:
Yourself a ranger
(x=11, y=3)

map:
                                                                                
   --------                                                                     
   |.......@#                                                                   
   |......| `#                                                                  
   |......|                                                                     
   |......|                                                                     
   --.-----                                                                     
     #                                                                          
     #                                                                          
     ###                                                                        
       #                                                                        
    ---.------                                                                  
    |........|                                                                  
    |........|                                                                  
    |........|                                                                  
    |........|                                                                  
    |..<.....|                                                                  
    ----------                                                                  
                                                                                
                                                                                
                                                                                
Agent the Tenderfoot           St:14 Dx:11 Co:14 In:14 Wi:15 Ch:7 Chaotic S:4   
Dlvl:1 $:0 HP:14(14) Pw:3(3) AC:7 Xp:1/1 T:70                                   

",0.0,False
76,east,,"message:


language observation:
stairs up far southsouthwest
vertical wall far west
dark area very near southeast and south
doorway very near west
dark area adjacent north, northeast, east, southwest, and northwest
boulder adjacent south

cursor:
Yourself a ranger
(x=12, y=3)

map:
                                                                                
   --------                                                                     
   |.......#@                                                                   
   |......| `#                                                                  
   |......|                                                                     
   |......|                                                                     
   --.-----                                                                     
     #                                                                          
     #                                                                          
     ###                                                                        
       #                                                                        
    ---.------                                                                  
    |........|                                                                  
    |........|                                                                  
    |........|                                                                  
    |........|                                                                  
    |..<.....|                                                                  
    ----------                                                                  
                                                                                
                                                                                
                                                                                
Agent the Tenderfoot           St:14 Dx:11 Co:14 In:14 Wi:15 Ch:7 Chaotic S:4   
Dlvl:1 $:0 HP:14(14) Pw:3(3) AC:7 Xp:1/1 T:71                                   

",0.0,False
77,east,,"message:
It's solid stone.

language observation:
stairs up far southsouthwest
vertical wall far west
dark area very near southeast and south
doorway very near west
dark area adjacent north, northeast, east, southwest, and northwest
boulder adjacent south

cursor:
Yourself a ranger
(x=12, y=3)

map:
                                                                                
   --------                                                                     
   |.......#@                                                                   
   |......| `#                                                                  
   |......|                                                                     
   |......|                                                                     
   --.-----                                                                     
     #                                                                          
     #                                                                          
     ###                                                                        
       #                                                                        
    ---.------                                                                  
    |........|                                                                  
    |........|                                                                  
    |........|                                                                  
    |........|                                                                  
    |..<.....|                                                                  
    ----------                                                                  
                                                                                
                                                                                
                                                                                
Agent the Tenderfoot           St:14 Dx:11 Co:14 In:14 Wi:15 Ch:7 Chaotic S:4   
Dlvl:1 $:0 HP:14(14) Pw:3(3) AC:7 Xp:1/1 T:71                                   

",0.0,False
78,north,,"message:
It's solid stone.

language observation:
stairs up far southsouthwest
vertical wall far west
dark area very near southeast and south
doorway very near west
dark area adjacent north, northeast, east, southwest, and northwest
boulder adjacent south

cursor:
Yourself a ranger
(x=12, y=3)

map:
                                                                                
   --------                                                                     
   |.......#@                                                                   
   |......| `#                                                                  
   |......|                                                                     
   |......|                                                                     
   --.-----                                                                     
     #                                                                          
     #                                                                          
     ###                                                                        
       #                                                                        
    ---.------                                                                  
    |........|                                                                  
    |........|                                                                  
    |........|                                                                  
    |........|                                                                  
    |..<.....|                                                                  
    ----------                                                                  
                                                                                
                                                                                
                                                                                
Agent the Tenderfoot           St:14 Dx:11 Co:14 In:14 Wi:15 Ch:7 Chaotic S:4   
Dlvl:1 $:0 HP:14(14) Pw:3(3) AC:7 Xp:1/1 T:71                                   

",0.0,False
79,south,,"message:
You try to move the boulder, but in vain.

language observation:
stairs up far southsouthwest
vertical wall far west
dark area very near southeast and south
doorway very near west
dark area adjacent north, northeast, east, southwest, and northwest
boulder adjacent south

cursor:
Yourself a ranger
(x=12, y=3)

map:
                                                                                
   --------                                                                     
   |.......#@                                                                   
   |......| `#                                                                  
   |......|                                                                     
   |......|                                                                     
   --.-----                                                                     
     #                                                                          
     #                                                                          
     ###                                                                        
       #                                                                        
    ---.------                                                                  
    |........|                                                                  
    |........|                                                                  
    |........|                                                                  
    |........|                                                                  
    |..<.....|                                                                  
    ----------                                                                  
                                                                                
                                                                                
                                                                                
Agent the Tenderfoot           St:14 Dx:11 Co:14 In:14 Wi:15 Ch:7 Chaotic S:4   
Dlvl:1 $:0 HP:14(14) Pw:3(3) AC:7 Xp:1/1 T:71                                   

",0.0,False
80,west,,"message:


language observation:
stairs up far southsouthwest
vertical wall far west
dark area very near east and southeast
dark area adjacent north, northeast, and south
boulder adjacent southeast
vertical wall adjacent southwest
doorway adjacent west
northeast room corner adjacent northwest

cursor:
Yourself a ranger
(x=11, y=3)

map:
                                                                                
   --------                                                                     
   |.......@#                                                                   
   |......| `#                                                                  
   |......|                                                                     
   |......|                                                                     
   --.-----                                                                     
     #                                                                          
     #                                                                          
     ###                                                                        
       #                                                                        
    ---.------                                                                  
    |........|                                                                  
    |........|                                                                  
    |........|                                                                  
    |........|                                                                  
    |..<.....|                                                                  
    ----------                                                                  
                                                                                
                                                                                
                                                                                
Agent the Tenderfoot           St:14 Dx:11 Co:14 In:14 Wi:15 Ch:7 Chaotic S:4   
Dlvl:1 $:0 HP:14(14) Pw:3(3) AC:7 Xp:1/1 T:72                                   

",0.0,False
81,west,,"message:


language observation:
stairs up far southsouthwest
vertical wall far west
dark area near east
horizontal wall near southwest
boulder very near eastsoutheast
northeast room corner adjacent north
dark area adjacent northeast and southeast
vertical wall adjacent south
tame little dog adjacent southwest
horizontal wall adjacent northwest

cursor:
Yourself a ranger
(x=10, y=3)

map:
                                                                                
   --------                                                                     
   |......@##                                                                   
   |.....d| `#                                                                  
   |......|                                                                     
   |......|                                                                     
   --.-----                                                                     
     #                                                                          
     #                                                                          
     ###                                                                        
       #                                                                        
    ---.------                                                                  
    |........|                                                                  
    |........|                                                                  
    |........|                                                                  
    |........|                                                                  
    |..<.....|                                                                  
    ----------                                                                  
                                                                                
                                                                                
                                                                                
Agent the Tenderfoot           St:14 Dx:11 Co:14 In:14 Wi:15 Ch:7 Chaotic S:4   
Dlvl:1 $:0 HP:14(14) Pw:3(3) AC:7 Xp:1/1 T:73                                   

",0.0,False
82,northeast,,"message:
It's solid stone.

language observation:
stairs up far southsouthwest
vertical wall far west
dark area near east
horizontal wall near southwest
boulder very near eastsoutheast
northeast room corner adjacent north
dark area adjacent northeast and southeast
vertical wall adjacent south
tame little dog adjacent southwest
horizontal wall adjacent northwest

cursor:
Yourself a ranger
(x=10, y=3)

map:
                                                                                
   --------                                                                     
   |......@##                                                                   
   |.....d| `#                                                                  
   |......|                                                                     
   |......|                                                                     
   --.-----                                                                     
     #                                                                          
     #                                                                          
     ###                                                                        
       #                                                                        
    ---.------                                                                  
    |........|                                                                  
    |........|                                                                  
    |........|                                                                  
    |........|                                                                  
    |..<.....|                                                                  
    ----------                                                                  
                                                                                
                                                                                
                                                                                
Agent the Tenderfoot           St:14 Dx:11 Co:14 In:14 Wi:15 Ch:7 Chaotic S:4   
Dlvl:1 $:0 HP:14(14) Pw:3(3) AC:7 Xp:1/1 T:73                                   

",0.0,False
83,west,,"message:


language observation:
stairs up far southsouthwest
vertical wall far west
dark area near east and southwest
boulder near eastsoutheast
horizontal wall near south
tame little dog near southsouthwest
doorway near southwest
horizontal wall adjacent north and northwest
northeast room corner adjacent northeast
doorway adjacent east
vertical wall adjacent southeast

cursor:
Yourself a ranger
(x=9, y=3)

map:
                                                                                
   --------                                                                     
   |.....@.##                                                                   
   |......| `#                                                                  
   |......|                                                                     
   |....d.|                                                                     
   --.-----                                                                     
     #                                                                          
     #                                                                          
     ###                                                                        
       #                                                                        
    ---.------                                                                  
    |........|                                                                  
    |........|                                                                  
    |........|                                                                  
    |........|                                                                  
    |..<.....|                                                                  
    ----------                                                                  
                                                                                
                                                                                
                                                                                
Agent the Tenderfoot           St:14 Dx:11 Co:14 In:14 Wi:15 Ch:7 Chaotic S:4   
Dlvl:1 $:0 HP:14(14) Pw:3(3) AC:7 Xp:1/1 T:74                                   

",0.0,False
84,west,,"message:


language observation:
stairs up far southsouthwest
dark area near east
boulder near eastsoutheast
horizontal wall near south and southwest
vertical wall near west
doorway very near east
vertical wall very near southeast
tame little dog very near south
horizontal wall adjacent north, northeast, and northwest

cursor:
Yourself a ranger
(x=8, y=3)

map:
                                                                                
   --------                                                                     
   |....@..##                                                                   
   |......| `#                                                                  
   |....d.|                                                                     
   |......|                                                                     
   --.-----                                                                     
     #                                                                          
     #                                                                          
     ###                                                                        
       #                                                                        
    ---.------                                                                  
    |........|                                                                  
    |........|                                                                  
    |........|                                                                  
    |........|                                                                  
    |..<.....|                                                                  
    ----------                                                                  
                                                                                
                                                                                
                                                                                
Agent the Tenderfoot           St:14 Dx:11 Co:14 In:14 Wi:15 Ch:7 Chaotic S:4   
Dlvl:1 $:0 HP:14(14) Pw:3(3) AC:7 Xp:1/1 T:75                                   

",0.0,False
85,southwest,,"message:


language observation:
stairs up far south
boulder near east
vertical wall near east and west
southeast corner near southeast
horizontal wall near south and southwest
horizontal wall very near north, northeast, and northwest
tame little dog very near east

cursor:
Yourself a ranger
(x=7, y=4)

map:
                                                                                
   --------                                                                     
   |.......##                                                                   
   |...@.d| `#                                                                  
   |......|                                                                     
   |......|                                                                     
   --.-----                                                                     
     #                                                                          
     #                                                                          
     ###                                                                        
       #                                                                        
    ---.------                                                                  
    |........|                                                                  
    |........|                                                                  
    |........|                                                                  
    |........|                                                                  
    |..<.....|                                                                  
    ----------                                                                  
                                                                                
                                                                                
                                                                                
Agent the Tenderfoot           St:14 Dx:11 Co:14 In:14 Wi:15 Ch:7 Chaotic S:4   
Dlvl:1 $:0 HP:14(14) Pw:3(3) AC:7 Xp:1/1 T:76                                   

",0.0,False
86,south,,"message:


language observation:
stairs up far south
horizontal wall near north and northwest
northeast room corner near northeast
boulder near eastnortheast
vertical wall near east and west
dark area near southwest
horizontal wall very near southeast and south
doorway very near southwest
tame little dog adjacent east

cursor:
Yourself a ranger
(x=7, y=5)

map:
                                                                                
   --------                                                                     
   |.......##                                                                   
   |......| `#                                                                  
   |...@d.|                                                                     
   |......|                                                                     
   --.-----                                                                     
     #                                                                          
     #                                                                          
     ###                                                                        
       #                                                                        
    ---.------                                                                  
    |........|                                                                  
    |........|                                                                  
    |........|                                                                  
    |........|                                                                  
    |..<.....|                                                                  
    ----------                                                                  
                                                                                
                                                                                
                                                                                
Agent the Tenderfoot           St:14 Dx:11 Co:14 In:14 Wi:15 Ch:7 Chaotic S:4   
Dlvl:1 $:0 HP:14(14) Pw:3(3) AC:7 Xp:1/1 T:77                                   

",0.0,False
87,south,,"message:


language observation:
stairs up far south
horizontal wall near north
doorway near northeast
dark area near northeast
boulder near eastnortheast
vertical wall near east and west
northwest room corner near northwest
tame little dog very near northnortheast
horizontal wall adjacent southeast, south, and southwest

cursor:
Yourself a ranger
(x=7, y=6)

map:
                                                                                
   --------                                                                     
   |.......##                                                                   
   |....d.| `#                                                                  
   |......|                                                                     
   |...@..|                                                                     
   --.-----                                                                     
     #                                                                          
     #                                                                          
     ###                                                                        
       #                                                                        
    ---.------                                                                  
    |........|                                                                  
    |........|                                                                  
    |........|                                                                  
    |........|                                                                  
    |..<.....|                                                                  
    ----------                                                                  
                                                                                
                                                                                
                                                                                
Agent the Tenderfoot           St:14 Dx:11 Co:14 In:14 Wi:15 Ch:7 Chaotic S:4   
Dlvl:1 $:0 HP:14(14) Pw:3(3) AC:7 Xp:1/1 T:78                                   

",0.0,False
88,west,,"message:


language observation:
boulder far eastnortheast
stairs up far southsoutheast
horizontal wall near north
northeast room corner near northeast
vertical wall near east, west, and northwest
tame little dog very near northnortheast
dark area very near southwest
horizontal wall adjacent southeast and south
doorway adjacent southwest

cursor:
Yourself a ranger
(x=6, y=6)

map:
                                                                                
   --------                                                                     
   |.......##                                                                   
   |...d..| `#                                                                  
   |......|                                                                     
   |..@...|                                                                     
   --.-----                                                                     
     #                                                                          
     #                                                                          
     ###                                                                        
       #                                                                        
    ---.------                                                                  
    |........|                                                                  
    |........|                                                                  
    |........|                                                                  
    |........|                                                                  
    |..<.....|                                                                  
    ----------                                                                  
                                                                                
                                                                                
                                                                                
Agent the Tenderfoot           St:14 Dx:11 Co:14 In:14 Wi:15 Ch:7 Chaotic S:4   
Dlvl:1 $:0 HP:14(14) Pw:3(3) AC:7 Xp:1/1 T:79                                   

",0.0,False
89,southwest,,"message:


language observation:
boulder far eastnortheast
stairs up far southsoutheast
horizontal wall near north
northeast room corner near northeast
dark area near south
vertical wall very near northwest
tame little dog adjacent north
horizontal wall adjacent east and west
dark area adjacent southeast and southwest

cursor:
Yourself a ranger
(x=5, y=7)

map:
                                                                                
   --------                                                                     
   |.......##                                                                   
   |......| `#                                                                  
   |......|                                                                     
   |.d....|                                                                     
   --@-----                                                                     
     #                                                                          
     #                                                                          
     ###                                                                        
       #                                                                        
    ---.------                                                                  
    |........|                                                                  
    |........|                                                                  
    |........|                                                                  
    |........|                                                                  
    |..<.....|                                                                  
    ----------                                                                  
                                                                                
                                                                                
                                                                                
Agent the Tenderfoot           St:14 Dx:11 Co:14 In:14 Wi:15 Ch:7 Chaotic S:4   
Dlvl:1 $:0 HP:14(14) Pw:3(3) AC:7 Xp:1/1 T:80                                   

",0.0,False
90,south,,"message:


language observation:
horizontal wall far north
boulder far eastnortheast
stairs up far southsoutheast
dark area near south
tame little dog adjacent north
horizontal wall adjacent northeast and northwest
dark area adjacent east, southeast, southwest, and west

cursor:
Yourself a ranger
(x=5, y=8)

map:
                                                                                
   --------                                                                     
   |.......##                                                                   
   |......| `#                                                                  
   |......|                                                                     
   |......|                                                                     
   --d-----                                                                     
     @                                                                          
     #                                                                          
     ###                                                                        
       #                                                                        
    ---.------                                                                  
    |........|                                                                  
    |........|                                                                  
    |........|                                                                  
    |........|                                                                  
    |..<.....|                                                                  
    ----------                                                                  
                                                                                
                                                                                
                                                                                
Agent the Tenderfoot           St:14 Dx:11 Co:14 In:14 Wi:15 Ch:7 Chaotic S:4   
Dlvl:1 $:0 HP:14(14) Pw:3(3) AC:7 Xp:1/1 T:81                                   

",0.0,False
91,south,,"message:


language observation:
horizontal wall far north
boulder far eastnortheast
stairs up far southsoutheast
horizontal wall near southeast
tame little dog very near north
dark area very near south
dark area adjacent northeast, east, southwest, west, and northwest

cursor:
Yourself a ranger
(x=5, y=9)

map:
                                                                                
   --------                                                                     
   |.......##                                                                   
   |......| `#                                                                  
   |......|                                                                     
   |......|                                                                     
   --d-----                                                                     
     #                                                                          
     @                                                                          
     ###                                                                        
       #                                                                        
    ---.------                                                                  
    |........|                                                                  
    |........|                                                                  
    |........|                                                                  
    |........|                                                                  
    |..<.....|                                                                  
    ----------                                                                  
                                                                                
                                                                                
                                                                                
Agent the Tenderfoot           St:14 Dx:11 Co:14 In:14 Wi:15 Ch:7 Chaotic S:4   
Dlvl:1 $:0 HP:14(14) Pw:3(3) AC:7 Xp:1/1 T:82                                   

",0.0,False
92,south,,"message:


language observation:
horizontal wall far north
boulder far eastnortheast
stairs up far southsoutheast
doorway near north
dark area near east
tame little dog very near north
dark area adjacent northeast, southeast, south, southwest, west, and northwest

cursor:
Yourself a ranger
(x=5, y=10)

map:
                                                                                
   --------                                                                     
   |.......##                                                                   
   |......| `#                                                                  
   |......|                                                                     
   |......|                                                                     
   --.-----                                                                     
     d                                                                          
     #                                                                          
     @##                                                                        
       #                                                                        
    ---.------                                                                  
    |........|                                                                  
    |........|                                                                  
    |........|                                                                  
    |........|                                                                  
    |..<.....|                                                                  
    ----------                                                                  
                                                                                
                                                                                
                                                                                
Agent the Tenderfoot           St:14 Dx:11 Co:14 In:14 Wi:15 Ch:7 Chaotic S:4   
Dlvl:1 $:0 HP:14(14) Pw:3(3) AC:7 Xp:1/1 T:83                                   

",0.0,False
93,east,,"message:


language observation:
boulder far northeast
stairs up far southsoutheast
dark area very near east, west, and northwest
horizontal wall very near southeast
dark area adjacent north, northeast, south, and southwest
tame little dog adjacent northwest

cursor:
Yourself a ranger
(x=6, y=10)

map:
                                                                                
   --------                                                                     
   |.......##                                                                   
   |......| `#                                                                  
   |......|                                                                     
   |......|                                                                     
   --.-----                                                                     
     #                                                                          
     d                                                                          
     #@#                                                                        
       #                                                                        
    ---.------                                                                  
    |........|                                                                  
    |........|                                                                  
    |........|                                                                  
    |........|                                                                  
    |..<.....|                                                                  
    ----------                                                                  
                                                                                
                                                                                
                                                                                
Agent the Tenderfoot           St:14 Dx:11 Co:14 In:14 Wi:15 Ch:7 Chaotic S:4   
Dlvl:1 $:0 HP:14(14) Pw:3(3) AC:7 Xp:1/1 T:84                                   

",0.0,False
94,east,,"message:


language observation:
boulder far northnortheast
stairs up far south
horizontal wall far south
dark area near west
doorway very near south
dark area adjacent north, northeast, east, southeast, southwest, and northwest
tame little dog adjacent south

cursor:
Yourself a ranger
(x=7, y=10)

map:
                                                                                
   --------                                                                     
   |.......##                                                                   
   |......| `#                                                                  
   |......|                                                                     
   |......|                                                                     
   --.-----                                                                     
     #                                                                          
     #                                                                          
     ##@                                                                        
       d                                                                        
    ---.------                                                                  
    |........|                                                                  
    |........|                                                                  
    |........|                                                                  
    |........|                                                                  
    |..<.....|                                                                  
    ----------                                                                  
                                                                                
                                                                                
                                                                                
Agent the Tenderfoot           St:14 Dx:11 Co:14 In:14 Wi:15 Ch:7 Chaotic S:4   
Dlvl:1 $:0 HP:14(14) Pw:3(3) AC:7 Xp:1/1 T:85                                   

",0.0,False
95,south,,"message:
You swap places with Sirius.

language observation:
boulder far northnortheast
stairs up far south
horizontal wall far south
dark area near northwest
dark area very near north
tame little dog adjacent north
dark area adjacent northeast, east, and west
horizontal wall adjacent southeast and southwest
doorway adjacent south

cursor:
Yourself a ranger
(x=7, y=11)

map:
                                                                                
   --------                                                                     
   |.......##                                                                   
   |......| `#                                                                  
   |......|                                                                     
   |......|                                                                     
   --.-----                                                                     
     #                                                                          
     #                                                                          
     ##d                                                                        
       @                                                                        
    ---.------                                                                  
    |........|                                                                  
    |........|                                                                  
    |........|                                                                  
    |........|                                                                  
    |..<.....|                                                                  
    ----------                                                                  
                                                                                
                                                                                
                                                                                
Agent the Tenderfoot           St:14 Dx:11 Co:14 In:14 Wi:15 Ch:7 Chaotic S:4   
Dlvl:1 $:0 HP:14(14) Pw:3(3) AC:7 Xp:1/1 T:86                                   

",0.0,False
96,south,,"message:


language observation:
boulder far northnortheast
southeast corner far southeast
horizontal wall far south
dark area near north
stairs up near south
vertical wall near southwest
tame little dog adjacent north
dark area adjacent northeast and northwest
horizontal wall adjacent east and west

cursor:
Yourself a ranger
(x=7, y=12)

map:
                                                                                
   --------                                                                     
   |.......##                                                                   
   |......| `#                                                                  
   |......|                                                                     
   |......|                                                                     
   --.-----                                                                     
     #                                                                          
     #                                                                          
     ###                                                                        
       d                                                                        
    ---@------                                                                  
    |........|                                                                  
    |........|                                                                  
    |........|                                                                  
    |........|                                                                  
    |..<.....|                                                                  
    ----------                                                                  
                                                                                
                                                                                
                                                                                
Agent the Tenderfoot           St:14 Dx:11 Co:14 In:14 Wi:15 Ch:7 Chaotic S:4   
Dlvl:1 $:0 HP:14(14) Pw:3(3) AC:7 Xp:1/1 T:87                                   

",0.0,False
97,south,,"message:


language observation:
boulder far northnortheast
vertical wall far east
dark area near north
horizontal wall near southeast and south
stairs up near south
vertical wall near southwest and west
tame little dog very near north
doorway adjacent north
horizontal wall adjacent northeast and northwest

cursor:
Yourself a ranger
(x=7, y=13)

map:
                                                                                
   --------                                                                     
   |.......##                                                                   
   |......| `#                                                                  
   |......|                                                                     
   |......|                                                                     
   --.-----                                                                     
     #                                                                          
     #                                                                          
     ###                                                                        
       d                                                                        
    ---.------                                                                  
    |..@.....|                                                                  
    |........|                                                                  
    |........|                                                                  
    |........|                                                                  
    |..<.....|                                                                  
    ----------                                                                  
                                                                                
                                                                                
                                                                                
Agent the Tenderfoot           St:14 Dx:11 Co:14 In:14 Wi:15 Ch:7 Chaotic S:4   
Dlvl:1 $:0 HP:14(14) Pw:3(3) AC:7 Xp:1/1 T:88                                   

",0.0,False
98,south,,"message:


language observation:
boulder far northnortheast
vertical wall far east
dark area near north
horizontal wall near southeast and south
stairs up near south
vertical wall near southwest and west
tame little dog very near north
horizontal wall very near northeast and northwest

cursor:
Yourself a ranger
(x=7, y=14)

map:
                                                                                
   --------                                                                     
   |.......##                                                                   
   |......| `#                                                                  
   |......|                                                                     
   |......|                                                                     
   --.-----                                                                     
     #                                                                          
     #                                                                          
     ###                                                                        
       #                                                                        
    ---d------                                                                  
    |........|                                                                  
    |..@.....|                                                                  
    |........|                                                                  
    |........|                                                                  
    |..<.....|                                                                  
    ----------                                                                  
                                                                                
                                                                                
                                                                                
Agent the Tenderfoot           St:14 Dx:11 Co:14 In:14 Wi:15 Ch:7 Chaotic S:4   
Dlvl:1 $:0 HP:14(14) Pw:3(3) AC:7 Xp:1/1 T:89                                   

",0.0,False
99,east,,"message:


language observation:
boulder far northnortheast
vertical wall near east and west
horizontal wall near southeast and south
stairs up near southsouthwest
southwest corner near southwest
horizontal wall very near north, northeast, and northwest
tame little dog adjacent north

cursor:
Yourself a ranger
(x=8, y=14)

map:
                                                                                
   --------                                                                     
   |.......##                                                                   
   |......| `#                                                                  
   |......|                                                                     
   |......|                                                                     
   --.-----                                                                     
     #                                                                          
     #                                                                          
     ###                                                                        
       #                                                                        
    ---.------                                                                  
    |...d....|                                                                  
    |...@....|                                                                  
    |........|                                                                  
    |........|                                                                  
    |..<.....|                                                                  
    ----------                                                                  
                                                                                
                                                                                
                                                                                
Agent the Tenderfoot           St:14 Dx:11 Co:14 In:14 Wi:15 Ch:7 Chaotic S:4   
Dlvl:1 $:0 HP:14(14) Pw:3(3) AC:7 Xp:1/1 T:90                                   

",0.0,False
100,east,,"message:


language observation:
boulder far northnortheast
vertical wall near east and west
southeast corner near southeast
horizontal wall near south and southwest
stairs up near southsouthwest
dark area near northwest
horizontal wall very near north and northeast
doorway very near northwest
tame little dog adjacent northwest

cursor:
Yourself a ranger
(x=9, y=14)

map:
                                                                                
   --------                                                                     
   |.......##                                                                   
   |......| `#                                                                  
   |......|                                                                     
   |......|                                                                     
   --.-----                                                                     
     #                                                                          
     #                                                                          
     ###                                                                        
       #                                                                        
    ---.------                                                                  
    |...d....|                                                                  
    |....@...|                                                                  
    |........|                                                                  
    |........|                                                                  
    |..<.....|                                                                  
    ----------                                                                  
                                                                                
                                                                                
                                                                                
Agent the Tenderfoot           St:14 Dx:11 Co:14 In:14 Wi:15 Ch:7 Chaotic S:4   
Dlvl:1 $:0 HP:14(14) Pw:3(3) AC:7 Xp:1/1 T:91                                   

",0.0,False
101,east,,"message:


language observation:
boulder far northnortheast
vertical wall far west
vertical wall near east and southeast
horizontal wall near south and southwest
stairs up near southwest
horizontal wall very near north, northeast, and northwest
tame little dog very near westsouthwest

cursor:
Yourself a ranger
(x=10, y=14)

map:
                                                                                
   --------                                                                     
   |.......##                                                                   
   |......| `#                                                                  
   |......|                                                                     
   |......|                                                                     
   --.-----                                                                     
     #                                                                          
     #                                                                          
     ###                                                                        
       #                                                                        
    ---.------                                                                  
    |........|                                                                  
    |.....@..|                                                                  
    |...d....|                                                                  
    |........|                                                                  
    |..<.....|                                                                  
    ----------                                                                  
                                                                                
                                                                                
                                                                                
Agent the Tenderfoot           St:14 Dx:11 Co:14 In:14 Wi:15 Ch:7 Chaotic S:4   
Dlvl:1 $:0 HP:14(14) Pw:3(3) AC:7 Xp:1/1 T:92                                   

",0.0,False
102,east,,"message:


language observation:
boulder far northnortheast
vertical wall far west
horizontal wall near south and southwest
stairs up near westsouthwest
horizontal wall very near north and northwest
northeast room corner very near northeast
vertical wall very near east and southeast
tame little dog adjacent west

cursor:
Yourself a ranger
(x=11, y=14)

map:
                                                                                
   --------                                                                     
   |.......##                                                                   
   |......| `#                                                                  
   |......|                                                                     
   |......|                                                                     
   --.-----                                                                     
     #                                                                          
     #                                                                          
     ###                                                                        
       #                                                                        
    ---.------                                                                  
    |........|                                                                  
    |.....d@.|                                                                  
    |........|                                                                  
    |........|                                                                  
    |..<.....|                                                                  
    ----------                                                                  
                                                                                
                                                                                
                                                                                
Agent the Tenderfoot           St:14 Dx:11 Co:14 In:14 Wi:15 Ch:7 Chaotic S:4   
Dlvl:1 $:0 HP:14(14) Pw:3(3) AC:7 Xp:1/1 T:93                                   

",0.0,False
103,northwest,,"message:


language observation:
boulder far northnortheast
vertical wall far west
vertical wall near east and southeast
horizontal wall near south and southwest
tame little dog near southsouthwest
stairs up near southsouthwest
horizontal wall adjacent north, northeast, and northwest

cursor:
Yourself a ranger
(x=10, y=13)

map:
                                                                                
   --------                                                                     
   |.......##                                                                   
   |......| `#                                                                  
   |......|                                                                     
   |......|                                                                     
   --.-----                                                                     
     #                                                                          
     #                                                                          
     ###                                                                        
       #                                                                        
    ---.------                                                                  
    |.....@..|                                                                  
    |........|                                                                  
    |........|                                                                  
    |....d...|                                                                  
    |..<.....|                                                                  
    ----------                                                                  
                                                                                
                                                                                
                                                                                
Agent the Tenderfoot           St:14 Dx:11 Co:14 In:14 Wi:15 Ch:7 Chaotic S:4   
Dlvl:1 $:0 HP:14(14) Pw:3(3) AC:7 Xp:1/1 T:94                                   

",0.0,False
104,west,,"message:


language observation:
boulder far northnortheast
vertical wall near east, southeast, and west
horizontal wall near south
stairs up near southsouthwest
southwest corner near southwest
horizontal wall adjacent north, northeast, and northwest
tame little dog adjacent southeast

cursor:
Yourself a ranger
(x=9, y=13)

map:
                                                                                
   --------                                                                     
   |.......##                                                                   
   |......| `#                                                                  
   |......|                                                                     
   |......|                                                                     
   --.-----                                                                     
     #                                                                          
     #                                                                          
     ###                                                                        
       #                                                                        
    ---.------                                                                  
    |....@...|                                                                  
    |.....d..|                                                                  
    |........|                                                                  
    |........|                                                                  
    |..<.....|                                                                  
    ----------                                                                  
                                                                                
                                                                                
                                                                                
Agent the Tenderfoot           St:14 Dx:11 Co:14 In:14 Wi:15 Ch:7 Chaotic S:4   
Dlvl:1 $:0 HP:14(14) Pw:3(3) AC:7 Xp:1/1 T:95                                   

",0.0,False
105,west,,"message:


language observation:
boulder far northnortheast
vertical wall near east, southwest, and west
southeast corner near southeast
horizontal wall near south
stairs up near southsouthwest
dark area very near northwest
horizontal wall adjacent north and northeast
tame little dog adjacent southeast
doorway adjacent northwest

cursor:
Yourself a ranger
(x=8, y=13)

map:
                                                                                
   --------                                                                     
   |.......##                                                                   
   |......| `#                                                                  
   |......|                                                                     
   |......|                                                                     
   --.-----                                                                     
     #                                                                          
     #                                                                          
     ###                                                                        
       #                                                                        
    ---.------                                                                  
    |...@....|                                                                  
    |....d...|                                                                  
    |........|                                                                  
    |........|                                                                  
    |..<.....|                                                                  
    ----------                                                                  
                                                                                
                                                                                
                                                                                
Agent the Tenderfoot           St:14 Dx:11 Co:14 In:14 Wi:15 Ch:7 Chaotic S:4   
Dlvl:1 $:0 HP:14(14) Pw:3(3) AC:7 Xp:1/1 T:96                                   

",0.0,False
106,northwest,,"message:


language observation:
boulder far northnortheast
southeast corner far southeast
horizontal wall far south
dark area near north
stairs up near south
vertical wall near southwest
tame little dog very near southeast
dark area adjacent northeast and northwest
horizontal wall adjacent east and west

cursor:
Yourself a ranger
(x=7, y=12)

map:
                                                                                
   --------                                                                     
   |.......##                                                                   
   |......| `#                                                                  
   |......|                                                                     
   |......|                                                                     
   --.-----                                                                     
     #                                                                          
     #                                                                          
     ###                                                                        
       #                                                                        
    ---@------                                                                  
    |........|                                                                  
    |....d...|                                                                  
    |........|                                                                  
    |........|                                                                  
    |..<.....|                                                                  
    ----------                                                                  
                                                                                
                                                                                
                                                                                
Agent the Tenderfoot           St:14 Dx:11 Co:14 In:14 Wi:15 Ch:7 Chaotic S:4   
Dlvl:1 $:0 HP:14(14) Pw:3(3) AC:7 Xp:1/1 T:97                                   

",0.0,False
107,north,,"message:


language observation:
boulder far northnortheast
stairs up far south
horizontal wall far south
dark area near northwest
dark area very near north
tame little dog very near south
dark area adjacent northeast, east, and west
horizontal wall adjacent southeast and southwest
doorway adjacent south

cursor:
Yourself a ranger
(x=7, y=11)

map:
                                                                                
   --------                                                                     
   |.......##                                                                   
   |......| `#                                                                  
   |......|                                                                     
   |......|                                                                     
   --.-----                                                                     
     #                                                                          
     #                                                                          
     ###                                                                        
       @                                                                        
    ---.------                                                                  
    |..d.....|                                                                  
    |........|                                                                  
    |........|                                                                  
    |........|                                                                  
    |..<.....|                                                                  
    ----------                                                                  
                                                                                
                                                                                
                                                                                
Agent the Tenderfoot           St:14 Dx:11 Co:14 In:14 Wi:15 Ch:7 Chaotic S:4   
Dlvl:1 $:0 HP:14(14) Pw:3(3) AC:7 Xp:1/1 T:98                                   

",0.0,False
108,north,,"message:


language observation:
boulder far northnortheast
stairs up far south
horizontal wall far south
dark area near west
doorway very near south
dark area adjacent north, northeast, east, southeast, southwest, and northwest
tame little dog adjacent south

cursor:
Yourself a ranger
(x=7, y=10)

map:
                                                                                
   --------                                                                     
   |.......##                                                                   
   |......| `#                                                                  
   |......|                                                                     
   |......|                                                                     
   --.-----                                                                     
     #                                                                          
     #                                                                          
     ##@                                                                        
       d                                                                        
    ---.------                                                                  
    |........|                                                                  
    |........|                                                                  
    |........|                                                                  
    |........|                                                                  
    |..<.....|                                                                  
    ----------                                                                  
                                                                                
                                                                                
                                                                                
Agent the Tenderfoot           St:14 Dx:11 Co:14 In:14 Wi:15 Ch:7 Chaotic S:4   
Dlvl:1 $:0 HP:14(14) Pw:3(3) AC:7 Xp:1/1 T:99                                   

",0.0,False
109,north,,"message:
It's solid stone.

language observation:
boulder far northnortheast
stairs up far south
horizontal wall far south
dark area near west
doorway very near south
dark area adjacent north, northeast, east, southeast, southwest, and northwest
tame little dog adjacent south

cursor:
Yourself a ranger
(x=7, y=10)

map:
                                                                                
   --------                                                                     
   |.......##                                                                   
   |......| `#                                                                  
   |......|                                                                     
   |......|                                                                     
   --.-----                                                                     
     #                                                                          
     #                                                                          
     ##@                                                                        
       d                                                                        
    ---.------                                                                  
    |........|                                                                  
    |........|                                                                  
    |........|                                                                  
    |........|                                                                  
    |..<.....|                                                                  
    ----------                                                                  
                                                                                
                                                                                
                                                                                
Agent the Tenderfoot           St:14 Dx:11 Co:14 In:14 Wi:15 Ch:7 Chaotic S:4   
Dlvl:1 $:0 HP:14(14) Pw:3(3) AC:7 Xp:1/1 T:99                                   

",0.0,False
110,west,,"message:


language observation:
boulder far northeast
stairs up far southsoutheast
dark area very near east, west, and northwest
horizontal wall very near southeast
dark area adjacent north, northeast, south, and southwest
tame little dog adjacent southeast

cursor:
Yourself a ranger
(x=6, y=10)

map:
                                                                                
   --------                                                                     
   |.......##                                                                   
   |......| `#                                                                  
   |......|                                                                     
   |......|                                                                     
   --.-----                                                                     
     #                                                                          
     #                                                                          
     #@#                                                                        
       d                                                                        
    ---.------                                                                  
    |........|                                                                  
    |........|                                                                  
    |........|                                                                  
    |........|                                                                  
    |..<.....|                                                                  
    ----------                                                                  
                                                                                
                                                                                
                                                                                
Agent the Tenderfoot           St:14 Dx:11 Co:14 In:14 Wi:15 Ch:7 Chaotic S:4   
Dlvl:1 $:0 HP:14(14) Pw:3(3) AC:7 Xp:1/1 T:100                                  

",0.0,False
111,west,,"message:


language observation:
horizontal wall far north
boulder far eastnortheast
stairs up far southsoutheast
doorway near north
dark area near east
dark area adjacent northeast, southeast, south, southwest, west, and northwest
tame little dog adjacent east

cursor:
Yourself a ranger
(x=5, y=10)

map:
                                                                                
   --------                                                                     
   |.......##                                                                   
   |......| `#                                                                  
   |......|                                                                     
   |......|                                                                     
   --.-----                                                                     
     #                                                                          
     #                                                                          
     @d#                                                                        
       #                                                                        
    ---.------                                                                  
    |........|                                                                  
    |........|                                                                  
    |........|                                                                  
    |........|                                                                  
    |..<.....|                                                                  
    ----------                                                                  
                                                                                
                                                                                
                                                                                
Agent the Tenderfoot           St:14 Dx:11 Co:14 In:14 Wi:15 Ch:7 Chaotic S:4   
Dlvl:1 $:0 HP:14(14) Pw:3(3) AC:7 Xp:1/1 T:101                                  

",0.0,False
112,north,,"message:


language observation:
horizontal wall far north
boulder far eastnortheast
stairs up far southsoutheast
horizontal wall near southeast
doorway very near north
dark area very near south
dark area adjacent northeast, east, southwest, west, and northwest
tame little dog adjacent southeast

cursor:
Yourself a ranger
(x=5, y=9)

map:
                                                                                
   --------                                                                     
   |.......##                                                                   
   |......| `#                                                                  
   |......|                                                                     
   |......|                                                                     
   --.-----                                                                     
     #                                                                          
     @                                                                          
     #d#                                                                        
       #                                                                        
    ---.------                                                                  
    |........|                                                                  
    |........|                                                                  
    |........|                                                                  
    |........|                                                                  
    |..<.....|                                                                  
    ----------                                                                  
                                                                                
                                                                                
                                                                                
Agent the Tenderfoot           St:14 Dx:11 Co:14 In:14 Wi:15 Ch:7 Chaotic S:4   
Dlvl:1 $:0 HP:14(14) Pw:3(3) AC:7 Xp:1/1 T:102                                  

",0.0,False
113,north,,"message:


language observation:
horizontal wall far north
boulder far eastnortheast
stairs up far southsoutheast
dark area near south
doorway adjacent north
horizontal wall adjacent northeast and northwest
dark area adjacent east, southeast, southwest, and west
tame little dog adjacent south

cursor:
Yourself a ranger
(x=5, y=8)

map:
                                                                                
   --------                                                                     
   |.......##                                                                   
   |......| `#                                                                  
   |......|                                                                     
   |......|                                                                     
   --.-----                                                                     
     @                                                                          
     d                                                                          
     ###                                                                        
       #                                                                        
    ---.------                                                                  
    |........|                                                                  
    |........|                                                                  
    |........|                                                                  
    |........|                                                                  
    |..<.....|                                                                  
    ----------                                                                  
                                                                                
                                                                                
                                                                                
Agent the Tenderfoot           St:14 Dx:11 Co:14 In:14 Wi:15 Ch:7 Chaotic S:4   
Dlvl:1 $:0 HP:14(14) Pw:3(3) AC:7 Xp:1/1 T:103                                  

",0.0,False
114,north,,"message:


language observation:
boulder far eastnortheast
stairs up far southsoutheast
horizontal wall near north
northeast room corner near northeast
dark area near south
vertical wall very near northwest
horizontal wall adjacent east and west
dark area adjacent southeast and southwest
tame little dog adjacent south

cursor:
Yourself a ranger
(x=5, y=7)

map:
                                                                                
   --------                                                                     
   |.......##                                                                   
   |......| `#                                                                  
   |......|                                                                     
   |......|                                                                     
   --@-----                                                                     
     d                                                                          
     #                                                                          
     ###                                                                        
       #                                                                        
    ---.------                                                                  
    |........|                                                                  
    |........|                                                                  
    |........|                                                                  
    |........|                                                                  
    |..<.....|                                                                  
    ----------                                                                  
                                                                                
                                                                                
                                                                                
Agent the Tenderfoot           St:14 Dx:11 Co:14 In:14 Wi:15 Ch:7 Chaotic S:4   
Dlvl:1 $:0 HP:14(14) Pw:3(3) AC:7 Xp:1/1 T:104                                  

",0.0,False
115,north,,"message:


language observation:
boulder far eastnortheast
stairs up far southsoutheast
horizontal wall near north and northeast
vertical wall near east
dark area near south
tame little dog very near south
vertical wall very near west and northwest
horizontal wall adjacent southeast and southwest
doorway adjacent south

cursor:
Yourself a ranger
(x=5, y=6)

map:
                                                                                
   --------                                                                     
   |.......##                                                                   
   |......| `#                                                                  
   |......|                                                                     
   |.@....|                                                                     
   --.-----                                                                     
     d                                                                          
     #                                                                          
     ###                                                                        
       #                                                                        
    ---.------                                                                  
    |........|                                                                  
    |........|                                                                  
    |........|                                                                  
    |........|                                                                  
    |..<.....|                                                                  
    ----------                                                                  
                                                                                
                                                                                
                                                                                
Agent the Tenderfoot           St:14 Dx:11 Co:14 In:14 Wi:15 Ch:7 Chaotic S:4   
Dlvl:1 $:0 HP:14(14) Pw:3(3) AC:7 Xp:1/1 T:105                                  

",0.0,False
116,north,,"message:


language observation:
boulder far eastnortheast
stairs up far southsoutheast
dark area far south
horizontal wall near north and northeast
vertical wall near east
horizontal wall very near southeast
tame little dog very near south
southwest corner very near southwest
vertical wall very near west and northwest

cursor:
Yourself a ranger
(x=5, y=5)

map:
                                                                                
   --------                                                                     
   |.......##                                                                   
   |......| `#                                                                  
   |.@....|                                                                     
   |......|                                                                     
   --d-----                                                                     
     #                                                                          
     #                                                                          
     ###                                                                        
       #                                                                        
    ---.------                                                                  
    |........|                                                                  
    |........|                                                                  
    |........|                                                                  
    |........|                                                                  
    |..<.....|                                                                  
    ----------                                                                  
                                                                                
                                                                                
                                                                                
Agent the Tenderfoot           St:14 Dx:11 Co:14 In:14 Wi:15 Ch:7 Chaotic S:4   
Dlvl:1 $:0 HP:14(14) Pw:3(3) AC:7 Xp:1/1 T:106                                  

",0.0,False
117,northeast,,"message:


language observation:
boulder far east
stairs up far southsoutheast
vertical wall near east and west
horizontal wall near southeast and south
southwest corner near southwest
horizontal wall very near north, northeast, and northwest
tame little dog adjacent south

cursor:
Yourself a ranger
(x=6, y=4)

map:
                                                                                
   --------                                                                     
   |.......##                                                                   
   |..@...| `#                                                                  
   |..d...|                                                                     
   |......|                                                                     
   --.-----                                                                     
     #                                                                          
     #                                                                          
     ###                                                                        
       #                                                                        
    ---.------                                                                  
    |........|                                                                  
    |........|                                                                  
    |........|                                                                  
    |........|                                                                  
    |..<.....|                                                                  
    ----------                                                                  
                                                                                
                                                                                
                                                                                
Agent the Tenderfoot           St:14 Dx:11 Co:14 In:14 Wi:15 Ch:7 Chaotic S:4   
Dlvl:1 $:0 HP:14(14) Pw:3(3) AC:7 Xp:1/1 T:107                                  

",0.0,False
118,east,,"message:


language observation:
stairs up far south
boulder near east
vertical wall near east and west
southeast corner near southeast
horizontal wall near south and southwest
horizontal wall very near north, northeast, and northwest
tame little dog very near southsoutheast

cursor:
Yourself a ranger
(x=7, y=4)

map:
                                                                                
   --------                                                                     
   |.......##                                                                   
   |...@..| `#                                                                  
   |......|                                                                     
   |....d.|                                                                     
   --.-----                                                                     
     #                                                                          
     #                                                                          
     ###                                                                        
       #                                                                        
    ---.------                                                                  
    |........|                                                                  
    |........|                                                                  
    |........|                                                                  
    |........|                                                                  
    |..<.....|                                                                  
    ----------                                                                  
                                                                                
                                                                                
                                                                                
Agent the Tenderfoot           St:14 Dx:11 Co:14 In:14 Wi:15 Ch:7 Chaotic S:4   
Dlvl:1 $:0 HP:14(14) Pw:3(3) AC:7 Xp:1/1 T:108                                  

",0.0,False
119,east,,"message:


language observation:
stairs up far southsouthwest
boulder near east
horizontal wall near south
doorway near southwest
dark area near southwest
vertical wall near west
horizontal wall very near north and northwest
northeast room corner very near northeast
vertical wall very near east and southeast
tame little dog adjacent east

cursor:
Yourself a ranger
(x=8, y=4)

map:
                                                                                
   --------                                                                     
   |.......##                                                                   
   |....@d| `#                                                                  
   |......|                                                                     
   |......|                                                                     
   --.-----                                                                     
     #                                                                          
     #                                                                          
     ###                                                                        
       #                                                                        
    ---.------                                                                  
    |........|                                                                  
    |........|                                                                  
    |........|                                                                  
    |........|                                                                  
    |..<.....|                                                                  
    ----------                                                                  
                                                                                
                                                                                
                                                                                
Agent the Tenderfoot           St:14 Dx:11 Co:14 In:14 Wi:15 Ch:7 Chaotic S:4   
Dlvl:1 $:0 HP:14(14) Pw:3(3) AC:7 Xp:1/1 T:109                                  

",0.0,False
120,north,,"message:


language observation:
stairs up far southsouthwest
dark area near east
boulder near eastsoutheast
horizontal wall near south and southwest
vertical wall near west
doorway very near east
vertical wall very near southeast
horizontal wall adjacent north, northeast, and northwest
tame little dog adjacent south

cursor:
Yourself a ranger
(x=8, y=3)

map:
                                                                                
   --------                                                                     
   |....@..##                                                                   
   |....d.| `#                                                                  
   |......|                                                                     
   |......|                                                                     
   --.-----                                                                     
     #                                                                          
     #                                                                          
     ###                                                                        
       #                                                                        
    ---.------                                                                  
    |........|                                                                  
    |........|                                                                  
    |........|                                                                  
    |........|                                                                  
    |..<.....|                                                                  
    ----------                                                                  
                                                                                
                                                                                
                                                                                
Agent the Tenderfoot           St:14 Dx:11 Co:14 In:14 Wi:15 Ch:7 Chaotic S:4   
Dlvl:1 $:0 HP:14(14) Pw:3(3) AC:7 Xp:1/1 T:110                                  

",0.0,False
121,east,,"message:


language observation:
stairs up far southsouthwest
vertical wall far west
dark area near east and southwest
boulder near eastsoutheast
horizontal wall near south
doorway near southwest
tame little dog very near south
horizontal wall adjacent north and northwest
northeast room corner adjacent northeast
doorway adjacent east
vertical wall adjacent southeast

cursor:
Yourself a ranger
(x=9, y=3)

map:
                                                                                
   --------                                                                     
   |.....@.##                                                                   
   |......| `#                                                                  
   |.....d|                                                                     
   |......|                                                                     
   --.-----                                                                     
     #                                                                          
     #                                                                          
     ###                                                                        
       #                                                                        
    ---.------                                                                  
    |........|                                                                  
    |........|                                                                  
    |........|                                                                  
    |........|                                                                  
    |..<.....|                                                                  
    ----------                                                                  
                                                                                
                                                                                
                                                                                
Agent the Tenderfoot           St:14 Dx:11 Co:14 In:14 Wi:15 Ch:7 Chaotic S:4   
Dlvl:1 $:0 HP:14(14) Pw:3(3) AC:7 Xp:1/1 T:111                                  

",0.0,False
122,east,,"message:


language observation:
stairs up far southsouthwest
vertical wall far west
dark area near east
horizontal wall near southwest
boulder very near eastsoutheast
northeast room corner adjacent north
dark area adjacent northeast and southeast
vertical wall adjacent south
tame little dog adjacent southwest
horizontal wall adjacent northwest

cursor:
Yourself a ranger
(x=10, y=3)

map:
                                                                                
   --------                                                                     
   |......@##                                                                   
   |.....d| `#                                                                  
   |......|                                                                     
   |......|                                                                     
   --.-----                                                                     
     #                                                                          
     #                                                                          
     ###                                                                        
       #                                                                        
    ---.------                                                                  
    |........|                                                                  
    |........|                                                                  
    |........|                                                                  
    |........|                                                                  
    |..<.....|                                                                  
    ----------                                                                  
                                                                                
                                                                                
                                                                                
Agent the Tenderfoot           St:14 Dx:11 Co:14 In:14 Wi:15 Ch:7 Chaotic S:4   
Dlvl:1 $:0 HP:14(14) Pw:3(3) AC:7 Xp:1/1 T:112                                  

",0.0,False
123,east,,"message:


language observation:
stairs up far southsouthwest
vertical wall far west
dark area very near east and southeast
dark area adjacent north, northeast, and south
boulder adjacent southeast
vertical wall adjacent southwest
doorway adjacent west
northeast room corner adjacent northwest

cursor:
Yourself a ranger
(x=11, y=3)

map:
                                                                                
   --------                                                                     
   |.......@#                                                                   
   |......| `#                                                                  
   |......|                                                                     
   |......|                                                                     
   --.-----                                                                     
     #                                                                          
     #                                                                          
     ###                                                                        
       #                                                                        
    ---.------                                                                  
    |........|                                                                  
    |........|                                                                  
    |........|                                                                  
    |........|                                                                  
    |..<.....|                                                                  
    ----------                                                                  
                                                                                
                                                                                
                                                                                
Agent the Tenderfoot           St:14 Dx:11 Co:14 In:14 Wi:15 Ch:7 Chaotic S:4   
Dlvl:1 $:0 HP:14(14) Pw:3(3) AC:7 Xp:1/1 T:113                                  

",0.0,False
124,east,,"message:


language observation:
stairs up far southsouthwest
vertical wall far west
dark area very near southeast and south
doorway very near west
dark area adjacent north, northeast, east, southwest, and northwest
boulder adjacent south
tame little dog adjacent west

cursor:
Yourself a ranger
(x=12, y=3)

map:
                                                                                
   --------                                                                     
   |.......d@                                                                   
   |......| `#                                                                  
   |......|                                                                     
   |......|                                                                     
   --.-----                                                                     
     #                                                                          
     #                                                                          
     ###                                                                        
       #                                                                        
    ---.------                                                                  
    |........|                                                                  
    |........|                                                                  
    |........|                                                                  
    |........|                                                                  
    |..<.....|                                                                  
    ----------                                                                  
                                                                                
                                                                                
                                                                                
Agent the Tenderfoot           St:14 Dx:11 Co:14 In:14 Wi:15 Ch:7 Chaotic S:4   
Dlvl:1 $:0 HP:14(14) Pw:3(3) AC:7 Xp:1/1 T:114                                  

",0.0,False
125,east,,"message:
It's solid stone.

language observation:
stairs up far southsouthwest
vertical wall far west
dark area very near southeast and south
doorway very near west
dark area adjacent north, northeast, east, southwest, and northwest
boulder adjacent south
tame little dog adjacent west

cursor:
Yourself a ranger
(x=12, y=3)

map:
                                                                                
   --------                                                                     
   |.......d@                                                                   
   |......| `#                                                                  
   |......|                                                                     
   |......|                                                                     
   --.-----                                                                     
     #                                                                          
     #                                                                          
     ###                                                                        
       #                                                                        
    ---.------                                                                  
    |........|                                                                  
    |........|                                                                  
    |........|                                                                  
    |........|                                                                  
    |..<.....|                                                                  
    ----------                                                                  
                                                                                
                                                                                
                                                                                
Agent the Tenderfoot           St:14 Dx:11 Co:14 In:14 Wi:15 Ch:7 Chaotic S:4   
Dlvl:1 $:0 HP:14(14) Pw:3(3) AC:7 Xp:1/1 T:114                                  

",0.0,False
126,north,,"message:
It's solid stone.

language observation:
stairs up far southsouthwest
vertical wall far west
dark area very near southeast and south
doorway very near west
dark area adjacent north, northeast, east, southwest, and northwest
boulder adjacent south
tame little dog adjacent west

cursor:
Yourself a ranger
(x=12, y=3)

map:
                                                                                
   --------                                                                     
   |.......d@                                                                   
   |......| `#                                                                  
   |......|                                                                     
   |......|                                                                     
   --.-----                                                                     
     #                                                                          
     #                                                                          
     ###                                                                        
       #                                                                        
    ---.------                                                                  
    |........|                                                                  
    |........|                                                                  
    |........|                                                                  
    |........|                                                                  
    |..<.....|                                                                  
    ----------                                                                  
                                                                                
                                                                                
                                                                                
Agent the Tenderfoot           St:14 Dx:11 Co:14 In:14 Wi:15 Ch:7 Chaotic S:4   
Dlvl:1 $:0 HP:14(14) Pw:3(3) AC:7 Xp:1/1 T:114                                  

",0.0,False
127,south,,"message:
You try to move the boulder, but in vain.

language observation:
stairs up far southsouthwest
vertical wall far west
dark area very near southeast and south
doorway very near west
dark area adjacent north, northeast, east, southwest, and northwest
boulder adjacent south
tame little dog adjacent west

cursor:
Yourself a ranger
(x=12, y=3)

map:
                                                                                
   --------                                                                     
   |.......d@                                                                   
   |......| `#                                                                  
   |......|                                                                     
   |......|                                                                     
   --.-----                                                                     
     #                                                                          
     #                                                                          
     ###                                                                        
       #                                                                        
    ---.------                                                                  
    |........|                                                                  
    |........|                                                                  
    |........|                                                                  
    |........|                                                                  
    |..<.....|                                                                  
    ----------                                                                  
                                                                                
                                                                                
                                                                                
Agent the Tenderfoot           St:14 Dx:11 Co:14 In:14 Wi:15 Ch:7 Chaotic S:4   
Dlvl:1 $:0 HP:14(14) Pw:3(3) AC:7 Xp:1/1 T:114                                  

",0.0,False
128,west,,"message:
You swap places with Sirius.

language observation:
stairs up far southsouthwest
vertical wall far west
dark area very near east and southeast
dark area adjacent north, northeast, and south
boulder adjacent southeast
vertical wall adjacent southwest
doorway adjacent west
northeast room corner adjacent northwest

cursor:
Yourself a ranger
(x=11, y=3)

map:
                                                                                
   --------                                                                     
   |.......@#                                                                   
   |......| `#                                                                  
   |......|                                                                     
   |......|                                                                     
   --.-----                                                                     
     #                                                                          
     #                                                                          
     ###                                                                        
       #                                                                        
    ---.------                                                                  
    |........|                                                                  
    |........|                                                                  
    |........|                                                                  
    |........|                                                                  
    |..<.....|                                                                  
    ----------                                                                  
                                                                                
                                                                                
                                                                                
Agent the Tenderfoot           St:14 Dx:11 Co:14 In:14 Wi:15 Ch:7 Chaotic S:4   
Dlvl:1 $:0 HP:14(14) Pw:3(3) AC:7 Xp:1/1 T:115                                  

",0.0,False
129,south,,"message:
It's solid stone.

language observation:
stairs up far southsouthwest
vertical wall far west
dark area very near east and southeast
dark area adjacent north, northeast, and south
boulder adjacent southeast
vertical wall adjacent southwest
doorway adjacent west
northeast room corner adjacent northwest

cursor:
Yourself a ranger
(x=11, y=3)

map:
                                                                                
   --------                                                                     
   |.......@#                                                                   
   |......| `#                                                                  
   |......|                                                                     
   |......|                                                                     
   --.-----                                                                     
     #                                                                          
     #                                                                          
     ###                                                                        
       #                                                                        
    ---.------                                                                  
    |........|                                                                  
    |........|                                                                  
    |........|                                                                  
    |........|                                                                  
    |..<.....|                                                                  
    ----------                                                                  
                                                                                
                                                                                
                                                                                
Agent the Tenderfoot           St:14 Dx:11 Co:14 In:14 Wi:15 Ch:7 Chaotic S:4   
Dlvl:1 $:0 HP:14(14) Pw:3(3) AC:7 Xp:1/1 T:115                                  

",0.0,False
130,north,,"message:
It's solid stone.

language observation:
stairs up far southsouthwest
vertical wall far west
dark area very near east and southeast
dark area adjacent north, northeast, and south
boulder adjacent southeast
vertical wall adjacent southwest
doorway adjacent west
northeast room corner adjacent northwest

cursor:
Yourself a ranger
(x=11, y=3)

map:
                                                                                
   --------                                                                     
   |.......@#                                                                   
   |......| `#                                                                  
   |......|                                                                     
   |......|                                                                     
   --.-----                                                                     
     #                                                                          
     #                                                                          
     ###                                                                        
       #                                                                        
    ---.------                                                                  
    |........|                                                                  
    |........|                                                                  
    |........|                                                                  
    |........|                                                                  
    |..<.....|                                                                  
    ----------                                                                  
                                                                                
                                                                                
                                                                                
Agent the Tenderfoot           St:14 Dx:11 Co:14 In:14 Wi:15 Ch:7 Chaotic S:4   
Dlvl:1 $:0 HP:14(14) Pw:3(3) AC:7 Xp:1/1 T:115                                  

",0.0,False
131,northeast,,"message:
It's solid stone.

language observation:
stairs up far southsouthwest
vertical wall far west
dark area very near east and southeast
dark area adjacent north, northeast, and south
boulder adjacent southeast
vertical wall adjacent southwest
doorway adjacent west
northeast room corner adjacent northwest

cursor:
Yourself a ranger
(x=11, y=3)

map:
                                                                                
   --------                                                                     
   |.......@#                                                                   
   |......| `#                                                                  
   |......|                                                                     
   |......|                                                                     
   --.-----                                                                     
     #                                                                          
     #                                                                          
     ###                                                                        
       #                                                                        
    ---.------                                                                  
    |........|                                                                  
    |........|                                                                  
    |........|                                                                  
    |........|                                                                  
    |..<.....|                                                                  
    ----------                                                                  
                                                                                
                                                                                
                                                                                
Agent the Tenderfoot           St:14 Dx:11 Co:14 In:14 Wi:15 Ch:7 Chaotic S:4   
Dlvl:1 $:0 HP:14(14) Pw:3(3) AC:7 Xp:1/1 T:115                                  

",0.0,False
132,west,,"message:


language observation:
stairs up far southsouthwest
vertical wall far west
dark area near east
horizontal wall near southwest
boulder very near eastsoutheast
northeast room corner adjacent north
dark area adjacent northeast and southeast
tame little dog adjacent east
vertical wall adjacent south
horizontal wall adjacent northwest

cursor:
Yourself a ranger
(x=10, y=3)

map:
                                                                                
   --------                                                                     
   |......@d#                                                                   
   |......| `#                                                                  
   |......|                                                                     
   |......|                                                                     
   --.-----                                                                     
     #                                                                          
     #                                                                          
     ###                                                                        
       #                                                                        
    ---.------                                                                  
    |........|                                                                  
    |........|                                                                  
    |........|                                                                  
    |........|                                                                  
    |..<.....|                                                                  
    ----------                                                                  
                                                                                
                                                                                
                                                                                
Agent the Tenderfoot           St:14 Dx:11 Co:14 In:14 Wi:15 Ch:7 Chaotic S:4   
Dlvl:1 $:0 HP:14(14) Pw:3(3) AC:7 Xp:1/1 T:116                                  

",0.0,False
133,west,,"message:


language observation:
stairs up far southsouthwest
vertical wall far west
dark area near east and southwest
boulder near eastsoutheast
horizontal wall near south
doorway near southwest
horizontal wall adjacent north and northwest
northeast room corner adjacent northeast
doorway adjacent east
vertical wall adjacent southeast
tame little dog adjacent south

cursor:
Yourself a ranger
(x=9, y=3)

map:
                                                                                
   --------                                                                     
   |.....@.##                                                                   
   |.....d| `#                                                                  
   |......|                                                                     
   |......|                                                                     
   --.-----                                                                     
     #                                                                          
     #                                                                          
     ###                                                                        
       #                                                                        
    ---.------                                                                  
    |........|                                                                  
    |........|                                                                  
    |........|                                                                  
    |........|                                                                  
    |..<.....|                                                                  
    ----------                                                                  
                                                                                
                                                                                
                                                                                
Agent the Tenderfoot           St:14 Dx:11 Co:14 In:14 Wi:15 Ch:7 Chaotic S:4   
Dlvl:1 $:0 HP:14(14) Pw:3(3) AC:7 Xp:1/1 T:117                                  

",0.0,False
134,southwest,,"message:


language observation:
stairs up far southsouthwest
boulder near east
horizontal wall near south
doorway near southwest
dark area near southwest
vertical wall near west
horizontal wall very near north and northwest
northeast room corner very near northeast
vertical wall very near east and southeast
tame little dog adjacent east

cursor:
Yourself a ranger
(x=8, y=4)

map:
                                                                                
   --------                                                                     
   |.......##                                                                   
   |....@d| `#                                                                  
   |......|                                                                     
   |......|                                                                     
   --.-----                                                                     
     #                                                                          
     #                                                                          
     ###                                                                        
       #                                                                        
    ---.------                                                                  
    |........|                                                                  
    |........|                                                                  
    |........|                                                                  
    |........|                                                                  
    |..<.....|                                                                  
    ----------                                                                  
                                                                                
                                                                                
                                                                                
Agent the Tenderfoot           St:14 Dx:11 Co:14 In:14 Wi:15 Ch:7 Chaotic S:4   
Dlvl:1 $:0 HP:14(14) Pw:3(3) AC:7 Xp:1/1 T:118                                  

",0.0,False
135,southwest,,"message:


language observation:
stairs up far south
horizontal wall near north and northwest
northeast room corner near northeast
boulder near eastnortheast
vertical wall near east and west
dark area near southwest
tame little dog very near east
horizontal wall very near southeast and south
doorway very near southwest

cursor:
Yourself a ranger
(x=7, y=5)

map:
                                                                                
   --------                                                                     
   |.......##                                                                   
   |......| `#                                                                  
   |...@.d|                                                                     
   |......|                                                                     
   --.-----                                                                     
     #                                                                          
     #                                                                          
     ###                                                                        
       #                                                                        
    ---.------                                                                  
    |........|                                                                  
    |........|                                                                  
    |........|                                                                  
    |........|                                                                  
    |..<.....|                                                                  
    ----------                                                                  
                                                                                
                                                                                
                                                                                
Agent the Tenderfoot           St:14 Dx:11 Co:14 In:14 Wi:15 Ch:7 Chaotic S:4   
Dlvl:1 $:0 HP:14(14) Pw:3(3) AC:7 Xp:1/1 T:119                                  

",0.0,False
136,southwest,,"message:


language observation:
boulder far eastnortheast
stairs up far southsoutheast
horizontal wall near north
northeast room corner near northeast
vertical wall near east, west, and northwest
tame little dog very near east
dark area very near southwest
horizontal wall adjacent southeast and south
doorway adjacent southwest

cursor:
Yourself a ranger
(x=6, y=6)

map:
                                                                                
   --------                                                                     
   |.......##                                                                   
   |......| `#                                                                  
   |......|                                                                     
   |..@.d.|                                                                     
   --.-----                                                                     
     #                                                                          
     #                                                                          
     ###                                                                        
       #                                                                        
    ---.------                                                                  
    |........|                                                                  
    |........|                                                                  
    |........|                                                                  
    |........|                                                                  
    |..<.....|                                                                  
    ----------                                                                  
                                                                                
                                                                                
                                                                                
Agent the Tenderfoot           St:14 Dx:11 Co:14 In:14 Wi:15 Ch:7 Chaotic S:4   
Dlvl:1 $:0 HP:14(14) Pw:3(3) AC:7 Xp:1/1 T:120                                  

",0.0,False
137,southwest,,"message:


language observation:
boulder far eastnortheast
stairs up far southsoutheast
horizontal wall near north
northeast room corner near northeast
dark area near south
tame little dog very near northeast
vertical wall very near northwest
horizontal wall adjacent east and west
dark area adjacent southeast and southwest

cursor:
Yourself a ranger
(x=5, y=7)

map:
                                                                                
   --------                                                                     
   |.......##                                                                   
   |......| `#                                                                  
   |...d..|                                                                     
   |......|                                                                     
   --@-----                                                                     
     #                                                                          
     #                                                                          
     ###                                                                        
       #                                                                        
    ---.------                                                                  
    |........|                                                                  
    |........|                                                                  
    |........|                                                                  
    |........|                                                                  
    |..<.....|                                                                  
    ----------                                                                  
                                                                                
                                                                                
                                                                                
Agent the Tenderfoot           St:14 Dx:11 Co:14 In:14 Wi:15 Ch:7 Chaotic S:4   
Dlvl:1 $:0 HP:14(14) Pw:3(3) AC:7 Xp:1/1 T:121                                  

",0.0,False
138,south,,"message:


language observation:
horizontal wall far north
boulder far eastnortheast
stairs up far southsoutheast
dark area near south
doorway adjacent north
horizontal wall adjacent northeast and northwest
dark area adjacent east, southeast, southwest, and west

cursor:
Yourself a ranger
(x=5, y=8)

map:
                                                                                
   --------                                                                     
   |.......##                                                                   
   |......| `#                                                                  
   |......|                                                                     
   |......|                                                                     
   --.-----                                                                     
     @                                                                          
     #                                                                          
     ###                                                                        
       #                                                                        
    ---.------                                                                  
    |........|                                                                  
    |........|                                                                  
    |........|                                                                  
    |........|                                                                  
    |..<.....|                                                                  
    ----------                                                                  
                                                                                
                                                                                
                                                                                
Agent the Tenderfoot           St:14 Dx:11 Co:14 In:14 Wi:15 Ch:7 Chaotic S:4   
Dlvl:1 $:0 HP:14(14) Pw:3(3) AC:7 Xp:1/1 T:122                                  

",0.0,False
139,south,,"message:


language observation:
horizontal wall far north
boulder far eastnortheast
stairs up far southsoutheast
horizontal wall near southeast
doorway very near north
dark area very near south
dark area adjacent northeast, east, southwest, west, and northwest

cursor:
Yourself a ranger
(x=5, y=9)

map:
                                                                                
   --------                                                                     
   |.......##                                                                   
   |......| `#                                                                  
   |......|                                                                     
   |......|                                                                     
   --.-----                                                                     
     #                                                                          
     @                                                                          
     ###                                                                        
       #                                                                        
    ---.------                                                                  
    |........|                                                                  
    |........|                                                                  
    |........|                                                                  
    |........|                                                                  
    |..<.....|                                                                  
    ----------                                                                  
                                                                                
                                                                                
                                                                                
Agent the Tenderfoot           St:14 Dx:11 Co:14 In:14 Wi:15 Ch:7 Chaotic S:4   
Dlvl:1 $:0 HP:14(14) Pw:3(3) AC:7 Xp:1/1 T:123                                  

",0.0,False
140,south,,"message:


language observation:
horizontal wall far north
boulder far eastnortheast
stairs up far southsoutheast
doorway near north
dark area near east
dark area adjacent northeast, southeast, south, southwest, west, and northwest

cursor:
Yourself a ranger
(x=5, y=10)

map:
                                                                                
   --------                                                                     
   |.......##                                                                   
   |......| `#                                                                  
   |......|                                                                     
   |......|                                                                     
   --.-----                                                                     
     #                                                                          
     #                                                                          
     @##                                                                        
       #                                                                        
    ---.------                                                                  
    |........|                                                                  
    |........|                                                                  
    |........|                                                                  
    |........|                                                                  
    |..<.....|                                                                  
    ----------                                                                  
                                                                                
                                                                                
                                                                                
Agent the Tenderfoot           St:14 Dx:11 Co:14 In:14 Wi:15 Ch:7 Chaotic S:4   
Dlvl:1 $:0 HP:14(14) Pw:3(3) AC:7 Xp:1/1 T:124                                  

",0.0,False
141,east,,"message:


language observation:
boulder far northeast
stairs up far southsoutheast
dark area very near east, west, and northwest
horizontal wall very near southeast
dark area adjacent north, northeast, south, and southwest

cursor:
Yourself a ranger
(x=6, y=10)

map:
                                                                                
   --------                                                                     
   |.......##                                                                   
   |......| `#                                                                  
   |......|                                                                     
   |......|                                                                     
   --.-----                                                                     
     #                                                                          
     #                                                                          
     #@#                                                                        
       #                                                                        
    ---.------                                                                  
    |........|                                                                  
    |........|                                                                  
    |........|                                                                  
    |........|                                                                  
    |..<.....|                                                                  
    ----------                                                                  
                                                                                
                                                                                
                                                                                
Agent the Tenderfoot           St:14 Dx:11 Co:14 In:14 Wi:15 Ch:7 Chaotic S:4   
Dlvl:1 $:0 HP:14(14) Pw:3(3) AC:7 Xp:1/1 T:125                                  

",0.0,False
142,east,,"message:


language observation:
boulder far northnortheast
stairs up far south
horizontal wall far south
dark area near west
doorway very near south
dark area adjacent north, northeast, east, southeast, southwest, and northwest

cursor:
Yourself a ranger
(x=7, y=10)

map:
                                                                                
   --------                                                                     
   |.......##                                                                   
   |......| `#                                                                  
   |......|                                                                     
   |......|                                                                     
   --.-----                                                                     
     #                                                                          
     #                                                                          
     ##@                                                                        
       #                                                                        
    ---.------                                                                  
    |........|                                                                  
    |........|                                                                  
    |........|                                                                  
    |........|                                                                  
    |..<.....|                                                                  
    ----------                                                                  
                                                                                
                                                                                
                                                                                
Agent the Tenderfoot           St:14 Dx:11 Co:14 In:14 Wi:15 Ch:7 Chaotic S:4   
Dlvl:1 $:0 HP:14(14) Pw:3(3) AC:7 Xp:1/1 T:126                                  

",0.0,False
143,south,,"message:


language observation:
boulder far northnortheast
stairs up far south
horizontal wall far south
dark area near northwest
dark area very near north
tame little dog very near northwest
dark area adjacent northeast, east, and west
horizontal wall adjacent southeast and southwest
doorway adjacent south

cursor:
Yourself a ranger
(x=7, y=11)

map:
                                                                                
   --------                                                                     
   |.......##                                                                   
   |......| `#                                                                  
   |......|                                                                     
   |......|                                                                     
   --.-----                                                                     
     #                                                                          
     d                                                                          
     ###                                                                        
       @                                                                        
    ---.------                                                                  
    |........|                                                                  
    |........|                                                                  
    |........|                                                                  
    |........|                                                                  
    |..<.....|                                                                  
    ----------                                                                  
                                                                                
                                                                                
                                                                                
Agent the Tenderfoot           St:14 Dx:11 Co:14 In:14 Wi:15 Ch:7 Chaotic S:4   
Dlvl:1 $:0 HP:14(14) Pw:3(3) AC:7 Xp:1/1 T:127                                  

",0.0,False
144,south,,"message:


language observation:
boulder far northnortheast
southeast corner far southeast
horizontal wall far south
dark area near north
stairs up near south
vertical wall near southwest
tame little dog adjacent north
dark area adjacent northeast and northwest
horizontal wall adjacent east and west

cursor:
Yourself a ranger
(x=7, y=12)

map:
                                                                                
   --------                                                                     
   |.......##                                                                   
   |......| `#                                                                  
   |......|                                                                     
   |......|                                                                     
   --.-----                                                                     
     #                                                                          
     #                                                                          
     ###                                                                        
       d                                                                        
    ---@------                                                                  
    |........|                                                                  
    |........|                                                                  
    |........|                                                                  
    |........|                                                                  
    |..<.....|                                                                  
    ----------                                                                  
                                                                                
                                                                                
                                                                                
Agent the Tenderfoot           St:14 Dx:11 Co:14 In:14 Wi:15 Ch:7 Chaotic S:4   
Dlvl:1 $:0 HP:14(14) Pw:3(3) AC:7 Xp:1/1 T:128                                  

",0.0,False
145,south,,"message:


language observation:
boulder far northnortheast
vertical wall far east
dark area near north
horizontal wall near southeast and south
stairs up near south
vertical wall near southwest and west
doorway adjacent north
horizontal wall adjacent northeast and northwest
tame little dog adjacent west

cursor:
Yourself a ranger
(x=7, y=13)

map:
                                                                                
   --------                                                                     
   |.......##                                                                   
   |......| `#                                                                  
   |......|                                                                     
   |......|                                                                     
   --.-----                                                                     
     #                                                                          
     #                                                                          
     ###                                                                        
       #                                                                        
    ---.------                                                                  
    |.d@.....|                                                                  
    |........|                                                                  
    |........|                                                                  
    |........|                                                                  
    |..<.....|                                                                  
    ----------                                                                  
                                                                                
                                                                                
                                                                                
Agent the Tenderfoot           St:14 Dx:11 Co:14 In:14 Wi:15 Ch:7 Chaotic S:4   
Dlvl:1 $:0 HP:14(14) Pw:3(3) AC:7 Xp:1/1 T:129                                  

",0.0,False
146,east,,"message:


language observation:
boulder far northnortheast
vertical wall near east, southwest, and west
southeast corner near southeast
horizontal wall near south
stairs up near southsouthwest
dark area very near northwest
horizontal wall adjacent north and northeast
tame little dog adjacent south
doorway adjacent northwest

cursor:
Yourself a ranger
(x=8, y=13)

map:
                                                                                
   --------                                                                     
   |.......##                                                                   
   |......| `#                                                                  
   |......|                                                                     
   |......|                                                                     
   --.-----                                                                     
     #                                                                          
     #                                                                          
     ###                                                                        
       #                                                                        
    ---.------                                                                  
    |...@....|                                                                  
    |...d....|                                                                  
    |........|                                                                  
    |........|                                                                  
    |..<.....|                                                                  
    ----------                                                                  
                                                                                
                                                                                
                                                                                
Agent the Tenderfoot           St:14 Dx:11 Co:14 In:14 Wi:15 Ch:7 Chaotic S:4   
Dlvl:1 $:0 HP:14(14) Pw:3(3) AC:7 Xp:1/1 T:130                                  

",0.0,False
147,east,,"message:


language observation:
boulder far northnortheast
vertical wall near east, southeast, and west
horizontal wall near south
stairs up near southsouthwest
southwest corner near southwest
tame little dog very near westsouthwest
horizontal wall adjacent north, northeast, and northwest

cursor:
Yourself a ranger
(x=9, y=13)

map:
                                                                                
   --------                                                                     
   |.......##                                                                   
   |......| `#                                                                  
   |......|                                                                     
   |......|                                                                     
   --.-----                                                                     
     #                                                                          
     #                                                                          
     ###                                                                        
       #                                                                        
    ---.------                                                                  
    |....@...|                                                                  
    |..d.....|                                                                  
    |........|                                                                  
    |........|                                                                  
    |..<.....|                                                                  
    ----------                                                                  
                                                                                
                                                                                
                                                                                
Agent the Tenderfoot           St:14 Dx:11 Co:14 In:14 Wi:15 Ch:7 Chaotic S:4   
Dlvl:1 $:0 HP:14(14) Pw:3(3) AC:7 Xp:1/1 T:131                                  

",0.0,False
148,southwest,,"message:


language observation:
boulder far northnortheast
vertical wall near east and west
horizontal wall near southeast and south
stairs up near southsouthwest
southwest corner near southwest
tame little dog near westsouthwest
horizontal wall very near north, northeast, and northwest

cursor:
Yourself a ranger
(x=8, y=14)

map:
                                                                                
   --------                                                                     
   |.......##                                                                   
   |......| `#                                                                  
   |......|                                                                     
   |......|                                                                     
   --.-----                                                                     
     #                                                                          
     #                                                                          
     ###                                                                        
       #                                                                        
    ---.------                                                                  
    |........|                                                                  
    |...@....|                                                                  
    |........|                                                                  
    |d.......|                                                                  
    |..<.....|                                                                  
    ----------                                                                  
                                                                                
                                                                                
                                                                                
Agent the Tenderfoot           St:14 Dx:11 Co:14 In:14 Wi:15 Ch:7 Chaotic S:4   
Dlvl:1 $:0 HP:14(14) Pw:3(3) AC:7 Xp:1/1 T:132                                  

",0.0,False
149,southwest,,"message:


language observation:
dark area far north
boulder far northnortheast
vertical wall far east
doorway near north
horizontal wall near northeast, southeast, and south
southwest corner near southwest
vertical wall near west
northwest room corner near northwest
stairs up very near south
tame little dog very near westnorthwest

cursor:
Yourself a ranger
(x=7, y=15)

map:
                                                                                
   --------                                                                     
   |.......##                                                                   
   |......| `#                                                                  
   |......|                                                                     
   |......|                                                                     
   --.-----                                                                     
     #                                                                          
     #                                                                          
     ###                                                                        
       #                                                                        
    ---.------                                                                  
    |........|                                                                  
    |d.......|                                                                  
    |..@.....|                                                                  
    |........|                                                                  
    |..<.....|                                                                  
    ----------                                                                  
                                                                                
                                                                                
                                                                                
Agent the Tenderfoot           St:14 Dx:11 Co:14 In:14 Wi:15 Ch:7 Chaotic S:4   
Dlvl:1 $:0 HP:14(14) Pw:3(3) AC:7 Xp:1/1 T:133                                  

",0.0,False
150,north,,"message:


language observation:
boulder far northnortheast
vertical wall far east
dark area near north
horizontal wall near southeast and south
stairs up near south
vertical wall near southwest and west
doorway very near north
horizontal wall very near northeast and northwest
tame little dog adjacent northwest

cursor:
Yourself a ranger
(x=7, y=14)

map:
                                                                                
   --------                                                                     
   |.......##                                                                   
   |......| `#                                                                  
   |......|                                                                     
   |......|                                                                     
   --.-----                                                                     
     #                                                                          
     #                                                                          
     ###                                                                        
       #                                                                        
    ---.------                                                                  
    |.d......|                                                                  
    |..@.....|                                                                  
    |........|                                                                  
    |........|                                                                  
    |..<.....|                                                                  
    ----------                                                                  
                                                                                
                                                                                
                                                                                
Agent the Tenderfoot           St:14 Dx:11 Co:14 In:14 Wi:15 Ch:7 Chaotic S:4   
Dlvl:1 $:0 HP:14(14) Pw:3(3) AC:7 Xp:1/1 T:134                                  

",0.0,False
151,north,,"message:


language observation:
boulder far northnortheast
vertical wall far east
dark area near north
horizontal wall near southeast and south
stairs up near south
vertical wall near southwest and west
tame little dog very near southsouthwest
doorway adjacent north
horizontal wall adjacent northeast and northwest

cursor:
Yourself a ranger
(x=7, y=13)

map:
                                                                                
   --------                                                                     
   |.......##                                                                   
   |......| `#                                                                  
   |......|                                                                     
   |......|                                                                     
   --.-----                                                                     
     #                                                                          
     #                                                                          
     ###                                                                        
       #                                                                        
    ---.------                                                                  
    |..@.....|                                                                  
    |........|                                                                  
    |.d......|                                                                  
    |........|                                                                  
    |..<.....|                                                                  
    ----------                                                                  
                                                                                
                                                                                
                                                                                
Agent the Tenderfoot           St:14 Dx:11 Co:14 In:14 Wi:15 Ch:7 Chaotic S:4   
Dlvl:1 $:0 HP:14(14) Pw:3(3) AC:7 Xp:1/1 T:135                                  

",0.0,False
152,east,,"message:


language observation:
boulder far northnortheast
vertical wall near east, southwest, and west
southeast corner near southeast
horizontal wall near south
stairs up near southsouthwest
tame little dog very near west
dark area very near northwest
horizontal wall adjacent north and northeast
doorway adjacent northwest

cursor:
Yourself a ranger
(x=8, y=13)

map:
                                                                                
   --------                                                                     
   |.......##                                                                   
   |......| `#                                                                  
   |......|                                                                     
   |......|                                                                     
   --.-----                                                                     
     #                                                                          
     #                                                                          
     ###                                                                        
       #                                                                        
    ---.------                                                                  
    |.d.@....|                                                                  
    |........|                                                                  
    |........|                                                                  
    |........|                                                                  
    |..<.....|                                                                  
    ----------                                                                  
                                                                                
                                                                                
                                                                                
Agent the Tenderfoot           St:14 Dx:11 Co:14 In:14 Wi:15 Ch:7 Chaotic S:4   
Dlvl:1 $:0 HP:14(14) Pw:3(3) AC:7 Xp:1/1 T:136                                  

",0.0,False
153,west,,"message:


language observation:
boulder far northnortheast
vertical wall far east
dark area near north
horizontal wall near southeast and south
stairs up near south
vertical wall near southwest and west
tame little dog very near west
doorway adjacent north
horizontal wall adjacent northeast and northwest

cursor:
Yourself a ranger
(x=7, y=13)

map:
                                                                                
   --------                                                                     
   |.......##                                                                   
   |......| `#                                                                  
   |......|                                                                     
   |......|                                                                     
   --.-----                                                                     
     #                                                                          
     #                                                                          
     ###                                                                        
       #                                                                        
    ---.------                                                                  
    |d.@.....|                                                                  
    |........|                                                                  
    |........|                                                                  
    |........|                                                                  
    |..<.....|                                                                  
    ----------                                                                  
                                                                                
                                                                                
                                                                                
Agent the Tenderfoot           St:14 Dx:11 Co:14 In:14 Wi:15 Ch:7 Chaotic S:4   
Dlvl:1 $:0 HP:14(14) Pw:3(3) AC:7 Xp:1/1 T:137                                  

",0.0,False
154,north,,"message:


language observation:
boulder far northnortheast
southeast corner far southeast
horizontal wall far south
dark area near north
stairs up near south
vertical wall near southwest
dark area adjacent northeast and northwest
horizontal wall adjacent east and west
tame little dog adjacent southwest

cursor:
Yourself a ranger
(x=7, y=12)

map:
                                                                                
   --------                                                                     
   |.......##                                                                   
   |......| `#                                                                  
   |......|                                                                     
   |......|                                                                     
   --.-----                                                                     
     #                                                                          
     #                                                                          
     ###                                                                        
       #                                                                        
    ---@------                                                                  
    |.d......|                                                                  
    |........|                                                                  
    |........|                                                                  
    |........|                                                                  
    |..<.....|                                                                  
    ----------                                                                  
                                                                                
                                                                                
                                                                                
Agent the Tenderfoot           St:14 Dx:11 Co:14 In:14 Wi:15 Ch:7 Chaotic S:4   
Dlvl:1 $:0 HP:14(14) Pw:3(3) AC:7 Xp:1/1 T:138                                  

",0.0,False
155,north,,"message:


language observation:
boulder far northnortheast
stairs up far south
horizontal wall far south
dark area near northwest
dark area very near north
tame little dog very near south
dark area adjacent northeast, east, and west
horizontal wall adjacent southeast and southwest
doorway adjacent south

cursor:
Yourself a ranger
(x=7, y=11)

map:
                                                                                
   --------                                                                     
   |.......##                                                                   
   |......| `#                                                                  
   |......|                                                                     
   |......|                                                                     
   --.-----                                                                     
     #                                                                          
     #                                                                          
     ###                                                                        
       @                                                                        
    ---.------                                                                  
    |..d.....|                                                                  
    |........|                                                                  
    |........|                                                                  
    |........|                                                                  
    |..<.....|                                                                  
    ----------                                                                  
                                                                                
                                                                                
                                                                                
Agent the Tenderfoot           St:14 Dx:11 Co:14 In:14 Wi:15 Ch:7 Chaotic S:4   
Dlvl:1 $:0 HP:14(14) Pw:3(3) AC:7 Xp:1/1 T:139                                  

",0.0,False
156,north,,"message:


language observation:
boulder far northnortheast
stairs up far south
horizontal wall far south
dark area near west
doorway very near south
dark area adjacent north, northeast, east, southeast, southwest, and northwest
tame little dog adjacent south

cursor:
Yourself a ranger
(x=7, y=10)

map:
                                                                                
   --------                                                                     
   |.......##                                                                   
   |......| `#                                                                  
   |......|                                                                     
   |......|                                                                     
   --.-----                                                                     
     #                                                                          
     #                                                                          
     ##@                                                                        
       d                                                                        
    ---.------                                                                  
    |........|                                                                  
    |........|                                                                  
    |........|                                                                  
    |........|                                                                  
    |..<.....|                                                                  
    ----------                                                                  
                                                                                
                                                                                
                                                                                
Agent the Tenderfoot           St:14 Dx:11 Co:14 In:14 Wi:15 Ch:7 Chaotic S:4   
Dlvl:1 $:0 HP:14(14) Pw:3(3) AC:7 Xp:1/1 T:140                                  

",0.0,False
157,north,,"message:
It's solid stone.

language observation:
boulder far northnortheast
stairs up far south
horizontal wall far south
dark area near west
doorway very near south
dark area adjacent north, northeast, east, southeast, southwest, and northwest
tame little dog adjacent south

cursor:
Yourself a ranger
(x=7, y=10)

map:
                                                                                
   --------                                                                     
   |.......##                                                                   
   |......| `#                                                                  
   |......|                                                                     
   |......|                                                                     
   --.-----                                                                     
     #                                                                          
     #                                                                          
     ##@                                                                        
       d                                                                        
    ---.------                                                                  
    |........|                                                                  
    |........|                                                                  
    |........|                                                                  
    |........|                                                                  
    |..<.....|                                                                  
    ----------                                                                  
                                                                                
                                                                                
                                                                                
Agent the Tenderfoot           St:14 Dx:11 Co:14 In:14 Wi:15 Ch:7 Chaotic S:4   
Dlvl:1 $:0 HP:14(14) Pw:3(3) AC:7 Xp:1/1 T:140                                  

",0.0,False
158,west,,"message:


language observation:
boulder far northeast
stairs up far southsoutheast
dark area very near east, west, and northwest
horizontal wall very near southeast
dark area adjacent north, northeast, south, and southwest
tame little dog adjacent southeast

cursor:
Yourself a ranger
(x=6, y=10)

map:
                                                                                
   --------                                                                     
   |.......##                                                                   
   |......| `#                                                                  
   |......|                                                                     
   |......|                                                                     
   --.-----                                                                     
     #                                                                          
     #                                                                          
     #@#                                                                        
       d                                                                        
    ---.------                                                                  
    |........|                                                                  
    |........|                                                                  
    |........|                                                                  
    |........|                                                                  
    |..<.....|                                                                  
    ----------                                                                  
                                                                                
                                                                                
                                                                                
Agent the Tenderfoot           St:14 Dx:11 Co:14 In:14 Wi:15 Ch:7 Chaotic S:4   
Dlvl:1 $:0 HP:14(14) Pw:3(3) AC:7 Xp:1/1 T:141                                  

",0.0,False
159,west,,"message:


language observation:
horizontal wall far north
boulder far eastnortheast
stairs up far southsoutheast
doorway near north
dark area near east
dark area adjacent northeast, southeast, south, southwest, west, and northwest
tame little dog adjacent east

cursor:
Yourself a ranger
(x=5, y=10)

map:
                                                                                
   --------                                                                     
   |.......##                                                                   
   |......| `#                                                                  
   |......|                                                                     
   |......|                                                                     
   --.-----                                                                     
     #                                                                          
     #                                                                          
     @d#                                                                        
       #                                                                        
    ---.------                                                                  
    |........|                                                                  
    |........|                                                                  
    |........|                                                                  
    |........|                                                                  
    |..<.....|                                                                  
    ----------                                                                  
                                                                                
                                                                                
                                                                                
Agent the Tenderfoot           St:14 Dx:11 Co:14 In:14 Wi:15 Ch:7 Chaotic S:4   
Dlvl:1 $:0 HP:14(14) Pw:3(3) AC:7 Xp:1/1 T:142                                  

",0.0,False
160,north,,"message:


language observation:
horizontal wall far north
boulder far eastnortheast
stairs up far southsoutheast
horizontal wall near southeast
doorway very near north
dark area very near south
dark area adjacent northeast, east, southwest, west, and northwest
tame little dog adjacent south

cursor:
Yourself a ranger
(x=5, y=9)

map:
                                                                                
   --------                                                                     
   |.......##                                                                   
   |......| `#                                                                  
   |......|                                                                     
   |......|                                                                     
   --.-----                                                                     
     #                                                                          
     @                                                                          
     d##                                                                        
       #                                                                        
    ---.------                                                                  
    |........|                                                                  
    |........|                                                                  
    |........|                                                                  
    |........|                                                                  
    |..<.....|                                                                  
    ----------                                                                  
                                                                                
                                                                                
                                                                                
Agent the Tenderfoot           St:14 Dx:11 Co:14 In:14 Wi:15 Ch:7 Chaotic S:4   
Dlvl:1 $:0 HP:14(14) Pw:3(3) AC:7 Xp:1/1 T:143                                  

",0.0,False
161,north,,"message:


language observation:
horizontal wall far north
boulder far eastnortheast
stairs up far southsoutheast
dark area near south
tame little dog very near south
doorway adjacent north
horizontal wall adjacent northeast and northwest
dark area adjacent east, southeast, southwest, and west

cursor:
Yourself a ranger
(x=5, y=8)

map:
                                                                                
   --------                                                                     
   |.......##                                                                   
   |......| `#                                                                  
   |......|                                                                     
   |......|                                                                     
   --.-----                                                                     
     @                                                                          
     #                                                                          
     d##                                                                        
       #                                                                        
    ---.------                                                                  
    |........|                                                                  
    |........|                                                                  
    |........|                                                                  
    |........|                                                                  
    |..<.....|                                                                  
    ----------                                                                  
                                                                                
                                                                                
                                                                                
Agent the Tenderfoot           St:14 Dx:11 Co:14 In:14 Wi:15 Ch:7 Chaotic S:4   
Dlvl:1 $:0 HP:14(14) Pw:3(3) AC:7 Xp:1/1 T:144                                  

",0.0,False
162,north,,"message:


language observation:
boulder far eastnortheast
stairs up far southsoutheast
horizontal wall near north
northeast room corner near northeast
dark area near south
vertical wall very near northwest
horizontal wall adjacent east and west
dark area adjacent southeast and southwest
tame little dog adjacent south

cursor:
Yourself a ranger
(x=5, y=7)

map:
                                                                                
   --------                                                                     
   |.......##                                                                   
   |......| `#                                                                  
   |......|                                                                     
   |......|                                                                     
   --@-----                                                                     
     d                                                                          
     #                                                                          
     ###                                                                        
       #                                                                        
    ---.------                                                                  
    |........|                                                                  
    |........|                                                                  
    |........|                                                                  
    |........|                                                                  
    |..<.....|                                                                  
    ----------                                                                  
                                                                                
                                                                                
                                                                                
Agent the Tenderfoot           St:14 Dx:11 Co:14 In:14 Wi:15 Ch:7 Chaotic S:4   
Dlvl:1 $:0 HP:14(14) Pw:3(3) AC:7 Xp:1/1 T:145                                  

",0.0,False
163,north,,"message:


language observation:
boulder far eastnortheast
stairs up far southsoutheast
horizontal wall near north and northeast
vertical wall near east
dark area near south
vertical wall very near west and northwest
horizontal wall adjacent southeast and southwest
doorway adjacent south
tame little dog adjacent west

cursor:
Yourself a ranger
(x=5, y=6)

map:
                                                                                
   --------                                                                     
   |.......##                                                                   
   |......| `#                                                                  
   |......|                                                                     
   |d@....|                                                                     
   --.-----                                                                     
     #                                                                          
     #                                                                          
     ###                                                                        
       #                                                                        
    ---.------                                                                  
    |........|                                                                  
    |........|                                                                  
    |........|                                                                  
    |........|                                                                  
    |..<.....|                                                                  
    ----------                                                                  
                                                                                
                                                                                
                                                                                
Agent the Tenderfoot           St:14 Dx:11 Co:14 In:14 Wi:15 Ch:7 Chaotic S:4   
Dlvl:1 $:0 HP:14(14) Pw:3(3) AC:7 Xp:1/1 T:146                                  

",0.0,False
164,northeast,,"message:


language observation:
boulder far eastnortheast
stairs up far southsoutheast
horizontal wall near north and northeast
vertical wall near east and west
northwest room corner near northwest
horizontal wall very near southeast, south, and southwest
tame little dog very near westsouthwest

cursor:
Yourself a ranger
(x=6, y=5)

map:
                                                                                
   --------                                                                     
   |.......##                                                                   
   |......| `#                                                                  
   |..@...|                                                                     
   |d.....|                                                                     
   --.-----                                                                     
     #                                                                          
     #                                                                          
     ###                                                                        
       #                                                                        
    ---.------                                                                  
    |........|                                                                  
    |........|                                                                  
    |........|                                                                  
    |........|                                                                  
    |..<.....|                                                                  
    ----------                                                                  
                                                                                
                                                                                
                                                                                
Agent the Tenderfoot           St:14 Dx:11 Co:14 In:14 Wi:15 Ch:7 Chaotic S:4   
Dlvl:1 $:0 HP:14(14) Pw:3(3) AC:7 Xp:1/1 T:147                                  

",0.0,False
165,northeast,,"message:


language observation:
stairs up far south
boulder near east
vertical wall near east and west
southeast corner near southeast
horizontal wall near south and southwest
horizontal wall very near north, northeast, and northwest
tame little dog very near westsouthwest

cursor:
Yourself a ranger
(x=7, y=4)

map:
                                                                                
   --------                                                                     
   |.......##                                                                   
   |...@..| `#                                                                  
   |.d....|                                                                     
   |......|                                                                     
   --.-----                                                                     
     #                                                                          
     #                                                                          
     ###                                                                        
       #                                                                        
    ---.------                                                                  
    |........|                                                                  
    |........|                                                                  
    |........|                                                                  
    |........|                                                                  
    |..<.....|                                                                  
    ----------                                                                  
                                                                                
                                                                                
                                                                                
Agent the Tenderfoot           St:14 Dx:11 Co:14 In:14 Wi:15 Ch:7 Chaotic S:4   
Dlvl:1 $:0 HP:14(14) Pw:3(3) AC:7 Xp:1/1 T:148                                  

",0.0,False
166,north,,"message:


language observation:
dark area far east
stairs up far south
doorway near east
boulder near eastsoutheast
vertical wall near southeast and west
horizontal wall near south
southwest corner near southwest
horizontal wall adjacent north, northeast, and northwest
tame little dog adjacent southwest

cursor:
Yourself a ranger
(x=7, y=3)

map:
                                                                                
   --------                                                                     
   |...@...##                                                                   
   |..d...| `#                                                                  
   |......|                                                                     
   |......|                                                                     
   --.-----                                                                     
     #                                                                          
     #                                                                          
     ###                                                                        
       #                                                                        
    ---.------                                                                  
    |........|                                                                  
    |........|                                                                  
    |........|                                                                  
    |........|                                                                  
    |..<.....|                                                                  
    ----------                                                                  
                                                                                
                                                                                
                                                                                
Agent the Tenderfoot           St:14 Dx:11 Co:14 In:14 Wi:15 Ch:7 Chaotic S:4   
Dlvl:1 $:0 HP:14(14) Pw:3(3) AC:7 Xp:1/1 T:149                                  

",0.0,False
167,east,,"message:


language observation:
stairs up far southsouthwest
dark area near east
boulder near eastsoutheast
horizontal wall near south and southwest
tame little dog near westsouthwest
vertical wall near west
doorway very near east
vertical wall very near southeast
horizontal wall adjacent north, northeast, and northwest

cursor:
Yourself a ranger
(x=8, y=3)

map:
                                                                                
   --------                                                                     
   |....@..##                                                                   
   |.d....| `#                                                                  
   |......|                                                                     
   |......|                                                                     
   --.-----                                                                     
     #                                                                          
     #                                                                          
     ###                                                                        
       #                                                                        
    ---.------                                                                  
    |........|                                                                  
    |........|                                                                  
    |........|                                                                  
    |........|                                                                  
    |..<.....|                                                                  
    ----------                                                                  
                                                                                
                                                                                
                                                                                
Agent the Tenderfoot           St:14 Dx:11 Co:14 In:14 Wi:15 Ch:7 Chaotic S:4   
Dlvl:1 $:0 HP:14(14) Pw:3(3) AC:7 Xp:1/1 T:150                                  

",0.0,False
168,east,,"message:


language observation:
stairs up far southsouthwest
vertical wall far west
dark area near east and southwest
boulder near eastsoutheast
horizontal wall near south
doorway near southwest
tame little dog very near west
horizontal wall adjacent north and northwest
northeast room corner adjacent northeast
doorway adjacent east
vertical wall adjacent southeast

cursor:
Yourself a ranger
(x=9, y=3)

map:
                                                                                
   --------                                                                     
   |...d.@.##                                                                   
   |......| `#                                                                  
   |......|                                                                     
   |......|                                                                     
   --.-----                                                                     
     #                                                                          
     #                                                                          
     ###                                                                        
       #                                                                        
    ---.------                                                                  
    |........|                                                                  
    |........|                                                                  
    |........|                                                                  
    |........|                                                                  
    |..<.....|                                                                  
    ----------                                                                  
                                                                                
                                                                                
                                                                                
Agent the Tenderfoot           St:14 Dx:11 Co:14 In:14 Wi:15 Ch:7 Chaotic S:4   
Dlvl:1 $:0 HP:14(14) Pw:3(3) AC:7 Xp:1/1 T:151                                  

",0.0,False
169,east,,"message:


language observation:
stairs up far southsouthwest
vertical wall far west
dark area near east
horizontal wall near southwest
boulder very near eastsoutheast
northeast room corner adjacent north
dark area adjacent northeast and southeast
vertical wall adjacent south
tame little dog adjacent west
horizontal wall adjacent northwest

cursor:
Yourself a ranger
(x=10, y=3)

map:
                                                                                
   --------                                                                     
   |.....d@##                                                                   
   |......| `#                                                                  
   |......|                                                                     
   |......|                                                                     
   --.-----                                                                     
     #                                                                          
     #                                                                          
     ###                                                                        
       #                                                                        
    ---.------                                                                  
    |........|                                                                  
    |........|                                                                  
    |........|                                                                  
    |........|                                                                  
    |..<.....|                                                                  
    ----------                                                                  
                                                                                
                                                                                
                                                                                
Agent the Tenderfoot           St:14 Dx:11 Co:14 In:14 Wi:15 Ch:7 Chaotic S:4   
Dlvl:1 $:0 HP:14(14) Pw:3(3) AC:7 Xp:1/1 T:152                                  

",0.0,False
170,east,,"message:


language observation:
stairs up far southsouthwest
vertical wall far west
dark area very near east and southeast
tame little dog very near west
dark area adjacent north, northeast, and south
boulder adjacent southeast
vertical wall adjacent southwest
doorway adjacent west
northeast room corner adjacent northwest

cursor:
Yourself a ranger
(x=11, y=3)

map:
                                                                                
   --------                                                                     
   |.....d.@#                                                                   
   |......| `#                                                                  
   |......|                                                                     
   |......|                                                                     
   --.-----                                                                     
     #                                                                          
     #                                                                          
     ###                                                                        
       #                                                                        
    ---.------                                                                  
    |........|                                                                  
    |........|                                                                  
    |........|                                                                  
    |........|                                                                  
    |..<.....|                                                                  
    ----------                                                                  
                                                                                
                                                                                
                                                                                
Agent the Tenderfoot           St:14 Dx:11 Co:14 In:14 Wi:15 Ch:7 Chaotic S:4   
Dlvl:1 $:0 HP:14(14) Pw:3(3) AC:7 Xp:1/1 T:153                                  

",0.0,False
171,east,,"message:


language observation:
stairs up far southsouthwest
vertical wall far west
dark area very near southeast and south
tame little dog very near west
dark area adjacent north, northeast, east, southwest, and northwest
boulder adjacent south

cursor:
Yourself a ranger
(x=12, y=3)

map:
                                                                                
   --------                                                                     
   |......d#@                                                                   
   |......| `#                                                                  
   |......|                                                                     
   |......|                                                                     
   --.-----                                                                     
     #                                                                          
     #                                                                          
     ###                                                                        
       #                                                                        
    ---.------                                                                  
    |........|                                                                  
    |........|                                                                  
    |........|                                                                  
    |........|                                                                  
    |..<.....|                                                                  
    ----------                                                                  
                                                                                
                                                                                
                                                                                
Agent the Tenderfoot           St:14 Dx:11 Co:14 In:14 Wi:15 Ch:7 Chaotic S:4   
Dlvl:1 $:0 HP:14(14) Pw:3(3) AC:7 Xp:1/1 T:154                                  

",0.0,False
172,east,,"message:
It's solid stone.

language observation:
stairs up far southsouthwest
vertical wall far west
dark area very near southeast and south
tame little dog very near west
dark area adjacent north, northeast, east, southwest, and northwest
boulder adjacent south

cursor:
Yourself a ranger
(x=12, y=3)

map:
                                                                                
   --------                                                                     
   |......d#@                                                                   
   |......| `#                                                                  
   |......|                                                                     
   |......|                                                                     
   --.-----                                                                     
     #                                                                          
     #                                                                          
     ###                                                                        
       #                                                                        
    ---.------                                                                  
    |........|                                                                  
    |........|                                                                  
    |........|                                                                  
    |........|                                                                  
    |..<.....|                                                                  
    ----------                                                                  
                                                                                
                                                                                
                                                                                
Agent the Tenderfoot           St:14 Dx:11 Co:14 In:14 Wi:15 Ch:7 Chaotic S:4   
Dlvl:1 $:0 HP:14(14) Pw:3(3) AC:7 Xp:1/1 T:154                                  

",0.0,False
173,southeast,,"message:


language observation:
stairs up far southsouthwest
dark area very near east, west, and northwest
tame little dog very near westnorthwest
dark area adjacent north, northeast, southeast, south, and southwest
boulder adjacent west

cursor:
Yourself a ranger
(x=13, y=4)

map:
                                                                                
   --------                                                                     
   |.......d#                                                                   
   |......| `@#                                                                 
   |......|                                                                     
   |......|                                                                     
   --.-----                                                                     
     #                                                                          
     #                                                                          
     ###                                                                        
       #                                                                        
    ---.------                                                                  
    |........|                                                                  
    |........|                                                                  
    |........|                                                                  
    |........|                                                                  
    |..<.....|                                                                  
    ----------                                                                  
                                                                                
                                                                                
                                                                                
Agent the Tenderfoot           St:14 Dx:11 Co:14 In:14 Wi:15 Ch:7 Chaotic S:4   
Dlvl:1 $:0 HP:14(14) Pw:3(3) AC:7 Xp:1/1 T:155                                  

",0.0,False
174,south,,"message:
It's solid stone.

language observation:
stairs up far southsouthwest
dark area very near east, west, and northwest
tame little dog very near westnorthwest
dark area adjacent north, northeast, southeast, south, and southwest
boulder adjacent west

cursor:
Yourself a ranger
(x=13, y=4)

map:
                                                                                
   --------                                                                     
   |.......d#                                                                   
   |......| `@#                                                                 
   |......|                                                                     
   |......|                                                                     
   --.-----                                                                     
     #                                                                          
     #                                                                          
     ###                                                                        
       #                                                                        
    ---.------                                                                  
    |........|                                                                  
    |........|                                                                  
    |........|                                                                  
    |........|                                                                  
    |..<.....|                                                                  
    ----------                                                                  
                                                                                
                                                                                
                                                                                
Agent the Tenderfoot           St:14 Dx:11 Co:14 In:14 Wi:15 Ch:7 Chaotic S:4   
Dlvl:1 $:0 HP:14(14) Pw:3(3) AC:7 Xp:1/1 T:155                                  

",0.0,False
175,east,,"message:


language observation:
stairs up far southsouthwest
dark area near west
dark area very near east
boulder very near west
dark area adjacent north, northeast, southeast, south, southwest, and northwest
tame little dog adjacent west

cursor:
Yourself a ranger
(x=14, y=4)

map:
                                                                                
   --------                                                                     
   |.......##                                                                   
   |......| `d@#                                                                
   |......|                                                                     
   |......|                                                                     
   --.-----                                                                     
     #                                                                          
     #                                                                          
     ###                                                                        
       #                                                                        
    ---.------                                                                  
    |........|                                                                  
    |........|                                                                  
    |........|                                                                  
    |........|                                                                  
    |..<.....|                                                                  
    ----------                                                                  
                                                                                
                                                                                
                                                                                
Agent the Tenderfoot           St:14 Dx:11 Co:14 In:14 Wi:15 Ch:7 Chaotic S:4   
Dlvl:1 $:0 HP:14(14) Pw:3(3) AC:7 Xp:1/1 T:156                                  

",0.0,False
176,east,,"message:


language observation:
stairs up far southsouthwest
boulder near west
dark area near west
dark area very near east
tame little dog very near west
dark area adjacent north, northeast, southeast, south, southwest, and northwest

cursor:
Yourself a ranger
(x=15, y=4)

map:
                                                                                
   --------                                                                     
   |.......##                                                                   
   |......| `d#@#                                                               
   |......|                                                                     
   |......|                                                                     
   --.-----                                                                     
     #                                                                          
     #                                                                          
     ###                                                                        
       #                                                                        
    ---.------                                                                  
    |........|                                                                  
    |........|                                                                  
    |........|                                                                  
    |........|                                                                  
    |..<.....|                                                                  
    ----------                                                                  
                                                                                
                                                                                
                                                                                
Agent the Tenderfoot           St:14 Dx:11 Co:14 In:14 Wi:15 Ch:7 Chaotic S:4   
Dlvl:1 $:0 HP:14(14) Pw:3(3) AC:7 Xp:1/1 T:157                                  

",0.0,False
177,east,,"message:


language observation:
stairs up far southsouthwest
boulder near west
dark area near west
dark area very near east
dark area adjacent north, northeast, southeast, south, southwest, and northwest
tame little dog adjacent west

cursor:
Yourself a ranger
(x=16, y=4)

map:
                                                                                
   --------                                                                     
   |.......##                                                                   
   |......| `##d@#                                                              
   |......|                                                                     
   |......|                                                                     
   --.-----                                                                     
     #                                                                          
     #                                                                          
     ###                                                                        
       #                                                                        
    ---.------                                                                  
    |........|                                                                  
    |........|                                                                  
    |........|                                                                  
    |........|                                                                  
    |..<.....|                                                                  
    ----------                                                                  
                                                                                
                                                                                
                                                                                
Agent the Tenderfoot           St:14 Dx:11 Co:14 In:14 Wi:15 Ch:7 Chaotic S:4   
Dlvl:1 $:0 HP:14(14) Pw:3(3) AC:7 Xp:1/1 T:158                                  

",0.0,False
178,east,,"message:


language observation:
stairs up far southsouthwest
dark area far west
boulder near west
dark area very near east
dark area adjacent north, northeast, southeast, south, southwest, and northwest
tame little dog adjacent west

cursor:
Yourself a ranger
(x=17, y=4)

map:
                                                                                
   --------                                                                     
   |.......##                                                                   
   |......| `###d@#                                                             
   |......|                                                                     
   |......|                                                                     
   --.-----                                                                     
     #                                                                          
     #                                                                          
     ###                                                                        
       #                                                                        
    ---.------                                                                  
    |........|                                                                  
    |........|                                                                  
    |........|                                                                  
    |........|                                                                  
    |..<.....|                                                                  
    ----------                                                                  
                                                                                
                                                                                
                                                                                
Agent the Tenderfoot           St:14 Dx:11 Co:14 In:14 Wi:15 Ch:7 Chaotic S:4   
Dlvl:1 $:0 HP:14(14) Pw:3(3) AC:7 Xp:1/1 T:159                                  

",0.0,False
179,east,,"message:


language observation:
stairs up far southsouthwest
boulder far west
dark area far west
dark area very near east
tame little dog very near west
dark area adjacent north, northeast, southeast, south, southwest, and northwest

cursor:
Yourself a ranger
(x=18, y=4)

map:
                                                                                
   --------                                                                     
   |.......##                                                                   
   |......| `###d#@#                                                            
   |......|                                                                     
   |......|                                                                     
   --.-----                                                                     
     #                                                                          
     #                                                                          
     ###                                                                        
       #                                                                        
    ---.------                                                                  
    |........|                                                                  
    |........|                                                                  
    |........|                                                                  
    |........|                                                                  
    |..<.....|                                                                  
    ----------                                                                  
                                                                                
                                                                                
                                                                                
Agent the Tenderfoot           St:14 Dx:11 Co:14 In:14 Wi:15 Ch:7 Chaotic S:4   
Dlvl:1 $:0 HP:14(14) Pw:3(3) AC:7 Xp:1/1 T:160                                  

",0.0,False
180,east,,"message:


language observation:
stairs up far southsouthwest
boulder far west
dark area far west
dark area very near east
tame little dog very near west
dark area adjacent north, northeast, southeast, south, southwest, and northwest

cursor:
Yourself a ranger
(x=19, y=4)

map:
                                                                                
   --------                                                                     
   |.......##                                                                   
   |......| `####d#@#                                                           
   |......|                                                                     
   |......|                                                                     
   --.-----                                                                     
     #                                                                          
     #                                                                          
     ###                                                                        
       #                                                                        
    ---.------                                                                  
    |........|                                                                  
    |........|                                                                  
    |........|                                                                  
    |........|                                                                  
    |..<.....|                                                                  
    ----------                                                                  
                                                                                
                                                                                
                                                                                
Agent the Tenderfoot           St:14 Dx:11 Co:14 In:14 Wi:15 Ch:7 Chaotic S:4   
Dlvl:1 $:0 HP:14(14) Pw:3(3) AC:7 Xp:1/1 T:161                                  

",0.0,False
181,east,,"message:


language observation:
stairs up far southwest
boulder far west
dark area far west
dark area very near east
tame little dog very near west
dark area adjacent north, northeast, southeast, south, southwest, and northwest

cursor:
Yourself a ranger
(x=20, y=4)

map:
                                                                                
   --------                                                                     
   |.......##                                                                   
   |......| `#####d#@#                                                          
   |......|                                                                     
   |......|                                                                     
   --.-----                                                                     
     #                                                                          
     #                                                                          
     ###                                                                        
       #                                                                        
    ---.------                                                                  
    |........|                                                                  
    |........|                                                                  
    |........|                                                                  
    |........|                                                                  
    |..<.....|                                                                  
    ----------                                                                  
                                                                                
                                                                                
                                                                                
Agent the Tenderfoot           St:14 Dx:11 Co:14 In:14 Wi:15 Ch:7 Chaotic S:4   
Dlvl:1 $:0 HP:14(14) Pw:3(3) AC:7 Xp:1/1 T:162                                  

",0.0,False
182,east,,"message:


language observation:
stairs up far westsouthwest
boulder far west
dark area very near east
tame little dog very near west
dark area adjacent north, northeast, southeast, south, southwest, and northwest

cursor:
Yourself a ranger
(x=21, y=4)

map:
                                                                                
   --------                                                                     
   |.......##                                                                   
   |......| `######d#@#                                                         
   |......|                                                                     
   |......|                                                                     
   --.-----                                                                     
     #                                                                          
     #                                                                          
     ###                                                                        
       #                                                                        
    ---.------                                                                  
    |........|                                                                  
    |........|                                                                  
    |........|                                                                  
    |........|                                                                  
    |..<.....|                                                                  
    ----------                                                                  
                                                                                
                                                                                
                                                                                
Agent the Tenderfoot           St:14 Dx:11 Co:14 In:14 Wi:15 Ch:7 Chaotic S:4   
Dlvl:1 $:0 HP:14(14) Pw:3(3) AC:7 Xp:1/1 T:163                                  

",0.0,False
183,east,,"message:


language observation:
stairs up far westsouthwest
boulder far west
dark area very near east
tame little dog very near west
dark area adjacent north, northeast, southeast, south, southwest, and northwest

cursor:
Yourself a ranger
(x=22, y=4)

map:
                                                                                
   --------                                                                     
   |.......##                                                                   
   |......| `#######d#@#                                                        
   |......|                                                                     
   |......|                                                                     
   --.-----                                                                     
     #                                                                          
     #                                                                          
     ###                                                                        
       #                                                                        
    ---.------                                                                  
    |........|                                                                  
    |........|                                                                  
    |........|                                                                  
    |........|                                                                  
    |..<.....|                                                                  
    ----------                                                                  
                                                                                
                                                                                
                                                                                
Agent the Tenderfoot           St:14 Dx:11 Co:14 In:14 Wi:15 Ch:7 Chaotic S:4   
Dlvl:1 $:0 HP:14(14) Pw:3(3) AC:7 Xp:1/1 T:164                                  

",0.0,False
184,east,,"message:


language observation:
stairs up far westsouthwest
boulder far west
dark area very near east
tame little dog very near west
dark area adjacent north, northeast, southeast, south, southwest, and northwest

cursor:
Yourself a ranger
(x=23, y=4)

map:
                                                                                
   --------                                                                     
   |.......##                                                                   
   |......| `########d#@#                                                       
   |......|                                                                     
   |......|                                                                     
   --.-----                                                                     
     #                                                                          
     #                                                                          
     ###                                                                        
       #                                                                        
    ---.------                                                                  
    |........|                                                                  
    |........|                                                                  
    |........|                                                                  
    |........|                                                                  
    |..<.....|                                                                  
    ----------                                                                  
                                                                                
                                                                                
                                                                                
Agent the Tenderfoot           St:14 Dx:11 Co:14 In:14 Wi:15 Ch:7 Chaotic S:4   
Dlvl:1 $:0 HP:14(14) Pw:3(3) AC:7 Xp:1/1 T:165                                  

",0.0,False
185,east,,"message:


language observation:
stairs up far westsouthwest
boulder far west
dark area very near east
tame little dog very near west
dark area adjacent north, northeast, southeast, south, southwest, and northwest

cursor:
Yourself a ranger
(x=24, y=4)

map:
                                                                                
   --------                                                                     
   |.......##                                                                   
   |......| `#########d#@#                                                      
   |......|                                                                     
   |......|                                                                     
   --.-----                                                                     
     #                                                                          
     #                                                                          
     ###                                                                        
       #                                                                        
    ---.------                                                                  
    |........|                                                                  
    |........|                                                                  
    |........|                                                                  
    |........|                                                                  
    |..<.....|                                                                  
    ----------                                                                  
                                                                                
                                                                                
                                                                                
Agent the Tenderfoot           St:14 Dx:11 Co:14 In:14 Wi:15 Ch:7 Chaotic S:4   
Dlvl:1 $:0 HP:14(14) Pw:3(3) AC:7 Xp:1/1 T:166                                  

",0.0,False
186,east,,"message:


language observation:
stairs up far westsouthwest
boulder far west
dark area very near east
tame little dog very near west
dark area adjacent north, northeast, southeast, south, southwest, and northwest

cursor:
Yourself a ranger
(x=25, y=4)

map:
                                                                                
   --------                                                                     
   |.......##                                                                   
   |......| `##########d#@#                                                     
   |......|                                                                     
   |......|                                                                     
   --.-----                                                                     
     #                                                                          
     #                                                                          
     ###                                                                        
       #                                                                        
    ---.------                                                                  
    |........|                                                                  
    |........|                                                                  
    |........|                                                                  
    |........|                                                                  
    |..<.....|                                                                  
    ----------                                                                  
                                                                                
                                                                                
                                                                                
Agent the Tenderfoot           St:14 Dx:11 Co:14 In:14 Wi:15 Ch:7 Chaotic S:4   
Dlvl:1 $:0 HP:14(14) Pw:3(3) AC:7 Xp:1/1 T:167                                  

",0.0,False
187,east,,"message:


language observation:
stairs up far westsouthwest
boulder far west
dark area very near east
tame little dog very near west
dark area adjacent north, northeast, southeast, south, southwest, and northwest

cursor:
Yourself a ranger
(x=26, y=4)

map:
                                                                                
   --------                                                                     
   |.......##                                                                   
   |......| `###########d#@#                                                    
   |......|                                                                     
   |......|                                                                     
   --.-----                                                                     
     #                                                                          
     #                                                                          
     ###                                                                        
       #                                                                        
    ---.------                                                                  
    |........|                                                                  
    |........|                                                                  
    |........|                                                                  
    |........|                                                                  
    |..<.....|                                                                  
    ----------                                                                  
                                                                                
                                                                                
                                                                                
Agent the Tenderfoot           St:14 Dx:11 Co:14 In:14 Wi:15 Ch:7 Chaotic S:4   
Dlvl:1 $:0 HP:14(14) Pw:3(3) AC:7 Xp:1/1 T:168                                  

",0.0,False
188,east,,"message:


language observation:
stairs up very far westsouthwest
boulder far west
dark area very near east
tame little dog very near west
dark area adjacent north, northeast, southeast, south, southwest, and northwest

cursor:
Yourself a ranger
(x=27, y=4)

map:
                                                                                
   --------                                                                     
   |.......##                                                                   
   |......| `############d#@#                                                   
   |......|                                                                     
   |......|                                                                     
   --.-----                                                                     
     #                                                                          
     #                                                                          
     ###                                                                        
       #                                                                        
    ---.------                                                                  
    |........|                                                                  
    |........|                                                                  
    |........|                                                                  
    |........|                                                                  
    |..<.....|                                                                  
    ----------                                                                  
                                                                                
                                                                                
                                                                                
Agent the Tenderfoot           St:14 Dx:11 Co:14 In:14 Wi:15 Ch:7 Chaotic S:4   
Dlvl:1 $:0 HP:14(14) Pw:3(3) AC:7 Xp:1/1 T:169                                  

",0.0,False
189,east,,"message:


language observation:
stairs up very far westsouthwest
boulder far west
dark area very near east
tame little dog very near west
dark area adjacent north, northeast, southeast, south, southwest, and northwest

cursor:
Yourself a ranger
(x=28, y=4)

map:
                                                                                
   --------                                                                     
   |.......##                                                                   
   |......| `#############d#@#                                                  
   |......|                                                                     
   |......|                                                                     
   --.-----                                                                     
     #                                                                          
     #                                                                          
     ###                                                                        
       #                                                                        
    ---.------                                                                  
    |........|                                                                  
    |........|                                                                  
    |........|                                                                  
    |........|                                                                  
    |..<.....|                                                                  
    ----------                                                                  
                                                                                
                                                                                
                                                                                
Agent the Tenderfoot           St:14 Dx:11 Co:14 In:14 Wi:15 Ch:7 Chaotic S:4   
Dlvl:1 $:0 HP:14(14) Pw:3(3) AC:7 Xp:1/1 T:170                                  

",0.0,False
190,east,,"message:


language observation:
stairs up very far westsouthwest
boulder far west
dark area very near east
dark area adjacent north, northeast, southeast, south, southwest, and northwest
tame little dog adjacent west

cursor:
Yourself a ranger
(x=29, y=4)

map:
                                                                                
   --------                                                                     
   |.......##                                                                   
   |......| `###############d@#                                                 
   |......|                                                                     
   |......|                                                                     
   --.-----                                                                     
     #                                                                          
     #                                                                          
     ###                                                                        
       #                                                                        
    ---.------                                                                  
    |........|                                                                  
    |........|                                                                  
    |........|                                                                  
    |........|                                                                  
    |..<.....|                                                                  
    ----------                                                                  
                                                                                
                                                                                
                                                                                
Agent the Tenderfoot           St:14 Dx:11 Co:14 In:14 Wi:15 Ch:7 Chaotic S:4   
Dlvl:1 $:0 HP:14(14) Pw:3(3) AC:7 Xp:1/1 T:171                                  

",0.0,False
191,far east,,"message:
It's solid stone.

language observation:
stairs up very far westsouthwest
boulder very far westnorthwest
dark area far west
dark area adjacent north, northeast, east, southeast, south, southwest, and northwest
tame little dog adjacent west

cursor:
Yourself a ranger
(x=40, y=5)

map:
                                                                                
   --------                                                                     
   |.......##                                                                   
   |......| `####################                                               
   |......|                     #######d@                                       
   |......|                                                                     
   --.-----                                                                     
     #                                                                          
     #                                                                          
     ###                                                                        
       #                                                                        
    ---.------                                                                  
    |........|                                                                  
    |........|                                                                  
    |........|                                                                  
    |........|                                                                  
    |..<.....|                                                                  
    ----------                                                                  
                                                                                
                                                                                
                                                                                
Agent the Tenderfoot           St:14 Dx:11 Co:14 In:14 Wi:15 Ch:7 Chaotic S:4   
Dlvl:1 $:0 HP:14(14) Pw:3(3) AC:7 Xp:1/1 T:182                                  

",0.0,False
192,south,,"message:
It's solid stone.

language observation:
stairs up very far westsouthwest
boulder very far westnorthwest
dark area far west
dark area adjacent north, northeast, east, southeast, south, southwest, and northwest
tame little dog adjacent west

cursor:
Yourself a ranger
(x=40, y=5)

map:
                                                                                
   --------                                                                     
   |.......##                                                                   
   |......| `####################                                               
   |......|                     #######d@                                       
   |......|                                                                     
   --.-----                                                                     
     #                                                                          
     #                                                                          
     ###                                                                        
       #                                                                        
    ---.------                                                                  
    |........|                                                                  
    |........|                                                                  
    |........|                                                                  
    |........|                                                                  
    |..<.....|                                                                  
    ----------                                                                  
                                                                                
                                                                                
                                                                                
Agent the Tenderfoot           St:14 Dx:11 Co:14 In:14 Wi:15 Ch:7 Chaotic S:4   
Dlvl:1 $:0 HP:14(14) Pw:3(3) AC:7 Xp:1/1 T:182                                  

",0.0,False
193,far west,,"message:
You swap places with Sirius.
You try to move the boulder, but in vain.

language observation:
stairs up far southsouthwest
tame little dog very near east
dark area very near west and northwest
dark area adjacent north, northeast, southeast, south, and southwest
boulder adjacent west

cursor:
Yourself a ranger
(x=13, y=4)

map:
                                                                                
   --------                                                                     
   |.......##                                                                   
   |......| `@#d#################                                               
   |......|                     #########                                       
   |......|                                                                     
   --.-----                                                                     
     #                                                                          
     #                                                                          
     ###                                                                        
       #                                                                        
    ---.------                                                                  
    |........|                                                                  
    |........|                                                                  
    |........|                                                                  
    |........|                                                                  
    |..<.....|                                                                  
    ----------                                                                  
                                                                                
                                                                                
                                                                                
Agent the Tenderfoot           St:14 Dx:11 Co:14 In:14 Wi:15 Ch:7 Chaotic S:4   
Dlvl:1 $:0 HP:14(14) Pw:3(3) AC:7 Xp:1/1 T:209                                  

",0.0,False
194,south,,"message:
It's solid stone.

language observation:
stairs up far southsouthwest
tame little dog very near east
dark area very near west and northwest
dark area adjacent north, northeast, southeast, south, and southwest
boulder adjacent west

cursor:
Yourself a ranger
(x=13, y=4)

map:
                                                                                
   --------                                                                     
   |.......##                                                                   
   |......| `@#d#################                                               
   |......|                     #########                                       
   |......|                                                                     
   --.-----                                                                     
     #                                                                          
     #                                                                          
     ###                                                                        
       #                                                                        
    ---.------                                                                  
    |........|                                                                  
    |........|                                                                  
    |........|                                                                  
    |........|                                                                  
    |..<.....|                                                                  
    ----------                                                                  
                                                                                
                                                                                
                                                                                
Agent the Tenderfoot           St:14 Dx:11 Co:14 In:14 Wi:15 Ch:7 Chaotic S:4   
Dlvl:1 $:0 HP:14(14) Pw:3(3) AC:7 Xp:1/1 T:209                                  

",0.0,False
195,east,,"message:


language observation:
stairs up far southsouthwest
dark area near west
tame little dog very near east
boulder very near west
dark area adjacent north, northeast, southeast, south, southwest, and northwest

cursor:
Yourself a ranger
(x=14, y=4)

map:
                                                                                
   --------                                                                     
   |.......##                                                                   
   |......| `#@#d################                                               
   |......|                     #########                                       
   |......|                                                                     
   --.-----                                                                     
     #                                                                          
     #                                                                          
     ###                                                                        
       #                                                                        
    ---.------                                                                  
    |........|                                                                  
    |........|                                                                  
    |........|                                                                  
    |........|                                                                  
    |..<.....|                                                                  
    ----------                                                                  
                                                                                
                                                                                
                                                                                
Agent the Tenderfoot           St:14 Dx:11 Co:14 In:14 Wi:15 Ch:7 Chaotic S:4   
Dlvl:1 $:0 HP:14(14) Pw:3(3) AC:7 Xp:1/1 T:210                                  

",0.0,False
196,north,,"message:
It's solid stone.

language observation:
stairs up far southsouthwest
dark area near west
tame little dog very near east
boulder very near west
dark area adjacent north, northeast, southeast, south, southwest, and northwest

cursor:
Yourself a ranger
(x=14, y=4)

map:
                                                                                
   --------                                                                     
   |.......##                                                                   
   |......| `#@#d################                                               
   |......|                     #########                                       
   |......|                                                                     
   --.-----                                                                     
     #                                                                          
     #                                                                          
     ###                                                                        
       #                                                                        
    ---.------                                                                  
    |........|                                                                  
    |........|                                                                  
    |........|                                                                  
    |........|                                                                  
    |..<.....|                                                                  
    ----------                                                                  
                                                                                
                                                                                
                                                                                
Agent the Tenderfoot           St:14 Dx:11 Co:14 In:14 Wi:15 Ch:7 Chaotic S:4   
Dlvl:1 $:0 HP:14(14) Pw:3(3) AC:7 Xp:1/1 T:210                                  

",0.0,False
197,far east,,"message:
Sirius blocks your path.

language observation:
stairs up far southsouthwest
boulder near west
dark area near west
dark area adjacent north, northeast, southeast, south, southwest, and northwest
tame little dog adjacent east

cursor:
Yourself a ranger
(x=15, y=4)

map:
                                                                                
   --------                                                                     
   |.......##                                                                   
   |......| `##@d################                                               
   |......|                     #########                                       
   |......|                                                                     
   --.-----                                                                     
     #                                                                          
     #                                                                          
     ###                                                                        
       #                                                                        
    ---.------                                                                  
    |........|                                                                  
    |........|                                                                  
    |........|                                                                  
    |........|                                                                  
    |..<.....|                                                                  
    ----------                                                                  
                                                                                
                                                                                
                                                                                
Agent the Tenderfoot           St:14 Dx:11 Co:14 In:14 Wi:15 Ch:7 Chaotic S:4   
Dlvl:1 $:0 HP:14(14) Pw:3(3) AC:7 Xp:1/1 T:211                                  

",0.0,False
198,east,,"message:
You swap places with Sirius.

language observation:
stairs up far southsouthwest
boulder near west
dark area near west
dark area adjacent north, northeast, southeast, south, southwest, and northwest
tame little dog adjacent west

cursor:
Yourself a ranger
(x=16, y=4)

map:
                                                                                
   --------                                                                     
   |.......##                                                                   
   |......| `##d@################                                               
   |......|                     #########                                       
   |......|                                                                     
   --.-----                                                                     
     #                                                                          
     #                                                                          
     ###                                                                        
       #                                                                        
    ---.------                                                                  
    |........|                                                                  
    |........|                                                                  
    |........|                                                                  
    |........|                                                                  
    |..<.....|                                                                  
    ----------                                                                  
                                                                                
                                                                                
                                                                                
Agent the Tenderfoot           St:14 Dx:11 Co:14 In:14 Wi:15 Ch:7 Chaotic S:4   
Dlvl:1 $:0 HP:14(14) Pw:3(3) AC:7 Xp:1/1 T:212                                  

",0.0,False
199,far east,,"message:
It's solid stone.

language observation:
stairs up very far westsouthwest
boulder very far westnorthwest
dark area far west
tame little dog very near west
dark area adjacent north, northeast, east, southeast, south, southwest, and northwest

cursor:
Yourself a ranger
(x=40, y=5)

map:
                                                                                
   --------                                                                     
   |.......##                                                                   
   |......| `####################                                               
   |......|                     ######d#@                                       
   |......|                                                                     
   --.-----                                                                     
     #                                                                          
     #                                                                          
     ###                                                                        
       #                                                                        
    ---.------                                                                  
    |........|                                                                  
    |........|                                                                  
    |........|                                                                  
    |........|                                                                  
    |..<.....|                                                                  
    ----------                                                                  
                                                                                
                                                                                
                                                                                
Agent the Tenderfoot           St:14 Dx:11 Co:14 In:14 Wi:15 Ch:7 Chaotic S:4   
Dlvl:1 $:0 HP:14(14) Pw:3(3) AC:7 Xp:1/1 T:236                                  

",0.0,False
200,north,,"message:
It's solid stone.

language observation:
stairs up very far westsouthwest
boulder very far westnorthwest
dark area far west
tame little dog very near west
dark area adjacent north, northeast, east, southeast, south, southwest, and northwest

cursor:
Yourself a ranger
(x=40, y=5)

map:
                                                                                
   --------                                                                     
   |.......##                                                                   
   |......| `####################                                               
   |......|                     ######d#@                                       
   |......|                                                                     
   --.-----                                                                     
     #                                                                          
     #                                                                          
     ###                                                                        
       #                                                                        
    ---.------                                                                  
    |........|                                                                  
    |........|                                                                  
    |........|                                                                  
    |........|                                                                  
    |..<.....|                                                                  
    ----------                                                                  
                                                                                
                                                                                
                                                                                
Agent the Tenderfoot           St:14 Dx:11 Co:14 In:14 Wi:15 Ch:7 Chaotic S:4   
Dlvl:1 $:0 HP:14(14) Pw:3(3) AC:7 Xp:1/1 T:236                                  

",0.0,False
201,search,,"message:


language observation:
stairs up very far westsouthwest
boulder very far westnorthwest
dark area far west
tame little dog very near west
dark area adjacent north, northeast, east, southeast, south, southwest, and northwest

cursor:
Yourself a ranger
(x=40, y=5)

map:
                                                                                
   --------                                                                     
   |.......##                                                                   
   |......| `####################                                               
   |......|                     ######d#@                                       
   |......|                                                                     
   --.-----                                                                     
     #                                                                          
     #                                                                          
     ###                                                                        
       #                                                                        
    ---.------                                                                  
    |........|                                                                  
    |........|                                                                  
    |........|                                                                  
    |........|                                                                  
    |..<.....|                                                                  
    ----------                                                                  
                                                                                
                                                                                
                                                                                
Agent the Tenderfoot           St:14 Dx:11 Co:14 In:14 Wi:15 Ch:7 Chaotic S:4   
Dlvl:1 $:0 HP:14(14) Pw:3(3) AC:7 Xp:1/1 T:237                                  

",0.0,False
202,search,,"message:


language observation:
stairs up very far westsouthwest
boulder very far westnorthwest
dark area far west
tame little dog very near west
dark area adjacent north, northeast, east, southeast, south, southwest, and northwest

cursor:
Yourself a ranger
(x=40, y=5)

map:
                                                                                
   --------                                                                     
   |.......##                                                                   
   |......| `####################                                               
   |......|                     ######d#@                                       
   |......|                                                                     
   --.-----                                                                     
     #                                                                          
     #                                                                          
     ###                                                                        
       #                                                                        
    ---.------                                                                  
    |........|                                                                  
    |........|                                                                  
    |........|                                                                  
    |........|                                                                  
    |..<.....|                                                                  
    ----------                                                                  
                                                                                
                                                                                
                                                                                
Agent the Tenderfoot           St:14 Dx:11 Co:14 In:14 Wi:15 Ch:7 Chaotic S:4   
Dlvl:1 $:0 HP:14(14) Pw:3(3) AC:7 Xp:1/1 T:238                                  

",0.0,False
203,search,,"message:


language observation:
stairs up very far westsouthwest
boulder very far westnorthwest
dark area far west
dark area adjacent north, northeast, east, southeast, south, southwest, and northwest
tame little dog adjacent west

cursor:
Yourself a ranger
(x=40, y=5)

map:
                                                                                
   --------                                                                     
   |.......##                                                                   
   |......| `####################                                               
   |......|                     #######d@                                       
   |......|                                                                     
   --.-----                                                                     
     #                                                                          
     #                                                                          
     ###                                                                        
       #                                                                        
    ---.------                                                                  
    |........|                                                                  
    |........|                                                                  
    |........|                                                                  
    |........|                                                                  
    |..<.....|                                                                  
    ----------                                                                  
                                                                                
                                                                                
                                                                                
Agent the Tenderfoot           St:14 Dx:11 Co:14 In:14 Wi:15 Ch:7 Chaotic S:4   
Dlvl:1 $:0 HP:14(14) Pw:3(3) AC:7 Xp:1/1 T:239                                  

",0.0,False
204,search,,"message:


language observation:
stairs up very far westsouthwest
boulder very far westnorthwest
dark area far west
tame little dog very near west
dark area adjacent north, northeast, east, southeast, south, southwest, and northwest

cursor:
Yourself a ranger
(x=40, y=5)

map:
                                                                                
   --------                                                                     
   |.......##                                                                   
   |......| `####################                                               
   |......|                     ######d#@                                       
   |......|                                                                     
   --.-----                                                                     
     #                                                                          
     #                                                                          
     ###                                                                        
       #                                                                        
    ---.------                                                                  
    |........|                                                                  
    |........|                                                                  
    |........|                                                                  
    |........|                                                                  
    |..<.....|                                                                  
    ----------                                                                  
                                                                                
                                                                                
                                                                                
Agent the Tenderfoot           St:14 Dx:11 Co:14 In:14 Wi:15 Ch:7 Chaotic S:4   
Dlvl:1 $:0 HP:14(14) Pw:3(3) AC:7 Xp:1/1 T:240                                  

",0.0,False
205,search,,"message:
You find a hidden passage.

language observation:
stairs up very far westsouthwest
boulder very far westnorthwest
dark area far west
dark area very near east
dark area adjacent north, northeast, southeast, south, southwest, and northwest
tame little dog adjacent west

cursor:
Yourself a ranger
(x=40, y=5)

map:
                                                                                
   --------                                                                     
   |.......##                                                                   
   |......| `####################                                               
   |......|                     #######d@#                                      
   |......|                                                                     
   --.-----                                                                     
     #                                                                          
     #                                                                          
     ###                                                                        
       #                                                                        
    ---.------                                                                  
    |........|                                                                  
    |........|                                                                  
    |........|                                                                  
    |........|                                                                  
    |..<.....|                                                                  
    ----------                                                                  
                                                                                
                                                                                
                                                                                
Agent the Tenderfoot           St:14 Dx:11 Co:14 In:14 Wi:15 Ch:7 Chaotic S:4   
Dlvl:1 $:0 HP:14(14) Pw:3(3) AC:7 Xp:1/1 T:241                                  

",0.0,False
206,east,,"message:


language observation:
stairs up very far westsouthwest
boulder very far westnorthwest
dark area very near east
tame little dog very near west
dark area adjacent north, northeast, southeast, south, southwest, and northwest

cursor:
Yourself a ranger
(x=41, y=5)

map:
                                                                                
   --------                                                                     
   |.......##                                                                   
   |......| `####################                                               
   |......|                     #######d#@#                                     
   |......|                                                                     
   --.-----                                                                     
     #                                                                          
     #                                                                          
     ###                                                                        
       #                                                                        
    ---.------                                                                  
    |........|                                                                  
    |........|                                                                  
    |........|                                                                  
    |........|                                                                  
    |..<.....|                                                                  
    ----------                                                                  
                                                                                
                                                                                
                                                                                
Agent the Tenderfoot           St:14 Dx:11 Co:14 In:14 Wi:15 Ch:7 Chaotic S:4   
Dlvl:1 $:0 HP:14(14) Pw:3(3) AC:7 Xp:1/1 T:242                                  

",0.0,False
207,east,,"message:


language observation:
stairs up very far westsouthwest
boulder very far westnorthwest
dark area very near east
tame little dog very near west
dark area adjacent north, northeast, southeast, south, southwest, and northwest

cursor:
Yourself a ranger
(x=42, y=5)

map:
                                                                                
   --------                                                                     
   |.......##                                                                   
   |......| `####################                                               
   |......|                     ########d#@#                                    
   |......|                                                                     
   --.-----                                                                     
     #                                                                          
     #                                                                          
     ###                                                                        
       #                                                                        
    ---.------                                                                  
    |........|                                                                  
    |........|                                                                  
    |........|                                                                  
    |........|                                                                  
    |..<.....|                                                                  
    ----------                                                                  
                                                                                
                                                                                
                                                                                
Agent the Tenderfoot           St:14 Dx:11 Co:14 In:14 Wi:15 Ch:7 Chaotic S:4   
Dlvl:1 $:0 HP:14(14) Pw:3(3) AC:7 Xp:1/1 T:243                                  

",0.0,False
208,east,,"message:


language observation:
stairs up very far westsouthwest
boulder very far westnorthwest
dark area very near east
dark area adjacent north, northeast, southeast, south, southwest, and northwest
tame little dog adjacent west

cursor:
Yourself a ranger
(x=43, y=5)

map:
                                                                                
   --------                                                                     
   |.......##                                                                   
   |......| `####################                                               
   |......|                     ##########d@#                                   
   |......|                                                                     
   --.-----                                                                     
     #                                                                          
     #                                                                          
     ###                                                                        
       #                                                                        
    ---.------                                                                  
    |........|                                                                  
    |........|                                                                  
    |........|                                                                  
    |........|                                                                  
    |..<.....|                                                                  
    ----------                                                                  
                                                                                
                                                                                
                                                                                
Agent the Tenderfoot           St:14 Dx:11 Co:14 In:14 Wi:15 Ch:7 Chaotic S:4   
Dlvl:1 $:0 HP:14(14) Pw:3(3) AC:7 Xp:1/1 T:244                                  

",0.0,False
209,east,,"message:


language observation:
stairs up very far westsouthwest
boulder very far westnorthwest
dark area very near east
dark area adjacent north, northeast, southeast, south, southwest, and northwest
tame little dog adjacent west

cursor:
Yourself a ranger
(x=44, y=5)

map:
                                                                                
   --------                                                                     
   |.......##                                                                   
   |......| `####################                                               
   |......|                     ###########d@#                                  
   |......|                                                                     
   --.-----                                                                     
     #                                                                          
     #                                                                          
     ###                                                                        
       #                                                                        
    ---.------                                                                  
    |........|                                                                  
    |........|                                                                  
    |........|                                                                  
    |........|                                                                  
    |..<.....|                                                                  
    ----------                                                                  
                                                                                
                                                                                
                                                                                
Agent the Tenderfoot           St:14 Dx:11 Co:14 In:14 Wi:15 Ch:7 Chaotic S:4   
Dlvl:1 $:0 HP:14(14) Pw:3(3) AC:7 Xp:1/1 T:245                                  

",0.0,False
210,east,,"message:


language observation:
stairs up very far westsouthwest
boulder very far westnorthwest
dark area very near east
dark area adjacent north, northeast, southeast, south, southwest, and northwest
tame little dog adjacent west

cursor:
Yourself a ranger
(x=45, y=5)

map:
                                                                                
   --------                                                                     
   |.......##                                                                   
   |......| `####################                                               
   |......|                     ############d@#                                 
   |......|                                                                     
   --.-----                                                                     
     #                                                                          
     #                                                                          
     ###                                                                        
       #                                                                        
    ---.------                                                                  
    |........|                                                                  
    |........|                                                                  
    |........|                                                                  
    |........|                                                                  
    |..<.....|                                                                  
    ----------                                                                  
                                                                                
                                                                                
                                                                                
Agent the Tenderfoot           St:14 Dx:11 Co:14 In:14 Wi:15 Ch:7 Chaotic S:4   
Dlvl:1 $:0 HP:14(14) Pw:3(3) AC:7 Xp:1/1 T:246                                  

",0.0,False
211,east,,"message:


language observation:
stairs up very far westsouthwest
boulder very far westnorthwest
dark area very near east
tame little dog very near west
dark area adjacent north, northeast, southeast, south, southwest, and northwest

cursor:
Yourself a ranger
(x=46, y=5)

map:
                                                                                
   --------                                                                     
   |.......##                                                                   
   |......| `####################                                               
   |......|                     ############d#@#                                
   |......|                                                                     
   --.-----                                                                     
     #                                                                          
     #                                                                          
     ###                                                                        
       #                                                                        
    ---.------                                                                  
    |........|                                                                  
    |........|                                                                  
    |........|                                                                  
    |........|                                                                  
    |..<.....|                                                                  
    ----------                                                                  
                                                                                
                                                                                
                                                                                
Agent the Tenderfoot           St:14 Dx:11 Co:14 In:14 Wi:15 Ch:7 Chaotic S:4   
Dlvl:1 $:0 HP:14(14) Pw:3(3) AC:7 Xp:1/1 T:247                                  

",0.0,False
212,east,,"message:


language observation:
stairs up very far westsouthwest
boulder very far westnorthwest
dark area very near east
dark area adjacent north, northeast, southeast, south, southwest, and northwest
tame little dog adjacent west

cursor:
Yourself a ranger
(x=47, y=5)

map:
                                                                                
   --------                                                                     
   |.......##                                                                   
   |......| `####################                                               
   |......|                     ##############d@#                               
   |......|                                                                     
   --.-----                                                                     
     #                                                                          
     #                                                                          
     ###                                                                        
       #                                                                        
    ---.------                                                                  
    |........|                                                                  
    |........|                                                                  
    |........|                                                                  
    |........|                                                                  
    |..<.....|                                                                  
    ----------                                                                  
                                                                                
                                                                                
                                                                                
Agent the Tenderfoot           St:14 Dx:11 Co:14 In:14 Wi:15 Ch:7 Chaotic S:4   
Dlvl:1 $:0 HP:14(14) Pw:3(3) AC:7 Xp:1/1 T:248                                  

",0.0,False
213,east,,"message:


language observation:
stairs up very far westsouthwest
boulder very far westnorthwest
dark area very near east
tame little dog very near west
dark area adjacent north, northeast, southeast, south, southwest, and northwest

cursor:
Yourself a ranger
(x=48, y=5)

map:
                                                                                
   --------                                                                     
   |.......##                                                                   
   |......| `####################                                               
   |......|                     ##############d#@#                              
   |......|                                                                     
   --.-----                                                                     
     #                                                                          
     #                                                                          
     ###                                                                        
       #                                                                        
    ---.------                                                                  
    |........|                                                                  
    |........|                                                                  
    |........|                                                                  
    |........|                                                                  
    |..<.....|                                                                  
    ----------                                                                  
                                                                                
                                                                                
                                                                                
Agent the Tenderfoot           St:14 Dx:11 Co:14 In:14 Wi:15 Ch:7 Chaotic S:4   
Dlvl:1 $:0 HP:14(14) Pw:3(3) AC:7 Xp:1/1 T:249                                  

",0.0,False
214,east,,"message:


language observation:
stairs up very far westsouthwest
boulder very far westnorthwest
dark area very near east
dark area adjacent north, northeast, southeast, south, southwest, and northwest
tame little dog adjacent west

cursor:
Yourself a ranger
(x=49, y=5)

map:
                                                                                
   --------                                                                     
   |.......##                                                                   
   |......| `####################                                               
   |......|                     ################d@#                             
   |......|                                                                     
   --.-----                                                                     
     #                                                                          
     #                                                                          
     ###                                                                        
       #                                                                        
    ---.------                                                                  
    |........|                                                                  
    |........|                                                                  
    |........|                                                                  
    |........|                                                                  
    |..<.....|                                                                  
    ----------                                                                  
                                                                                
                                                                                
                                                                                
Agent the Tenderfoot           St:14 Dx:11 Co:14 In:14 Wi:15 Ch:7 Chaotic S:4   
Dlvl:1 $:0 HP:14(14) Pw:3(3) AC:7 Xp:1/1 T:250                                  

",0.0,False
215,east,,"message:


language observation:
stairs up very far westsouthwest
boulder very far westnorthwest
dark area very near east
dark area adjacent north, northeast, southeast, south, southwest, and northwest
tame little dog adjacent west

cursor:
Yourself a ranger
(x=50, y=5)

map:
                                                                                
   --------                                                                     
   |.......##                                                                   
   |......| `####################                                               
   |......|                     #################d@#                            
   |......|                                                                     
   --.-----                                                                     
     #                                                                          
     #                                                                          
     ###                                                                        
       #                                                                        
    ---.------                                                                  
    |........|                                                                  
    |........|                                                                  
    |........|                                                                  
    |........|                                                                  
    |..<.....|                                                                  
    ----------                                                                  
                                                                                
                                                                                
                                                                                
Agent the Tenderfoot           St:14 Dx:11 Co:14 In:14 Wi:15 Ch:7 Chaotic S:4   
Dlvl:1 $:0 HP:14(14) Pw:3(3) AC:7 Xp:1/1 T:251                                  

",0.0,False
216,east,,"message:


language observation:
stairs up very far westsouthwest
boulder very far westnorthwest
dark area very near east
tame little dog very near west
dark area adjacent north, northeast, southeast, south, southwest, and northwest

cursor:
Yourself a ranger
(x=51, y=5)

map:
                                                                                
   --------                                                                     
   |.......##                                                                   
   |......| `####################                                               
   |......|                     #################d#@#                           
   |......|                                                                     
   --.-----                                                                     
     #                                                                          
     #                                                                          
     ###                                                                        
       #                                                                        
    ---.------                                                                  
    |........|                                                                  
    |........|                                                                  
    |........|                                                                  
    |........|                                                                  
    |..<.....|                                                                  
    ----------                                                                  
                                                                                
                                                                                
                                                                                
Agent the Tenderfoot           St:14 Dx:11 Co:14 In:14 Wi:15 Ch:7 Chaotic S:4   
Dlvl:1 $:0 HP:14(14) Pw:3(3) AC:7 Xp:1/1 T:252                                  

",0.0,False
217,east,,"message:


language observation:
stairs up very far westsouthwest
boulder very far westnorthwest
dark area very near east
dark area adjacent north, northeast, southeast, south, southwest, and northwest
tame little dog adjacent west

cursor:
Yourself a ranger
(x=52, y=5)

map:
                                                                                
   --------                                                                     
   |.......##                                                                   
   |......| `####################                                               
   |......|                     ###################d@#                          
   |......|                                                                     
   --.-----                                                                     
     #                                                                          
     #                                                                          
     ###                                                                        
       #                                                                        
    ---.------                                                                  
    |........|                                                                  
    |........|                                                                  
    |........|                                                                  
    |........|                                                                  
    |..<.....|                                                                  
    ----------                                                                  
                                                                                
                                                                                
                                                                                
Agent the Tenderfoot           St:14 Dx:11 Co:14 In:14 Wi:15 Ch:7 Chaotic S:4   
Dlvl:1 $:0 HP:14(14) Pw:3(3) AC:7 Xp:1/1 T:253                                  

",0.0,False
218,east,,"message:


language observation:
stairs up very far westsouthwest
boulder very far westnorthwest
dark area very near east
dark area adjacent north, northeast, southeast, south, southwest, and northwest
tame little dog adjacent west

cursor:
Yourself a ranger
(x=53, y=5)

map:
                                                                                
   --------                                                                     
   |.......##                                                                   
   |......| `####################                                               
   |......|                     ####################d@#                         
   |......|                                                                     
   --.-----                                                                     
     #                                                                          
     #                                                                          
     ###                                                                        
       #                                                                        
    ---.------                                                                  
    |........|                                                                  
    |........|                                                                  
    |........|                                                                  
    |........|                                                                  
    |..<.....|                                                                  
    ----------                                                                  
                                                                                
                                                                                
                                                                                
Agent the Tenderfoot           St:14 Dx:11 Co:14 In:14 Wi:15 Ch:7 Chaotic S:4   
Dlvl:1 $:0 HP:14(14) Pw:3(3) AC:7 Xp:1/1 T:254                                  

",0.0,False
219,east,,"message:


language observation:
stairs up very far westsouthwest
boulder very far westnorthwest
dark area very near east
dark area adjacent north, northeast, southeast, south, southwest, and northwest
tame little dog adjacent west

cursor:
Yourself a ranger
(x=54, y=5)

map:
                                                                                
   --------                                                                     
   |.......##                                                                   
   |......| `####################                                               
   |......|                     #####################d@#                        
   |......|                                                                     
   --.-----                                                                     
     #                                                                          
     #                                                                          
     ###                                                                        
       #                                                                        
    ---.------                                                                  
    |........|                                                                  
    |........|                                                                  
    |........|                                                                  
    |........|                                                                  
    |..<.....|                                                                  
    ----------                                                                  
                                                                                
                                                                                
                                                                                
Agent the Tenderfoot           St:14 Dx:11 Co:14 In:14 Wi:15 Ch:7 Chaotic S:4   
Dlvl:1 $:0 HP:14(14) Pw:3(3) AC:7 Xp:1/1 T:255                                  

",0.0,False
220,east,,"message:


language observation:
stairs up very far westsouthwest
boulder very far westnorthwest
dark area very near east
tame little dog very near west
dark area adjacent north, northeast, southeast, south, southwest, and northwest

cursor:
Yourself a ranger
(x=55, y=5)

map:
                                                                                
   --------                                                                     
   |.......##                                                                   
   |......| `####################                                               
   |......|                     #####################d#@#                       
   |......|                                                                     
   --.-----                                                                     
     #                                                                          
     #                                                                          
     ###                                                                        
       #                                                                        
    ---.------                                                                  
    |........|                                                                  
    |........|                                                                  
    |........|                                                                  
    |........|                                                                  
    |..<.....|                                                                  
    ----------                                                                  
                                                                                
                                                                                
                                                                                
Agent the Tenderfoot           St:14 Dx:11 Co:14 In:14 Wi:15 Ch:7 Chaotic S:4   
Dlvl:1 $:0 HP:14(14) Pw:3(3) AC:7 Xp:1/1 T:256                                  

",0.0,False
221,east,,"message:


language observation:
stairs up very far westsouthwest
boulder very far westnorthwest
dark area very near east
tame little dog very near west
dark area adjacent north, northeast, southeast, south, southwest, and northwest

cursor:
Yourself a ranger
(x=56, y=5)

map:
                                                                                
   --------                                                                     
   |.......##                                                                   
   |......| `####################                                               
   |......|                     ######################d#@#                      
   |......|                                                                     
   --.-----                                                                     
     #                                                                          
     #                                                                          
     ###                                                                        
       #                                                                        
    ---.------                                                                  
    |........|                                                                  
    |........|                                                                  
    |........|                                                                  
    |........|                                                                  
    |..<.....|                                                                  
    ----------                                                                  
                                                                                
                                                                                
                                                                                
Agent the Tenderfoot           St:14 Dx:11 Co:14 In:14 Wi:15 Ch:7 Chaotic S:4   
Dlvl:1 $:0 HP:14(14) Pw:3(3) AC:7 Xp:1/1 T:257                                  

",0.0,False
222,east,,"message:


language observation:
stairs up very far westsouthwest
boulder very far westnorthwest
dark area very near east
tame little dog very near west
dark area adjacent north, northeast, southeast, south, southwest, and northwest

cursor:
Yourself a ranger
(x=57, y=5)

map:
                                                                                
   --------                                                                     
   |.......##                                                                   
   |......| `####################                                               
   |......|                     #######################d#@#                     
   |......|                                                                     
   --.-----                                                                     
     #                                                                          
     #                                                                          
     ###                                                                        
       #                                                                        
    ---.------                                                                  
    |........|                                                                  
    |........|                                                                  
    |........|                                                                  
    |........|                                                                  
    |..<.....|                                                                  
    ----------                                                                  
                                                                                
                                                                                
                                                                                
Agent the Tenderfoot           St:14 Dx:11 Co:14 In:14 Wi:15 Ch:7 Chaotic S:4   
Dlvl:1 $:0 HP:14(14) Pw:3(3) AC:7 Xp:1/1 T:258                                  

",0.0,False
223,east,,"message:


language observation:
stairs up very far westsouthwest
boulder very far westnorthwest
dark area very near east
dark area adjacent north, northeast, southeast, south, southwest, and northwest
tame little dog adjacent west

cursor:
Yourself a ranger
(x=58, y=5)

map:
                                                                                
   --------                                                                     
   |.......##                                                                   
   |......| `####################                                               
   |......|                     #########################d@#                    
   |......|                                                                     
   --.-----                                                                     
     #                                                                          
     #                                                                          
     ###                                                                        
       #                                                                        
    ---.------                                                                  
    |........|                                                                  
    |........|                                                                  
    |........|                                                                  
    |........|                                                                  
    |..<.....|                                                                  
    ----------                                                                  
                                                                                
                                                                                
                                                                                
Agent the Tenderfoot           St:14 Dx:11 Co:14 In:14 Wi:15 Ch:7 Chaotic S:4   
Dlvl:1 $:0 HP:14(14) Pw:3(3) AC:7 Xp:1/1 T:259                                  

",0.0,False
224,east,,"message:


language observation:
stairs up very far westsouthwest
boulder very far westnorthwest
dark area very near east
tame little dog very near west
dark area adjacent north, northeast, southeast, south, southwest, and northwest

cursor:
Yourself a ranger
(x=59, y=5)

map:
                                                                                
   --------                                                                     
   |.......##                                                                   
   |......| `####################                                               
   |......|                     #########################d#@#                   
   |......|                                                                     
   --.-----                                                                     
     #                                                                          
     #                                                                          
     ###                                                                        
       #                                                                        
    ---.------                                                                  
    |........|                                                                  
    |........|                                                                  
    |........|                                                                  
    |........|                                                                  
    |..<.....|                                                                  
    ----------                                                                  
                                                                                
                                                                                
                                                                                
Agent the Tenderfoot           St:14 Dx:11 Co:14 In:14 Wi:15 Ch:7 Chaotic S:4   
Dlvl:1 $:0 HP:14(14) Pw:3(3) AC:7 Xp:1/1 T:260                                  

",0.0,False
225,east,,"message:


language observation:
stairs up very far westsouthwest
boulder very far westnorthwest
dark area very near east
tame little dog very near west
dark area adjacent north, northeast, southeast, south, southwest, and northwest
boulder adjacent east

cursor:
Yourself a ranger
(x=60, y=5)

map:
                                                                                
   --------                                                                     
   |.......##                                                                   
   |......| `####################                                               
   |......|                     ##########################d#@`                  
   |......|                                                                     
   --.-----                                                                     
     #                                                                          
     #                                                                          
     ###                                                                        
       #                                                                        
    ---.------                                                                  
    |........|                                                                  
    |........|                                                                  
    |........|                                                                  
    |........|                                                                  
    |..<.....|                                                                  
    ----------                                                                  
                                                                                
                                                                                
                                                                                
Agent the Tenderfoot           St:14 Dx:11 Co:14 In:14 Wi:15 Ch:7 Chaotic S:4   
Dlvl:1 $:0 HP:14(14) Pw:3(3) AC:7 Xp:1/1 T:261                                  

",0.0,False
226,south,,"message:
It's solid stone.

language observation:
stairs up very far westsouthwest
boulder very far westnorthwest
dark area very near east
tame little dog very near west
dark area adjacent north, northeast, southeast, south, southwest, and northwest
boulder adjacent east

cursor:
Yourself a ranger
(x=60, y=5)

map:
                                                                                
   --------                                                                     
   |.......##                                                                   
   |......| `####################                                               
   |......|                     ##########################d#@`                  
   |......|                                                                     
   --.-----                                                                     
     #                                                                          
     #                                                                          
     ###                                                                        
       #                                                                        
    ---.------                                                                  
    |........|                                                                  
    |........|                                                                  
    |........|                                                                  
    |........|                                                                  
    |..<.....|                                                                  
    ----------                                                                  
                                                                                
                                                                                
                                                                                
Agent the Tenderfoot           St:14 Dx:11 Co:14 In:14 Wi:15 Ch:7 Chaotic S:4   
Dlvl:1 $:0 HP:14(14) Pw:3(3) AC:7 Xp:1/1 T:261                                  

",0.0,False
227,far west,,"message:
Sirius blocks your path.

language observation:
stairs up very far westsouthwest
boulder very far westnorthwest
boulder near east
dark area near east
dark area adjacent north, northeast, southeast, south, southwest, and northwest
tame little dog adjacent west

cursor:
Yourself a ranger
(x=57, y=5)

map:
                                                                                
   --------                                                                     
   |.......##                                                                   
   |......| `####################                                               
   |......|                     ########################d@###`                  
   |......|                                                                     
   --.-----                                                                     
     #                                                                          
     #                                                                          
     ###                                                                        
       #                                                                        
    ---.------                                                                  
    |........|                                                                  
    |........|                                                                  
    |........|                                                                  
    |........|                                                                  
    |..<.....|                                                                  
    ----------                                                                  
                                                                                
                                                                                
                                                                                
Agent the Tenderfoot           St:14 Dx:11 Co:14 In:14 Wi:15 Ch:7 Chaotic S:4   
Dlvl:1 $:0 HP:14(14) Pw:3(3) AC:7 Xp:1/1 T:264                                  

",0.0,False
228,wait,,"message:


language observation:
stairs up very far westsouthwest
boulder very far westnorthwest
boulder near east
dark area near east
tame little dog very near west
dark area adjacent north, northeast, southeast, south, southwest, and northwest

cursor:
Yourself a ranger
(x=57, y=5)

map:
                                                                                
   --------                                                                     
   |.......##                                                                   
   |......| `####################                                               
   |......|                     #######################d#@###`                  
   |......|                                                                     
   --.-----                                                                     
     #                                                                          
     #                                                                          
     ###                                                                        
       #                                                                        
    ---.------                                                                  
    |........|                                                                  
    |........|                                                                  
    |........|                                                                  
    |........|                                                                  
    |..<.....|                                                                  
    ----------                                                                  
                                                                                
                                                                                
                                                                                
Agent the Tenderfoot           St:14 Dx:11 Co:14 In:14 Wi:15 Ch:7 Chaotic S:4   
Dlvl:1 $:0 HP:14(14) Pw:3(3) AC:7 Xp:1/1 T:265                                  

",0.0,False
229,west,,"message:


language observation:
stairs up very far westsouthwest
boulder very far westnorthwest
dark area far east
boulder near east
dark area adjacent north, northeast, southeast, south, southwest, and northwest
tame little dog adjacent west

cursor:
Yourself a ranger
(x=56, y=5)

map:
                                                                                
   --------                                                                     
   |.......##                                                                   
   |......| `####################                                               
   |......|                     #######################d@####`                  
   |......|                                                                     
   --.-----                                                                     
     #                                                                          
     #                                                                          
     ###                                                                        
       #                                                                        
    ---.------                                                                  
    |........|                                                                  
    |........|                                                                  
    |........|                                                                  
    |........|                                                                  
    |..<.....|                                                                  
    ----------                                                                  
                                                                                
                                                                                
                                                                                
Agent the Tenderfoot           St:14 Dx:11 Co:14 In:14 Wi:15 Ch:7 Chaotic S:4   
Dlvl:1 $:0 HP:14(14) Pw:3(3) AC:7 Xp:1/1 T:266                                  

",0.0,False
230,west,,"message:
You swap places with Sirius.

language observation:
stairs up very far westsouthwest
boulder very far westnorthwest
boulder far east
dark area far east
dark area adjacent north, northeast, southeast, south, southwest, and northwest
tame little dog adjacent east

cursor:
Yourself a ranger
(x=55, y=5)

map:
                                                                                
   --------                                                                     
   |.......##                                                                   
   |......| `####################                                               
   |......|                     #######################@d####`                  
   |......|                                                                     
   --.-----                                                                     
     #                                                                          
     #                                                                          
     ###                                                                        
       #                                                                        
    ---.------                                                                  
    |........|                                                                  
    |........|                                                                  
    |........|                                                                  
    |........|                                                                  
    |..<.....|                                                                  
    ----------                                                                  
                                                                                
                                                                                
                                                                                
Agent the Tenderfoot           St:14 Dx:11 Co:14 In:14 Wi:15 Ch:7 Chaotic S:4   
Dlvl:1 $:0 HP:14(14) Pw:3(3) AC:7 Xp:1/1 T:267                                  

",0.0,False
231,far west,,"message:
You try to move the boulder, but in vain.

language observation:
boulder very far eastsoutheast
stairs up far southsouthwest
dark area very near west and northwest
dark area adjacent north, northeast, southeast, south, and southwest
tame little dog adjacent east
boulder adjacent west

cursor:
Yourself a ranger
(x=13, y=4)

map:
                                                                                
   --------                                                                     
   |.......##                                                                   
   |......| `@d##################                                               
   |......|                     #############################`                  
   |......|                                                                     
   --.-----                                                                     
     #                                                                          
     #                                                                          
     ###                                                                        
       #                                                                        
    ---.------                                                                  
    |........|                                                                  
    |........|                                                                  
    |........|                                                                  
    |........|                                                                  
    |..<.....|                                                                  
    ----------                                                                  
                                                                                
                                                                                
                                                                                
Agent the Tenderfoot           St:14 Dx:11 Co:14 In:14 Wi:15 Ch:7 Chaotic S:4   
Dlvl:1 $:0 HP:14(14) Pw:3(3) AC:7 Xp:1/1 T:309                                  

",0.0,False
232,northwest,,"message:


language observation:
boulder very far eastsoutheast
stairs up far southsouthwest
vertical wall far west
dark area very near southeast and south
doorway very near west
dark area adjacent north, northeast, east, southwest, and northwest
tame little dog adjacent southeast
boulder adjacent south

cursor:
Yourself a ranger
(x=12, y=3)

map:
                                                                                
   --------                                                                     
   |.......#@                                                                   
   |......| `d###################                                               
   |......|                     #############################`                  
   |......|                                                                     
   --.-----                                                                     
     #                                                                          
     #                                                                          
     ###                                                                        
       #                                                                        
    ---.------                                                                  
    |........|                                                                  
    |........|                                                                  
    |........|                                                                  
    |........|                                                                  
    |..<.....|                                                                  
    ----------                                                                  
                                                                                
                                                                                
                                                                                
Agent the Tenderfoot           St:14 Dx:11 Co:14 In:14 Wi:15 Ch:7 Chaotic S:4   
Dlvl:1 $:0 HP:14(14) Pw:3(3) AC:7 Xp:1/1 T:310                                  

",0.0,False
233,west,,"message:


language observation:
boulder very far eastsoutheast
stairs up far southsouthwest
vertical wall far west
dark area very near east and southeast
dark area adjacent north, northeast, and south
boulder adjacent southeast
vertical wall adjacent southwest
doorway adjacent west
northeast room corner adjacent northwest

cursor:
Yourself a ranger
(x=11, y=3)

map:
                                                                                
   --------                                                                     
   |.......@#                                                                   
   |......| `####################                                               
   |......|                     #############################`                  
   |......|                                                                     
   --.-----                                                                     
     #                                                                          
     #                                                                          
     ###                                                                        
       #                                                                        
    ---.------                                                                  
    |........|                                                                  
    |........|                                                                  
    |........|                                                                  
    |........|                                                                  
    |..<.....|                                                                  
    ----------                                                                  
                                                                                
                                                                                
                                                                                
Agent the Tenderfoot           St:14 Dx:11 Co:14 In:14 Wi:15 Ch:7 Chaotic S:4   
Dlvl:1 $:0 HP:14(14) Pw:3(3) AC:7 Xp:1/1 T:311                                  

",0.0,False
234,west,,"message:


language observation:
boulder very far eastsoutheast
stairs up far southsouthwest
vertical wall far west
dark area near east
horizontal wall near southwest
tame little dog very near east
boulder very near eastsoutheast
northeast room corner adjacent north
dark area adjacent northeast and southeast
vertical wall adjacent south
horizontal wall adjacent northwest

cursor:
Yourself a ranger
(x=10, y=3)

map:
                                                                                
   --------                                                                     
   |......@#d                                                                   
   |......| `####################                                               
   |......|                     #############################`                  
   |......|                                                                     
   --.-----                                                                     
     #                                                                          
     #                                                                          
     ###                                                                        
       #                                                                        
    ---.------                                                                  
    |........|                                                                  
    |........|                                                                  
    |........|                                                                  
    |........|                                                                  
    |..<.....|                                                                  
    ----------                                                                  
                                                                                
                                                                                
                                                                                
Agent the Tenderfoot           St:14 Dx:11 Co:14 In:14 Wi:15 Ch:7 Chaotic S:4   
Dlvl:1 $:0 HP:14(14) Pw:3(3) AC:7 Xp:1/1 T:312                                  

",0.0,False
235,west,,"message:


language observation:
boulder very far eastsoutheast
stairs up far southsouthwest
vertical wall far west
tame little dog near east
dark area near east and southwest
boulder near eastsoutheast
horizontal wall near south
doorway near southwest
horizontal wall adjacent north and northwest
northeast room corner adjacent northeast
doorway adjacent east
vertical wall adjacent southeast

cursor:
Yourself a ranger
(x=9, y=3)

map:
                                                                                
   --------                                                                     
   |.....@.#d                                                                   
   |......| `####################                                               
   |......|                     #############################`                  
   |......|                                                                     
   --.-----                                                                     
     #                                                                          
     #                                                                          
     ###                                                                        
       #                                                                        
    ---.------                                                                  
    |........|                                                                  
    |........|                                                                  
    |........|                                                                  
    |........|                                                                  
    |..<.....|                                                                  
    ----------                                                                  
                                                                                
                                                                                
                                                                                
Agent the Tenderfoot           St:14 Dx:11 Co:14 In:14 Wi:15 Ch:7 Chaotic S:4   
Dlvl:1 $:0 HP:14(14) Pw:3(3) AC:7 Xp:1/1 T:313                                  

",0.0,False
236,southwest,,"message:


language observation:
boulder very far eastsoutheast
stairs up far southsouthwest
tame little dog near eastnortheast
boulder near east
horizontal wall near south
doorway near southwest
dark area near southwest
vertical wall near west
horizontal wall very near north and northwest
northeast room corner very near northeast
vertical wall very near east and southeast

cursor:
Yourself a ranger
(x=8, y=4)

map:
                                                                                
   --------                                                                     
   |.......d#                                                                   
   |....@.| `####################                                               
   |......|                     #############################`                  
   |......|                                                                     
   --.-----                                                                     
     #                                                                          
     #                                                                          
     ###                                                                        
       #                                                                        
    ---.------                                                                  
    |........|                                                                  
    |........|                                                                  
    |........|                                                                  
    |........|                                                                  
    |..<.....|                                                                  
    ----------                                                                  
                                                                                
                                                                                
                                                                                
Agent the Tenderfoot           St:14 Dx:11 Co:14 In:14 Wi:15 Ch:7 Chaotic S:4   
Dlvl:1 $:0 HP:14(14) Pw:3(3) AC:7 Xp:1/1 T:314                                  

",0.0,False
237,southwest,,"message:


language observation:
boulder very far east
stairs up far south
horizontal wall near north and northwest
northeast room corner near northeast
tame little dog near eastnortheast
boulder near eastnortheast
vertical wall near east and west
dark area near southwest
horizontal wall very near southeast and south
doorway very near southwest

cursor:
Yourself a ranger
(x=7, y=5)

map:
                                                                                
   --------                                                                     
   |......d##                                                                   
   |......| `####################                                               
   |...@..|                     #############################`                  
   |......|                                                                     
   --.-----                                                                     
     #                                                                          
     #                                                                          
     ###                                                                        
       #                                                                        
    ---.------                                                                  
    |........|                                                                  
    |........|                                                                  
    |........|                                                                  
    |........|                                                                  
    |..<.....|                                                                  
    ----------                                                                  
                                                                                
                                                                                
                                                                                
Agent the Tenderfoot           St:14 Dx:11 Co:14 In:14 Wi:15 Ch:7 Chaotic S:4   
Dlvl:1 $:0 HP:14(14) Pw:3(3) AC:7 Xp:1/1 T:315                                  

",0.0,False
238,southwest,,"message:


language observation:
boulder very far eastnortheast
boulder far eastnortheast
stairs up far southsoutheast
horizontal wall near north
northeast room corner near northeast
vertical wall near east, west, and northwest
tame little dog very near eastnortheast
dark area very near southwest
horizontal wall adjacent southeast and south
doorway adjacent southwest

cursor:
Yourself a ranger
(x=6, y=6)

map:
                                                                                
   --------                                                                     
   |.......##                                                                   
   |......| `####################                                               
   |....d.|                     #############################`                  
   |..@...|                                                                     
   --.-----                                                                     
     #                                                                          
     #                                                                          
     ###                                                                        
       #                                                                        
    ---.------                                                                  
    |........|                                                                  
    |........|                                                                  
    |........|                                                                  
    |........|                                                                  
    |..<.....|                                                                  
    ----------                                                                  
                                                                                
                                                                                
                                                                                
Agent the Tenderfoot           St:14 Dx:11 Co:14 In:14 Wi:15 Ch:7 Chaotic S:4   
Dlvl:1 $:0 HP:14(14) Pw:3(3) AC:7 Xp:1/1 T:316                                  

",0.0,False
239,southwest,,"message:


language observation:
boulder very far eastnortheast
boulder far eastnortheast
stairs up far southsoutheast
horizontal wall near north
northeast room corner near northeast
dark area near south
vertical wall very near northwest
tame little dog adjacent northeast
horizontal wall adjacent east and west
dark area adjacent southeast and southwest

cursor:
Yourself a ranger
(x=5, y=7)

map:
                                                                                
   --------                                                                     
   |.......##                                                                   
   |......| `####################                                               
   |......|                     #############################`                  
   |..d...|                                                                     
   --@-----                                                                     
     #                                                                          
     #                                                                          
     ###                                                                        
       #                                                                        
    ---.------                                                                  
    |........|                                                                  
    |........|                                                                  
    |........|                                                                  
    |........|                                                                  
    |..<.....|                                                                  
    ----------                                                                  
                                                                                
                                                                                
                                                                                
Agent the Tenderfoot           St:14 Dx:11 Co:14 In:14 Wi:15 Ch:7 Chaotic S:4   
Dlvl:1 $:0 HP:14(14) Pw:3(3) AC:7 Xp:1/1 T:317                                  

",0.0,False
240,south,,"message:


language observation:
boulder very far eastnortheast
horizontal wall far north
boulder far eastnortheast
stairs up far southsoutheast
dark area near south
tame little dog adjacent north
horizontal wall adjacent northeast and northwest
dark area adjacent east, southeast, southwest, and west

cursor:
Yourself a ranger
(x=5, y=8)

map:
                                                                                
   --------                                                                     
   |.......##                                                                   
   |......| `####################                                               
   |......|                     #############################`                  
   |......|                                                                     
   --d-----                                                                     
     @                                                                          
     #                                                                          
     ###                                                                        
       #                                                                        
    ---.------                                                                  
    |........|                                                                  
    |........|                                                                  
    |........|                                                                  
    |........|                                                                  
    |..<.....|                                                                  
    ----------                                                                  
                                                                                
                                                                                
                                                                                
Agent the Tenderfoot           St:14 Dx:11 Co:14 In:14 Wi:15 Ch:7 Chaotic S:4   
Dlvl:1 $:0 HP:14(14) Pw:3(3) AC:7 Xp:1/1 T:318                                  

",0.0,False
241,south,,"message:


language observation:
boulder very far eastnortheast
horizontal wall far north
boulder far eastnortheast
stairs up far southsoutheast
horizontal wall near southeast
tame little dog very near north
dark area very near south
dark area adjacent northeast, east, southwest, west, and northwest

cursor:
Yourself a ranger
(x=5, y=9)

map:
                                                                                
   --------                                                                     
   |.......##                                                                   
   |......| `####################                                               
   |......|                     #############################`                  
   |......|                                                                     
   --d-----                                                                     
     #                                                                          
     @                                                                          
     ###                                                                        
       #                                                                        
    ---.------                                                                  
    |........|                                                                  
    |........|                                                                  
    |........|                                                                  
    |........|                                                                  
    |..<.....|                                                                  
    ----------                                                                  
                                                                                
                                                                                
                                                                                
Agent the Tenderfoot           St:14 Dx:11 Co:14 In:14 Wi:15 Ch:7 Chaotic S:4   
Dlvl:1 $:0 HP:14(14) Pw:3(3) AC:7 Xp:1/1 T:319                                  

",0.0,False
242,south,,"message:


language observation:
boulder very far eastnortheast
horizontal wall far north
boulder far eastnortheast
stairs up far southsoutheast
doorway near north
dark area near east
tame little dog very near north
dark area adjacent northeast, southeast, south, southwest, west, and northwest

cursor:
Yourself a ranger
(x=5, y=10)

map:
                                                                                
   --------                                                                     
   |.......##                                                                   
   |......| `####################                                               
   |......|                     #############################`                  
   |......|                                                                     
   --.-----                                                                     
     d                                                                          
     #                                                                          
     @##                                                                        
       #                                                                        
    ---.------                                                                  
    |........|                                                                  
    |........|                                                                  
    |........|                                                                  
    |........|                                                                  
    |..<.....|                                                                  
    ----------                                                                  
                                                                                
                                                                                
                                                                                
Agent the Tenderfoot           St:14 Dx:11 Co:14 In:14 Wi:15 Ch:7 Chaotic S:4   
Dlvl:1 $:0 HP:14(14) Pw:3(3) AC:7 Xp:1/1 T:320                                  

",0.0,False
243,east,,"message:


language observation:
boulder very far eastnortheast
boulder far northeast
stairs up far southsoutheast
dark area very near east, west, and northwest
horizontal wall very near southeast
dark area adjacent north, northeast, south, and southwest
tame little dog adjacent northwest

cursor:
Yourself a ranger
(x=6, y=10)

map:
                                                                                
   --------                                                                     
   |.......##                                                                   
   |......| `####################                                               
   |......|                     #############################`                  
   |......|                                                                     
   --.-----                                                                     
     #                                                                          
     d                                                                          
     #@#                                                                        
       #                                                                        
    ---.------                                                                  
    |........|                                                                  
    |........|                                                                  
    |........|                                                                  
    |........|                                                                  
    |..<.....|                                                                  
    ----------                                                                  
                                                                                
                                                                                
                                                                                
Agent the Tenderfoot           St:14 Dx:11 Co:14 In:14 Wi:15 Ch:7 Chaotic S:4   
Dlvl:1 $:0 HP:14(14) Pw:3(3) AC:7 Xp:1/1 T:321                                  

",0.0,False
244,east,,"message:


language observation:
boulder very far eastnortheast
boulder far northnortheast
stairs up far south
horizontal wall far south
dark area near west
doorway very near south
dark area adjacent north, northeast, east, southeast, southwest, and northwest
tame little dog adjacent west

cursor:
Yourself a ranger
(x=7, y=10)

map:
                                                                                
   --------                                                                     
   |.......##                                                                   
   |......| `####################                                               
   |......|                     #############################`                  
   |......|                                                                     
   --.-----                                                                     
     #                                                                          
     #                                                                          
     #d@                                                                        
       #                                                                        
    ---.------                                                                  
    |........|                                                                  
    |........|                                                                  
    |........|                                                                  
    |........|                                                                  
    |..<.....|                                                                  
    ----------                                                                  
                                                                                
                                                                                
                                                                                
Agent the Tenderfoot           St:14 Dx:11 Co:14 In:14 Wi:15 Ch:7 Chaotic S:4   
Dlvl:1 $:0 HP:14(14) Pw:3(3) AC:7 Xp:1/1 T:322                                  

",0.0,False
245,south,,"message:


language observation:
boulder very far eastnortheast
boulder far northnortheast
stairs up far south
horizontal wall far south
dark area near northwest
dark area very near north
tame little dog adjacent north
dark area adjacent northeast, east, and west
horizontal wall adjacent southeast and southwest
doorway adjacent south

cursor:
Yourself a ranger
(x=7, y=11)

map:
                                                                                
   --------                                                                     
   |.......##                                                                   
   |......| `####################                                               
   |......|                     #############################`                  
   |......|                                                                     
   --.-----                                                                     
     #                                                                          
     #                                                                          
     ##d                                                                        
       @                                                                        
    ---.------                                                                  
    |........|                                                                  
    |........|                                                                  
    |........|                                                                  
    |........|                                                                  
    |..<.....|                                                                  
    ----------                                                                  
                                                                                
                                                                                
                                                                                
Agent the Tenderfoot           St:14 Dx:11 Co:14 In:14 Wi:15 Ch:7 Chaotic S:4   
Dlvl:1 $:0 HP:14(14) Pw:3(3) AC:7 Xp:1/1 T:323                                  

",0.0,False
246,south,,"message:


language observation:
boulder very far eastnortheast
boulder far northnortheast
southeast corner far southeast
horizontal wall far south
dark area near north
stairs up near south
vertical wall near southwest
tame little dog adjacent north
dark area adjacent northeast and northwest
horizontal wall adjacent east and west

cursor:
Yourself a ranger
(x=7, y=12)

map:
                                                                                
   --------                                                                     
   |.......##                                                                   
   |......| `####################                                               
   |......|                     #############################`                  
   |......|                                                                     
   --.-----                                                                     
     #                                                                          
     #                                                                          
     ###                                                                        
       d                                                                        
    ---@------                                                                  
    |........|                                                                  
    |........|                                                                  
    |........|                                                                  
    |........|                                                                  
    |..<.....|                                                                  
    ----------                                                                  
                                                                                
                                                                                
                                                                                
Agent the Tenderfoot           St:14 Dx:11 Co:14 In:14 Wi:15 Ch:7 Chaotic S:4   
Dlvl:1 $:0 HP:14(14) Pw:3(3) AC:7 Xp:1/1 T:324                                  

",0.0,False
247,south,,"message:


language observation:
boulder very far eastnortheast
boulder far northnortheast
vertical wall far east
tame little dog near north
dark area near north
horizontal wall near southeast and south
stairs up near south
vertical wall near southwest and west
doorway adjacent north
horizontal wall adjacent northeast and northwest

cursor:
Yourself a ranger
(x=7, y=13)

map:
                                                                                
   --------                                                                     
   |.......##                                                                   
   |......| `####################                                               
   |......|                     #############################`                  
   |......|                                                                     
   --.-----                                                                     
     #                                                                          
     #                                                                          
     ##d                                                                        
       #                                                                        
    ---.------                                                                  
    |..@.....|                                                                  
    |........|                                                                  
    |........|                                                                  
    |........|                                                                  
    |..<.....|                                                                  
    ----------                                                                  
                                                                                
                                                                                
                                                                                
Agent the Tenderfoot           St:14 Dx:11 Co:14 In:14 Wi:15 Ch:7 Chaotic S:4   
Dlvl:1 $:0 HP:14(14) Pw:3(3) AC:7 Xp:1/1 T:325                                  

",0.0,False
248,north,,"message:


language observation:
boulder very far eastnortheast
boulder far northnortheast
southeast corner far southeast
horizontal wall far south
dark area near north
stairs up near south
vertical wall near southwest
tame little dog adjacent north
dark area adjacent northeast and northwest
horizontal wall adjacent east and west

cursor:
Yourself a ranger
(x=7, y=12)

map:
                                                                                
   --------                                                                     
   |.......##                                                                   
   |......| `####################                                               
   |......|                     #############################`                  
   |......|                                                                     
   --.-----                                                                     
     #                                                                          
     #                                                                          
     ###                                                                        
       d                                                                        
    ---@------                                                                  
    |........|                                                                  
    |........|                                                                  
    |........|                                                                  
    |........|                                                                  
    |..<.....|                                                                  
    ----------                                                                  
                                                                                
                                                                                
                                                                                
Agent the Tenderfoot           St:14 Dx:11 Co:14 In:14 Wi:15 Ch:7 Chaotic S:4   
Dlvl:1 $:0 HP:14(14) Pw:3(3) AC:7 Xp:1/1 T:326                                  

",0.0,False
249,north,,"message:
You swap places with Sirius.

language observation:
boulder very far eastnortheast
boulder far northnortheast
stairs up far south
horizontal wall far south
dark area near northwest
dark area very near north
dark area adjacent northeast, east, and west
horizontal wall adjacent southeast and southwest
tame little dog adjacent south

cursor:
Yourself a ranger
(x=7, y=11)

map:
                                                                                
   --------                                                                     
   |.......##                                                                   
   |......| `####################                                               
   |......|                     #############################`                  
   |......|                                                                     
   --.-----                                                                     
     #                                                                          
     #                                                                          
     ###                                                                        
       @                                                                        
    ---d------                                                                  
    |........|                                                                  
    |........|                                                                  
    |........|                                                                  
    |........|                                                                  
    |..<.....|                                                                  
    ----------                                                                  
                                                                                
                                                                                
                                                                                
Agent the Tenderfoot           St:14 Dx:11 Co:14 In:14 Wi:15 Ch:7 Chaotic S:4   
Dlvl:1 $:0 HP:14(14) Pw:3(3) AC:7 Xp:1/1 T:327                                  

",0.0,False
250,north,,"message:


language observation:
boulder very far eastnortheast
boulder far northnortheast
stairs up far south
horizontal wall far south
dark area near west
tame little dog very near south
dark area adjacent north, northeast, east, southeast, southwest, and northwest

cursor:
Yourself a ranger
(x=7, y=10)

map:
                                                                                
   --------                                                                     
   |.......##                                                                   
   |......| `####################                                               
   |......|                     #############################`                  
   |......|                                                                     
   --.-----                                                                     
     #                                                                          
     #                                                                          
     ##@                                                                        
       #                                                                        
    ---d------                                                                  
    |........|                                                                  
    |........|                                                                  
    |........|                                                                  
    |........|                                                                  
    |..<.....|                                                                  
    ----------                                                                  
                                                                                
                                                                                
                                                                                
Agent the Tenderfoot           St:14 Dx:11 Co:14 In:14 Wi:15 Ch:7 Chaotic S:4   
Dlvl:1 $:0 HP:14(14) Pw:3(3) AC:7 Xp:1/1 T:328                                  

",0.0,False
251,south,,"message:


language observation:
boulder very far eastnortheast
boulder far northnortheast
stairs up far south
horizontal wall far south
dark area near northwest
dark area very near north
dark area adjacent northeast, east, and west
horizontal wall adjacent southeast and southwest
doorway adjacent south

cursor:
Yourself a ranger
(x=7, y=11)

map:
                                                                                
   --------                                                                     
   |.......##                                                                   
   |......| `####################                                               
   |......|                     #############################`                  
   |......|                                                                     
   --.-----                                                                     
     #                                                                          
     #                                                                          
     ###                                                                        
       @                                                                        
    ---.------                                                                  
    |........|                                                                  
    |........|                                                                  
    |........|                                                                  
    |........|                                                                  
    |..<.....|                                                                  
    ----------                                                                  
                                                                                
                                                                                
                                                                                
Agent the Tenderfoot           St:14 Dx:11 Co:14 In:14 Wi:15 Ch:7 Chaotic S:4   
Dlvl:1 $:0 HP:14(14) Pw:3(3) AC:7 Xp:1/1 T:329                                  

",0.0,False
252,south,,"message:


language observation:
boulder very far eastnortheast
boulder far northnortheast
southeast corner far southeast
horizontal wall far south
dark area near north
stairs up near south
vertical wall near southwest
dark area adjacent northeast and northwest
horizontal wall adjacent east and west
tame little dog adjacent southeast

cursor:
Yourself a ranger
(x=7, y=12)

map:
                                                                                
   --------                                                                     
   |.......##                                                                   
   |......| `####################                                               
   |......|                     #############################`                  
   |......|                                                                     
   --.-----                                                                     
     #                                                                          
     #                                                                          
     ###                                                                        
       #                                                                        
    ---@------                                                                  
    |...d....|                                                                  
    |........|                                                                  
    |........|                                                                  
    |........|                                                                  
    |..<.....|                                                                  
    ----------                                                                  
                                                                                
                                                                                
                                                                                
Agent the Tenderfoot           St:14 Dx:11 Co:14 In:14 Wi:15 Ch:7 Chaotic S:4   
Dlvl:1 $:0 HP:14(14) Pw:3(3) AC:7 Xp:1/1 T:330                                  

",0.0,False
253,north,,"message:


language observation:
boulder very far eastnortheast
boulder far northnortheast
stairs up far south
horizontal wall far south
dark area near northwest
dark area very near north
dark area adjacent northeast, east, and west
horizontal wall adjacent southeast and southwest
doorway adjacent south

cursor:
Yourself a ranger
(x=7, y=11)

map:
                                                                                
   --------                                                                     
   |.......##                                                                   
   |......| `####################                                               
   |......|                     #############################`                  
   |......|                                                                     
   --.-----                                                                     
     #                                                                          
     #                                                                          
     ###                                                                        
       @                                                                        
    ---.------                                                                  
    |........|                                                                  
    |........|                                                                  
    |........|                                                                  
    |........|                                                                  
    |..<.....|                                                                  
    ----------                                                                  
                                                                                
                                                                                
                                                                                
Agent the Tenderfoot           St:14 Dx:11 Co:14 In:14 Wi:15 Ch:7 Chaotic S:4   
Dlvl:1 $:0 HP:14(14) Pw:3(3) AC:7 Xp:1/1 T:331                                  

",0.0,False
254,far north,,"message:


language observation:
boulder very far eastnortheast
boulder far eastnortheast
stairs up far southsoutheast
horizontal wall near north
northeast room corner near northeast
dark area near south
tame little dog very near south
vertical wall very near northwest
horizontal wall adjacent east and west
dark area adjacent southeast and southwest

cursor:
Yourself a ranger
(x=5, y=7)

map:
                                                                                
   --------                                                                     
   |.......##                                                                   
   |......| `####################                                               
   |......|                     #############################`                  
   |......|                                                                     
   --@-----                                                                     
     #                                                                          
     d                                                                          
     ###                                                                        
       #                                                                        
    ---.------                                                                  
    |........|                                                                  
    |........|                                                                  
    |........|                                                                  
    |........|                                                                  
    |..<.....|                                                                  
    ----------                                                                  
                                                                                
                                                                                
                                                                                
Agent the Tenderfoot           St:14 Dx:11 Co:14 In:14 Wi:15 Ch:7 Chaotic S:4   
Dlvl:1 $:0 HP:14(14) Pw:3(3) AC:7 Xp:1/1 T:337                                  

",0.0,False
255,north,,"message:


language observation:
boulder very far eastnortheast
boulder far eastnortheast
stairs up far southsoutheast
horizontal wall near north and northeast
vertical wall near east
dark area near south
vertical wall very near west and northwest
horizontal wall adjacent southeast and southwest
tame little dog adjacent south

cursor:
Yourself a ranger
(x=5, y=6)

map:
                                                                                
   --------                                                                     
   |.......##                                                                   
   |......| `####################                                               
   |......|                     #############################`                  
   |.@....|                                                                     
   --d-----                                                                     
     #                                                                          
     #                                                                          
     ###                                                                        
       #                                                                        
    ---.------                                                                  
    |........|                                                                  
    |........|                                                                  
    |........|                                                                  
    |........|                                                                  
    |..<.....|                                                                  
    ----------                                                                  
                                                                                
                                                                                
                                                                                
Agent the Tenderfoot           St:14 Dx:11 Co:14 In:14 Wi:15 Ch:7 Chaotic S:4   
Dlvl:1 $:0 HP:14(14) Pw:3(3) AC:7 Xp:1/1 T:338                                  

",0.0,False
256,north,,"message:


language observation:
boulder very far east
boulder far eastnortheast
stairs up far southsoutheast
dark area far south
horizontal wall near north and northeast
vertical wall near east
tame little dog near south
horizontal wall very near southeast
doorway very near south
southwest corner very near southwest
vertical wall very near west and northwest

cursor:
Yourself a ranger
(x=5, y=5)

map:
                                                                                
   --------                                                                     
   |.......##                                                                   
   |......| `####################                                               
   |.@....|                     #############################`                  
   |......|                                                                     
   --.-----                                                                     
     d                                                                          
     #                                                                          
     ###                                                                        
       #                                                                        
    ---.------                                                                  
    |........|                                                                  
    |........|                                                                  
    |........|                                                                  
    |........|                                                                  
    |..<.....|                                                                  
    ----------                                                                  
                                                                                
                                                                                
                                                                                
Agent the Tenderfoot           St:14 Dx:11 Co:14 In:14 Wi:15 Ch:7 Chaotic S:4   
Dlvl:1 $:0 HP:14(14) Pw:3(3) AC:7 Xp:1/1 T:339                                  

",0.0,False
257,east,,"message:


language observation:
boulder very far east
boulder far eastnortheast
stairs up far southsoutheast
horizontal wall near north and northeast
vertical wall near east and west
northwest room corner near northwest
horizontal wall very near southeast, south, and southwest
tame little dog adjacent south

cursor:
Yourself a ranger
(x=6, y=5)

map:
                                                                                
   --------                                                                     
   |.......##                                                                   
   |......| `####################                                               
   |..@...|                     #############################`                  
   |..d...|                                                                     
   --.-----                                                                     
     #                                                                          
     #                                                                          
     ###                                                                        
       #                                                                        
    ---.------                                                                  
    |........|                                                                  
    |........|                                                                  
    |........|                                                                  
    |........|                                                                  
    |..<.....|                                                                  
    ----------                                                                  
                                                                                
                                                                                
                                                                                
Agent the Tenderfoot           St:14 Dx:11 Co:14 In:14 Wi:15 Ch:7 Chaotic S:4   
Dlvl:1 $:0 HP:14(14) Pw:3(3) AC:7 Xp:1/1 T:340                                  

",0.0,False
258,north,,"message:


language observation:
boulder very far eastsoutheast
boulder far east
stairs up far southsoutheast
vertical wall near east and west
horizontal wall near southeast and south
southwest corner near southwest
horizontal wall very near north, northeast, and northwest
tame little dog very near southsoutheast

cursor:
Yourself a ranger
(x=6, y=4)

map:
                                                                                
   --------                                                                     
   |.......##                                                                   
   |..@...| `####################                                               
   |......|                     #############################`                  
   |...d..|                                                                     
   --.-----                                                                     
     #                                                                          
     #                                                                          
     ###                                                                        
       #                                                                        
    ---.------                                                                  
    |........|                                                                  
    |........|                                                                  
    |........|                                                                  
    |........|                                                                  
    |..<.....|                                                                  
    ----------                                                                  
                                                                                
                                                                                
                                                                                
Agent the Tenderfoot           St:14 Dx:11 Co:14 In:14 Wi:15 Ch:7 Chaotic S:4   
Dlvl:1 $:0 HP:14(14) Pw:3(3) AC:7 Xp:1/1 T:341                                  

",0.0,False
259,northeast,,"message:


language observation:
boulder very far eastsoutheast
dark area far east
stairs up far south
doorway near east
boulder near eastsoutheast
vertical wall near southeast and west
horizontal wall near south
southwest corner near southwest
tame little dog very near south
horizontal wall adjacent north, northeast, and northwest

cursor:
Yourself a ranger
(x=7, y=3)

map:
                                                                                
   --------                                                                     
   |...@...##                                                                   
   |......| `####################                                               
   |...d..|                     #############################`                  
   |......|                                                                     
   --.-----                                                                     
     #                                                                          
     #                                                                          
     ###                                                                        
       #                                                                        
    ---.------                                                                  
    |........|                                                                  
    |........|                                                                  
    |........|                                                                  
    |........|                                                                  
    |..<.....|                                                                  
    ----------                                                                  
                                                                                
                                                                                
                                                                                
Agent the Tenderfoot           St:14 Dx:11 Co:14 In:14 Wi:15 Ch:7 Chaotic S:4   
Dlvl:1 $:0 HP:14(14) Pw:3(3) AC:7 Xp:1/1 T:342                                  

",0.0,False
260,east,,"message:


language observation:
boulder very far eastsoutheast
stairs up far southsouthwest
dark area near east
boulder near eastsoutheast
horizontal wall near south and southwest
tame little dog near southsouthwest
vertical wall near west
doorway very near east
vertical wall very near southeast
horizontal wall adjacent north, northeast, and northwest

cursor:
Yourself a ranger
(x=8, y=3)

map:
                                                                                
   --------                                                                     
   |....@..##                                                                   
   |......| `####################                                               
   |......|                     #############################`                  
   |..d...|                                                                     
   --.-----                                                                     
     #                                                                          
     #                                                                          
     ###                                                                        
       #                                                                        
    ---.------                                                                  
    |........|                                                                  
    |........|                                                                  
    |........|                                                                  
    |........|                                                                  
    |..<.....|                                                                  
    ----------                                                                  
                                                                                
                                                                                
                                                                                
Agent the Tenderfoot           St:14 Dx:11 Co:14 In:14 Wi:15 Ch:7 Chaotic S:4   
Dlvl:1 $:0 HP:14(14) Pw:3(3) AC:7 Xp:1/1 T:343                                  

",0.0,False
261,east,,"message:


language observation:
boulder very far eastsoutheast
stairs up far southsouthwest
vertical wall far west
dark area near east and southwest
boulder near eastsoutheast
horizontal wall near south
doorway near southwest
tame little dog very near southwest
horizontal wall adjacent north and northwest
northeast room corner adjacent northeast
doorway adjacent east
vertical wall adjacent southeast

cursor:
Yourself a ranger
(x=9, y=3)

map:
                                                                                
   --------                                                                     
   |.....@.##                                                                   
   |......| `####################                                               
   |...d..|                     #############################`                  
   |......|                                                                     
   --.-----                                                                     
     #                                                                          
     #                                                                          
     ###                                                                        
       #                                                                        
    ---.------                                                                  
    |........|                                                                  
    |........|                                                                  
    |........|                                                                  
    |........|                                                                  
    |..<.....|                                                                  
    ----------                                                                  
                                                                                
                                                                                
                                                                                
Agent the Tenderfoot           St:14 Dx:11 Co:14 In:14 Wi:15 Ch:7 Chaotic S:4   
Dlvl:1 $:0 HP:14(14) Pw:3(3) AC:7 Xp:1/1 T:344                                  

",0.0,False
262,east,,"message:


language observation:
boulder very far eastsoutheast
stairs up far southsouthwest
vertical wall far west
dark area near east
horizontal wall near southwest
boulder very near eastsoutheast
northeast room corner adjacent north
dark area adjacent northeast and southeast
vertical wall adjacent south
tame little dog adjacent southwest
horizontal wall adjacent northwest

cursor:
Yourself a ranger
(x=10, y=3)

map:
                                                                                
   --------                                                                     
   |......@##                                                                   
   |.....d| `####################                                               
   |......|                     #############################`                  
   |......|                                                                     
   --.-----                                                                     
     #                                                                          
     #                                                                          
     ###                                                                        
       #                                                                        
    ---.------                                                                  
    |........|                                                                  
    |........|                                                                  
    |........|                                                                  
    |........|                                                                  
    |..<.....|                                                                  
    ----------                                                                  
                                                                                
                                                                                
                                                                                
Agent the Tenderfoot           St:14 Dx:11 Co:14 In:14 Wi:15 Ch:7 Chaotic S:4   
Dlvl:1 $:0 HP:14(14) Pw:3(3) AC:7 Xp:1/1 T:345                                  

",0.0,False
263,east,,"message:


language observation:
boulder very far eastsoutheast
stairs up far southsouthwest
vertical wall far west
dark area very near east and southeast
dark area adjacent north, northeast, and south
boulder adjacent southeast
vertical wall adjacent southwest
tame little dog adjacent west
northeast room corner adjacent northwest

cursor:
Yourself a ranger
(x=11, y=3)

map:
                                                                                
   --------                                                                     
   |......d@#                                                                   
   |......| `####################                                               
   |......|                     #############################`                  
   |......|                                                                     
   --.-----                                                                     
     #                                                                          
     #                                                                          
     ###                                                                        
       #                                                                        
    ---.------                                                                  
    |........|                                                                  
    |........|                                                                  
    |........|                                                                  
    |........|                                                                  
    |..<.....|                                                                  
    ----------                                                                  
                                                                                
                                                                                
                                                                                
Agent the Tenderfoot           St:14 Dx:11 Co:14 In:14 Wi:15 Ch:7 Chaotic S:4   
Dlvl:1 $:0 HP:14(14) Pw:3(3) AC:7 Xp:1/1 T:346                                  

",0.0,False
264,east,,"message:


language observation:
boulder very far eastsoutheast
stairs up far southsouthwest
vertical wall far west
dark area very near southeast and south
doorway very near west
dark area adjacent north, northeast, east, southwest, and northwest
boulder adjacent south
tame little dog adjacent west

cursor:
Yourself a ranger
(x=12, y=3)

map:
                                                                                
   --------                                                                     
   |.......d@                                                                   
   |......| `####################                                               
   |......|                     #############################`                  
   |......|                                                                     
   --.-----                                                                     
     #                                                                          
     #                                                                          
     ###                                                                        
       #                                                                        
    ---.------                                                                  
    |........|                                                                  
    |........|                                                                  
    |........|                                                                  
    |........|                                                                  
    |..<.....|                                                                  
    ----------                                                                  
                                                                                
                                                                                
                                                                                
Agent the Tenderfoot           St:14 Dx:11 Co:14 In:14 Wi:15 Ch:7 Chaotic S:4   
Dlvl:1 $:0 HP:14(14) Pw:3(3) AC:7 Xp:1/1 T:347                                  

",0.0,False
265,east,,"message:
It's solid stone.

language observation:
boulder very far eastsoutheast
stairs up far southsouthwest
vertical wall far west
dark area very near southeast and south
doorway very near west
dark area adjacent north, northeast, east, southwest, and northwest
boulder adjacent south
tame little dog adjacent west

cursor:
Yourself a ranger
(x=12, y=3)

map:
                                                                                
   --------                                                                     
   |.......d@                                                                   
   |......| `####################                                               
   |......|                     #############################`                  
   |......|                                                                     
   --.-----                                                                     
     #                                                                          
     #                                                                          
     ###                                                                        
       #                                                                        
    ---.------                                                                  
    |........|                                                                  
    |........|                                                                  
    |........|                                                                  
    |........|                                                                  
    |..<.....|                                                                  
    ----------                                                                  
                                                                                
                                                                                
                                                                                
Agent the Tenderfoot           St:14 Dx:11 Co:14 In:14 Wi:15 Ch:7 Chaotic S:4   
Dlvl:1 $:0 HP:14(14) Pw:3(3) AC:7 Xp:1/1 T:347                                  

",0.0,False
266,north,,"message:
It's solid stone.

language observation:
boulder very far eastsoutheast
stairs up far southsouthwest
vertical wall far west
dark area very near southeast and south
doorway very near west
dark area adjacent north, northeast, east, southwest, and northwest
boulder adjacent south
tame little dog adjacent west

cursor:
Yourself a ranger
(x=12, y=3)

map:
                                                                                
   --------                                                                     
   |.......d@                                                                   
   |......| `####################                                               
   |......|                     #############################`                  
   |......|                                                                     
   --.-----                                                                     
     #                                                                          
     #                                                                          
     ###                                                                        
       #                                                                        
    ---.------                                                                  
    |........|                                                                  
    |........|                                                                  
    |........|                                                                  
    |........|                                                                  
    |..<.....|                                                                  
    ----------                                                                  
                                                                                
                                                                                
                                                                                
Agent the Tenderfoot           St:14 Dx:11 Co:14 In:14 Wi:15 Ch:7 Chaotic S:4   
Dlvl:1 $:0 HP:14(14) Pw:3(3) AC:7 Xp:1/1 T:347                                  

",0.0,False
267,south,,"message:
You try to move the boulder, but in vain.

language observation:
boulder very far eastsoutheast
stairs up far southsouthwest
vertical wall far west
dark area very near southeast and south
doorway very near west
dark area adjacent north, northeast, east, southwest, and northwest
boulder adjacent south
tame little dog adjacent west

cursor:
Yourself a ranger
(x=12, y=3)

map:
                                                                                
   --------                                                                     
   |.......d@                                                                   
   |......| `####################                                               
   |......|                     #############################`                  
   |......|                                                                     
   --.-----                                                                     
     #                                                                          
     #                                                                          
     ###                                                                        
       #                                                                        
    ---.------                                                                  
    |........|                                                                  
    |........|                                                                  
    |........|                                                                  
    |........|                                                                  
    |..<.....|                                                                  
    ----------                                                                  
                                                                                
                                                                                
                                                                                
Agent the Tenderfoot           St:14 Dx:11 Co:14 In:14 Wi:15 Ch:7 Chaotic S:4   
Dlvl:1 $:0 HP:14(14) Pw:3(3) AC:7 Xp:1/1 T:347                                  

",0.0,False
268,south,,"message:
You try to move the boulder, but in vain.

language observation:
boulder very far eastsoutheast
stairs up far southsouthwest
vertical wall far west
dark area very near southeast and south
doorway very near west
dark area adjacent north, northeast, east, southwest, and northwest
boulder adjacent south
tame little dog adjacent west

cursor:
Yourself a ranger
(x=12, y=3)

map:
                                                                                
   --------                                                                     
   |.......d@                                                                   
   |......| `####################                                               
   |......|                     #############################`                  
   |......|                                                                     
   --.-----                                                                     
     #                                                                          
     #                                                                          
     ###                                                                        
       #                                                                        
    ---.------                                                                  
    |........|                                                                  
    |........|                                                                  
    |........|                                                                  
    |........|                                                                  
    |..<.....|                                                                  
    ----------                                                                  
                                                                                
                                                                                
                                                                                
Agent the Tenderfoot           St:14 Dx:11 Co:14 In:14 Wi:15 Ch:7 Chaotic S:4   
Dlvl:1 $:0 HP:14(14) Pw:3(3) AC:7 Xp:1/1 T:347                                  

",0.0,False
269,west,,"message:
You stop.  Sirius is in the way!

language observation:
boulder very far eastsoutheast
stairs up far southsouthwest
vertical wall far west
dark area very near southeast and south
tame little dog very near west
dark area adjacent north, northeast, east, southwest, and northwest
boulder adjacent south

cursor:
Yourself a ranger
(x=12, y=3)

map:
                                                                                
   --------                                                                     
   |......d#@                                                                   
   |......| `####################                                               
   |......|                     #############################`                  
   |......|                                                                     
   --.-----                                                                     
     #                                                                          
     #                                                                          
     ###                                                                        
       #                                                                        
    ---.------                                                                  
    |........|                                                                  
    |........|                                                                  
    |........|                                                                  
    |........|                                                                  
    |..<.....|                                                                  
    ----------                                                                  
                                                                                
                                                                                
                                                                                
Agent the Tenderfoot           St:14 Dx:11 Co:14 In:14 Wi:15 Ch:7 Chaotic S:4   
Dlvl:1 $:0 HP:14(14) Pw:3(3) AC:7 Xp:1/1 T:348                                  

",0.0,False
270,southwest,,"message:
It's solid stone.

language observation:
boulder very far eastsoutheast
stairs up far southsouthwest
vertical wall far west
dark area very near southeast and south
tame little dog very near west
dark area adjacent north, northeast, east, southwest, and northwest
boulder adjacent south

cursor:
Yourself a ranger
(x=12, y=3)

map:
                                                                                
   --------                                                                     
   |......d#@                                                                   
   |......| `####################                                               
   |......|                     #############################`                  
   |......|                                                                     
   --.-----                                                                     
     #                                                                          
     #                                                                          
     ###                                                                        
       #                                                                        
    ---.------                                                                  
    |........|                                                                  
    |........|                                                                  
    |........|                                                                  
    |........|                                                                  
    |..<.....|                                                                  
    ----------                                                                  
                                                                                
                                                                                
                                                                                
Agent the Tenderfoot           St:14 Dx:11 Co:14 In:14 Wi:15 Ch:7 Chaotic S:4   
Dlvl:1 $:0 HP:14(14) Pw:3(3) AC:7 Xp:1/1 T:348                                  

",0.0,False
271,wait,,"message:


language observation:
boulder very far eastsoutheast
stairs up far southsouthwest
vertical wall far west
dark area very near southeast and south
tame little dog very near west
dark area adjacent north, northeast, east, southwest, and northwest
boulder adjacent south

cursor:
Yourself a ranger
(x=12, y=3)

map:
                                                                                
   --------                                                                     
   |......d#@                                                                   
   |......| `####################                                               
   |......|                     #############################`                  
   |......|                                                                     
   --.-----                                                                     
     #                                                                          
     #                                                                          
     ###                                                                        
       #                                                                        
    ---.------                                                                  
    |........|                                                                  
    |........|                                                                  
    |........|                                                                  
    |........|                                                                  
    |..<.....|                                                                  
    ----------                                                                  
                                                                                
                                                                                
                                                                                
Agent the Tenderfoot           St:14 Dx:11 Co:14 In:14 Wi:15 Ch:7 Chaotic S:4   
Dlvl:1 $:0 HP:14(14) Pw:3(3) AC:7 Xp:1/1 T:349                                  

",0.0,False
272,west,,"message:


language observation:
boulder very far eastsoutheast
stairs up far southsouthwest
vertical wall far west
dark area very near east and southeast
dark area adjacent north, northeast, and south
boulder adjacent southeast
vertical wall adjacent southwest
doorway adjacent west
northeast room corner adjacent northwest

cursor:
Yourself a ranger
(x=11, y=3)

map:
                                                                                
   --------                                                                     
   |.......@#                                                                   
   |......| `####################                                               
   |......|                     #############################`                  
   |......|                                                                     
   --.-----                                                                     
     #                                                                          
     #                                                                          
     ###                                                                        
       #                                                                        
    ---.------                                                                  
    |........|                                                                  
    |........|                                                                  
    |........|                                                                  
    |........|                                                                  
    |..<.....|                                                                  
    ----------                                                                  
                                                                                
                                                                                
                                                                                
Agent the Tenderfoot           St:14 Dx:11 Co:14 In:14 Wi:15 Ch:7 Chaotic S:4   
Dlvl:1 $:0 HP:14(14) Pw:3(3) AC:7 Xp:1/1 T:350                                  

",0.0,False
273,west,,"message:


language observation:
boulder very far eastsoutheast
stairs up far southsouthwest
vertical wall far west
dark area near east
horizontal wall near southwest
boulder very near eastsoutheast
tame little dog very near westsouthwest
northeast room corner adjacent north
dark area adjacent northeast and southeast
vertical wall adjacent south
horizontal wall adjacent northwest

cursor:
Yourself a ranger
(x=10, y=3)

map:
                                                                                
   --------                                                                     
   |......@##                                                                   
   |....d.| `####################                                               
   |......|                     #############################`                  
   |......|                                                                     
   --.-----                                                                     
     #                                                                          
     #                                                                          
     ###                                                                        
       #                                                                        
    ---.------                                                                  
    |........|                                                                  
    |........|                                                                  
    |........|                                                                  
    |........|                                                                  
    |..<.....|                                                                  
    ----------                                                                  
                                                                                
                                                                                
                                                                                
Agent the Tenderfoot           St:14 Dx:11 Co:14 In:14 Wi:15 Ch:7 Chaotic S:4   
Dlvl:1 $:0 HP:14(14) Pw:3(3) AC:7 Xp:1/1 T:351                                  

",0.0,False
274,west,,"message:


language observation:
boulder very far eastsoutheast
stairs up far southsouthwest
vertical wall far west
dark area near east and southwest
boulder near eastsoutheast
horizontal wall near south
tame little dog near southwest
doorway near southwest
horizontal wall adjacent north and northwest
northeast room corner adjacent northeast
doorway adjacent east
vertical wall adjacent southeast

cursor:
Yourself a ranger
(x=9, y=3)

map:
                                                                                
   --------                                                                     
   |.....@.##                                                                   
   |......| `####################                                               
   |......|                     #############################`                  
   |..d...|                                                                     
   --.-----                                                                     
     #                                                                          
     #                                                                          
     ###                                                                        
       #                                                                        
    ---.------                                                                  
    |........|                                                                  
    |........|                                                                  
    |........|                                                                  
    |........|                                                                  
    |..<.....|                                                                  
    ----------                                                                  
                                                                                
                                                                                
                                                                                
Agent the Tenderfoot           St:14 Dx:11 Co:14 In:14 Wi:15 Ch:7 Chaotic S:4   
Dlvl:1 $:0 HP:14(14) Pw:3(3) AC:7 Xp:1/1 T:352                                  

",0.0,False
275,south,,"message:


language observation:
boulder very far eastsoutheast
stairs up far southsouthwest
vertical wall far west
boulder near east
horizontal wall near south and southwest
horizontal wall very near north and northwest
dark area very near northeast
tame little dog very near westsouthwest
doorway adjacent northeast
vertical wall adjacent east and southeast

cursor:
Yourself a ranger
(x=9, y=4)

map:
                                                                                
   --------                                                                     
   |.......##                                                                   
   |.....@| `####################                                               
   |...d..|                     #############################`                  
   |......|                                                                     
   --.-----                                                                     
     #                                                                          
     #                                                                          
     ###                                                                        
       #                                                                        
    ---.------                                                                  
    |........|                                                                  
    |........|                                                                  
    |........|                                                                  
    |........|                                                                  
    |..<.....|                                                                  
    ----------                                                                  
                                                                                
                                                                                
                                                                                
Agent the Tenderfoot           St:14 Dx:11 Co:14 In:14 Wi:15 Ch:7 Chaotic S:4   
Dlvl:1 $:0 HP:14(14) Pw:3(3) AC:7 Xp:1/1 T:353                                  

",0.0,False
276,south,,"message:


language observation:
boulder very far east
stairs up far southsouthwest
vertical wall far west
horizontal wall near north and northwest
boulder near eastnortheast
horizontal wall very near south and southwest
tame little dog very near westsouthwest
vertical wall adjacent northeast, east, and southeast

cursor:
Yourself a ranger
(x=9, y=5)

map:
                                                                                
   --------                                                                     
   |.......##                                                                   
   |......| `####################                                               
   |.....@|                     #############################`                  
   |...d..|                                                                     
   --.-----                                                                     
     #                                                                          
     #                                                                          
     ###                                                                        
       #                                                                        
    ---.------                                                                  
    |........|                                                                  
    |........|                                                                  
    |........|                                                                  
    |........|                                                                  
    |..<.....|                                                                  
    ----------                                                                  
                                                                                
                                                                                
                                                                                
Agent the Tenderfoot           St:14 Dx:11 Co:14 In:14 Wi:15 Ch:7 Chaotic S:4   
Dlvl:1 $:0 HP:14(14) Pw:3(3) AC:7 Xp:1/1 T:354                                  

",0.0,False
277,west,,"message:


language observation:
boulder very far east
stairs up far southsouthwest
horizontal wall near north and northwest
dark area near northeast
boulder near eastnortheast
vertical wall near west
doorway very near northeast
vertical wall very near east
southeast corner very near southeast
horizontal wall very near south and southwest
tame little dog adjacent south

cursor:
Yourself a ranger
(x=8, y=5)

map:
                                                                                
   --------                                                                     
   |.......##                                                                   
   |......| `####################                                               
   |....@.|                     #############################`                  
   |....d.|                                                                     
   --.-----                                                                     
     #                                                                          
     #                                                                          
     ###                                                                        
       #                                                                        
    ---.------                                                                  
    |........|                                                                  
    |........|                                                                  
    |........|                                                                  
    |........|                                                                  
    |..<.....|                                                                  
    ----------                                                                  
                                                                                
                                                                                
                                                                                
Agent the Tenderfoot           St:14 Dx:11 Co:14 In:14 Wi:15 Ch:7 Chaotic S:4   
Dlvl:1 $:0 HP:14(14) Pw:3(3) AC:7 Xp:1/1 T:355                                  

",0.0,False
278,west,,"message:


language observation:
boulder very far east
stairs up far south
horizontal wall near north and northwest
northeast room corner near northeast
boulder near eastnortheast
vertical wall near east and west
dark area near southwest
horizontal wall very near southeast and south
doorway very near southwest
tame little dog adjacent east

cursor:
Yourself a ranger
(x=7, y=5)

map:
                                                                                
   --------                                                                     
   |.......##                                                                   
   |......| `####################                                               
   |...@d.|                     #############################`                  
   |......|                                                                     
   --.-----                                                                     
     #                                                                          
     #                                                                          
     ###                                                                        
       #                                                                        
    ---.------                                                                  
    |........|                                                                  
    |........|                                                                  
    |........|                                                                  
    |........|                                                                  
    |..<.....|                                                                  
    ----------                                                                  
                                                                                
                                                                                
                                                                                
Agent the Tenderfoot           St:14 Dx:11 Co:14 In:14 Wi:15 Ch:7 Chaotic S:4   
Dlvl:1 $:0 HP:14(14) Pw:3(3) AC:7 Xp:1/1 T:356                                  

",0.0,False
279,west,,"message:


language observation:
boulder very far east
boulder far eastnortheast
stairs up far southsoutheast
horizontal wall near north and northeast
tame little dog near eastnortheast
vertical wall near east and west
northwest room corner near northwest
horizontal wall very near southeast, south, and southwest

cursor:
Yourself a ranger
(x=6, y=5)

map:
                                                                                
   --------                                                                     
   |.......##                                                                   
   |.....d| `####################                                               
   |..@...|                     #############################`                  
   |......|                                                                     
   --.-----                                                                     
     #                                                                          
     #                                                                          
     ###                                                                        
       #                                                                        
    ---.------                                                                  
    |........|                                                                  
    |........|                                                                  
    |........|                                                                  
    |........|                                                                  
    |..<.....|                                                                  
    ----------                                                                  
                                                                                
                                                                                
                                                                                
Agent the Tenderfoot           St:14 Dx:11 Co:14 In:14 Wi:15 Ch:7 Chaotic S:4   
Dlvl:1 $:0 HP:14(14) Pw:3(3) AC:7 Xp:1/1 T:357                                  

",0.0,False
280,southwest,,"message:


language observation:
boulder very far eastnortheast
boulder far eastnortheast
stairs up far southsoutheast
horizontal wall near north and northeast
tame little dog near east
vertical wall near east
dark area near south
vertical wall very near west and northwest
horizontal wall adjacent southeast and southwest
doorway adjacent south

cursor:
Yourself a ranger
(x=5, y=6)

map:
                                                                                
   --------                                                                     
   |.......##                                                                   
   |......| `####################                                               
   |......|                     #############################`                  
   |.@...d|                                                                     
   --.-----                                                                     
     #                                                                          
     #                                                                          
     ###                                                                        
       #                                                                        
    ---.------                                                                  
    |........|                                                                  
    |........|                                                                  
    |........|                                                                  
    |........|                                                                  
    |..<.....|                                                                  
    ----------                                                                  
                                                                                
                                                                                
                                                                                
Agent the Tenderfoot           St:14 Dx:11 Co:14 In:14 Wi:15 Ch:7 Chaotic S:4   
Dlvl:1 $:0 HP:14(14) Pw:3(3) AC:7 Xp:1/1 T:358                                  

",0.0,False
281,south,,"message:


language observation:
boulder very far eastnortheast
boulder far eastnortheast
stairs up far southsoutheast
horizontal wall near north
northeast room corner near northeast
dark area near south
tame little dog very near eastnortheast
vertical wall very near northwest
horizontal wall adjacent east and west
dark area adjacent southeast and southwest

cursor:
Yourself a ranger
(x=5, y=7)

map:
                                                                                
   --------                                                                     
   |.......##                                                                   
   |......| `####################                                               
   |......|                     #############################`                  
   |...d..|                                                                     
   --@-----                                                                     
     #                                                                          
     #                                                                          
     ###                                                                        
       #                                                                        
    ---.------                                                                  
    |........|                                                                  
    |........|                                                                  
    |........|                                                                  
    |........|                                                                  
    |..<.....|                                                                  
    ----------                                                                  
                                                                                
                                                                                
                                                                                
Agent the Tenderfoot           St:14 Dx:11 Co:14 In:14 Wi:15 Ch:7 Chaotic S:4   
Dlvl:1 $:0 HP:14(14) Pw:3(3) AC:7 Xp:1/1 T:359                                  

",0.0,False
282,south,,"message:


language observation:
boulder very far eastnortheast
horizontal wall far north
boulder far eastnortheast
stairs up far southsoutheast
dark area near south
tame little dog very near north
doorway adjacent north
horizontal wall adjacent northeast and northwest
dark area adjacent east, southeast, southwest, and west

cursor:
Yourself a ranger
(x=5, y=8)

map:
                                                                                
   --------                                                                     
   |.......##                                                                   
   |......| `####################                                               
   |......|                     #############################`                  
   |.d....|                                                                     
   --.-----                                                                     
     @                                                                          
     #                                                                          
     ###                                                                        
       #                                                                        
    ---.------                                                                  
    |........|                                                                  
    |........|                                                                  
    |........|                                                                  
    |........|                                                                  
    |..<.....|                                                                  
    ----------                                                                  
                                                                                
                                                                                
                                                                                
Agent the Tenderfoot           St:14 Dx:11 Co:14 In:14 Wi:15 Ch:7 Chaotic S:4   
Dlvl:1 $:0 HP:14(14) Pw:3(3) AC:7 Xp:1/1 T:360                                  

",0.0,False
283,south,,"message:


language observation:
boulder very far eastnortheast
horizontal wall far north
boulder far eastnortheast
stairs up far southsoutheast
horizontal wall near southeast
tame little dog very near north
dark area very near south
dark area adjacent northeast, east, southwest, west, and northwest

cursor:
Yourself a ranger
(x=5, y=9)

map:
                                                                                
   --------                                                                     
   |.......##                                                                   
   |......| `####################                                               
   |......|                     #############################`                  
   |......|                                                                     
   --d-----                                                                     
     #                                                                          
     @                                                                          
     ###                                                                        
       #                                                                        
    ---.------                                                                  
    |........|                                                                  
    |........|                                                                  
    |........|                                                                  
    |........|                                                                  
    |..<.....|                                                                  
    ----------                                                                  
                                                                                
                                                                                
                                                                                
Agent the Tenderfoot           St:14 Dx:11 Co:14 In:14 Wi:15 Ch:7 Chaotic S:4   
Dlvl:1 $:0 HP:14(14) Pw:3(3) AC:7 Xp:1/1 T:361                                  

",0.0,False
284,south,,"message:


language observation:
boulder very far eastnortheast
horizontal wall far north
boulder far eastnortheast
stairs up far southsoutheast
tame little dog near north
dark area near east
dark area adjacent northeast, southeast, south, southwest, west, and northwest

cursor:
Yourself a ranger
(x=5, y=10)

map:
                                                                                
   --------                                                                     
   |.......##                                                                   
   |......| `####################                                               
   |......|                     #############################`                  
   |......|                                                                     
   --d-----                                                                     
     #                                                                          
     #                                                                          
     @##                                                                        
       #                                                                        
    ---.------                                                                  
    |........|                                                                  
    |........|                                                                  
    |........|                                                                  
    |........|                                                                  
    |..<.....|                                                                  
    ----------                                                                  
                                                                                
                                                                                
                                                                                
Agent the Tenderfoot           St:14 Dx:11 Co:14 In:14 Wi:15 Ch:7 Chaotic S:4   
Dlvl:1 $:0 HP:14(14) Pw:3(3) AC:7 Xp:1/1 T:362                                  

",0.0,False
285,east,,"message:


language observation:
boulder very far eastnortheast
boulder far northeast
stairs up far southsoutheast
dark area very near east, west, and northwest
horizontal wall very near southeast
tame little dog very near northnorthwest
dark area adjacent north, northeast, south, and southwest

cursor:
Yourself a ranger
(x=6, y=10)

map:
                                                                                
   --------                                                                     
   |.......##                                                                   
   |......| `####################                                               
   |......|                     #############################`                  
   |......|                                                                     
   --.-----                                                                     
     d                                                                          
     #                                                                          
     #@#                                                                        
       #                                                                        
    ---.------                                                                  
    |........|                                                                  
    |........|                                                                  
    |........|                                                                  
    |........|                                                                  
    |..<.....|                                                                  
    ----------                                                                  
                                                                                
                                                                                
                                                                                
Agent the Tenderfoot           St:14 Dx:11 Co:14 In:14 Wi:15 Ch:7 Chaotic S:4   
Dlvl:1 $:0 HP:14(14) Pw:3(3) AC:7 Xp:1/1 T:363                                  

",0.0,False
286,east,,"message:


language observation:
boulder very far eastnortheast
boulder far northnortheast
stairs up far south
horizontal wall far south
dark area near west
doorway very near south
dark area adjacent north, northeast, east, southeast, southwest, and northwest

cursor:
Yourself a ranger
(x=7, y=10)

map:
                                                                                
   --------                                                                     
   |.......##                                                                   
   |......| `####################                                               
   |......|                     #############################`                  
   |......|                                                                     
   --.-----                                                                     
     #                                                                          
     #                                                                          
     ##@                                                                        
       #                                                                        
    ---.------                                                                  
    |........|                                                                  
    |........|                                                                  
    |........|                                                                  
    |........|                                                                  
    |..<.....|                                                                  
    ----------                                                                  
                                                                                
                                                                                
                                                                                
Agent the Tenderfoot           St:14 Dx:11 Co:14 In:14 Wi:15 Ch:7 Chaotic S:4   
Dlvl:1 $:0 HP:14(14) Pw:3(3) AC:7 Xp:1/1 T:364                                  

",0.0,False
287,southeast,,"message:
It's solid stone.

language observation:
boulder very far eastnortheast
boulder far northnortheast
stairs up far south
horizontal wall far south
dark area near west
doorway very near south
dark area adjacent north, northeast, east, southeast, southwest, and northwest

cursor:
Yourself a ranger
(x=7, y=10)

map:
                                                                                
   --------                                                                     
   |.......##                                                                   
   |......| `####################                                               
   |......|                     #############################`                  
   |......|                                                                     
   --.-----                                                                     
     #                                                                          
     #                                                                          
     ##@                                                                        
       #                                                                        
    ---.------                                                                  
    |........|                                                                  
    |........|                                                                  
    |........|                                                                  
    |........|                                                                  
    |..<.....|                                                                  
    ----------                                                                  
                                                                                
                                                                                
                                                                                
Agent the Tenderfoot           St:14 Dx:11 Co:14 In:14 Wi:15 Ch:7 Chaotic S:4   
Dlvl:1 $:0 HP:14(14) Pw:3(3) AC:7 Xp:1/1 T:364                                  

",0.0,False
288,south,,"message:


language observation:
boulder very far eastnortheast
boulder far northnortheast
stairs up far south
horizontal wall far south
dark area near northwest
dark area very near north
dark area adjacent northeast, east, and west
horizontal wall adjacent southeast and southwest
doorway adjacent south
tame little dog adjacent northwest

cursor:
Yourself a ranger
(x=7, y=11)

map:
                                                                                
   --------                                                                     
   |.......##                                                                   
   |......| `####################                                               
   |......|                     #############################`                  
   |......|                                                                     
   --.-----                                                                     
     #                                                                          
     #                                                                          
     #d#                                                                        
       @                                                                        
    ---.------                                                                  
    |........|                                                                  
    |........|                                                                  
    |........|                                                                  
    |........|                                                                  
    |..<.....|                                                                  
    ----------                                                                  
                                                                                
                                                                                
                                                                                
Agent the Tenderfoot           St:14 Dx:11 Co:14 In:14 Wi:15 Ch:7 Chaotic S:4   
Dlvl:1 $:0 HP:14(14) Pw:3(3) AC:7 Xp:1/1 T:365                                  

",0.0,False
289,south,,"message:


language observation:
boulder very far eastnortheast
boulder far northnortheast
southeast corner far southeast
horizontal wall far south
dark area near north
stairs up near south
vertical wall near southwest
tame little dog adjacent north
dark area adjacent northeast and northwest
horizontal wall adjacent east and west

cursor:
Yourself a ranger
(x=7, y=12)

map:
                                                                                
   --------                                                                     
   |.......##                                                                   
   |......| `####################                                               
   |......|                     #############################`                  
   |......|                                                                     
   --.-----                                                                     
     #                                                                          
     #                                                                          
     ###                                                                        
       d                                                                        
    ---@------                                                                  
    |........|                                                                  
    |........|                                                                  
    |........|                                                                  
    |........|                                                                  
    |..<.....|                                                                  
    ----------                                                                  
                                                                                
                                                                                
                                                                                
Agent the Tenderfoot           St:14 Dx:11 Co:14 In:14 Wi:15 Ch:7 Chaotic S:4   
Dlvl:1 $:0 HP:14(14) Pw:3(3) AC:7 Xp:1/1 T:366                                  

",0.0,False
290,south,,"message:


language observation:
boulder very far eastnortheast
boulder far northnortheast
vertical wall far east
dark area near north
horizontal wall near southeast and south
stairs up near south
vertical wall near southwest and west
doorway adjacent north
horizontal wall adjacent northeast and northwest
tame little dog adjacent west

cursor:
Yourself a ranger
(x=7, y=13)

map:
                                                                                
   --------                                                                     
   |.......##                                                                   
   |......| `####################                                               
   |......|                     #############################`                  
   |......|                                                                     
   --.-----                                                                     
     #                                                                          
     #                                                                          
     ###                                                                        
       #                                                                        
    ---.------                                                                  
    |.d@.....|                                                                  
    |........|                                                                  
    |........|                                                                  
    |........|                                                                  
    |..<.....|                                                                  
    ----------                                                                  
                                                                                
                                                                                
                                                                                
Agent the Tenderfoot           St:14 Dx:11 Co:14 In:14 Wi:15 Ch:7 Chaotic S:4   
Dlvl:1 $:0 HP:14(14) Pw:3(3) AC:7 Xp:1/1 T:367                                  

",0.0,False
291,north,,"message:


language observation:
boulder very far eastnortheast
boulder far northnortheast
southeast corner far southeast
horizontal wall far south
dark area near north
stairs up near south
vertical wall near southwest
tame little dog very near south
dark area adjacent northeast and northwest
horizontal wall adjacent east and west

cursor:
Yourself a ranger
(x=7, y=12)

map:
                                                                                
   --------                                                                     
   |.......##                                                                   
   |......| `####################                                               
   |......|                     #############################`                  
   |......|                                                                     
   --.-----                                                                     
     #                                                                          
     #                                                                          
     ###                                                                        
       #                                                                        
    ---@------                                                                  
    |........|                                                                  
    |..d.....|                                                                  
    |........|                                                                  
    |........|                                                                  
    |..<.....|                                                                  
    ----------                                                                  
                                                                                
                                                                                
                                                                                
Agent the Tenderfoot           St:14 Dx:11 Co:14 In:14 Wi:15 Ch:7 Chaotic S:4   
Dlvl:1 $:0 HP:14(14) Pw:3(3) AC:7 Xp:1/1 T:368                                  

",0.0,False
292,north,,"message:


language observation:
boulder very far eastnortheast
boulder far northnortheast
stairs up far south
horizontal wall far south
dark area near northwest
dark area very near north
dark area adjacent northeast, east, and west
horizontal wall adjacent southeast and southwest
tame little dog adjacent south

cursor:
Yourself a ranger
(x=7, y=11)

map:
                                                                                
   --------                                                                     
   |.......##                                                                   
   |......| `####################                                               
   |......|                     #############################`                  
   |......|                                                                     
   --.-----                                                                     
     #                                                                          
     #                                                                          
     ###                                                                        
       @                                                                        
    ---d------                                                                  
    |........|                                                                  
    |........|                                                                  
    |........|                                                                  
    |........|                                                                  
    |..<.....|                                                                  
    ----------                                                                  
                                                                                
                                                                                
                                                                                
Agent the Tenderfoot           St:14 Dx:11 Co:14 In:14 Wi:15 Ch:7 Chaotic S:4   
Dlvl:1 $:0 HP:14(14) Pw:3(3) AC:7 Xp:1/1 T:369                                  

",0.0,False
293,north,,"message:


language observation:
boulder very far eastnortheast
boulder far northnortheast
stairs up far south
horizontal wall far south
dark area near west
doorway very near south
dark area adjacent north, northeast, east, southeast, southwest, and northwest
tame little dog adjacent south

cursor:
Yourself a ranger
(x=7, y=10)

map:
                                                                                
   --------                                                                     
   |.......##                                                                   
   |......| `####################                                               
   |......|                     #############################`                  
   |......|                                                                     
   --.-----                                                                     
     #                                                                          
     #                                                                          
     ##@                                                                        
       d                                                                        
    ---.------                                                                  
    |........|                                                                  
    |........|                                                                  
    |........|                                                                  
    |........|                                                                  
    |..<.....|                                                                  
    ----------                                                                  
                                                                                
                                                                                
                                                                                
Agent the Tenderfoot           St:14 Dx:11 Co:14 In:14 Wi:15 Ch:7 Chaotic S:4   
Dlvl:1 $:0 HP:14(14) Pw:3(3) AC:7 Xp:1/1 T:370                                  

",0.0,False
294,west,,"message:


language observation:
boulder very far eastnortheast
boulder far northeast
stairs up far southsoutheast
dark area very near east, west, and northwest
horizontal wall very near southeast
dark area adjacent north, northeast, south, and southwest
tame little dog adjacent southeast

cursor:
Yourself a ranger
(x=6, y=10)

map:
                                                                                
   --------                                                                     
   |.......##                                                                   
   |......| `####################                                               
   |......|                     #############################`                  
   |......|                                                                     
   --.-----                                                                     
     #                                                                          
     #                                                                          
     #@#                                                                        
       d                                                                        
    ---.------                                                                  
    |........|                                                                  
    |........|                                                                  
    |........|                                                                  
    |........|                                                                  
    |..<.....|                                                                  
    ----------                                                                  
                                                                                
                                                                                
                                                                                
Agent the Tenderfoot           St:14 Dx:11 Co:14 In:14 Wi:15 Ch:7 Chaotic S:4   
Dlvl:1 $:0 HP:14(14) Pw:3(3) AC:7 Xp:1/1 T:371                                  

",0.0,False
295,west,,"message:


language observation:
boulder very far eastnortheast
horizontal wall far north
boulder far eastnortheast
stairs up far southsoutheast
doorway near north
dark area near east
tame little dog very near east
dark area adjacent northeast, southeast, south, southwest, west, and northwest

cursor:
Yourself a ranger
(x=5, y=10)

map:
                                                                                
   --------                                                                     
   |.......##                                                                   
   |......| `####################                                               
   |......|                     #############################`                  
   |......|                                                                     
   --.-----                                                                     
     #                                                                          
     #                                                                          
     @#d                                                                        
       #                                                                        
    ---.------                                                                  
    |........|                                                                  
    |........|                                                                  
    |........|                                                                  
    |........|                                                                  
    |..<.....|                                                                  
    ----------                                                                  
                                                                                
                                                                                
                                                                                
Agent the Tenderfoot           St:14 Dx:11 Co:14 In:14 Wi:15 Ch:7 Chaotic S:4   
Dlvl:1 $:0 HP:14(14) Pw:3(3) AC:7 Xp:1/1 T:372                                  

",0.0,False
296,north,,"message:


language observation:
boulder very far eastnortheast
horizontal wall far north
boulder far eastnortheast
stairs up far southsoutheast
horizontal wall near southeast
doorway very near north
dark area very near south
dark area adjacent northeast, east, southwest, west, and northwest
tame little dog adjacent south

cursor:
Yourself a ranger
(x=5, y=9)

map:
                                                                                
   --------                                                                     
   |.......##                                                                   
   |......| `####################                                               
   |......|                     #############################`                  
   |......|                                                                     
   --.-----                                                                     
     #                                                                          
     @                                                                          
     d##                                                                        
       #                                                                        
    ---.------                                                                  
    |........|                                                                  
    |........|                                                                  
    |........|                                                                  
    |........|                                                                  
    |..<.....|                                                                  
    ----------                                                                  
                                                                                
                                                                                
                                                                                
Agent the Tenderfoot           St:14 Dx:11 Co:14 In:14 Wi:15 Ch:7 Chaotic S:4   
Dlvl:1 $:0 HP:14(14) Pw:3(3) AC:7 Xp:1/1 T:373                                  

",0.0,False
297,north,,"message:


language observation:
boulder very far eastnortheast
horizontal wall far north
boulder far eastnortheast
stairs up far southsoutheast
dark area near south
doorway adjacent north
horizontal wall adjacent northeast and northwest
dark area adjacent east, southeast, southwest, and west
tame little dog adjacent south

cursor:
Yourself a ranger
(x=5, y=8)

map:
                                                                                
   --------                                                                     
   |.......##                                                                   
   |......| `####################                                               
   |......|                     #############################`                  
   |......|                                                                     
   --.-----                                                                     
     @                                                                          
     d                                                                          
     ###                                                                        
       #                                                                        
    ---.------                                                                  
    |........|                                                                  
    |........|                                                                  
    |........|                                                                  
    |........|                                                                  
    |..<.....|                                                                  
    ----------                                                                  
                                                                                
                                                                                
                                                                                
Agent the Tenderfoot           St:14 Dx:11 Co:14 In:14 Wi:15 Ch:7 Chaotic S:4   
Dlvl:1 $:0 HP:14(14) Pw:3(3) AC:7 Xp:1/1 T:374                                  

",0.0,False
298,north,,"message:


language observation:
boulder very far eastnortheast
boulder far eastnortheast
stairs up far southsoutheast
horizontal wall near north
northeast room corner near northeast
dark area near south
tame little dog very near south
vertical wall very near northwest
horizontal wall adjacent east and west
dark area adjacent southeast and southwest

cursor:
Yourself a ranger
(x=5, y=7)

map:
                                                                                
   --------                                                                     
   |.......##                                                                   
   |......| `####################                                               
   |......|                     #############################`                  
   |......|                                                                     
   --@-----                                                                     
     #                                                                          
     d                                                                          
     ###                                                                        
       #                                                                        
    ---.------                                                                  
    |........|                                                                  
    |........|                                                                  
    |........|                                                                  
    |........|                                                                  
    |..<.....|                                                                  
    ----------                                                                  
                                                                                
                                                                                
                                                                                
Agent the Tenderfoot           St:14 Dx:11 Co:14 In:14 Wi:15 Ch:7 Chaotic S:4   
Dlvl:1 $:0 HP:14(14) Pw:3(3) AC:7 Xp:1/1 T:375                                  

",0.0,False
299,north,,"message:


language observation:
boulder very far eastnortheast
boulder far eastnortheast
stairs up far southsoutheast
horizontal wall near north and northeast
vertical wall near east
dark area near south
vertical wall very near west and northwest
horizontal wall adjacent southeast and southwest
tame little dog adjacent south

cursor:
Yourself a ranger
(x=5, y=6)

map:
                                                                                
   --------                                                                     
   |.......##                                                                   
   |......| `####################                                               
   |......|                     #############################`                  
   |.@....|                                                                     
   --d-----                                                                     
     #                                                                          
     #                                                                          
     ###                                                                        
       #                                                                        
    ---.------                                                                  
    |........|                                                                  
    |........|                                                                  
    |........|                                                                  
    |........|                                                                  
    |..<.....|                                                                  
    ----------                                                                  
                                                                                
                                                                                
                                                                                
Agent the Tenderfoot           St:14 Dx:11 Co:14 In:14 Wi:15 Ch:7 Chaotic S:4   
Dlvl:1 $:0 HP:14(14) Pw:3(3) AC:7 Xp:1/1 T:376                                  

",0.0,False
300,east,,"message:


language observation:
boulder very far eastnortheast
boulder far eastnortheast
stairs up far southsoutheast
horizontal wall near north
northeast room corner near northeast
vertical wall near east, west, and northwest
dark area very near southwest
horizontal wall adjacent southeast and south
doorway adjacent southwest
tame little dog adjacent west

cursor:
Yourself a ranger
(x=6, y=6)

map:
                                                                                
   --------                                                                     
   |.......##                                                                   
   |......| `####################                                               
   |......|                     #############################`                  
   |.d@...|                                                                     
   --.-----                                                                     
     #                                                                          
     #                                                                          
     ###                                                                        
       #                                                                        
    ---.------                                                                  
    |........|                                                                  
    |........|                                                                  
    |........|                                                                  
    |........|                                                                  
    |..<.....|                                                                  
    ----------                                                                  
                                                                                
                                                                                
                                                                                
Agent the Tenderfoot           St:14 Dx:11 Co:14 In:14 Wi:15 Ch:7 Chaotic S:4   
Dlvl:1 $:0 HP:14(14) Pw:3(3) AC:7 Xp:1/1 T:377                                  

",0.0,False
301,east,,"message:


language observation:
boulder very far eastnortheast
stairs up far south
horizontal wall near north
doorway near northeast
dark area near northeast
boulder near eastnortheast
vertical wall near east and west
northwest room corner near northwest
horizontal wall adjacent southeast, south, and southwest
tame little dog adjacent west

cursor:
Yourself a ranger
(x=7, y=6)

map:
                                                                                
   --------                                                                     
   |.......##                                                                   
   |......| `####################                                               
   |......|                     #############################`                  
   |..d@..|                                                                     
   --.-----                                                                     
     #                                                                          
     #                                                                          
     ###                                                                        
       #                                                                        
    ---.------                                                                  
    |........|                                                                  
    |........|                                                                  
    |........|                                                                  
    |........|                                                                  
    |..<.....|                                                                  
    ----------                                                                  
                                                                                
                                                                                
                                                                                
Agent the Tenderfoot           St:14 Dx:11 Co:14 In:14 Wi:15 Ch:7 Chaotic S:4   
Dlvl:1 $:0 HP:14(14) Pw:3(3) AC:7 Xp:1/1 T:378                                  

",0.0,False
302,east,,"message:


language observation:
boulder very far eastnortheast
stairs up far southsouthwest
horizontal wall near north and northwest
boulder near eastnortheast
vertical wall near west
vertical wall very near northeast and east
horizontal wall adjacent southeast, south, and southwest
tame little dog adjacent west

cursor:
Yourself a ranger
(x=8, y=6)

map:
                                                                                
   --------                                                                     
   |.......##                                                                   
   |......| `####################                                               
   |......|                     #############################`                  
   |...d@.|                                                                     
   --.-----                                                                     
     #                                                                          
     #                                                                          
     ###                                                                        
       #                                                                        
    ---.------                                                                  
    |........|                                                                  
    |........|                                                                  
    |........|                                                                  
    |........|                                                                  
    |..<.....|                                                                  
    ----------                                                                  
                                                                                
                                                                                
                                                                                
Agent the Tenderfoot           St:14 Dx:11 Co:14 In:14 Wi:15 Ch:7 Chaotic S:4   
Dlvl:1 $:0 HP:14(14) Pw:3(3) AC:7 Xp:1/1 T:379                                  

",0.0,False
303,north,,"message:


language observation:
boulder very far east
stairs up far southsouthwest
horizontal wall near north and northwest
dark area near northeast
boulder near eastnortheast
vertical wall near west
doorway very near northeast
vertical wall very near east
southeast corner very near southeast
horizontal wall very near south and southwest
tame little dog adjacent west

cursor:
Yourself a ranger
(x=8, y=5)

map:
                                                                                
   --------                                                                     
   |.......##                                                                   
   |......| `####################                                               
   |...d@.|                     #############################`                  
   |......|                                                                     
   --.-----                                                                     
     #                                                                          
     #                                                                          
     ###                                                                        
       #                                                                        
    ---.------                                                                  
    |........|                                                                  
    |........|                                                                  
    |........|                                                                  
    |........|                                                                  
    |..<.....|                                                                  
    ----------                                                                  
                                                                                
                                                                                
                                                                                
Agent the Tenderfoot           St:14 Dx:11 Co:14 In:14 Wi:15 Ch:7 Chaotic S:4   
Dlvl:1 $:0 HP:14(14) Pw:3(3) AC:7 Xp:1/1 T:380                                  

",0.0,False
304,northeast,,"message:


language observation:
boulder very far eastsoutheast
stairs up far southsouthwest
vertical wall far west
boulder near east
horizontal wall near south and southwest
horizontal wall very near north and northwest
dark area very near northeast
tame little dog very near westsouthwest
doorway adjacent northeast
vertical wall adjacent east and southeast

cursor:
Yourself a ranger
(x=9, y=4)

map:
                                                                                
   --------                                                                     
   |.......##                                                                   
   |.....@| `####################                                               
   |...d..|                     #############################`                  
   |......|                                                                     
   --.-----                                                                     
     #                                                                          
     #                                                                          
     ###                                                                        
       #                                                                        
    ---.------                                                                  
    |........|                                                                  
    |........|                                                                  
    |........|                                                                  
    |........|                                                                  
    |..<.....|                                                                  
    ----------                                                                  
                                                                                
                                                                                
                                                                                
Agent the Tenderfoot           St:14 Dx:11 Co:14 In:14 Wi:15 Ch:7 Chaotic S:4   
Dlvl:1 $:0 HP:14(14) Pw:3(3) AC:7 Xp:1/1 T:381                                  

",0.0,False
305,northeast,,"message:


language observation:
boulder very far eastsoutheast
stairs up far southsouthwest
vertical wall far west
dark area near east
horizontal wall near southwest
boulder very near eastsoutheast
northeast room corner adjacent north
dark area adjacent northeast and southeast
vertical wall adjacent south
tame little dog adjacent west
horizontal wall adjacent northwest

cursor:
Yourself a ranger
(x=10, y=3)

map:
                                                                                
   --------                                                                     
   |.....d@##                                                                   
   |......| `####################                                               
   |......|                     #############################`                  
   |......|                                                                     
   --.-----                                                                     
     #                                                                          
     #                                                                          
     ###                                                                        
       #                                                                        
    ---.------                                                                  
    |........|                                                                  
    |........|                                                                  
    |........|                                                                  
    |........|                                                                  
    |..<.....|                                                                  
    ----------                                                                  
                                                                                
                                                                                
                                                                                
Agent the Tenderfoot           St:14 Dx:11 Co:14 In:14 Wi:15 Ch:7 Chaotic S:4   
Dlvl:1 $:0 HP:14(14) Pw:3(3) AC:7 Xp:1/1 T:382                                  

",0.0,False
306,east,,"message:


language observation:
boulder very far eastsoutheast
stairs up far southsouthwest
vertical wall far west
dark area very near east and southeast
tame little dog very near west
dark area adjacent north, northeast, and south
boulder adjacent southeast
vertical wall adjacent southwest
doorway adjacent west
northeast room corner adjacent northwest

cursor:
Yourself a ranger
(x=11, y=3)

map:
                                                                                
   --------                                                                     
   |.....d.@#                                                                   
   |......| `####################                                               
   |......|                     #############################`                  
   |......|                                                                     
   --.-----                                                                     
     #                                                                          
     #                                                                          
     ###                                                                        
       #                                                                        
    ---.------                                                                  
    |........|                                                                  
    |........|                                                                  
    |........|                                                                  
    |........|                                                                  
    |..<.....|                                                                  
    ----------                                                                  
                                                                                
                                                                                
                                                                                
Agent the Tenderfoot           St:14 Dx:11 Co:14 In:14 Wi:15 Ch:7 Chaotic S:4   
Dlvl:1 $:0 HP:14(14) Pw:3(3) AC:7 Xp:1/1 T:383                                  

",0.0,False
307,east,,"message:


language observation:
boulder very far eastsoutheast
stairs up far southsouthwest
vertical wall far west
dark area very near southeast and south
doorway very near west
dark area adjacent north, northeast, east, southwest, and northwest
boulder adjacent south
tame little dog adjacent west

cursor:
Yourself a ranger
(x=12, y=3)

map:
                                                                                
   --------                                                                     
   |.......d@                                                                   
   |......| `####################                                               
   |......|                     #############################`                  
   |......|                                                                     
   --.-----                                                                     
     #                                                                          
     #                                                                          
     ###                                                                        
       #                                                                        
    ---.------                                                                  
    |........|                                                                  
    |........|                                                                  
    |........|                                                                  
    |........|                                                                  
    |..<.....|                                                                  
    ----------                                                                  
                                                                                
                                                                                
                                                                                
Agent the Tenderfoot           St:14 Dx:11 Co:14 In:14 Wi:15 Ch:7 Chaotic S:4   
Dlvl:1 $:0 HP:14(14) Pw:3(3) AC:7 Xp:1/1 T:384                                  

",0.0,False
308,east,,"message:
It's solid stone.

language observation:
boulder very far eastsoutheast
stairs up far southsouthwest
vertical wall far west
dark area very near southeast and south
doorway very near west
dark area adjacent north, northeast, east, southwest, and northwest
boulder adjacent south
tame little dog adjacent west

cursor:
Yourself a ranger
(x=12, y=3)

map:
                                                                                
   --------                                                                     
   |.......d@                                                                   
   |......| `####################                                               
   |......|                     #############################`                  
   |......|                                                                     
   --.-----                                                                     
     #                                                                          
     #                                                                          
     ###                                                                        
       #                                                                        
    ---.------                                                                  
    |........|                                                                  
    |........|                                                                  
    |........|                                                                  
    |........|                                                                  
    |..<.....|                                                                  
    ----------                                                                  
                                                                                
                                                                                
                                                                                
Agent the Tenderfoot           St:14 Dx:11 Co:14 In:14 Wi:15 Ch:7 Chaotic S:4   
Dlvl:1 $:0 HP:14(14) Pw:3(3) AC:7 Xp:1/1 T:384                                  

",0.0,False
309,southeast,,"message:


language observation:
boulder very far eastsoutheast
stairs up far southsouthwest
dark area very near west and northwest
dark area adjacent north, northeast, southeast, south, and southwest
boulder adjacent west
tame little dog adjacent northwest

cursor:
Yourself a ranger
(x=13, y=4)

map:
                                                                                
   --------                                                                     
   |.......#d                                                                   
   |......| `@###################                                               
   |......|                     #############################`                  
   |......|                                                                     
   --.-----                                                                     
     #                                                                          
     #                                                                          
     ###                                                                        
       #                                                                        
    ---.------                                                                  
    |........|                                                                  
    |........|                                                                  
    |........|                                                                  
    |........|                                                                  
    |..<.....|                                                                  
    ----------                                                                  
                                                                                
                                                                                
                                                                                
Agent the Tenderfoot           St:14 Dx:11 Co:14 In:14 Wi:15 Ch:7 Chaotic S:4   
Dlvl:1 $:0 HP:14(14) Pw:3(3) AC:7 Xp:1/1 T:385                                  

",0.0,False
310,east,,"message:


language observation:
boulder very far eastsoutheast
stairs up far southsouthwest
dark area near west
boulder very near west
dark area adjacent north, northeast, southeast, south, southwest, and northwest

cursor:
Yourself a ranger
(x=14, y=4)

map:
                                                                                
   --------                                                                     
   |.......##                                                                   
   |......| `#@##################                                               
   |......|                     #############################`                  
   |......|                                                                     
   --.-----                                                                     
     #                                                                          
     #                                                                          
     ###                                                                        
       #                                                                        
    ---.------                                                                  
    |........|                                                                  
    |........|                                                                  
    |........|                                                                  
    |........|                                                                  
    |..<.....|                                                                  
    ----------                                                                  
                                                                                
                                                                                
                                                                                
Agent the Tenderfoot           St:14 Dx:11 Co:14 In:14 Wi:15 Ch:7 Chaotic S:4   
Dlvl:1 $:0 HP:14(14) Pw:3(3) AC:7 Xp:1/1 T:386                                  

",0.0,False
311,east,,"message:


language observation:
boulder very far eastsoutheast
stairs up far southsouthwest
boulder near west
dark area near west
dark area adjacent north, northeast, southeast, south, southwest, and northwest
tame little dog adjacent west

cursor:
Yourself a ranger
(x=15, y=4)

map:
                                                                                
   --------                                                                     
   |.......##                                                                   
   |......| `#d@#################                                               
   |......|                     #############################`                  
   |......|                                                                     
   --.-----                                                                     
     #                                                                          
     #                                                                          
     ###                                                                        
       #                                                                        
    ---.------                                                                  
    |........|                                                                  
    |........|                                                                  
    |........|                                                                  
    |........|                                                                  
    |..<.....|                                                                  
    ----------                                                                  
                                                                                
                                                                                
                                                                                
Agent the Tenderfoot           St:14 Dx:11 Co:14 In:14 Wi:15 Ch:7 Chaotic S:4   
Dlvl:1 $:0 HP:14(14) Pw:3(3) AC:7 Xp:1/1 T:387                                  

",0.0,False
312,east,,"message:


language observation:
boulder very far eastsoutheast
stairs up far southsouthwest
boulder near west
dark area near west
tame little dog very near west
dark area adjacent north, northeast, southeast, south, southwest, and northwest

cursor:
Yourself a ranger
(x=16, y=4)

map:
                                                                                
   --------                                                                     
   |.......##                                                                   
   |......| `#d#@################                                               
   |......|                     #############################`                  
   |......|                                                                     
   --.-----                                                                     
     #                                                                          
     #                                                                          
     ###                                                                        
       #                                                                        
    ---.------                                                                  
    |........|                                                                  
    |........|                                                                  
    |........|                                                                  
    |........|                                                                  
    |..<.....|                                                                  
    ----------                                                                  
                                                                                
                                                                                
                                                                                
Agent the Tenderfoot           St:14 Dx:11 Co:14 In:14 Wi:15 Ch:7 Chaotic S:4   
Dlvl:1 $:0 HP:14(14) Pw:3(3) AC:7 Xp:1/1 T:388                                  

",0.0,False
313,east,,"message:


language observation:
boulder very far eastsoutheast
stairs up far southsouthwest
dark area far west
boulder near west
dark area adjacent north, northeast, southeast, south, southwest, and northwest
tame little dog adjacent west

cursor:
Yourself a ranger
(x=17, y=4)

map:
                                                                                
   --------                                                                     
   |.......##                                                                   
   |......| `###d@###############                                               
   |......|                     #############################`                  
   |......|                                                                     
   --.-----                                                                     
     #                                                                          
     #                                                                          
     ###                                                                        
       #                                                                        
    ---.------                                                                  
    |........|                                                                  
    |........|                                                                  
    |........|                                                                  
    |........|                                                                  
    |..<.....|                                                                  
    ----------                                                                  
                                                                                
                                                                                
                                                                                
Agent the Tenderfoot           St:14 Dx:11 Co:14 In:14 Wi:15 Ch:7 Chaotic S:4   
Dlvl:1 $:0 HP:14(14) Pw:3(3) AC:7 Xp:1/1 T:389                                  

",0.0,False
314,east,,"message:


language observation:
boulder very far eastsoutheast
stairs up far southsouthwest
boulder far west
dark area far west
tame little dog very near west
dark area adjacent north, northeast, southeast, south, southwest, and northwest

cursor:
Yourself a ranger
(x=18, y=4)

map:
                                                                                
   --------                                                                     
   |.......##                                                                   
   |......| `###d#@##############                                               
   |......|                     #############################`                  
   |......|                                                                     
   --.-----                                                                     
     #                                                                          
     #                                                                          
     ###                                                                        
       #                                                                        
    ---.------                                                                  
    |........|                                                                  
    |........|                                                                  
    |........|                                                                  
    |........|                                                                  
    |..<.....|                                                                  
    ----------                                                                  
                                                                                
                                                                                
                                                                                
Agent the Tenderfoot           St:14 Dx:11 Co:14 In:14 Wi:15 Ch:7 Chaotic S:4   
Dlvl:1 $:0 HP:14(14) Pw:3(3) AC:7 Xp:1/1 T:390                                  

",0.0,False
315,east,,"message:


language observation:
boulder very far eastsoutheast
stairs up far southsouthwest
boulder far west
dark area far west
dark area adjacent north, northeast, southeast, south, southwest, and northwest
tame little dog adjacent west

cursor:
Yourself a ranger
(x=19, y=4)

map:
                                                                                
   --------                                                                     
   |.......##                                                                   
   |......| `#####d@#############                                               
   |......|                     #############################`                  
   |......|                                                                     
   --.-----                                                                     
     #                                                                          
     #                                                                          
     ###                                                                        
       #                                                                        
    ---.------                                                                  
    |........|                                                                  
    |........|                                                                  
    |........|                                                                  
    |........|                                                                  
    |..<.....|                                                                  
    ----------                                                                  
                                                                                
                                                                                
                                                                                
Agent the Tenderfoot           St:14 Dx:11 Co:14 In:14 Wi:15 Ch:7 Chaotic S:4   
Dlvl:1 $:0 HP:14(14) Pw:3(3) AC:7 Xp:1/1 T:391                                  

",0.0,False
316,east,,"message:


language observation:
boulder very far eastsoutheast
stairs up far southwest
boulder far west
dark area far west
dark area adjacent north, northeast, southeast, south, southwest, and northwest
tame little dog adjacent west

cursor:
Yourself a ranger
(x=20, y=4)

map:
                                                                                
   --------                                                                     
   |.......##                                                                   
   |......| `######d@############                                               
   |......|                     #############################`                  
   |......|                                                                     
   --.-----                                                                     
     #                                                                          
     #                                                                          
     ###                                                                        
       #                                                                        
    ---.------                                                                  
    |........|                                                                  
    |........|                                                                  
    |........|                                                                  
    |........|                                                                  
    |..<.....|                                                                  
    ----------                                                                  
                                                                                
                                                                                
                                                                                
Agent the Tenderfoot           St:14 Dx:11 Co:14 In:14 Wi:15 Ch:7 Chaotic S:4   
Dlvl:1 $:0 HP:14(14) Pw:3(3) AC:7 Xp:1/1 T:392                                  

",0.0,False
317,east,,"message:


language observation:
boulder very far eastsoutheast
stairs up far westsouthwest
boulder far west
dark area adjacent north, northeast, southeast, south, southwest, and northwest
tame little dog adjacent west

cursor:
Yourself a ranger
(x=21, y=4)

map:
                                                                                
   --------                                                                     
   |.......##                                                                   
   |......| `#######d@###########                                               
   |......|                     #############################`                  
   |......|                                                                     
   --.-----                                                                     
     #                                                                          
     #                                                                          
     ###                                                                        
       #                                                                        
    ---.------                                                                  
    |........|                                                                  
    |........|                                                                  
    |........|                                                                  
    |........|                                                                  
    |..<.....|                                                                  
    ----------                                                                  
                                                                                
                                                                                
                                                                                
Agent the Tenderfoot           St:14 Dx:11 Co:14 In:14 Wi:15 Ch:7 Chaotic S:4   
Dlvl:1 $:0 HP:14(14) Pw:3(3) AC:7 Xp:1/1 T:393                                  

",0.0,False
318,east,,"message:


language observation:
boulder very far eastsoutheast
stairs up far westsouthwest
boulder far west
dark area adjacent north, northeast, southeast, south, southwest, and northwest
tame little dog adjacent west

cursor:
Yourself a ranger
(x=22, y=4)

map:
                                                                                
   --------                                                                     
   |.......##                                                                   
   |......| `########d@##########                                               
   |......|                     #############################`                  
   |......|                                                                     
   --.-----                                                                     
     #                                                                          
     #                                                                          
     ###                                                                        
       #                                                                        
    ---.------                                                                  
    |........|                                                                  
    |........|                                                                  
    |........|                                                                  
    |........|                                                                  
    |..<.....|                                                                  
    ----------                                                                  
                                                                                
                                                                                
                                                                                
Agent the Tenderfoot           St:14 Dx:11 Co:14 In:14 Wi:15 Ch:7 Chaotic S:4   
Dlvl:1 $:0 HP:14(14) Pw:3(3) AC:7 Xp:1/1 T:394                                  

",0.0,False
319,east,,"message:


language observation:
boulder very far eastsoutheast
stairs up far westsouthwest
boulder far west
dark area adjacent north, northeast, southeast, south, southwest, and northwest
tame little dog adjacent west

cursor:
Yourself a ranger
(x=23, y=4)

map:
                                                                                
   --------                                                                     
   |.......##                                                                   
   |......| `#########d@#########                                               
   |......|                     #############################`                  
   |......|                                                                     
   --.-----                                                                     
     #                                                                          
     #                                                                          
     ###                                                                        
       #                                                                        
    ---.------                                                                  
    |........|                                                                  
    |........|                                                                  
    |........|                                                                  
    |........|                                                                  
    |..<.....|                                                                  
    ----------                                                                  
                                                                                
                                                                                
                                                                                
Agent the Tenderfoot           St:14 Dx:11 Co:14 In:14 Wi:15 Ch:7 Chaotic S:4   
Dlvl:1 $:0 HP:14(14) Pw:3(3) AC:7 Xp:1/1 T:395                                  

",0.0,False
320,east,,"message:


language observation:
boulder very far eastsoutheast
dark area far east
stairs up far westsouthwest
boulder far west
dark area adjacent north, northeast, southeast, south, southwest, and northwest
tame little dog adjacent west

cursor:
Yourself a ranger
(x=24, y=4)

map:
                                                                                
   --------                                                                     
   |.......##                                                                   
   |......| `##########d@########                                               
   |......|                     #############################`                  
   |......|                                                                     
   --.-----                                                                     
     #                                                                          
     #                                                                          
     ###                                                                        
       #                                                                        
    ---.------                                                                  
    |........|                                                                  
    |........|                                                                  
    |........|                                                                  
    |........|                                                                  
    |..<.....|                                                                  
    ----------                                                                  
                                                                                
                                                                                
                                                                                
Agent the Tenderfoot           St:14 Dx:11 Co:14 In:14 Wi:15 Ch:7 Chaotic S:4   
Dlvl:1 $:0 HP:14(14) Pw:3(3) AC:7 Xp:1/1 T:396                                  

",0.0,False
321,east,,"message:


language observation:
boulder very far eastsoutheast
dark area far east
stairs up far westsouthwest
boulder far west
tame little dog very near west
dark area adjacent north, northeast, southeast, south, southwest, and northwest

cursor:
Yourself a ranger
(x=25, y=4)

map:
                                                                                
   --------                                                                     
   |.......##                                                                   
   |......| `##########d#@#######                                               
   |......|                     #############################`                  
   |......|                                                                     
   --.-----                                                                     
     #                                                                          
     #                                                                          
     ###                                                                        
       #                                                                        
    ---.------                                                                  
    |........|                                                                  
    |........|                                                                  
    |........|                                                                  
    |........|                                                                  
    |..<.....|                                                                  
    ----------                                                                  
                                                                                
                                                                                
                                                                                
Agent the Tenderfoot           St:14 Dx:11 Co:14 In:14 Wi:15 Ch:7 Chaotic S:4   
Dlvl:1 $:0 HP:14(14) Pw:3(3) AC:7 Xp:1/1 T:397                                  

",0.0,False
322,east,,"message:


language observation:
boulder very far eastsoutheast
dark area far east
stairs up far westsouthwest
boulder far west
dark area adjacent north, northeast, southeast, south, southwest, and northwest
tame little dog adjacent west

cursor:
Yourself a ranger
(x=26, y=4)

map:
                                                                                
   --------                                                                     
   |.......##                                                                   
   |......| `############d@######                                               
   |......|                     #############################`                  
   |......|                                                                     
   --.-----                                                                     
     #                                                                          
     #                                                                          
     ###                                                                        
       #                                                                        
    ---.------                                                                  
    |........|                                                                  
    |........|                                                                  
    |........|                                                                  
    |........|                                                                  
    |..<.....|                                                                  
    ----------                                                                  
                                                                                
                                                                                
                                                                                
Agent the Tenderfoot           St:14 Dx:11 Co:14 In:14 Wi:15 Ch:7 Chaotic S:4   
Dlvl:1 $:0 HP:14(14) Pw:3(3) AC:7 Xp:1/1 T:398                                  

",0.0,False
323,east,,"message:


language observation:
boulder very far eastsoutheast
stairs up very far westsouthwest
dark area far east
boulder far west
tame little dog very near west
dark area adjacent north, northeast, southeast, south, southwest, and northwest

cursor:
Yourself a ranger
(x=27, y=4)

map:
                                                                                
   --------                                                                     
   |.......##                                                                   
   |......| `############d#@#####                                               
   |......|                     #############################`                  
   |......|                                                                     
   --.-----                                                                     
     #                                                                          
     #                                                                          
     ###                                                                        
       #                                                                        
    ---.------                                                                  
    |........|                                                                  
    |........|                                                                  
    |........|                                                                  
    |........|                                                                  
    |..<.....|                                                                  
    ----------                                                                  
                                                                                
                                                                                
                                                                                
Agent the Tenderfoot           St:14 Dx:11 Co:14 In:14 Wi:15 Ch:7 Chaotic S:4   
Dlvl:1 $:0 HP:14(14) Pw:3(3) AC:7 Xp:1/1 T:399                                  

",0.0,False
324,east,,"message:


language observation:
boulder very far eastsoutheast
stairs up very far westsouthwest
boulder far west
dark area near east
tame little dog very near west
dark area adjacent north, northeast, southeast, south, southwest, and northwest

cursor:
Yourself a ranger
(x=28, y=4)

map:
                                                                                
   --------                                                                     
   |.......##                                                                   
   |......| `#############d#@####                                               
   |......|                     #############################`                  
   |......|                                                                     
   --.-----                                                                     
     #                                                                          
     #                                                                          
     ###                                                                        
       #                                                                        
    ---.------                                                                  
    |........|                                                                  
    |........|                                                                  
    |........|                                                                  
    |........|                                                                  
    |..<.....|                                                                  
    ----------                                                                  
                                                                                
                                                                                
                                                                                
Agent the Tenderfoot           St:14 Dx:11 Co:14 In:14 Wi:15 Ch:7 Chaotic S:4   
Dlvl:1 $:0 HP:14(14) Pw:3(3) AC:7 Xp:1/1 T:400                                  

",0.0,False
325,east,,"message:


language observation:
boulder very far eastsoutheast
stairs up very far westsouthwest
boulder far west
dark area near east
tame little dog very near west
dark area adjacent north, northeast, southeast, south, southwest, and northwest

cursor:
Yourself a ranger
(x=29, y=4)

map:
                                                                                
   --------                                                                     
   |.......##                                                                   
   |......| `##############d#@###                                               
   |......|                     #############################`                  
   |......|                                                                     
   --.-----                                                                     
     #                                                                          
     #                                                                          
     ###                                                                        
       #                                                                        
    ---.------                                                                  
    |........|                                                                  
    |........|                                                                  
    |........|                                                                  
    |........|                                                                  
    |..<.....|                                                                  
    ----------                                                                  
                                                                                
                                                                                
                                                                                
Agent the Tenderfoot           St:14 Dx:11 Co:14 In:14 Wi:15 Ch:7 Chaotic S:4   
Dlvl:1 $:0 HP:14(14) Pw:3(3) AC:7 Xp:1/1 T:401                                  

",0.0,False
326,east,,"message:


language observation:
boulder very far eastsoutheast
stairs up very far westsouthwest
boulder far west
dark area near east
tame little dog very near west
dark area adjacent north, northeast, southeast, south, southwest, and northwest

cursor:
Yourself a ranger
(x=30, y=4)

map:
                                                                                
   --------                                                                     
   |.......##                                                                   
   |......| `###############d#@##                                               
   |......|                     #############################`                  
   |......|                                                                     
   --.-----                                                                     
     #                                                                          
     #                                                                          
     ###                                                                        
       #                                                                        
    ---.------                                                                  
    |........|                                                                  
    |........|                                                                  
    |........|                                                                  
    |........|                                                                  
    |..<.....|                                                                  
    ----------                                                                  
                                                                                
                                                                                
                                                                                
Agent the Tenderfoot           St:14 Dx:11 Co:14 In:14 Wi:15 Ch:7 Chaotic S:4   
Dlvl:1 $:0 HP:14(14) Pw:3(3) AC:7 Xp:1/1 T:402                                  

",0.0,False
327,east,,"message:


language observation:
boulder very far eastsoutheast
stairs up very far westsouthwest
boulder far west
dark area very near east and southeast
dark area adjacent north, northeast, south, southwest, and northwest
tame little dog adjacent west

cursor:
Yourself a ranger
(x=31, y=4)

map:
                                                                                
   --------                                                                     
   |.......##                                                                   
   |......| `#################d@#                                               
   |......|                     #############################`                  
   |......|                                                                     
   --.-----                                                                     
     #                                                                          
     #                                                                          
     ###                                                                        
       #                                                                        
    ---.------                                                                  
    |........|                                                                  
    |........|                                                                  
    |........|                                                                  
    |........|                                                                  
    |..<.....|                                                                  
    ----------                                                                  
                                                                                
                                                                                
                                                                                
Agent the Tenderfoot           St:14 Dx:11 Co:14 In:14 Wi:15 Ch:7 Chaotic S:4   
Dlvl:1 $:0 HP:14(14) Pw:3(3) AC:7 Xp:1/1 T:403                                  

",0.0,False
328,east,,"message:


language observation:
boulder very far eastsoutheast and west
stairs up very far westsouthwest
dark area very near southeast and south
dark area adjacent north, northeast, east, southwest, and northwest
tame little dog adjacent south

cursor:
Yourself a ranger
(x=32, y=4)

map:
                                                                                
   --------                                                                     
   |.......##                                                                   
   |......| `###################@                                               
   |......|                     d############################`                  
   |......|                                                                     
   --.-----                                                                     
     #                                                                          
     #                                                                          
     ###                                                                        
       #                                                                        
    ---.------                                                                  
    |........|                                                                  
    |........|                                                                  
    |........|                                                                  
    |........|                                                                  
    |..<.....|                                                                  
    ----------                                                                  
                                                                                
                                                                                
                                                                                
Agent the Tenderfoot           St:14 Dx:11 Co:14 In:14 Wi:15 Ch:7 Chaotic S:4   
Dlvl:1 $:0 HP:14(14) Pw:3(3) AC:7 Xp:1/1 T:404                                  

",0.0,False
329,south,,"message:
You swap places with Sirius.

language observation:
boulder very far east and westnorthwest
stairs up very far westsouthwest
dark area very near north and northwest
tame little dog adjacent north
dark area adjacent northeast, southeast, south, southwest, and west

cursor:
Yourself a ranger
(x=32, y=5)

map:
                                                                                
   --------                                                                     
   |.......##                                                                   
   |......| `###################d                                               
   |......|                     @############################`                  
   |......|                                                                     
   --.-----                                                                     
     #                                                                          
     #                                                                          
     ###                                                                        
       #                                                                        
    ---.------                                                                  
    |........|                                                                  
    |........|                                                                  
    |........|                                                                  
    |........|                                                                  
    |..<.....|                                                                  
    ----------                                                                  
                                                                                
                                                                                
                                                                                
Agent the Tenderfoot           St:14 Dx:11 Co:14 In:14 Wi:15 Ch:7 Chaotic S:4   
Dlvl:1 $:0 HP:14(14) Pw:3(3) AC:7 Xp:1/1 T:405                                  

",0.0,False
330,east,,"message:


language observation:
boulder very far east and westnorthwest
stairs up very far westsouthwest
dark area very near west and northwest
dark area adjacent north, northeast, southeast, south, and southwest
tame little dog adjacent west

cursor:
Yourself a ranger
(x=33, y=5)

map:
                                                                                
   --------                                                                     
   |.......##                                                                   
   |......| `####################                                               
   |......|                     d@###########################`                  
   |......|                                                                     
   --.-----                                                                     
     #                                                                          
     #                                                                          
     ###                                                                        
       #                                                                        
    ---.------                                                                  
    |........|                                                                  
    |........|                                                                  
    |........|                                                                  
    |........|                                                                  
    |..<.....|                                                                  
    ----------                                                                  
                                                                                
                                                                                
                                                                                
Agent the Tenderfoot           St:14 Dx:11 Co:14 In:14 Wi:15 Ch:7 Chaotic S:4   
Dlvl:1 $:0 HP:14(14) Pw:3(3) AC:7 Xp:1/1 T:406                                  

",0.0,False
331,east,,"message:


language observation:
boulder very far east and westnorthwest
stairs up very far westsouthwest
dark area near west
dark area adjacent north, northeast, southeast, south, southwest, and northwest

cursor:
Yourself a ranger
(x=34, y=5)

map:
                                                                                
   --------                                                                     
   |.......##                                                                   
   |......| `####################                                               
   |......|                     ##@##########################`                  
   |......|                                                                     
   --.-----                                                                     
     #                                                                          
     #                                                                          
     ###                                                                        
       #                                                                        
    ---.------                                                                  
    |........|                                                                  
    |........|                                                                  
    |........|                                                                  
    |........|                                                                  
    |..<.....|                                                                  
    ----------                                                                  
                                                                                
                                                                                
                                                                                
Agent the Tenderfoot           St:14 Dx:11 Co:14 In:14 Wi:15 Ch:7 Chaotic S:4   
Dlvl:1 $:0 HP:14(14) Pw:3(3) AC:7 Xp:1/1 T:407                                  

",0.0,False
332,east,,"message:


language observation:
boulder very far east and westnorthwest
stairs up very far westsouthwest
dark area near west
tame little dog very near west
dark area adjacent north, northeast, southeast, south, southwest, and northwest

cursor:
Yourself a ranger
(x=35, y=5)

map:
                                                                                
   --------                                                                     
   |.......##                                                                   
   |......| `####################                                               
   |......|                     #d#@#########################`                  
   |......|                                                                     
   --.-----                                                                     
     #                                                                          
     #                                                                          
     ###                                                                        
       #                                                                        
    ---.------                                                                  
    |........|                                                                  
    |........|                                                                  
    |........|                                                                  
    |........|                                                                  
    |..<.....|                                                                  
    ----------                                                                  
                                                                                
                                                                                
                                                                                
Agent the Tenderfoot           St:14 Dx:11 Co:14 In:14 Wi:15 Ch:7 Chaotic S:4   
Dlvl:1 $:0 HP:14(14) Pw:3(3) AC:7 Xp:1/1 T:408                                  

",0.0,False
333,east,,"message:


language observation:
boulder very far east and westnorthwest
stairs up very far westsouthwest
dark area near west
dark area adjacent north, northeast, southeast, south, southwest, and northwest
tame little dog adjacent west

cursor:
Yourself a ranger
(x=36, y=5)

map:
                                                                                
   --------                                                                     
   |.......##                                                                   
   |......| `####################                                               
   |......|                     ###d@########################`                  
   |......|                                                                     
   --.-----                                                                     
     #                                                                          
     #                                                                          
     ###                                                                        
       #                                                                        
    ---.------                                                                  
    |........|                                                                  
    |........|                                                                  
    |........|                                                                  
    |........|                                                                  
    |..<.....|                                                                  
    ----------                                                                  
                                                                                
                                                                                
                                                                                
Agent the Tenderfoot           St:14 Dx:11 Co:14 In:14 Wi:15 Ch:7 Chaotic S:4   
Dlvl:1 $:0 HP:14(14) Pw:3(3) AC:7 Xp:1/1 T:409                                  

",0.0,False
334,east,,"message:


language observation:
boulder very far east and westnorthwest
stairs up very far westsouthwest
dark area far west
tame little dog very near west
dark area adjacent north, northeast, southeast, south, southwest, and northwest

cursor:
Yourself a ranger
(x=37, y=5)

map:
                                                                                
   --------                                                                     
   |.......##                                                                   
   |......| `####################                                               
   |......|                     ###d#@#######################`                  
   |......|                                                                     
   --.-----                                                                     
     #                                                                          
     #                                                                          
     ###                                                                        
       #                                                                        
    ---.------                                                                  
    |........|                                                                  
    |........|                                                                  
    |........|                                                                  
    |........|                                                                  
    |..<.....|                                                                  
    ----------                                                                  
                                                                                
                                                                                
                                                                                
Agent the Tenderfoot           St:14 Dx:11 Co:14 In:14 Wi:15 Ch:7 Chaotic S:4   
Dlvl:1 $:0 HP:14(14) Pw:3(3) AC:7 Xp:1/1 T:410                                  

",0.0,False
335,east,,"message:


language observation:
boulder very far east and westnorthwest
stairs up very far westsouthwest
dark area far west
tame little dog very near west
dark area adjacent north, northeast, southeast, south, southwest, and northwest

cursor:
Yourself a ranger
(x=38, y=5)

map:
                                                                                
   --------                                                                     
   |.......##                                                                   
   |......| `####################                                               
   |......|                     ####d#@######################`                  
   |......|                                                                     
   --.-----                                                                     
     #                                                                          
     #                                                                          
     ###                                                                        
       #                                                                        
    ---.------                                                                  
    |........|                                                                  
    |........|                                                                  
    |........|                                                                  
    |........|                                                                  
    |..<.....|                                                                  
    ----------                                                                  
                                                                                
                                                                                
                                                                                
Agent the Tenderfoot           St:14 Dx:11 Co:14 In:14 Wi:15 Ch:7 Chaotic S:4   
Dlvl:1 $:0 HP:14(14) Pw:3(3) AC:7 Xp:1/1 T:411                                  

",0.0,False
336,east,,"message:


language observation:
boulder very far east and westnorthwest
stairs up very far westsouthwest
dark area far west
tame little dog very near west
dark area adjacent north, northeast, southeast, south, southwest, and northwest

cursor:
Yourself a ranger
(x=39, y=5)

map:
                                                                                
   --------                                                                     
   |.......##                                                                   
   |......| `####################                                               
   |......|                     #####d#@#####################`                  
   |......|                                                                     
   --.-----                                                                     
     #                                                                          
     #                                                                          
     ###                                                                        
       #                                                                        
    ---.------                                                                  
    |........|                                                                  
    |........|                                                                  
    |........|                                                                  
    |........|                                                                  
    |..<.....|                                                                  
    ----------                                                                  
                                                                                
                                                                                
                                                                                
Agent the Tenderfoot           St:14 Dx:11 Co:14 In:14 Wi:15 Ch:7 Chaotic S:4   
Dlvl:1 $:0 HP:14(14) Pw:3(3) AC:7 Xp:1/1 T:412                                  

",0.0,False
337,east,,"message:


language observation:
boulder very far east and westnorthwest
stairs up very far westsouthwest
dark area far west
dark area adjacent north, northeast, southeast, south, southwest, and northwest
tame little dog adjacent west

cursor:
Yourself a ranger
(x=40, y=5)

map:
                                                                                
   --------                                                                     
   |.......##                                                                   
   |......| `####################                                               
   |......|                     #######d@####################`                  
   |......|                                                                     
   --.-----                                                                     
     #                                                                          
     #                                                                          
     ###                                                                        
       #                                                                        
    ---.------                                                                  
    |........|                                                                  
    |........|                                                                  
    |........|                                                                  
    |........|                                                                  
    |..<.....|                                                                  
    ----------                                                                  
                                                                                
                                                                                
                                                                                
Agent the Tenderfoot           St:14 Dx:11 Co:14 In:14 Wi:15 Ch:7 Chaotic S:4   
Dlvl:1 $:0 HP:14(14) Pw:3(3) AC:7 Xp:1/1 T:413                                  

",0.0,False
338,east,,"message:


language observation:
boulder very far east and westnorthwest
stairs up very far westsouthwest
tame little dog very near west
dark area adjacent north, northeast, southeast, south, southwest, and northwest

cursor:
Yourself a ranger
(x=41, y=5)

map:
                                                                                
   --------                                                                     
   |.......##                                                                   
   |......| `####################                                               
   |......|                     #######d#@###################`                  
   |......|                                                                     
   --.-----                                                                     
     #                                                                          
     #                                                                          
     ###                                                                        
       #                                                                        
    ---.------                                                                  
    |........|                                                                  
    |........|                                                                  
    |........|                                                                  
    |........|                                                                  
    |..<.....|                                                                  
    ----------                                                                  
                                                                                
                                                                                
                                                                                
Agent the Tenderfoot           St:14 Dx:11 Co:14 In:14 Wi:15 Ch:7 Chaotic S:4   
Dlvl:1 $:0 HP:14(14) Pw:3(3) AC:7 Xp:1/1 T:414                                  

",0.0,False
339,east,,"message:


language observation:
stairs up very far westsouthwest
boulder very far westnorthwest
boulder far east
dark area adjacent north, northeast, southeast, south, southwest, and northwest
tame little dog adjacent west

cursor:
Yourself a ranger
(x=42, y=5)

map:
                                                                                
   --------                                                                     
   |.......##                                                                   
   |......| `####################                                               
   |......|                     #########d@##################`                  
   |......|                                                                     
   --.-----                                                                     
     #                                                                          
     #                                                                          
     ###                                                                        
       #                                                                        
    ---.------                                                                  
    |........|                                                                  
    |........|                                                                  
    |........|                                                                  
    |........|                                                                  
    |..<.....|                                                                  
    ----------                                                                  
                                                                                
                                                                                
                                                                                
Agent the Tenderfoot           St:14 Dx:11 Co:14 In:14 Wi:15 Ch:7 Chaotic S:4   
Dlvl:1 $:0 HP:14(14) Pw:3(3) AC:7 Xp:1/1 T:415                                  

",0.0,False
340,east,,"message:


language observation:
stairs up very far westsouthwest
boulder very far westnorthwest
boulder far east
tame little dog very near west
dark area adjacent north, northeast, southeast, south, southwest, and northwest

cursor:
Yourself a ranger
(x=43, y=5)

map:
                                                                                
   --------                                                                     
   |.......##                                                                   
   |......| `####################                                               
   |......|                     #########d#@#################`                  
   |......|                                                                     
   --.-----                                                                     
     #                                                                          
     #                                                                          
     ###                                                                        
       #                                                                        
    ---.------                                                                  
    |........|                                                                  
    |........|                                                                  
    |........|                                                                  
    |........|                                                                  
    |..<.....|                                                                  
    ----------                                                                  
                                                                                
                                                                                
                                                                                
Agent the Tenderfoot           St:14 Dx:11 Co:14 In:14 Wi:15 Ch:7 Chaotic S:4   
Dlvl:1 $:0 HP:14(14) Pw:3(3) AC:7 Xp:1/1 T:416                                  

",0.0,False
341,east,,"message:


language observation:
stairs up very far westsouthwest
boulder very far westnorthwest
boulder far east
dark area adjacent north, northeast, southeast, south, southwest, and northwest
tame little dog adjacent west

cursor:
Yourself a ranger
(x=44, y=5)

map:
                                                                                
   --------                                                                     
   |.......##                                                                   
   |......| `####################                                               
   |......|                     ###########d@################`                  
   |......|                                                                     
   --.-----                                                                     
     #                                                                          
     #                                                                          
     ###                                                                        
       #                                                                        
    ---.------                                                                  
    |........|                                                                  
    |........|                                                                  
    |........|                                                                  
    |........|                                                                  
    |..<.....|                                                                  
    ----------                                                                  
                                                                                
                                                                                
                                                                                
Agent the Tenderfoot           St:14 Dx:11 Co:14 In:14 Wi:15 Ch:7 Chaotic S:4   
Dlvl:1 $:0 HP:14(14) Pw:3(3) AC:7 Xp:1/1 T:417                                  

",0.0,False
342,east,,"message:


language observation:
stairs up very far westsouthwest
boulder very far westnorthwest
boulder far east
dark area adjacent north, northeast, southeast, south, southwest, and northwest
tame little dog adjacent west

cursor:
Yourself a ranger
(x=45, y=5)

map:
                                                                                
   --------                                                                     
   |.......##                                                                   
   |......| `####################                                               
   |......|                     ############d@###############`                  
   |......|                                                                     
   --.-----                                                                     
     #                                                                          
     #                                                                          
     ###                                                                        
       #                                                                        
    ---.------                                                                  
    |........|                                                                  
    |........|                                                                  
    |........|                                                                  
    |........|                                                                  
    |..<.....|                                                                  
    ----------                                                                  
                                                                                
                                                                                
                                                                                
Agent the Tenderfoot           St:14 Dx:11 Co:14 In:14 Wi:15 Ch:7 Chaotic S:4   
Dlvl:1 $:0 HP:14(14) Pw:3(3) AC:7 Xp:1/1 T:418                                  

",0.0,False
343,east,,"message:


language observation:
stairs up very far westsouthwest
boulder very far westnorthwest
boulder far east
dark area adjacent north, northeast, southeast, south, southwest, and northwest
tame little dog adjacent west

cursor:
Yourself a ranger
(x=46, y=5)

map:
                                                                                
   --------                                                                     
   |.......##                                                                   
   |......| `####################                                               
   |......|                     #############d@##############`                  
   |......|                                                                     
   --.-----                                                                     
     #                                                                          
     #                                                                          
     ###                                                                        
       #                                                                        
    ---.------                                                                  
    |........|                                                                  
    |........|                                                                  
    |........|                                                                  
    |........|                                                                  
    |..<.....|                                                                  
    ----------                                                                  
                                                                                
                                                                                
                                                                                
Agent the Tenderfoot           St:14 Dx:11 Co:14 In:14 Wi:15 Ch:7 Chaotic S:4   
Dlvl:1 $:0 HP:14(14) Pw:3(3) AC:7 Xp:1/1 T:419                                  

",0.0,False
344,east,,"message:


language observation:
stairs up very far westsouthwest
boulder very far westnorthwest
boulder far east
tame little dog very near west
dark area adjacent north, northeast, southeast, south, southwest, and northwest

cursor:
Yourself a ranger
(x=47, y=5)

map:
                                                                                
   --------                                                                     
   |.......##                                                                   
   |......| `####################                                               
   |......|                     #############d#@#############`                  
   |......|                                                                     
   --.-----                                                                     
     #                                                                          
     #                                                                          
     ###                                                                        
       #                                                                        
    ---.------                                                                  
    |........|                                                                  
    |........|                                                                  
    |........|                                                                  
    |........|                                                                  
    |..<.....|                                                                  
    ----------                                                                  
                                                                                
                                                                                
                                                                                
Agent the Tenderfoot           St:14 Dx:11 Co:14 In:14 Wi:15 Ch:7 Chaotic S:4   
Dlvl:1 $:0 HP:14(14) Pw:3(3) AC:7 Xp:1/1 T:420                                  

",0.0,False
345,far east,,"message:
With great effort you move the boulder.

language observation:
stairs up very far westsouthwest
boulder very far westnorthwest
dark area very near east
tame little dog very near west
dark area adjacent north, northeast, southeast, south, southwest, and northwest
boulder adjacent east

cursor:
Yourself a ranger
(x=61, y=5)

map:
                                                                                
   --------                                                                     
   |.......##                                                                   
   |......| `####################                                               
   |......|                     ###########################d#@`                 
   |......|                                                                     
   --.-----                                                                     
     #                                                                          
     #                                                                          
     ###                                                                        
       #                                                                        
    ---.------                                                                  
    |........|                                                                  
    |........|                                                                  
    |........|                                                                  
    |........|                                                                  
    |..<.....|                                                                  
    ----------                                                                  
                                                                                
                                                                                
                                                                                
Agent the Tenderfoot           St:14 Dx:11 Co:14 In:14 Wi:15 Ch:7 Chaotic S:4   
Dlvl:1 $:0 HP:14(14) Pw:3(3) AC:7 Xp:1/1 T:434                                  

",0.0,False
346,east,,"message:


language observation:
stairs up very far westsouthwest
boulder very far westnorthwest
dark area very near east and southeast
tame little dog very near west
dark area adjacent north, northeast, south, southwest, and northwest
boulder adjacent east

cursor:
Yourself a ranger
(x=62, y=5)

map:
                                                                                
   --------                                                                     
   |.......##                                                                   
   |......| `####################                                               
   |......|                     ############################d#@`                
   |......|                                                    #                
   --.-----                                                                     
     #                                                                          
     #                                                                          
     ###                                                                        
       #                                                                        
    ---.------                                                                  
    |........|                                                                  
    |........|                                                                  
    |........|                                                                  
    |........|                                                                  
    |..<.....|                                                                  
    ----------                                                                  
                                                                                
                                                                                
                                                                                
Agent the Tenderfoot           St:14 Dx:11 Co:14 In:14 Wi:15 Ch:7 Chaotic S:4   
Dlvl:1 $:0 HP:14(14) Pw:3(3) AC:7 Xp:1/1 T:435                                  

",0.0,False
347,south,,"message:
It's solid stone.

language observation:
stairs up very far westsouthwest
boulder very far westnorthwest
dark area very near east and southeast
tame little dog very near west
dark area adjacent north, northeast, south, southwest, and northwest
boulder adjacent east

cursor:
Yourself a ranger
(x=62, y=5)

map:
                                                                                
   --------                                                                     
   |.......##                                                                   
   |......| `####################                                               
   |......|                     ############################d#@`                
   |......|                                                    #                
   --.-----                                                                     
     #                                                                          
     #                                                                          
     ###                                                                        
       #                                                                        
    ---.------                                                                  
    |........|                                                                  
    |........|                                                                  
    |........|                                                                  
    |........|                                                                  
    |..<.....|                                                                  
    ----------                                                                  
                                                                                
                                                                                
                                                                                
Agent the Tenderfoot           St:14 Dx:11 Co:14 In:14 Wi:15 Ch:7 Chaotic S:4   
Dlvl:1 $:0 HP:14(14) Pw:3(3) AC:7 Xp:1/1 T:435                                  

",0.0,False
348,west,,"message:


language observation:
stairs up very far westsouthwest
boulder very far westnorthwest
dark area near east
boulder very near east
dark area adjacent north, northeast, southeast, south, southwest, and northwest
tame little dog adjacent west

cursor:
Yourself a ranger
(x=61, y=5)

map:
                                                                                
   --------                                                                     
   |.......##                                                                   
   |......| `####################                                               
   |......|                     ############################d@#`                
   |......|                                                    #                
   --.-----                                                                     
     #                                                                          
     #                                                                          
     ###                                                                        
       #                                                                        
    ---.------                                                                  
    |........|                                                                  
    |........|                                                                  
    |........|                                                                  
    |........|                                                                  
    |..<.....|                                                                  
    ----------                                                                  
                                                                                
                                                                                
                                                                                
Agent the Tenderfoot           St:14 Dx:11 Co:14 In:14 Wi:15 Ch:7 Chaotic S:4   
Dlvl:1 $:0 HP:14(14) Pw:3(3) AC:7 Xp:1/1 T:436                                  

",0.0,False
349,east,,"message:


language observation:
stairs up very far westsouthwest
boulder very far westnorthwest
dark area very near east and southeast
tame little dog very near west
dark area adjacent north, northeast, south, southwest, and northwest
boulder adjacent east

cursor:
Yourself a ranger
(x=62, y=5)

map:
                                                                                
   --------                                                                     
   |.......##                                                                   
   |......| `####################                                               
   |......|                     ############################d#@`                
   |......|                                                    #                
   --.-----                                                                     
     #                                                                          
     #                                                                          
     ###                                                                        
       #                                                                        
    ---.------                                                                  
    |........|                                                                  
    |........|                                                                  
    |........|                                                                  
    |........|                                                                  
    |..<.....|                                                                  
    ----------                                                                  
                                                                                
                                                                                
                                                                                
Agent the Tenderfoot           St:14 Dx:11 Co:14 In:14 Wi:15 Ch:7 Chaotic S:4   
Dlvl:1 $:0 HP:14(14) Pw:3(3) AC:7 Xp:1/1 T:437                                  

",0.0,False
350,southeast,,"message:


language observation:
stairs up very far westsouthwest
boulder very far westnorthwest
dark area very near north, east, and northwest
boulder adjacent north and east
dark area adjacent northeast, southeast, south, southwest, and west
tame little dog adjacent northwest

cursor:
Yourself a ranger
(x=63, y=6)

map:
                                                                                
   --------                                                                     
   |.......##                                                                   
   |......| `####################                                               
   |......|                     ##############################d`                
   |......|                                                    @`               
   --.-----                                                                     
     #                                                                          
     #                                                                          
     ###                                                                        
       #                                                                        
    ---.------                                                                  
    |........|                                                                  
    |........|                                                                  
    |........|                                                                  
    |........|                                                                  
    |..<.....|                                                                  
    ----------                                                                  
                                                                                
                                                                                
                                                                                
Agent the Tenderfoot           St:14 Dx:11 Co:14 In:14 Wi:15 Ch:7 Chaotic S:4   
Dlvl:1 $:0 HP:14(14) Pw:3(3) AC:7 Xp:1/1 T:438                                  

",0.0,False
351,south,,"message:
It's solid stone.

language observation:
stairs up very far westsouthwest
boulder very far westnorthwest
dark area very near north, east, and northwest
boulder adjacent north and east
dark area adjacent northeast, southeast, south, southwest, and west
tame little dog adjacent northwest

cursor:
Yourself a ranger
(x=63, y=6)

map:
                                                                                
   --------                                                                     
   |.......##                                                                   
   |......| `####################                                               
   |......|                     ##############################d`                
   |......|                                                    @`               
   --.-----                                                                     
     #                                                                          
     #                                                                          
     ###                                                                        
       #                                                                        
    ---.------                                                                  
    |........|                                                                  
    |........|                                                                  
    |........|                                                                  
    |........|                                                                  
    |..<.....|                                                                  
    ----------                                                                  
                                                                                
                                                                                
                                                                                
Agent the Tenderfoot           St:14 Dx:11 Co:14 In:14 Wi:15 Ch:7 Chaotic S:4   
Dlvl:1 $:0 HP:14(14) Pw:3(3) AC:7 Xp:1/1 T:438                                  

",0.0,False
352,northwest,,"message:
You swap places with Sirius.

language observation:
stairs up very far westsouthwest
boulder very far westnorthwest
dark area very near east and southeast
boulder very near eastsoutheast
dark area adjacent north, northeast, south, southwest, and northwest
boulder adjacent east
tame little dog adjacent southeast

cursor:
Yourself a ranger
(x=62, y=5)

map:
                                                                                
   --------                                                                     
   |.......##                                                                   
   |......| `####################                                               
   |......|                     ##############################@`                
   |......|                                                    d`               
   --.-----                                                                     
     #                                                                          
     #                                                                          
     ###                                                                        
       #                                                                        
    ---.------                                                                  
    |........|                                                                  
    |........|                                                                  
    |........|                                                                  
    |........|                                                                  
    |..<.....|                                                                  
    ----------                                                                  
                                                                                
                                                                                
                                                                                
Agent the Tenderfoot           St:14 Dx:11 Co:14 In:14 Wi:15 Ch:7 Chaotic S:4   
Dlvl:1 $:0 HP:14(14) Pw:3(3) AC:7 Xp:1/1 T:439                                  

",0.0,False
353,southeast,,"message:
You swap places with Sirius.

language observation:
stairs up very far westsouthwest
boulder very far westnorthwest
dark area very near north, east, and northwest
tame little dog very near westnorthwest
boulder adjacent north and east
dark area adjacent northeast, southeast, south, southwest, and west

cursor:
Yourself a ranger
(x=63, y=6)

map:
                                                                                
   --------                                                                     
   |.......##                                                                   
   |......| `####################                                               
   |......|                     #############################d#`                
   |......|                                                    @`               
   --.-----                                                                     
     #                                                                          
     #                                                                          
     ###                                                                        
       #                                                                        
    ---.------                                                                  
    |........|                                                                  
    |........|                                                                  
    |........|                                                                  
    |........|                                                                  
    |..<.....|                                                                  
    ----------                                                                  
                                                                                
                                                                                
                                                                                
Agent the Tenderfoot           St:14 Dx:11 Co:14 In:14 Wi:15 Ch:7 Chaotic S:4   
Dlvl:1 $:0 HP:14(14) Pw:3(3) AC:7 Xp:1/1 T:440                                  

",0.0,False
354,east,,"message:
With great effort you move the boulder.

language observation:
stairs up very far westsouthwest
boulder very far westnorthwest
dark area very near east, west, and northwest
dark area adjacent north, northeast, southeast, south, and southwest
boulder adjacent east and northwest
tame little dog adjacent west

cursor:
Yourself a ranger
(x=64, y=6)

map:
                                                                                
   --------                                                                     
   |.......##                                                                   
   |......| `####################                                               
   |......|                     ###############################`                
   |......|                                                    d@`              
   --.-----                                                                     
     #                                                                          
     #                                                                          
     ###                                                                        
       #                                                                        
    ---.------                                                                  
    |........|                                                                  
    |........|                                                                  
    |........|                                                                  
    |........|                                                                  
    |..<.....|                                                                  
    ----------                                                                  
                                                                                
                                                                                
                                                                                
Agent the Tenderfoot           St:14 Dx:11 Co:14 In:14 Wi:15 Ch:7 Chaotic S:4   
Dlvl:1 $:0 HP:14(14) Pw:3(3) AC:7 Xp:1/1 T:441                                  

",0.0,False
355,east,,"message:


language observation:
stairs up very far westsouthwest
boulder very far westnorthwest
dark area near west
dark area very near east
tame little dog very near west
boulder very near westnorthwest
dark area adjacent north, northeast, southeast, south, southwest, and northwest
boulder adjacent east

cursor:
Yourself a ranger
(x=65, y=6)

map:
                                                                                
   --------                                                                     
   |.......##                                                                   
   |......| `####################                                               
   |......|                     ###############################`                
   |......|                                                    d#@`             
   --.-----                                                                     
     #                                                                          
     #                                                                          
     ###                                                                        
       #                                                                        
    ---.------                                                                  
    |........|                                                                  
    |........|                                                                  
    |........|                                                                  
    |........|                                                                  
    |..<.....|                                                                  
    ----------                                                                  
                                                                                
                                                                                
                                                                                
Agent the Tenderfoot           St:14 Dx:11 Co:14 In:14 Wi:15 Ch:7 Chaotic S:4   
Dlvl:1 $:0 HP:14(14) Pw:3(3) AC:7 Xp:1/1 T:442                                  

",0.0,False
356,southeast,,"message:
It's solid stone.

language observation:
stairs up very far westsouthwest
boulder very far westnorthwest
dark area near west
dark area very near east
tame little dog very near west
boulder very near westnorthwest
dark area adjacent north, northeast, southeast, south, southwest, and northwest
boulder adjacent east

cursor:
Yourself a ranger
(x=65, y=6)

map:
                                                                                
   --------                                                                     
   |.......##                                                                   
   |......| `####################                                               
   |......|                     ###############################`                
   |......|                                                    d#@`             
   --.-----                                                                     
     #                                                                          
     #                                                                          
     ###                                                                        
       #                                                                        
    ---.------                                                                  
    |........|                                                                  
    |........|                                                                  
    |........|                                                                  
    |........|                                                                  
    |..<.....|                                                                  
    ----------                                                                  
                                                                                
                                                                                
                                                                                
Agent the Tenderfoot           St:14 Dx:11 Co:14 In:14 Wi:15 Ch:7 Chaotic S:4   
Dlvl:1 $:0 HP:14(14) Pw:3(3) AC:7 Xp:1/1 T:442                                  

",0.0,False
357,east,,"message:


language observation:
stairs up very far westsouthwest
boulder very far westnorthwest
dark area near west
boulder near westnorthwest
dark area very near east
dark area adjacent north, northeast, southeast, south, southwest, and northwest
boulder adjacent east
tame little dog adjacent west

cursor:
Yourself a ranger
(x=66, y=6)

map:
                                                                                
   --------                                                                     
   |.......##                                                                   
   |......| `####################                                               
   |......|                     ###############################`                
   |......|                                                    ##d@`            
   --.-----                                                                     
     #                                                                          
     #                                                                          
     ###                                                                        
       #                                                                        
    ---.------                                                                  
    |........|                                                                  
    |........|                                                                  
    |........|                                                                  
    |........|                                                                  
    |..<.....|                                                                  
    ----------                                                                  
                                                                                
                                                                                
                                                                                
Agent the Tenderfoot           St:14 Dx:11 Co:14 In:14 Wi:15 Ch:7 Chaotic S:4   
Dlvl:1 $:0 HP:14(14) Pw:3(3) AC:7 Xp:1/1 T:443                                  

",0.0,False
358,east,,"message:


language observation:
stairs up very far westsouthwest
boulder very far westnorthwest
horizontal wall far southeast
stairs down near southeast
dark area near west
boulder near westnorthwest
dark area very near east
lichen very near southeast
tame little dog very near west
northwest room corner adjacent north
horizontal wall adjacent northeast
boulder adjacent east
vertical wall adjacent south
dark area adjacent southwest and northwest

cursor:
Yourself a ranger
(x=67, y=6)

map:
                                                                                
   --------                                                                     
   |.......##                                                                   
   |......| `####################                                               
   |......|                     ###############################`   --           
   |......|                                                    ##d#@`           
   --.-----                                                        |..          
     #                                                              .F..        
     #                                                               .>...      
     ###                                                             .......    
       #                                                              ......|   
    ---.------                                                        -------   
    |........|                                                                  
    |........|                                                                  
    |........|                                                                  
    |........|                                                                  
    |..<.....|                                                                  
    ----------                                                                  
                                                                                
                                                                                
                                                                                
Agent the Tenderfoot           St:14 Dx:11 Co:14 In:14 Wi:15 Ch:7 Chaotic S:4   
Dlvl:1 $:0 HP:14(14) Pw:3(3) AC:7 Xp:1/1 T:444                                  

",0.0,False
359,southeast,,"message:
The lichen misses!

language observation:
stairs up very far westsouthwest
boulder very far westnorthwest
vertical wall far east
horizontal wall near southeast and south
boulder near westnorthwest
horizontal wall very near north and northeast
stairs down very near southeast
tame little dog very near westnorthwest
dark area very near northwest
boulder adjacent north
lichen adjacent southeast
vertical wall adjacent southwest and west
doorway adjacent northwest

cursor:
Yourself a ranger
(x=68, y=7)

map:
                                                                                
   --------                                                                     
   |.......##                                                                   
   |......| `####################                                               
   |......|                     ###############################`   ----------   
   |......|                                                    ###d.`.......|   
   --.-----                                                        |@.......|   
     #                                                             |.F......|   
     #                                                             |..>.....|   
     ###                                                           |........|   
       #                                                           |........|   
    ---.------                                                     ----------   
    |........|                                                                  
    |........|                                                                  
    |........|                                                                  
    |........|                                                                  
    |..<.....|                                                                  
    ----------                                                                  
                                                                                
                                                                                
                                                                                
Agent the Tenderfoot           St:14 Dx:11 Co:14 In:14 Wi:15 Ch:7 Chaotic S:4   
Dlvl:1 $:0 HP:14(14) Pw:3(3) AC:7 Xp:1/1 T:445                                  

",0.0,False
360,southeast,,"message:
You kill the lichen!

language observation:
stairs up very far westsouthwest
boulder very far westnorthwest
vertical wall far east
horizontal wall near southeast and south
boulder near westnorthwest
horizontal wall very near north and northeast
stairs down very near southeast
tame little dog very near westnorthwest
dark area very near northwest
boulder adjacent north
lichen corpse adjacent southeast
vertical wall adjacent southwest and west
doorway adjacent northwest

cursor:
Yourself a ranger
(x=68, y=7)

map:
                                                                                
   --------                                                                     
   |.......##                                                                   
   |......| `####################                                               
   |......|                     ###############################`   ----------   
   |......|                                                    ###d.`.......|   
   --.-----                                                        |@.......|   
     #                                                             |.%......|   
     #                                                             |..>.....|   
     ###                                                           |........|   
       #                                                           |........|   
    ---.------                                                     ----------   
    |........|                                                                  
    |........|                                                                  
    |........|                                                                  
    |........|                                                                  
    |..<.....|                                                                  
    ----------                                                                  
                                                                                
                                                                                
                                                                                
Agent the Tenderfoot           St:14 Dx:11 Co:14 In:14 Wi:15 Ch:7 Chaotic S:20  
Dlvl:1 $:0 HP:14(14) Pw:3(3) AC:7 Xp:1/5 T:446                                  

",16.0,False
361,southeast,,"message:
Things that are here:
a lichen corpse
a candy bar



language observation:
stairs up very far westsouthwest
boulder very far westnorthwest
vertical wall far east
boulder far westnorthwest
horizontal wall near north, northeast, southeast, and south
dark area near northwest
vertical wall very near southwest and west
doorway very near northwest
boulder very near northnorthwest
stairs down adjacent southeast

cursor:
Yourself a ranger
(x=69, y=8)

map:
                                                                                
   --------                                                                     
   |.......##                                                                   
   |......| `####################                                               
   |......|                     ###############################`   ----------   
   |......|                                                    ####.`.......|   
   --.-----                                                        |........|   
     #                                                             |.@......|   
     #                                                             |..>.....|   
     ###                                                           |........|   
       #                                                           |........|   
    ---.------                                                     ----------   
    |........|                                                                  
    |........|                                                                  
    |........|                                                                  
    |........|                                                                  
    |..<.....|                                                                  
    ----------                                                                  
                                                                                
                                                                                
                                                                                
Agent the Tenderfoot           St:14 Dx:11 Co:14 In:14 Wi:15 Ch:7 Chaotic S:20  
Dlvl:1 $:0 HP:14(14) Pw:3(3) AC:7 Xp:1/5 T:447                                  

",0.0,False
362,pickup,,"message:
Pick up what?
Comestibles
a - a candy bar
b - a lichen corpse
(end)

language observation:
stairs up very far westsouthwest
boulder very far westnorthwest
vertical wall far east
boulder far westnorthwest
horizontal wall near north, northeast, southeast, and south
dark area near northwest
vertical wall very near southwest and west
doorway very near northwest
boulder very near northnorthwest
stairs down adjacent southeast

cursor:
very far westnorthwest 
(x=47, y=5)

map:
                                                                                
   --------                              Comestibles                            
   |.......##                            a - a candy bar                        
   |......| `####################        b - a lichen corpse                    
   |......|                     ######## (end)                                  
   |......|                                                    ####.`.......|   
   --.-----                                                        |........|   
     #                                                             |.@......|   
     #                                                             |..>.....|   
     ###                                                           |........|   
       #                                                           |........|   
    ---.------                                                     ----------   
    |........|                                                                  
    |........|                                                                  
    |........|                                                                  
    |........|                                                                  
    |..<.....|                                                                  
    ----------                                                                  
                                                                                
                                                                                
                                                                                
Agent the Tenderfoot           St:14 Dx:11 Co:14 In:14 Wi:15 Ch:7 Chaotic S:20  
Dlvl:1 $:0 HP:14(14) Pw:3(3) AC:7 Xp:1/5 T:447                                  

",0.0,False
363,a,,"message:
Pick up what?
Comestibles
a + a candy bar
b - a lichen corpse
(end)

language observation:
stairs up very far westsouthwest
boulder very far westnorthwest
vertical wall far east
boulder far westnorthwest
horizontal wall near north, northeast, southeast, and south
dark area near northwest
vertical wall very near southwest and west
doorway very near northwest
boulder very near northnorthwest
stairs down adjacent southeast

cursor:
very far westnorthwest 
(x=47, y=5)

map:
                                                                                
   --------                              Comestibles                            
   |.......##                            a + a candy bar                        
   |......| `####################        b - a lichen corpse                    
   |......|                     ######## (end)                                  
   |......|                                                    ####.`.......|   
   --.-----                                                        |........|   
     #                                                             |.@......|   
     #                                                             |..>.....|   
     ###                                                           |........|   
       #                                                           |........|   
    ---.------                                                     ----------   
    |........|                                                                  
    |........|                                                                  
    |........|                                                                  
    |........|                                                                  
    |..<.....|                                                                  
    ----------                                                                  
                                                                                
                                                                                
                                                                                
Agent the Tenderfoot           St:14 Dx:11 Co:14 In:14 Wi:15 Ch:7 Chaotic S:20  
Dlvl:1 $:0 HP:14(14) Pw:3(3) AC:7 Xp:1/5 T:447                                  

",0.0,False
364,b,,"message:
Pick up what?
Comestibles
a + a candy bar
b + a lichen corpse
(end)

language observation:
stairs up very far westsouthwest
boulder very far westnorthwest
vertical wall far east
boulder far westnorthwest
horizontal wall near north, northeast, southeast, and south
dark area near northwest
vertical wall very near southwest and west
doorway very near northwest
boulder very near northnorthwest
stairs down adjacent southeast

cursor:
very far westnorthwest 
(x=47, y=5)

map:
                                                                                
   --------                              Comestibles                            
   |.......##                            a + a candy bar                        
   |......| `####################        b + a lichen corpse                    
   |......|                     ######## (end)                                  
   |......|                                                    ####.`.......|   
   --.-----                                                        |........|   
     #                                                             |.@......|   
     #                                                             |..>.....|   
     ###                                                           |........|   
       #                                                           |........|   
    ---.------                                                     ----------   
    |........|                                                                  
    |........|                                                                  
    |........|                                                                  
    |........|                                                                  
    |..<.....|                                                                  
    ----------                                                                  
                                                                                
                                                                                
                                                                                
Agent the Tenderfoot           St:14 Dx:11 Co:14 In:14 Wi:15 Ch:7 Chaotic S:20  
Dlvl:1 $:0 HP:14(14) Pw:3(3) AC:7 Xp:1/5 T:447                                  

",0.0,False
365,space,,"message:
g - a candy bar.  h - a lichen corpse.

language observation:
stairs up very far westsouthwest
boulder very far westnorthwest
vertical wall far east
boulder far westnorthwest
horizontal wall near north, northeast, southeast, and south
dark area near northwest
vertical wall very near southwest and west
doorway very near northwest
boulder very near northnorthwest
stairs down adjacent southeast

cursor:
Yourself a ranger
(x=69, y=8)

map:
                                                                                
   --------                                                                     
   |.......##                                                                   
   |......| `####################                                               
   |......|                     ###############################`   ----------   
   |......|                                                    ####.`.......|   
   --.-----                                                        |........|   
     #                                                             |.@......|   
     #                                                             |..>.....|   
     ###                                                           |........|   
       #                                                           |........|   
    ---.------                                                     ----------   
    |........|                                                                  
    |........|                                                                  
    |........|                                                                  
    |........|                                                                  
    |..<.....|                                                                  
    ----------                                                                  
                                                                                
                                                                                
                                                                                
Agent the Tenderfoot           St:14 Dx:11 Co:14 In:14 Wi:15 Ch:7 Chaotic S:20  
Dlvl:1 $:0 HP:14(14) Pw:3(3) AC:7 Xp:1/5 T:448                                  

",0.0,False
366,southeast,,"message:


language observation:
stairs up very far westsouthwest
boulder very far westnorthwest
vertical wall far east
boulder far westnorthwest
horizontal wall near north, northeast, southeast, and south
southwest corner near southwest
vertical wall near west
tame little dog near northwest
dark area near northwest
boulder near northnorthwest

cursor:
Yourself a ranger
(x=70, y=9)

map:
                                                                                
   --------                                                                     
   |.......##                                                                   
   |......| `####################                                               
   |......|                     ###############################`   ----------   
   |......|                                                    ####d`.......|   
   --.-----                                                        |........|   
     #                                                             |........|   
     #                                                             |..@.....|   
     ###                                                           |........|   
       #                                                           |........|   
    ---.------                                                     ----------   
    |........|                                                                  
    |........|                                                                  
    |........|                                                                  
    |........|                                                                  
    |..<.....|                                                                  
    ----------                                                                  
                                                                                
                                                                                
                                                                                
Agent the Tenderfoot           St:14 Dx:11 Co:14 In:14 Wi:15 Ch:7 Chaotic S:20  
Dlvl:1 $:0 HP:14(14) Pw:3(3) AC:7 Xp:1/5 T:449                                  

",0.0,False
367,down,,"message:
You descend the stairs.


language observation:
horizontal wall near north
northeast room corner near northeast
vertical wall near east
dark area near northwest
newt very near east
vertical wall very near west
doorway very near northwest
horizontal wall adjacent southeast, south, and southwest

cursor:
Yourself a ranger
(x=36, y=9)

map:
                                                                                
                                                                                
                                                                                
                                                                                
                                                                                
                                  ------                                        
                                  .....|                                        
                                  |.....                                        
                                  |.@.:|                                        
                                  ------                                        
                                                                                
                                                                                
                                                                                
                                                                                
                                                                                
                                                                                
                                                                                
                                                                                
                                                                                
                                                                                
                                                                                
Agent the Tenderfoot           St:14 Dx:11 Co:14 In:14 Wi:15 Ch:7 Chaotic S:70  
Dlvl:2 $:0 HP:14(14) Pw:3(3) AC:7 Xp:1/5 T:450                                  

",50.0,False
368,east,,"message:


language observation:
horizontal wall near north
vertical wall near west
northwest room corner near northwest
vertical wall very near northeast and east
newt adjacent east
horizontal wall adjacent southeast, south, and southwest
stairs up adjacent west

cursor:
Yourself a ranger
(x=37, y=9)

map:
                                                                                
                                                                                
                                                                                
                                                                                
                                                                                
                                  ------                                        
                                  .....|                                        
                                  |.....                                        
                                  |.<@:|                                        
                                  ------                                        
                                                                                
                                                                                
                                                                                
                                                                                
                                                                                
                                                                                
                                                                                
                                                                                
                                                                                
                                                                                
                                                                                
Agent the Tenderfoot           St:14 Dx:11 Co:14 In:14 Wi:15 Ch:7 Chaotic S:70  
Dlvl:2 $:0 HP:14(14) Pw:3(3) AC:7 Xp:1/5 T:451                                  

",0.0,False
369,east,,"message:
You miss the newt.

language observation:
horizontal wall near north
vertical wall near west
northwest room corner near northwest
vertical wall very near northeast and east
newt adjacent east
horizontal wall adjacent southeast, south, and southwest
stairs up adjacent west

cursor:
Yourself a ranger
(x=37, y=9)

map:
                                                                                
                                                                                
                                                                                
                                                                                
                                                                                
                                  ------                                        
                                  .....|                                        
                                  |.....                                        
                                  |.<@:|                                        
                                  ------                                        
                                                                                
                                                                                
                                                                                
                                                                                
                                                                                
                                                                                
                                                                                
                                                                                
                                                                                
                                                                                
                                                                                
Agent the Tenderfoot           St:14 Dx:11 Co:14 In:14 Wi:15 Ch:7 Chaotic S:70  
Dlvl:2 $:0 HP:14(14) Pw:3(3) AC:7 Xp:1/5 T:452                                  

",0.0,False
370,east,,"message:
You hit the newt.  The newt bites!

language observation:
horizontal wall near north
vertical wall near west
northwest room corner near northwest
vertical wall very near northeast and east
newt adjacent east
horizontal wall adjacent southeast, south, and southwest
stairs up adjacent west

cursor:
Yourself a ranger
(x=37, y=9)

map:
                                                                                
                                                                                
                                                                                
                                                                                
                                                                                
                                  ------                                        
                                  .....|                                        
                                  |.....                                        
                                  |.<@:|                                        
                                  ------                                        
                                                                                
                                                                                
                                                                                
                                                                                
                                                                                
                                                                                
                                                                                
                                                                                
                                                                                
                                                                                
                                                                                
Agent the Tenderfoot           St:14 Dx:11 Co:14 In:14 Wi:15 Ch:7 Chaotic S:70  
Dlvl:2 $:0 HP:13(14) Pw:3(3) AC:7 Xp:1/5 T:453                                  

",0.0,False
371,east,,"message:
You miss the newt.  The newt bites!

language observation:
horizontal wall near north
vertical wall near west
northwest room corner near northwest
vertical wall very near northeast and east
newt adjacent east
horizontal wall adjacent southeast, south, and southwest
stairs up adjacent west

cursor:
Yourself a ranger
(x=37, y=9)

map:
                                                                                
                                                                                
                                                                                
                                                                                
                                                                                
                                  ------                                        
                                  .....|                                        
                                  |.....                                        
                                  |.<@:|                                        
                                  ------                                        
                                                                                
                                                                                
                                                                                
                                                                                
                                                                                
                                                                                
                                                                                
                                                                                
                                                                                
                                                                                
                                                                                
Agent the Tenderfoot           St:14 Dx:11 Co:14 In:14 Wi:15 Ch:7 Chaotic S:70  
Dlvl:2 $:0 HP:11(14) Pw:3(3) AC:7 Xp:1/5 T:454                                  

",0.0,False
372,east,,"message:
You miss the newt.  The newt bites!

language observation:
horizontal wall near north
vertical wall near west
northwest room corner near northwest
vertical wall very near northeast and east
newt adjacent east
horizontal wall adjacent southeast, south, and southwest
stairs up adjacent west

cursor:
Yourself a ranger
(x=37, y=9)

map:
                                                                                
                                                                                
                                                                                
                                                                                
                                                                                
                                  ------                                        
                                  .....|                                        
                                  |.....                                        
                                  |.<@:|                                        
                                  ------                                        
                                                                                
                                                                                
                                                                                
                                                                                
                                                                                
                                                                                
                                                                                
                                                                                
                                                                                
                                                                                
                                                                                
Agent the Tenderfoot           St:14 Dx:11 Co:14 In:14 Wi:15 Ch:7 Chaotic S:70  
Dlvl:2 $:0 HP:10(14) Pw:3(3) AC:7 Xp:1/5 T:455                                  

",0.0,False
373,east,,"message:
You kill the newt!

language observation:
horizontal wall near north
vertical wall near west
northwest room corner near northwest
vertical wall very near northeast and east
newt corpse adjacent east
horizontal wall adjacent southeast, south, and southwest
stairs up adjacent west

cursor:
Yourself a ranger
(x=37, y=9)

map:
                                                                                
                                                                                
                                                                                
                                                                                
                                                                                
                                  ------                                        
                                  .....|                                        
                                  |.....                                        
                                  |.<@%|                                        
                                  ------                                        
                                                                                
                                                                                
                                                                                
                                                                                
                                                                                
                                                                                
                                                                                
                                                                                
                                                                                
                                                                                
                                                                                
Agent the Tenderfoot           St:14 Dx:11 Co:14 In:14 Wi:15 Ch:7 Chaotic S:74  
Dlvl:2 $:0 HP:10(14) Pw:3(3) AC:7 Xp:1/6 T:456                                  

",4.0,False
374,north,,"message:


language observation:
dark area near east
vertical wall near west
horizontal wall very near north, south, southwest, and northwest
northeast room corner very near northeast
doorway very near east
southeast corner very near southeast
newt corpse adjacent southeast
stairs up adjacent southwest

cursor:
Yourself a ranger
(x=37, y=8)

map:
                                                                                
                                                                                
                                                                                
                                                                                
                                                                                
                                  ------                                        
                                  .....|                                        
                                  |..@..                                        
                                  |.<.%|                                        
                                  ------                                        
                                                                                
                                                                                
                                                                                
                                                                                
                                                                                
                                                                                
                                                                                
                                                                                
                                                                                
                                                                                
                                                                                
Agent the Tenderfoot           St:14 Dx:11 Co:14 In:14 Wi:15 Ch:7 Chaotic S:74  
Dlvl:2 $:0 HP:10(14) Pw:3(3) AC:7 Xp:1/6 T:457                                  

",0.0,False
375,east,,"message:


language observation:
vertical wall near west
horizontal wall very near north, south, southwest, and northwest
dark area very near east
stairs up very near westsouthwest
vertical wall adjacent northeast and southeast
doorway adjacent east
newt corpse adjacent south

cursor:
Yourself a ranger
(x=38, y=8)

map:
                                                                                
                                                                                
                                                                                
                                                                                
                                                                                
                                  ------                                        
                                  .....|                                        
                                  |...@.                                        
                                  |.<.%|                                        
                                  ------                                        
                                                                                
                                                                                
                                                                                
                                                                                
                                                                                
                                                                                
                                                                                
                                                                                
                                                                                
                                                                                
                                                                                
Agent the Tenderfoot           St:14 Dx:11 Co:14 In:14 Wi:15 Ch:7 Chaotic S:74  
Dlvl:2 $:0 HP:10(14) Pw:3(3) AC:7 Xp:1/6 T:458                                  

",0.0,False
376,east,,"message:


language observation:
stairs up near westsouthwest
vertical wall near west
dark area very near northeast and east
horizontal wall very near southwest and northwest
vertical wall adjacent north and south
dark area adjacent southeast
newt corpse adjacent southwest

cursor:
Yourself a ranger
(x=39, y=8)

map:
                                                                                
                                                                                
                                                                                
                                                                                
                                                                                
                                  ------                                        
                                  .....|#                                       
                                  |....@#                                       
                                  |.<.%|                                        
                                  ------      ..                                
                                                                                
                                                                                
                                                                                
                                                                                
                                                                                
                                                                                
                                                                                
                                                                                
                                                                                
                                                                                
                                                                                
Agent the Tenderfoot           St:14 Dx:11 Co:14 In:14 Wi:15 Ch:7 Chaotic S:74  
Dlvl:2 $:0 HP:10(14) Pw:3(3) AC:7 Xp:1/6 T:459                                  

",0.0,False
377,east,,"message:


language observation:
vertical wall far west
stairs up near westsouthwest
dark area very near north, northeast, east, and southeast
newt corpse very near westsouthwest
dark area adjacent south
vertical wall adjacent southwest and northwest
doorway adjacent west

cursor:
Yourself a ranger
(x=40, y=8)

map:
                                                                                
                                                                                
                                                                                
                                                                                
                                                                                
                                  ------                                        
                                  .....|##                                      
                                  |.....@#                                      
                                  |.<.%| #                                      
                                  ------      ..                                
                                                                                
                                                                                
                                                                                
                                                                                
                                                                                
                                                                                
                                                                                
                                                                                
                                                                                
                                                                                
                                                                                
Agent the Tenderfoot           St:14 Dx:11 Co:14 In:14 Wi:15 Ch:7 Chaotic S:74  
Dlvl:2 $:0 HP:10(14) Pw:3(3) AC:7 Xp:1/6 T:460                                  

",0.0,False
378,east,,"message:


language observation:
vertical wall far west
stairs up near westsouthwest
newt corpse near westsouthwest
dark area very near north, northeast, southeast, and south
doorway very near west
northeast room corner very near northwest
dark area adjacent east and southwest

cursor:
Yourself a ranger
(x=41, y=8)

map:
                                                                                
                                                                                
                                                                                
                                                                                
                                                                                
                                  ------                                        
                                  .....|###                                     
                                  |.....#@                                      
                                  |.<.%| ##                                     
                                  ------      ..                                
                                                                                
                                                                                
                                                                                
                                                                                
                                                                                
                                                                                
                                                                                
                                                                                
                                                                                
                                                                                
                                                                                
Agent the Tenderfoot           St:14 Dx:11 Co:14 In:14 Wi:15 Ch:7 Chaotic S:74  
Dlvl:2 $:0 HP:10(14) Pw:3(3) AC:7 Xp:1/6 T:461                                  

",0.0,False
379,east,,"message:
It's solid stone.

language observation:
vertical wall far west
stairs up near westsouthwest
newt corpse near westsouthwest
dark area very near north, northeast, southeast, and south
doorway very near west
northeast room corner very near northwest
dark area adjacent east and southwest

cursor:
Yourself a ranger
(x=41, y=8)

map:
                                                                                
                                                                                
                                                                                
                                                                                
                                                                                
                                  ------                                        
                                  .....|###                                     
                                  |.....#@                                      
                                  |.<.%| ##                                     
                                  ------      ..                                
                                                                                
                                                                                
                                                                                
                                                                                
                                                                                
                                                                                
                                                                                
                                                                                
                                                                                
                                                                                
                                                                                
Agent the Tenderfoot           St:14 Dx:11 Co:14 In:14 Wi:15 Ch:7 Chaotic S:74  
Dlvl:2 $:0 HP:10(14) Pw:3(3) AC:7 Xp:1/6 T:461                                  

",0.0,False
380,south,,"message:


language observation:
gold piece far eastsoutheast
dark area near north
stairs up near west
newt corpse near west
dark area very near east
vertical wall very near northwest
dark area adjacent northeast, southeast, south, southwest, and west

cursor:
Yourself a ranger
(x=41, y=9)

map:
                                                                                
                                                                                
                                                                                
                                                                                
                                                                                
                                  ------                                        
                                  .....|###                                     
                                  |.....##                                      
                                  |.<.%| @#                                     
                                  ------      ....                              
                                                ......|                         
                                                    .$|                         
                                                    ---                         
                                                                                
                                                                                
                                                                                
                                                                                
                                                                                
                                                                                
                                                                                
                                                                                
Agent the Tenderfoot           St:14 Dx:11 Co:14 In:14 Wi:15 Ch:7 Chaotic S:74  
Dlvl:2 $:0 HP:10(14) Pw:3(3) AC:7 Xp:1/6 T:462                                  

",0.0,False
381,southeast,,"message:
It's solid stone.

language observation:
gold piece far eastsoutheast
dark area near north
stairs up near west
newt corpse near west
dark area very near east
vertical wall very near northwest
dark area adjacent northeast, southeast, south, southwest, and west

cursor:
Yourself a ranger
(x=41, y=9)

map:
                                                                                
                                                                                
                                                                                
                                                                                
                                                                                
                                  ------                                        
                                  .....|###                                     
                                  |.....##                                      
                                  |.<.%| @#                                     
                                  ------      ....                              
                                                ......|                         
                                                    .$|                         
                                                    ---                         
                                                                                
                                                                                
                                                                                
                                                                                
                                                                                
                                                                                
                                                                                
                                                                                
Agent the Tenderfoot           St:14 Dx:11 Co:14 In:14 Wi:15 Ch:7 Chaotic S:74  
Dlvl:2 $:0 HP:10(14) Pw:3(3) AC:7 Xp:1/6 T:462                                  

",0.0,False
382,east,,"message:


language observation:
gold piece far eastsoutheast
stairs up far west
newt corpse near west
northeast room corner near northwest
dark area very near east, southeast, and west
dark area adjacent north, northeast, south, and southwest

cursor:
Yourself a ranger
(x=42, y=9)

map:
                                                                                
                                                                                
                                                                                
                                                                                
                                                                                
                                  ------                                        
                                  .....|###                                     
                                  |.....##                                      
                                  |.<.%| #@#                                    
                                  ------   #  ....                              
                                                ......|                         
                                                   ..$|                         
                                                   ----                         
                                                                                
                                                                                
                                                                                
                                                                                
                                                                                
                                                                                
                                                                                
                                                                                
Agent the Tenderfoot           St:14 Dx:11 Co:14 In:14 Wi:15 Ch:7 Chaotic S:74  
Dlvl:2 $:0 HP:10(14) Pw:3(3) AC:7 Xp:1/6 T:463                                  

",0.0,False
383,east,,"message:


language observation:
gold piece far eastsoutheast
stairs up far west
newt corpse near west
dark area near west
dark area very near northeast, east, southeast, and south
dark area adjacent north, southwest, and northwest
boulder adjacent northeast

cursor:
Yourself a ranger
(x=43, y=9)

map:
                                                                                
                                                                                
                                                                                
                                                                                
                                                                                
                                  ------                                        
                                  .....|###                                     
                                  |.....##  `                                   
                                  |.<.%| ##@#                                   
                                  ------   ## ....                              
                                                ......|                         
                                                   ..$|                         
                                                   ----                         
                                                                                
                                                                                
                                                                                
                                                                                
                                                                                
                                                                                
                                                                                
                                                                                
Agent the Tenderfoot           St:14 Dx:11 Co:14 In:14 Wi:15 Ch:7 Chaotic S:74  
Dlvl:2 $:0 HP:10(14) Pw:3(3) AC:7 Xp:1/6 T:464                                  

",0.0,False
384,east,,"message:


language observation:
gold piece far eastsoutheast
stairs up far west
newt corpse far west
dark area near west
dark area very near north, northeast, southeast, south, and southwest
boulder adjacent north
dark area adjacent east and northwest

cursor:
Yourself a ranger
(x=44, y=9)

map:
                                                                                
                                                                                
                                                                                
                                                                                
                                                                                
                                  ------                                        
                                  .....|###                                     
                                  |.....##  `#                                  
                                  |.<.%| ###@                                   
                                  ------   ###....                              
                                                ......|                         
                                                   ..$|                         
                                                   ----                         
                                                                                
                                                                                
                                                                                
                                                                                
                                                                                
                                                                                
                                                                                
                                                                                
Agent the Tenderfoot           St:14 Dx:11 Co:14 In:14 Wi:15 Ch:7 Chaotic S:74  
Dlvl:2 $:0 HP:11(14) Pw:3(3) AC:7 Xp:1/6 T:465                                  

",0.0,False
385,east,,"message:
It's solid stone.

language observation:
gold piece far eastsoutheast
stairs up far west
newt corpse far west
dark area near west
dark area very near north, northeast, southeast, south, and southwest
boulder adjacent north
dark area adjacent east and northwest

cursor:
Yourself a ranger
(x=44, y=9)

map:
                                                                                
                                                                                
                                                                                
                                                                                
                                                                                
                                  ------                                        
                                  .....|###                                     
                                  |.....##  `#                                  
                                  |.<.%| ###@                                   
                                  ------   ###....                              
                                                ......|                         
                                                   ..$|                         
                                                   ----                         
                                                                                
                                                                                
                                                                                
                                                                                
                                                                                
                                                                                
                                                                                
                                                                                
Agent the Tenderfoot           St:14 Dx:11 Co:14 In:14 Wi:15 Ch:7 Chaotic S:74  
Dlvl:2 $:0 HP:11(14) Pw:3(3) AC:7 Xp:1/6 T:465                                  

",0.0,False
386,south,,"message:


language observation:
vertical closed door far east
gold piece far eastsoutheast
stairs up far westnorthwest
newt corpse far westnorthwest
dark area near north
boulder very near north
doorway very near east
dark area very near west and northwest
dark area adjacent northeast, southeast, south, and southwest

cursor:
Yourself a ranger
(x=44, y=10)

map:
                                                                                
                                                                                
                                                                                
                                                                                
                                                                                
                                  ------                                        
                                  .....|###                                     
                                  |.....##  `#                                  
                                  |.<.%| ####  ------ -                         
                                  ------   #@#........+                         
                                                ......|                         
                                                   ..$|                         
                                                   ----                         
                                                                                
                                                                                
                                                                                
                                                                                
                                                                                
                                                                                
                                                                                
                                                                                
Agent the Tenderfoot           St:14 Dx:11 Co:14 In:14 Wi:15 Ch:7 Chaotic S:74  
Dlvl:2 $:0 HP:11(14) Pw:3(3) AC:7 Xp:1/6 T:466                                  

",0.0,False
387,east,,"message:


language observation:
vertical closed door far east
gold piece far eastsoutheast
stairs up far westnorthwest
newt corpse far westnorthwest
dark area near west
dark area very near northwest
boulder very near northnorthwest
dark area adjacent north, northeast, southeast, south, and southwest
doorway adjacent east

cursor:
Yourself a ranger
(x=45, y=10)

map:
                                                                                
                                                                                
                                                                                
                                                                                
                                                                                
                                  ------                                        
                                  .....|###                                     
                                  |.....##  `#                                  
                                  |.<.%| ####  ------ -                         
                                  ------   ##@........+                         
                                                ......|                         
                                                  ...$|                         
                                                  -----                         
                                                                                
                                                                                
                                                                                
                                                                                
                                                                                
                                                                                
                                                                                
                                                                                
Agent the Tenderfoot           St:14 Dx:11 Co:14 In:14 Wi:15 Ch:7 Chaotic S:74  
Dlvl:2 $:0 HP:11(14) Pw:3(3) AC:7 Xp:1/6 T:467                                  

",0.0,False
388,east,,"message:


language observation:
vertical closed door far east
dark area far east
gold piece far eastsoutheast
stairs up far westnorthwest
newt corpse far westnorthwest
horizontal wall near southeast
dark area near west
boulder very near northwest
northwest room corner adjacent north
horizontal wall adjacent northeast
vertical wall adjacent south
dark area adjacent southwest and northwest

cursor:
Yourself a ranger
(x=46, y=10)

map:
                                                                                
                                                                                
                                                                                
                                                                                
                                                                                
                                  ------                                        
                                  .....|###                                     
                                  |.....##  `#                                  
                                  |.<.%| #### ------- -                         
                                  ------   ###@.......+                         
                                              |.......|                         
                                               ......$|                         
                                               --------                         
                                                                                
                                                                                
                                                                                
                                                                                
                                                                                
                                                                                
                                                                                
                                                                                
Agent the Tenderfoot           St:14 Dx:11 Co:14 In:14 Wi:15 Ch:7 Chaotic S:74  
Dlvl:2 $:0 HP:11(14) Pw:3(3) AC:7 Xp:1/6 T:468                                  

",0.0,False
389,southeast,,"message:


language observation:
vertical closed door far eastnortheast
vertical wall far east
gold piece far eastsoutheast
stairs up far westnorthwest
newt corpse far westnorthwest
boulder near northwest
horizontal wall very near north, northeast, southeast, and south
dark area very near northwest
vertical wall adjacent southwest and west
doorway adjacent northwest

cursor:
Yourself a ranger
(x=47, y=11)

map:
                                                                                
                                                                                
                                                                                
                                                                                
                                                                                
                                  ------                                        
                                  .....|###                                     
                                  |.....##  `#                                  
                                  |.<.%| #### ------- -                         
                                  ------   ###........+                         
                                              |@......|                         
                                              |......$|                         
                                              ---------                         
                                                                                
                                                                                
                                                                                
                                                                                
                                                                                
                                                                                
                                                                                
                                                                                
Agent the Tenderfoot           St:14 Dx:11 Co:14 In:14 Wi:15 Ch:7 Chaotic S:74  
Dlvl:2 $:0 HP:11(14) Pw:3(3) AC:7 Xp:1/6 T:469                                  

",0.0,False
390,east,,"message:


language observation:
vertical closed door far eastnortheast
vertical wall far east
stairs up far westnorthwest
newt corpse far westnorthwest
gold piece near eastsoutheast
boulder near westnorthwest
horizontal wall very near north, northeast, southeast, and south
southwest corner very near southwest
vertical wall very near west
northwest room corner very near northwest

cursor:
Yourself a ranger
(x=48, y=11)

map:
                                                                                
                                                                                
                                                                                
                                                                                
                                                                                
                                  ------                                        
                                  .....|###                                     
                                  |.....##  `#                                  
                                  |.<.%| #### ------- -                         
                                  ------   ###........+                         
                                              |.@.....|                         
                                              |......$|                         
                                              ---------                         
                                                                                
                                                                                
                                                                                
                                                                                
                                                                                
                                                                                
                                                                                
                                                                                
Agent the Tenderfoot           St:14 Dx:11 Co:14 In:14 Wi:15 Ch:7 Chaotic S:74  
Dlvl:2 $:0 HP:11(14) Pw:3(3) AC:7 Xp:1/6 T:470                                  

",0.0,False
391,east,,"message:


language observation:
stairs up far westnorthwest
newt corpse far westnorthwest
vertical closed door near eastnortheast
vertical wall near east and west
gold piece near eastsoutheast
boulder near westnorthwest
horizontal wall very near north, northeast, southeast, south, southwest, and northwest

cursor:
Yourself a ranger
(x=49, y=11)

map:
                                                                                
                                                                                
                                                                                
                                                                                
                                                                                
                                  ------                                        
                                  .....|###                                     
                                  |.....##  `#                                  
                                  |.<.%| #### ------- -                         
                                  ------   ###........+                         
                                              |..@....|                         
                                              |......$|                         
                                              ---------                         
                                                                                
                                                                                
                                                                                
                                                                                
                                                                                
                                                                                
                                                                                
                                                                                
Agent the Tenderfoot           St:14 Dx:11 Co:14 In:14 Wi:15 Ch:7 Chaotic S:74  
Dlvl:2 $:0 HP:11(14) Pw:3(3) AC:7 Xp:1/6 T:471                                  

",0.0,False
392,southeast,,"message:


language observation:
boulder far westnorthwest
stairs up far westnorthwest
newt corpse far westnorthwest
horizontal wall near north and northwest
doorway near northeast
dark area near northeast
vertical closed door near eastnortheast
gold piece near east
vertical wall near east and west
horizontal wall adjacent southeast, south, and southwest

cursor:
Yourself a ranger
(x=50, y=12)

map:
                                                                                
                                                                                
                                                                                
                                                                                
                                                                                
                                  ------                                        
                                  .....|###                                     
                                  |.....##  `#                                  
                                  |.<.%| #### -------.-                         
                                  ------   ###........+                         
                                              |.......|                         
                                              |...@..$|                         
                                              ---------                         
                                                                                
                                                                                
                                                                                
                                                                                
                                                                                
                                                                                
                                                                                
                                                                                
Agent the Tenderfoot           St:14 Dx:11 Co:14 In:14 Wi:15 Ch:7 Chaotic S:74  
Dlvl:2 $:0 HP:11(14) Pw:3(3) AC:7 Xp:1/6 T:472                                  

",0.0,False
393,east,,"message:


language observation:
boulder far westnorthwest
stairs up far westnorthwest
newt corpse far westnorthwest
horizontal wall near north and northwest
northeast room corner near northeast
vertical closed door near eastnortheast
vertical wall near east and west
gold piece very near east
horizontal wall adjacent southeast, south, and southwest

cursor:
Yourself a ranger
(x=51, y=12)

map:
                                                                                
                                                                                
                                                                                
                                                                                
                                                                                
                                  ------                                        
                                  .....|###                                     
                                  |.....##  `#                                  
                                  |.<.%| #### -------.-                         
                                  ------   ###........+                         
                                              |.......|                         
                                              |....@.$|                         
                                              ---------                         
                                                                                
                                                                                
                                                                                
                                                                                
                                                                                
                                                                                
                                                                                
                                                                                
Agent the Tenderfoot           St:14 Dx:11 Co:14 In:14 Wi:15 Ch:7 Chaotic S:74  
Dlvl:2 $:0 HP:11(14) Pw:3(3) AC:7 Xp:1/6 T:473                                  

",0.0,False
394,east,,"message:


language observation:
vertical wall far west
boulder far westnorthwest
stairs up far westnorthwest
newt corpse far westnorthwest
horizontal wall near north and northwest
dark area near northeast
vertical closed door very near northeast
vertical wall very near east
gold piece adjacent east
horizontal wall adjacent southeast, south, and southwest

cursor:
Yourself a ranger
(x=52, y=12)

map:
                                                                                
                                                                                
                                                                                
                                                                                
                                                                                
                                  ------                                        
                                  .....|###                                     
                                  |.....##  `#                                  
                                  |.<.%| #### -------.-                         
                                  ------   ###........+                         
                                              |.......|                         
                                              |.....@$|                         
                                              ---------                         
                                                                                
                                                                                
                                                                                
                                                                                
                                                                                
                                                                                
                                                                                
                                                                                
Agent the Tenderfoot           St:14 Dx:11 Co:14 In:14 Wi:15 Ch:7 Chaotic S:74  
Dlvl:2 $:0 HP:11(14) Pw:3(3) AC:7 Xp:1/6 T:474                                  

",0.0,False
395,east,,"message:
$ - 5 gold pieces.

language observation:
vertical wall far west
boulder far westnorthwest
stairs up far westnorthwest
newt corpse far westnorthwest
doorway near north
dark area near north
horizontal wall near northwest
vertical closed door very near northnortheast
vertical wall adjacent northeast and east
southeast corner adjacent southeast
horizontal wall adjacent south and southwest

cursor:
Yourself a ranger
(x=53, y=12)

map:
                                                                                
                                                                                
                                                                                
                                                                                
                                                                                
                                  ------                                        
                                  .....|###                                     
                                  |.....##  `#                                  
                                  |.<.%| #### -------.-                         
                                  ------   ###........+                         
                                              |.......|                         
                                              |......@|                         
                                              ---------                         
                                                                                
                                                                                
                                                                                
                                                                                
                                                                                
                                                                                
                                                                                
                                                                                
Agent the Tenderfoot           St:14 Dx:11 Co:14 In:14 Wi:15 Ch:7 Chaotic S:79  
Dlvl:2 $:5 HP:11(14) Pw:3(3) AC:7 Xp:1/6 T:475                                  

",5.0,False
396,north,,"message:


language observation:
vertical wall far west
boulder far westnorthwest
stairs up far westnorthwest
newt corpse far westnorthwest
dark area near north
doorway very near north
dark area very near northeast
horizontal wall very near south, southwest, and northwest
vertical closed door adjacent northeast
vertical wall adjacent east and southeast

cursor:
Yourself a ranger
(x=53, y=11)

map:
                                                                                
                                                                                
                                                                                
                                                                                
                                                                                
                                  ------                                        
                                  .....|###                                     
                                  |.....##  `#                                  
                                  |.<.%| #### -------.-                         
                                  ------   ###........+                         
                                              |......@|                         
                                              |.......|                         
                                              ---------                         
                                                                                
                                                                                
                                                                                
                                                                                
                                                                                
                                                                                
                                                                                
                                                                                
Agent the Tenderfoot           St:14 Dx:11 Co:14 In:14 Wi:15 Ch:7 Chaotic S:79  
Dlvl:2 $:5 HP:11(14) Pw:3(3) AC:7 Xp:1/6 T:476                                  

",0.0,False
397,north,,"message:


language observation:
doorway far west
boulder far westnorthwest
stairs up far westnorthwest
newt corpse far westnorthwest
horizontal wall near south and southwest
dark area very near north and east
doorway adjacent north
northeast room corner adjacent northeast
vertical closed door adjacent east
vertical wall adjacent southeast
horizontal wall adjacent northwest

cursor:
Yourself a ranger
(x=53, y=10)

map:
                                                                                
                                                                                
                                                                                
                                                                                
                                                                                
                                  ------                                        
                                  .....|###                                     
                                  |.....##  `#                                  
                                  |.<.%| #### -------.-                         
                                  ------   ###.......@+                         
                                              |.......|                         
                                              |.......|                         
                                              ---------                         
                                                                                
                                                                                
                                                                                
                                                                                
                                                                                
                                                                                
                                                                                
                                                                                
Agent the Tenderfoot           St:14 Dx:11 Co:14 In:14 Wi:15 Ch:7 Chaotic S:79  
Dlvl:2 $:5 HP:11(14) Pw:3(3) AC:7 Xp:1/6 T:477                                  

",0.0,False
398,north,,"message:


language observation:
stairs up far west
newt corpse far west
boulder far westnorthwest
horizontal wall near south and southwest
dark area very near north, northeast, southeast, and northwest
northeast room corner adjacent east
vertical closed door adjacent southeast
horizontal wall adjacent west
boulder adjacent northwest

cursor:
Yourself a ranger
(x=53, y=9)

map:
                                                                                
                                                                                
                                                                                
                                                                                
                                                                                
                                  ------                                        
                                  .....|###                                     
                                  |.....##  `#      `##                         
                                  |.<.%| #### -------@-                         
                                  ------   ###........+                         
                                              |.......|                         
                                              |.......|                         
                                              ---------                         
                                                                                
                                                                                
                                                                                
                                                                                
                                                                                
                                                                                
                                                                                
                                                                                
Agent the Tenderfoot           St:14 Dx:11 Co:14 In:14 Wi:15 Ch:7 Chaotic S:79  
Dlvl:2 $:5 HP:11(14) Pw:3(3) AC:7 Xp:1/6 T:478                                  

",0.0,False
399,north,,"message:


language observation:
stairs up far westsouthwest
newt corpse far westsouthwest
boulder far west
horizontal wall near south
dark area very near east and west
vertical closed door very near southsoutheast
dark area adjacent north, northeast, and northwest
northeast room corner adjacent southeast
doorway adjacent south
horizontal wall adjacent southwest
boulder adjacent west

cursor:
Yourself a ranger
(x=53, y=8)

map:
                                                                                
                                                                                
                                                                                
                                                                                
                                                                                
                                  ------                                        
                                  .....|###                                     
                                  |.....##  `#      `@#                         
                                  |.<.%| #### -------.-                         
                                  ------   ###........+                         
                                              |.......|                         
                                              |.......|                         
                                              ---------                         
                                                                                
                                                                                
                                                                                
                                                                                
                                                                                
                                                                                
                                                                                
                                                                                
Agent the Tenderfoot           St:14 Dx:11 Co:14 In:14 Wi:15 Ch:7 Chaotic S:79  
Dlvl:2 $:5 HP:11(14) Pw:3(3) AC:7 Xp:1/6 T:479                                  

",0.0,False
400,east,,"message:


language observation:
stairs up far westsouthwest
newt corpse far westsouthwest
boulder far west
horizontal wall near southwest
dark area near west
dark area very near east
vertical closed door very near south
boulder very near west
dark area adjacent north, northeast, southeast, and northwest
northeast room corner adjacent south
doorway adjacent southwest

cursor:
Yourself a ranger
(x=54, y=8)

map:
                                                                                
                                                                                
                                                                                
                                                                                
                                                                                
                                  ------                                        
                                  .....|###                                     
                                  |.....##  `#      `#@#                        
                                  |.<.%| #### -------.-                         
                                  ------   ###........+                         
                                              |.......|                         
                                              |.......|                         
                                              ---------                         
                                                                                
                                                                                
                                                                                
                                                                                
                                                                                
                                                                                
                                                                                
                                                                                
Agent the Tenderfoot           St:14 Dx:11 Co:14 In:14 Wi:15 Ch:7 Chaotic S:79  
Dlvl:2 $:5 HP:12(14) Pw:3(3) AC:7 Xp:1/6 T:480                                  

",0.0,False
401,east,,"message:


language observation:
stairs up far westsouthwest
newt corpse far westsouthwest
boulder far west
boulder near west
dark area near west
vertical closed door very near southsouthwest
dark area adjacent north, northeast, east, southeast, south, and northwest
northeast room corner adjacent southwest

cursor:
Yourself a ranger
(x=55, y=8)

map:
                                                                                
                                                                                
                                                                                
                                                                                
                                                                                
                                  ------                                        
                                  .....|###                                     
                                  |.....##  `#      `##@                        
                                  |.<.%| #### -------.-                         
                                  ------   ###........+                         
                                              |.......|                         
                                              |.......|                         
                                              ---------                         
                                                                                
                                                                                
                                                                                
                                                                                
                                                                                
                                                                                
                                                                                
                                                                                
Agent the Tenderfoot           St:14 Dx:11 Co:14 In:14 Wi:15 Ch:7 Chaotic S:79  
Dlvl:2 $:5 HP:12(14) Pw:3(3) AC:7 Xp:1/6 T:481                                  

",0.0,False
402,east,,"message:
It's solid stone.

language observation:
stairs up far westsouthwest
newt corpse far westsouthwest
boulder far west
boulder near west
dark area near west
vertical closed door very near southsouthwest
dark area adjacent north, northeast, east, southeast, south, and northwest
northeast room corner adjacent southwest

cursor:
Yourself a ranger
(x=55, y=8)

map:
                                                                                
                                                                                
                                                                                
                                                                                
                                                                                
                                  ------                                        
                                  .....|###                                     
                                  |.....##  `#      `##@                        
                                  |.<.%| #### -------.-                         
                                  ------   ###........+                         
                                              |.......|                         
                                              |.......|                         
                                              ---------                         
                                                                                
                                                                                
                                                                                
                                                                                
                                                                                
                                                                                
                                                                                
                                                                                
Agent the Tenderfoot           St:14 Dx:11 Co:14 In:14 Wi:15 Ch:7 Chaotic S:79  
Dlvl:2 $:5 HP:12(14) Pw:3(3) AC:7 Xp:1/6 T:481                                  

",0.0,False
403,north,,"message:
It's solid stone.

language observation:
stairs up far westsouthwest
newt corpse far westsouthwest
boulder far west
boulder near west
dark area near west
vertical closed door very near southsouthwest
dark area adjacent north, northeast, east, southeast, south, and northwest
northeast room corner adjacent southwest

cursor:
Yourself a ranger
(x=55, y=8)

map:
                                                                                
                                                                                
                                                                                
                                                                                
                                                                                
                                  ------                                        
                                  .....|###                                     
                                  |.....##  `#      `##@                        
                                  |.<.%| #### -------.-                         
                                  ------   ###........+                         
                                              |.......|                         
                                              |.......|                         
                                              ---------                         
                                                                                
                                                                                
                                                                                
                                                                                
                                                                                
                                                                                
                                                                                
                                                                                
Agent the Tenderfoot           St:14 Dx:11 Co:14 In:14 Wi:15 Ch:7 Chaotic S:79  
Dlvl:2 $:5 HP:12(14) Pw:3(3) AC:7 Xp:1/6 T:481                                  

",0.0,False
404,west,,"message:


language observation:
stairs up far westsouthwest
newt corpse far westsouthwest
boulder far west
horizontal wall near southwest
dark area near west
dark area very near east
vertical closed door very near south
boulder very near west
dark area adjacent north, northeast, southeast, and northwest
northeast room corner adjacent south
doorway adjacent southwest

cursor:
Yourself a ranger
(x=54, y=8)

map:
                                                                                
                                                                                
                                                                                
                                                                                
                                                                                
                                  ------                                        
                                  .....|###                                     
                                  |.....##  `#      `#@#                        
                                  |.<.%| #### -------.-                         
                                  ------   ###........+                         
                                              |.......|                         
                                              |.......|                         
                                              ---------                         
                                                                                
                                                                                
                                                                                
                                                                                
                                                                                
                                                                                
                                                                                
                                                                                
Agent the Tenderfoot           St:14 Dx:11 Co:14 In:14 Wi:15 Ch:7 Chaotic S:79  
Dlvl:2 $:5 HP:12(14) Pw:3(3) AC:7 Xp:1/6 T:482                                  

",0.0,False
405,west,,"message:


language observation:
stairs up far westsouthwest
newt corpse far westsouthwest
boulder far west
dark area near east
horizontal wall near south
vertical closed door very near southsoutheast
dark area very near west
dark area adjacent north, northeast, and northwest
northeast room corner adjacent southeast
doorway adjacent south
horizontal wall adjacent southwest
boulder adjacent west

cursor:
Yourself a ranger
(x=53, y=8)

map:
                                                                                
                                                                                
                                                                                
                                                                                
                                                                                
                                  ------                                        
                                  .....|###                                     
                                  |.....##  `#      `@##                        
                                  |.<.%| #### -------.-                         
                                  ------   ###........+                         
                                              |.......|                         
                                              |.......|                         
                                              ---------                         
                                                                                
                                                                                
                                                                                
                                                                                
                                                                                
                                                                                
                                                                                
                                                                                
Agent the Tenderfoot           St:14 Dx:11 Co:14 In:14 Wi:15 Ch:7 Chaotic S:79  
Dlvl:2 $:5 HP:12(14) Pw:3(3) AC:7 Xp:1/6 T:483                                  

",0.0,False
406,south,,"message:


language observation:
stairs up far west
newt corpse far west
boulder far westnorthwest
horizontal wall near south and southwest
dark area very near north, northeast, southeast, and northwest
northeast room corner adjacent east
vertical closed door adjacent southeast
horizontal wall adjacent west
boulder adjacent northwest

cursor:
Yourself a ranger
(x=53, y=9)

map:
                                                                                
                                                                                
                                                                                
                                                                                
                                                                                
                                  ------                                        
                                  .....|###                                     
                                  |.....##  `#      `###                        
                                  |.<.%| #### -------@-                         
                                  ------   ###........+                         
                                              |.......|                         
                                              |.......|                         
                                              ---------                         
                                                                                
                                                                                
                                                                                
                                                                                
                                                                                
                                                                                
                                                                                
                                                                                
Agent the Tenderfoot           St:14 Dx:11 Co:14 In:14 Wi:15 Ch:7 Chaotic S:79  
Dlvl:2 $:5 HP:12(14) Pw:3(3) AC:7 Xp:1/6 T:484                                  

",0.0,False
407,open,,"message:
In what direction?

language observation:
stairs up far west
newt corpse far west
boulder far westnorthwest
horizontal wall near south and southwest
dark area very near north, northeast, southeast, and northwest
northeast room corner adjacent east
vertical closed door adjacent southeast
horizontal wall adjacent west
boulder adjacent northwest

cursor:

(x=19, y=0)

map:
                                                                                
                                                                                
                                                                                
                                                                                
                                                                                
                                  ------                                        
                                  .....|###                                     
                                  |.....##  `#      `###                        
                                  |.<.%| #### -------@-                         
                                  ------   ###........+                         
                                              |.......|                         
                                              |.......|                         
                                              ---------                         
                                                                                
                                                                                
                                                                                
                                                                                
                                                                                
                                                                                
                                                                                
                                                                                
Agent the Tenderfoot           St:14 Dx:11 Co:14 In:14 Wi:15 Ch:7 Chaotic S:79  
Dlvl:2 $:5 HP:12(14) Pw:3(3) AC:7 Xp:1/6 T:484                                  

",0.0,False
408,southeast,,"message:
The door opens.

language observation:
stairs up far west
newt corpse far west
boulder far westnorthwest
horizontal wall near south and southwest
dark area very near north, northeast, southeast, and northwest
northeast room corner adjacent east
vertical open door adjacent southeast
horizontal wall adjacent west
boulder adjacent northwest

cursor:
Yourself a ranger
(x=53, y=9)

map:
                                                                                
                                                                                
                                                                                
                                                                                
                                                                                
                                  ------                                        
                                  .....|###                                     
                                  |.....##  `#      `###                        
                                  |.<.%| #### -------@-                         
                                  ------   ###........-                         
                                              |.......|                         
                                              |.......|                         
                                              ---------                         
                                                                                
                                                                                
                                                                                
                                                                                
                                                                                
                                                                                
                                                                                
                                                                                
Agent the Tenderfoot           St:14 Dx:11 Co:14 In:14 Wi:15 Ch:7 Chaotic S:79  
Dlvl:2 $:5 HP:12(14) Pw:3(3) AC:7 Xp:1/6 T:485                                  

",0.0,False
409,southeast,,"message:
You can't move diagonally into an intact doorway.

language observation:
stairs up far west
newt corpse far west
boulder far westnorthwest
horizontal wall near south and southwest
dark area very near north, northeast, southeast, and northwest
northeast room corner adjacent east
vertical open door adjacent southeast
horizontal wall adjacent west
boulder adjacent northwest

cursor:
Yourself a ranger
(x=53, y=9)

map:
                                                                                
                                                                                
                                                                                
                                                                                
                                                                                
                                  ------                                        
                                  .....|###                                     
                                  |.....##  `#      `###                        
                                  |.<.%| #### -------@-                         
                                  ------   ###........-                         
                                              |.......|                         
                                              |.......|                         
                                              ---------                         
                                                                                
                                                                                
                                                                                
                                                                                
                                                                                
                                                                                
                                                                                
                                                                                
Agent the Tenderfoot           St:14 Dx:11 Co:14 In:14 Wi:15 Ch:7 Chaotic S:79  
Dlvl:2 $:5 HP:12(14) Pw:3(3) AC:7 Xp:1/6 T:485                                  

",0.0,False
410,south,,"message:


language observation:
doorway far west
boulder far westnorthwest
stairs up far westnorthwest
newt corpse far westnorthwest
dark area near north
horizontal wall near south and southwest
dark area very near east
boulder very near northnorthwest
doorway adjacent north
northeast room corner adjacent northeast
vertical open door adjacent east
vertical wall adjacent southeast
horizontal wall adjacent northwest

cursor:
Yourself a ranger
(x=53, y=10)

map:
                                                                                
                                                                                
                                                                                
                                                                                
                                                                                
                                  ------                                        
                                  .....|###                                     
                                  |.....##  `#      `###                        
                                  |.<.%| #### -------.-                         
                                  ------   ###.......@-                         
                                              |.......|                         
                                              |.......|                         
                                              ---------                         
                                                                                
                                                                                
                                                                                
                                                                                
                                                                                
                                                                                
                                                                                
                                                                                
Agent the Tenderfoot           St:14 Dx:11 Co:14 In:14 Wi:15 Ch:7 Chaotic S:79  
Dlvl:2 $:5 HP:12(14) Pw:3(3) AC:7 Xp:1/6 T:486                                  

",0.0,False
411,east,,"message:


language observation:
doorway far west
boulder far westnorthwest
stairs up far westnorthwest
newt corpse far westnorthwest
horizontal wall near southwest
dark area near northwest
dark area very near east
boulder very near northwest
northeast room corner adjacent north
dark area adjacent northeast and southeast
vertical wall adjacent south
doorway adjacent northwest

cursor:
Yourself a ranger
(x=54, y=10)

map:
                                                                                
                                                                                
                                                                                
                                                                                
                                                                                
                                  ------                                        
                                  .....|###                                     
                                  |.....##  `#      `###                        
                                  |.<.%| #### -------.-                         
                                  ------   ###........@#                        
                                              |.......|                         
                                              |.......|                         
                                              ---------                         
                                                                                
                                                                                
                                                                                
                                                                                
                                                                                
                                                                                
                                                                                
                                                                                
Agent the Tenderfoot           St:14 Dx:11 Co:14 In:14 Wi:15 Ch:7 Chaotic S:79  
Dlvl:2 $:5 HP:12(14) Pw:3(3) AC:7 Xp:1/6 T:487                                  

",0.0,False
412,east,,"message:


language observation:
doorway far west
boulder far westnorthwest
stairs up far westnorthwest
newt corpse far westnorthwest
boulder near westnorthwest
dark area very near east
dark area adjacent north, northeast, southeast, and south
vertical wall adjacent southwest
vertical open door adjacent west
northeast room corner adjacent northwest

cursor:
Yourself a ranger
(x=55, y=10)

map:
                                                                                
                                                                                
                                                                                
                                                                                
                                                                                
                                  ------                                        
                                  .....|###                                     
                                  |.....##  `#      `###                        
                                  |.<.%| #### -------.-                         
                                  ------   ###........-@#                       
                                              |.......|                         
                                              |.......|                         
                                              ---------                         
                                                                                
                                                                                
                                                                                
                                                                                
                                                                                
                                                                                
                                                                                
                                                                                
Agent the Tenderfoot           St:14 Dx:11 Co:14 In:14 Wi:15 Ch:7 Chaotic S:79  
Dlvl:2 $:5 HP:12(14) Pw:3(3) AC:7 Xp:1/6 T:488                                  

",0.0,False
413,east,,"message:


language observation:
stairs up very far westnorthwest
boulder far westnorthwest
newt corpse far westnorthwest
boulder near westnorthwest
dark area very near east
vertical open door very near west
dark area adjacent north, northeast, southeast, south, southwest, and northwest

cursor:
Yourself a ranger
(x=56, y=10)

map:
                                                                                
                                                                                
                                                                                
                                                                                
                                                                                
                                  ------                                        
                                  .....|###                                     
                                  |.....##  `#      `###                        
                                  |.<.%| #### -------.-                         
                                  ------   ###........-#@#                      
                                              |.......|                         
                                              |.......|                         
                                              ---------                         
                                                                                
                                                                                
                                                                                
                                                                                
                                                                                
                                                                                
                                                                                
                                                                                
Agent the Tenderfoot           St:14 Dx:11 Co:14 In:14 Wi:15 Ch:7 Chaotic S:79  
Dlvl:2 $:5 HP:12(14) Pw:3(3) AC:7 Xp:1/6 T:489                                  

",0.0,False
414,east,,"message:


language observation:
stairs up very far westnorthwest
boulder far westnorthwest
newt corpse far westnorthwest
vertical open door near west
boulder near westnorthwest
dark area very near east
dark area adjacent north, northeast, southeast, south, southwest, and northwest

cursor:
Yourself a ranger
(x=57, y=10)

map:
                                                                                
                                                                                
                                                                                
                                                                                
                                                                                
                                  ------                                        
                                  .....|###                                     
                                  |.....##  `#      `###                        
                                  |.<.%| #### -------.-                         
                                  ------   ###........-##@#                     
                                              |.......|                         
                                              |.......|                         
                                              ---------                         
                                                                                
                                                                                
                                                                                
                                                                                
                                                                                
                                                                                
                                                                                
                                                                                
Agent the Tenderfoot           St:14 Dx:11 Co:14 In:14 Wi:15 Ch:7 Chaotic S:79  
Dlvl:2 $:5 HP:12(14) Pw:3(3) AC:7 Xp:1/6 T:490                                  

",0.0,False
415,east,,"message:


language observation:
stairs up very far westnorthwest
newt corpse very far westnorthwest
boulders far westnorthwest
vertical open door near west
dark area very near east
dark area adjacent north, northeast, southeast, south, southwest, and northwest

cursor:
Yourself a ranger
(x=58, y=10)

map:
                                                                                
                                                                                
                                                                                
                                                                                
                                                                                
                                  ------                                        
                                  .....|###                                     
                                  |.....##  `#      `###                        
                                  |.<.%| #### -------.-                         
                                  ------   ###........-###@#                    
                                              |.......|                         
                                              |.......|                         
                                              ---------                         
                                                                                
                                                                                
                                                                                
                                                                                
                                                                                
                                                                                
                                                                                
                                                                                
Agent the Tenderfoot           St:14 Dx:11 Co:14 In:14 Wi:15 Ch:7 Chaotic S:79  
Dlvl:2 $:5 HP:12(14) Pw:3(3) AC:7 Xp:1/6 T:491                                  

",0.0,False
416,east,,"message:


language observation:
stairs up very far westnorthwest
newt corpse very far westnorthwest
boulders far westnorthwest
vertical open door near west
dark area very near east
dark area adjacent north, northeast, southeast, south, southwest, and northwest

cursor:
Yourself a ranger
(x=59, y=10)

map:
                                                                                
                                                                                
                                                                                
                                                                                
                                                                                
                                  ------                                        
                                  .....|###                                     
                                  |.....##  `#      `###                        
                                  |.<.%| #### -------.-                         
                                  ------   ###........-####@#                   
                                              |.......|                         
                                              |.......|                         
                                              ---------                         
                                                                                
                                                                                
                                                                                
                                                                                
                                                                                
                                                                                
                                                                                
                                                                                
Agent the Tenderfoot           St:14 Dx:11 Co:14 In:14 Wi:15 Ch:7 Chaotic S:79  
Dlvl:2 $:5 HP:12(14) Pw:3(3) AC:7 Xp:1/6 T:492                                  

",0.0,False
417,east,,"message:


language observation:
stairs up very far westnorthwest
newt corpse very far westnorthwest
vertical open door far west
boulders far westnorthwest
dark area very near east
dark area adjacent north, northeast, southeast, south, southwest, and northwest

cursor:
Yourself a ranger
(x=60, y=10)

map:
                                                                                
                                                                                
                                                                                
                                                                                
                                                                                
                                  ------                                        
                                  .....|###                                     
                                  |.....##  `#      `###                        
                                  |.<.%| #### -------.-                         
                                  ------   ###........-#####@#                  
                                              |.......|                         
                                              |.......|                         
                                              ---------                         
                                                                                
                                                                                
                                                                                
                                                                                
                                                                                
                                                                                
                                                                                
                                                                                
Agent the Tenderfoot           St:14 Dx:11 Co:14 In:14 Wi:15 Ch:7 Chaotic S:79  
Dlvl:2 $:5 HP:12(14) Pw:3(3) AC:7 Xp:1/6 T:493                                  

",0.0,False
418,east,,"message:


language observation:
stairs up very far westnorthwest
newt corpse very far westnorthwest
vertical open door far west
boulders far westnorthwest
dark area very near east
dark area adjacent north, northeast, southeast, south, southwest, and northwest

cursor:
Yourself a ranger
(x=61, y=10)

map:
                                                                                
                                                                                
                                                                                
                                                                                
                                                                                
                                  ------                                        
                                  .....|###                                     
                                  |.....##  `#      `###                        
                                  |.<.%| #### -------.-                         
                                  ------   ###........-######@#                 
                                              |.......|                         
                                              |.......|                         
                                              ---------                         
                                                                                
                                                                                
                                                                                
                                                                                
                                                                                
                                                                                
                                                                                
                                                                                
Agent the Tenderfoot           St:14 Dx:11 Co:14 In:14 Wi:15 Ch:7 Chaotic S:79  
Dlvl:2 $:5 HP:12(14) Pw:3(3) AC:7 Xp:1/6 T:494                                  

",0.0,False
419,east,,"message:


language observation:
stairs up very far westnorthwest
newt corpse very far westnorthwest
vertical open door far west
boulders far westnorthwest
dark area very near east
dark area adjacent north, northeast, southeast, south, southwest, and northwest

cursor:
Yourself a ranger
(x=62, y=10)

map:
                                                                                
                                                                                
                                                                                
                                                                                
                                                                                
                                  ------                                        
                                  .....|###                                     
                                  |.....##  `#      `###                        
                                  |.<.%| #### -------.-                         
                                  ------   ###........-#######@#                
                                              |.......|                         
                                              |.......|                         
                                              ---------                         
                                                                                
                                                                                
                                                                                
                                                                                
                                                                                
                                                                                
                                                                                
                                                                                
Agent the Tenderfoot           St:14 Dx:11 Co:14 In:14 Wi:15 Ch:7 Chaotic S:79  
Dlvl:2 $:5 HP:13(14) Pw:3(3) AC:7 Xp:1/6 T:495                                  

",0.0,False
420,east,,"message:


language observation:
stairs up very far westnorthwest
newt corpse very far westnorthwest
vertical open door far west
boulders far westnorthwest
dark area very near northeast and east
dark area adjacent north, southeast, south, southwest, and northwest

cursor:
Yourself a ranger
(x=63, y=10)

map:
                                                                                
                                                                                
                                                                                
                                                                                
                                                                                
                                  ------                                        
                                  .....|###                                     
                                  |.....##  `#      `###                        
                                  |.<.%| #### -------.-         #               
                                  ------   ###........-########@#               
                                              |.......|                         
                                              |.......|                         
                                              ---------                         
                                                                                
                                                                                
                                                                                
                                                                                
                                                                                
                                                                                
                                                                                
                                                                                
Agent the Tenderfoot           St:14 Dx:11 Co:14 In:14 Wi:15 Ch:7 Chaotic S:79  
Dlvl:2 $:5 HP:13(14) Pw:3(3) AC:7 Xp:1/6 T:496                                  

",0.0,False
421,east,,"message:


language observation:
boulder very far westnorthwest
stairs up very far westnorthwest
newt corpse very far westnorthwest
boulder far westnorthwest
dark area very near north
dark area adjacent northeast, east, southeast, south, southwest, and northwest

cursor:
Yourself a ranger
(x=64, y=10)

map:
                                                                                
                                                                                
                                                                                
                                                                                
                                                                                
                                  ------                                        
                                  .....|###                                     
                                  |.....##  `#      `###                        
                                  |.<.%| #### -------.-         #               
                                  ------   ###........-#########@               
                                              |.......|                         
                                              |.......|                         
                                              ---------                         
                                                                                
                                                                                
                                                                                
                                                                                
                                                                                
                                                                                
                                                                                
                                                                                
Agent the Tenderfoot           St:14 Dx:11 Co:14 In:14 Wi:15 Ch:7 Chaotic S:79  
Dlvl:2 $:5 HP:13(14) Pw:3(3) AC:7 Xp:1/6 T:497                                  

",0.0,False
422,east,,"message:
It's solid stone.

language observation:
boulder very far westnorthwest
stairs up very far westnorthwest
newt corpse very far westnorthwest
boulder far westnorthwest
dark area very near north
dark area adjacent northeast, east, southeast, south, southwest, and northwest

cursor:
Yourself a ranger
(x=64, y=10)

map:
                                                                                
                                                                                
                                                                                
                                                                                
                                                                                
                                  ------                                        
                                  .....|###                                     
                                  |.....##  `#      `###                        
                                  |.<.%| #### -------.-         #               
                                  ------   ###........-#########@               
                                              |.......|                         
                                              |.......|                         
                                              ---------                         
                                                                                
                                                                                
                                                                                
                                                                                
                                                                                
                                                                                
                                                                                
                                                                                
Agent the Tenderfoot           St:14 Dx:11 Co:14 In:14 Wi:15 Ch:7 Chaotic S:79  
Dlvl:2 $:5 HP:13(14) Pw:3(3) AC:7 Xp:1/6 T:497                                  

",0.0,False
423,search,,"message:


language observation:
boulder very far westnorthwest
stairs up very far westnorthwest
newt corpse very far westnorthwest
boulder far westnorthwest
dark area very near north
dark area adjacent northeast, east, southeast, south, southwest, and northwest

cursor:
Yourself a ranger
(x=64, y=10)

map:
                                                                                
                                                                                
                                                                                
                                                                                
                                                                                
                                  ------                                        
                                  .....|###                                     
                                  |.....##  `#      `###                        
                                  |.<.%| #### -------.-         #               
                                  ------   ###........-#########@               
                                              |.......|                         
                                              |.......|                         
                                              ---------                         
                                                                                
                                                                                
                                                                                
                                                                                
                                                                                
                                                                                
                                                                                
                                                                                
Agent the Tenderfoot           St:14 Dx:11 Co:14 In:14 Wi:15 Ch:7 Chaotic S:79  
Dlvl:2 $:5 HP:13(14) Pw:3(3) AC:7 Xp:1/6 T:498                                  

",0.0,False
424,north,,"message:


language observation:
stairs up very far west
newt corpse very far west
boulder very far westnorthwest
boulder far westnorthwest
dark area very near north, northeast, south, southwest, and northwest
dark area adjacent east, southeast, and west

cursor:
Yourself a ranger
(x=64, y=9)

map:
                                                                                
                                                                                
                                                                                
                                                                                
                                                                                
                                  ------                                        
                                  .....|###                                     
                                  |.....##  `#      `###       ###              
                                  |.<.%| #### -------.-         @               
                                  ------   ###........-##########               
                                              |.......|                         
                                              |.......|                         
                                              ---------                         
                                                                                
                                                                                
                                                                                
                                                                                
                                                                                
                                                                                
                                                                                
                                                                                
Agent the Tenderfoot           St:14 Dx:11 Co:14 In:14 Wi:15 Ch:7 Chaotic S:79  
Dlvl:2 $:5 HP:13(14) Pw:3(3) AC:7 Xp:1/6 T:499                                  

",0.0,False
425,north,,"message:


language observation:
stairs up very far westsouthwest
newt corpse very far westsouthwest
boulder very far west
boulder far west
dark area near south
dark area very near north, northeast, east, and west
dark area adjacent southeast, southwest, and northwest

cursor:
Yourself a ranger
(x=64, y=8)

map:
                                                                                
                                                                                
                                                                                
                                                                                
                                                                                
                                  ------                                    |   
                                  .....|###                     ##     .....|   
                                  |.....##  `#      `###       #@# .........|   
                                  |.<.%| #### -------.-         #      .....|   
                                  ------   ###........-##########           |   
                                              |.......|                         
                                              |.......|                         
                                              ---------                         
                                                                                
                                                                                
                                                                                
                                                                                
                                                                                
                                                                                
                                                                                
                                                                                
Agent the Tenderfoot           St:14 Dx:11 Co:14 In:14 Wi:15 Ch:7 Chaotic S:79  
Dlvl:2 $:5 HP:13(14) Pw:3(3) AC:7 Xp:1/6 T:500                                  

",0.0,False
426,east,,"message:


language observation:
stairs up very far westsouthwest
newt corpse very far westsouthwest
boulder very far west
boulder far west
stairs down near eastsoutheast
dark area near southwest and west
dark area very near north, northeast, and northwest
doorway very near east
dark area adjacent southeast and south

cursor:
Yourself a ranger
(x=65, y=8)

map:
                                                                                
                                                                                
                                                                                
                                                                                
                                                                          ---   
                                  ------                                  ..|   
                                  .....|###                     ###   ......|   
                                  |.....##  `#      `###       ##@#.........|   
                                  |.<.%| #### -------.-         #     >.....|   
                                  ------   ###........-##########         ..|   
                                              |.......|                     |   
                                              |.......|                         
                                              ---------                         
                                                                                
                                                                                
                                                                                
                                                                                
                                                                                
                                                                                
                                                                                
                                                                                
Agent the Tenderfoot           St:14 Dx:11 Co:14 In:14 Wi:15 Ch:7 Chaotic S:79  
Dlvl:2 $:5 HP:13(14) Pw:3(3) AC:7 Xp:1/6 T:501                                  

",0.0,False
427,east,,"message:


language observation:
stairs up very far westsouthwest
newt corpse very far westsouthwest
boulder very far west
boulder far west
stairs down near eastsoutheast
dark area near west
dark area very near north and northwest
dark area adjacent northeast, southeast, south, and southwest
doorway adjacent east

cursor:
Yourself a ranger
(x=66, y=8)

map:
                                                                                
                                                                                
                                                                                
                                                                                
                                                                       ------   
                                  ------                               .....|   
                                  .....|###                     ###  .......|   
                                  |.....##  `#      `###       ###@.........|   
                                  |.<.%| #### -------.-         #    .>.....|   
                                  ------   ###........-##########      .....|   
                                              |.......|                  ...|   
                                              |.......|                  ----   
                                              ---------                         
                                                                                
                                                                                
                                                                                
                                                                                
                                                                                
                                                                                
                                                                                
                                                                                
Agent the Tenderfoot           St:14 Dx:11 Co:14 In:14 Wi:15 Ch:7 Chaotic S:79  
Dlvl:2 $:5 HP:13(14) Pw:3(3) AC:7 Xp:1/6 T:502                                  

",0.0,False
428,east,,"message:


language observation:
stairs up very far westsouthwest
newt corpse very far westsouthwest
boulder very far west
vertical wall far east
boulder far west
horizontal wall near northeast and southeast
stairs down near eastsoutheast
dark area near west
dark area very near northwest
vertical wall adjacent north and south
dark area adjacent southwest

cursor:
Yourself a ranger
(x=67, y=8)

map:
                                                                                
                                                                                
                                                                                
                                                                                
                                                                    ---------   
                                  ------                            ........|   
                                  .....|###                     ###|........|   
                                  |.....##  `#      `###       ####@........|   
                                  |.<.%| #### -------.-         #  |..>.....|   
                                  ------   ###........-##########   ........|   
                                              |.......|              .......|   
                                              |.......|              --------   
                                              ---------                         
                                                                                
                                                                                
                                                                                
                                                                                
                                                                                
                                                                                
                                                                                
                                                                                
Agent the Tenderfoot           St:14 Dx:11 Co:14 In:14 Wi:15 Ch:7 Chaotic S:79  
Dlvl:2 $:5 HP:13(14) Pw:3(3) AC:7 Xp:1/6 T:503                                  

",0.0,False
429,southeast,,"message:


language observation:
stairs up very far west
newt corpse very far west
boulder very far westnorthwest
vertical wall far east
boulder far westnorthwest
horizontal wall near north, northeast, southeast, and south
dark area near northwest
vertical closed door near northnorthwest
stairs down very near east
vertical wall adjacent southwest and west
doorway adjacent northwest

cursor:
Yourself a ranger
(x=68, y=9)

map:
                                                                                
                                                                                
                                                                                
                                                                                
                                                                   ----------   
                                  ------                           +........|   
                                  .....|###                     ###|........|   
                                  |.....##  `#      `###       ####.........|   
                                  |.<.%| #### -------.-         #  |@.>.....|   
                                  ------   ###........-##########  |........|   
                                              |.......|            |........|   
                                              |.......|            ----------   
                                              ---------                         
                                                                                
                                                                                
                                                                                
                                                                                
                                                                                
                                                                                
                                                                                
                                                                                
Agent the Tenderfoot           St:14 Dx:11 Co:14 In:14 Wi:15 Ch:7 Chaotic S:79  
Dlvl:2 $:5 HP:13(14) Pw:3(3) AC:7 Xp:1/6 T:504                                  

",0.0,False
430,east,,"message:


language observation:
stairs up very far west
newt corpse very far west
boulder very far westnorthwest
vertical wall far east
boulder far westnorthwest
horizontal wall near north, northeast, southeast, and south
vertical closed door near northnorthwest
vertical wall very near southwest, west, and northwest
stairs down adjacent east

cursor:
Yourself a ranger
(x=69, y=9)

map:
                                                                                
                                                                                
                                                                                
                                                                                
                                                                   ----------   
                                  ------                           +........|   
                                  .....|###                     ###|........|   
                                  |.....##  `#      `###       ####.........|   
                                  |.<.%| #### -------.-         #  |.@>.....|   
                                  ------   ###........-##########  |........|   
                                              |.......|            |........|   
                                              |.......|            ----------   
                                              ---------                         
                                                                                
                                                                                
                                                                                
                                                                                
                                                                                
                                                                                
                                                                                
                                                                                
Agent the Tenderfoot           St:14 Dx:11 Co:14 In:14 Wi:15 Ch:7 Chaotic S:79  
Dlvl:2 $:5 HP:13(14) Pw:3(3) AC:7 Xp:1/6 T:505                                  

",0.0,False
431,east,,"message:


language observation:
stairs up very far west
newt corpse very far west
boulder very far westnorthwest
vertical wall far east
boulder far westnorthwest
horizontal wall near north, northeast, southeast, and south
southwest corner near southwest
vertical wall near west
vertical closed door near northwest
dark area near northwest

cursor:
Yourself a ranger
(x=70, y=9)

map:
                                                                                
                                                                                
                                                                                
                                                                                
                                                                   ----------   
                                  ------                           +........|   
                                  .....|###                     ###|........|   
                                  |.....##  `#      `###       ####.........|   
                                  |.<.%| #### -------.-         #  |..@.....|   
                                  ------   ###........-##########  |........|   
                                              |.......|            |........|   
                                              |.......|            ----------   
                                              ---------                         
                                                                                
                                                                                
                                                                                
                                                                                
                                                                                
                                                                                
                                                                                
                                                                                
Agent the Tenderfoot           St:14 Dx:11 Co:14 In:14 Wi:15 Ch:7 Chaotic S:79  
Dlvl:2 $:5 HP:13(14) Pw:3(3) AC:7 Xp:1/6 T:506                                  

",0.0,False
432,down,,"message:
You descend the stairs.


language observation:
horizontal wall near north
northeast room corner near northeast
vertical wall near east
dark area near northwest
jackal very near northnortheast
vertical wall very near west
doorway very near northwest
gold piece adjacent north
horizontal wall adjacent southeast, south, and southwest

cursor:
Yourself a ranger
(x=36, y=9)

map:
                                                                                
                                                                                
                                                                                
                                                                                
                                                                                
                                  ------                                        
                                  ...d.|                                        
                                  |.$...                                        
                                  |.@..|                                        
                                  ------                                        
                                                                                
                                                                                
                                                                                
                                                                                
                                                                                
                                                                                
                                                                                
                                                                                
                                                                                
                                                                                
                                                                                
Agent the Tenderfoot           St:14 Dx:11 Co:14 In:14 Wi:15 Ch:7 Chaotic S:129 
Dlvl:3 $:5 HP:13(14) Pw:3(3) AC:7 Xp:1/6 T:507                                  

",50.0,False
433,north,,"message:
$ - 9 gold pieces.  The jackal misses!

language observation:
doorway near east
dark area near east
horizontal wall very near north, northeast, southeast, and south
southwest corner very near southwest
vertical wall very near west
northwest room corner very near northwest
jackal adjacent northeast
stairs up adjacent south

cursor:
Yourself a ranger
(x=36, y=8)

map:
                                                                                
                                                                                
                                                                                
                                                                                
                                                                                
                                  ------                                        
                                  ...d.|                                        
                                  |.@...                                        
                                  |.<..|                                        
                                  ------                                        
                                                                                
                                                                                
                                                                                
                                                                                
                                                                                
                                                                                
                                                                                
                                                                                
                                                                                
                                                                                
                                                                                
Agent the Tenderfoot           St:14 Dx:11 Co:14 In:14 Wi:15 Ch:7 Chaotic S:138 
Dlvl:3 $:14 HP:13(14) Pw:3(3) AC:7 Xp:1/6 T:508                                 

",9.0,False
434,northeast,,"message:
You kill the jackal!

language observation:
doorway near east
dark area near east
horizontal wall very near north, northeast, southeast, and south
southwest corner very near southwest
vertical wall very near west
northwest room corner very near northwest
jackal corpse adjacent northeast
stairs up adjacent south

cursor:
Yourself a ranger
(x=36, y=8)

map:
                                                                                
                                                                                
                                                                                
                                                                                
                                                                                
                                  ------                                        
                                  ...%.|                                        
                                  |.@...                                        
                                  |.<..|                                        
                                  ------                                        
                                                                                
                                                                                
                                                                                
                                                                                
                                                                                
                                                                                
                                                                                
                                                                                
                                                                                
                                                                                
                                                                                
Agent the Tenderfoot           St:14 Dx:11 Co:14 In:14 Wi:15 Ch:7 Chaotic S:142 
Dlvl:3 $:14 HP:13(14) Pw:3(3) AC:7 Xp:1/7 T:509                                 

",4.0,False
435,northeast,,"message:
You see here a jackal corpse.

language observation:
horizontal wall near south
southwest corner near southwest
doorway near west
dark area near west
vertical wall very near east and southeast
stairs up very near southsouthwest
horizontal wall adjacent north, northeast, and northwest

cursor:
Yourself a ranger
(x=37, y=7)

map:
                                                                                
                                                                                
                                                                                
                                                                                
                                                                                
                                  ------                                        
                                  ...@.|                                        
                                  |.....                                        
                                  |.<..|                                        
                                  ------                                        
                                                                                
                                                                                
                                                                                
                                                                                
                                                                                
                                                                                
                                                                                
                                                                                
                                                                                
                                                                                
                                                                                
Agent the Tenderfoot           St:14 Dx:11 Co:14 In:14 Wi:15 Ch:7 Chaotic S:142 
Dlvl:3 $:14 HP:14(14) Pw:3(3) AC:7 Xp:1/7 T:510                                 

",0.0,False
436,west,,"message:


language observation:
vertical wall near east
southeast corner near southeast
horizontal wall near south
dark area near west
stairs up very near south
vertical wall very near southwest
doorway very near west
horizontal wall adjacent north, northeast, and northwest
jackal corpse adjacent east

cursor:
Yourself a ranger
(x=36, y=7)

map:
                                                                                
                                                                                
                                                                                
                                                                                
                                                                                
                                  ------                                        
                                  ..@%.|                                        
                                  |.....                                        
                                  |.<..|                                        
                                  ------                                        
                                                                                
                                                                                
                                                                                
                                                                                
                                                                                
                                                                                
                                                                                
                                                                                
                                                                                
                                                                                
                                                                                
Agent the Tenderfoot           St:14 Dx:11 Co:14 In:14 Wi:15 Ch:7 Chaotic S:142 
Dlvl:3 $:14 HP:14(14) Pw:3(3) AC:7 Xp:1/7 T:511                                 

",0.0,False
437,east,,"message:
You see here a jackal corpse.

language observation:
horizontal wall near south
southwest corner near southwest
doorway near west
dark area near west
vertical wall very near east and southeast
stairs up very near southsouthwest
horizontal wall adjacent north, northeast, and northwest

cursor:
Yourself a ranger
(x=37, y=7)

map:
                                                                                
                                                                                
                                                                                
                                                                                
                                                                                
                                  ------                                        
                                  ...@.|                                        
                                  |.....                                        
                                  |.<..|                                        
                                  ------                                        
                                                                                
                                                                                
                                                                                
                                                                                
                                                                                
                                                                                
                                                                                
                                                                                
                                                                                
                                                                                
                                                                                
Agent the Tenderfoot           St:14 Dx:11 Co:14 In:14 Wi:15 Ch:7 Chaotic S:142 
Dlvl:3 $:14 HP:14(14) Pw:3(3) AC:7 Xp:1/7 T:512                                 

",0.0,False
438,east,,"message:


language observation:
horizontal wall near south and southwest
doorway near west
dark area near west
dark area very near southeast
stairs up very near southwest
horizontal wall adjacent north and northwest
northeast room corner adjacent northeast
vertical wall adjacent east
doorway adjacent southeast
jackal corpse adjacent west

cursor:
Yourself a ranger
(x=38, y=7)

map:
                                                                                
                                                                                
                                                                                
                                                                                
                                                                                
                                  ------                                        
                                  ...%@|                                        
                                  |.....                                        
                                  |.<..|                                        
                                  ------                                        
                                                                                
                                                                                
                                                                                
                                                                                
                                                                                
                                                                                
                                                                                
                                                                                
                                                                                
                                                                                
                                                                                
Agent the Tenderfoot           St:14 Dx:11 Co:14 In:14 Wi:15 Ch:7 Chaotic S:142 
Dlvl:3 $:14 HP:14(14) Pw:3(3) AC:7 Xp:1/7 T:513                                 

",0.0,False
439,southeast,,"message:


language observation:
gold piece far eastsoutheast
bat near eastsoutheast
stairs up near westsouthwest
vertical wall near west
dark area very near northeast and east
horizontal wall very near southwest and northwest
jackal corpse very near westnorthwest
vertical wall adjacent north and south
dark area adjacent southeast

cursor:
Yourself a ranger
(x=39, y=8)

map:
                                                                                
                                                                                
                                                                                
                                                                                
                                                                                
                                  ------                                        
                                  ...%.|#                                       
                                  |....@#                                       
                                  |.<..|  B                                     
                                  ------      .$                                
                                                                                
                                                                                
                                                                                
                                                                                
                                                                                
                                                                                
                                                                                
                                                                                
                                                                                
                                                                                
                                                                                
Agent the Tenderfoot           St:14 Dx:11 Co:14 In:14 Wi:15 Ch:7 Chaotic S:142 
Dlvl:3 $:14 HP:14(14) Pw:3(3) AC:7 Xp:1/7 T:514                                 

",0.0,False
440,southeast,,"message:
It's solid stone.

language observation:
gold piece far eastsoutheast
bat near eastsoutheast
stairs up near westsouthwest
vertical wall near west
dark area very near northeast and east
horizontal wall very near southwest and northwest
jackal corpse very near westnorthwest
vertical wall adjacent north and south
dark area adjacent southeast

cursor:
Yourself a ranger
(x=39, y=8)

map:
                                                                                
                                                                                
                                                                                
                                                                                
                                                                                
                                  ------                                        
                                  ...%.|#                                       
                                  |....@#                                       
                                  |.<..|  B                                     
                                  ------      .$                                
                                                                                
                                                                                
                                                                                
                                                                                
                                                                                
                                                                                
                                                                                
                                                                                
                                                                                
                                                                                
                                                                                
Agent the Tenderfoot           St:14 Dx:11 Co:14 In:14 Wi:15 Ch:7 Chaotic S:142 
Dlvl:3 $:14 HP:14(14) Pw:3(3) AC:7 Xp:1/7 T:514                                 

",0.0,False
441,east,,"message:
The bat bites!

language observation:
gold piece far eastsoutheast
vertical wall far west
stairs up near westsouthwest
jackal corpse near westnorthwest
dark area very near north, northeast, east, and southeast
bat adjacent east
dark area adjacent south
vertical wall adjacent southwest and northwest
doorway adjacent west

cursor:
Yourself a ranger
(x=40, y=8)

map:
                                                                                
                                                                                
                                                                                
                                                                                
                                                                                
                                  ------                                        
                                  ...%.|##                                      
                                  |.....@B                                      
                                  |.<..| #                                      
                                  ------      .$                                
                                                                                
                                                                                
                                                                                
                                                                                
                                                                                
                                                                                
                                                                                
                                                                                
                                                                                
                                                                                
                                                                                
Agent the Tenderfoot           St:14 Dx:11 Co:14 In:14 Wi:15 Ch:7 Chaotic S:142 
Dlvl:3 $:14 HP:10(14) Pw:3(3) AC:7 Xp:1/7 T:515                                 

",0.0,False
442,east,,"message:
You hit the bat.  The bat bites!  The bat bites!

language observation:
gold piece far eastsoutheast
vertical wall far west
stairs up near westsouthwest
jackal corpse near westnorthwest
dark area very near north, northeast, east, and southeast
bat adjacent east
dark area adjacent south
vertical wall adjacent southwest and northwest
doorway adjacent west

cursor:
Yourself a ranger
(x=40, y=8)

map:
                                                                                
                                                                                
                                                                                
                                                                                
                                                                                
                                  ------                                        
                                  ...%.|##                                      
                                  |.....@B                                      
                                  |.<..| #                                      
                                  ------      .$                                
                                                                                
                                                                                
                                                                                
                                                                                
                                                                                
                                                                                
                                                                                
                                                                                
                                                                                
                                                                                
                                                                                
Agent the Tenderfoot           St:14 Dx:11 Co:14 In:14 Wi:15 Ch:7 Chaotic S:142 
Dlvl:3 $:14 HP:4(14) Pw:3(3) AC:7 Xp:1/7 T:516                                  

",0.0,False
443,east,,"message:
You miss the bat.  The bat bites!  The bat bites!

language observation:
gold piece far eastsoutheast
vertical wall far west
stairs up near westsouthwest
jackal corpse near westnorthwest
dark area very near north, northeast, east, and southeast
bat adjacent east
dark area adjacent south
vertical wall adjacent southwest and northwest
doorway adjacent west

cursor:
Yourself a ranger
(x=40, y=8)

map:
                                                                                
                                                                                
                                                                                
                                                                                
                                                                                
                                  ------                                        
                                  ...%.|##                                      
                                  |.....@B                                      
                                  |.<..| #                                      
                                  ------      .$                                
                                                                                
                                                                                
                                                                                
                                                                                
                                                                                
                                                                                
                                                                                
                                                                                
                                                                                
                                                                                
                                                                                
Agent the Tenderfoot           St:14 Dx:11 Co:14 In:14 Wi:15 Ch:7 Chaotic S:142 
Dlvl:3 $:14 HP:1(14) Pw:3(3) AC:7 Xp:1/7 T:517                                  

",0.0,False
444,fire,,"message:
In what direction?

language observation:
gold piece far eastsoutheast
vertical wall far west
stairs up near westsouthwest
jackal corpse near westnorthwest
dark area very near north, northeast, east, and southeast
bat adjacent east
dark area adjacent south
vertical wall adjacent southwest and northwest
doorway adjacent west

cursor:

(x=19, y=0)

map:
                                                                                
                                                                                
                                                                                
                                                                                
                                                                                
                                  ------                                        
                                  ...%.|##                                      
                                  |.....@B                                      
                                  |.<..| #                                      
                                  ------      .$                                
                                                                                
                                                                                
                                                                                
                                                                                
                                                                                
                                                                                
                                                                                
                                                                                
                                                                                
                                                                                
                                                                                
Agent the Tenderfoot           St:14 Dx:11 Co:14 In:14 Wi:15 Ch:7 Chaotic S:142 
Dlvl:3 $:14 HP:1(14) Pw:3(3) AC:7 Xp:1/7 T:517                                  

",0.0,False
445,east,,"message:
The elven arrow misses the bat.  The bat bites!
 
You made the top ten list!
No  Points     Name
Hp [max]
1        141  Agent-Ran-Elf-Mal-Cha died in The Dunge
eons of Doom on
level 3.  Killed by a bat.
-  [14]


language observation:
dark area adjacent east, southeast, and south

cursor:
very far eastsoutheast 
(x=23, y=9)

map:
You made the top ten list!                                                      
                                                                                
                           No  Points     Name                                  
                 Hp [max]                                                       
                           1        141  Agent-Ran-Elf-Mal-Cha died in The Dunge
ons of Doom on                                                                  
                                        level 3.  Killed by a bat.              
                -  [14]                                                         
                                                                                
                                                                                
                                                                                
                                                                                
                                                                                
                                                                                
                                                                                
                                                                                
                                                                                
                                                                                
                                                                                
                                                                                
                                                                                
                                                                                
                                                                                

",0.0,True
