{
    "progression_percentage": 17.27272727272727,
    "standard_error": 2.7872199485010714,
    "average_steps": 161.8,
    "episodes_played": 10,
    "tasks": {
        "default": {
            "progression_percentage": 17.27272727272727,
            "standard_error": 2.7872199485010714,
            "episodes_played": 10
        }
    },
    "input_tokens": 2846868,
    "output_tokens": 4644
}