{
    "progression_percentage": 1.7550204794781488,
    "standard_error": 0.7957371700990541,
    "average_steps": 1351.0,
    "episodes_played": 5,
    "tasks": {
        "NetHackChallenge-v0": {
            "progression_percentage": 1.7550204794781488,
            "standard_error": 0.7957371700990541,
            "episodes_played": 5
        }
    },
    "input_tokens": 36059619,
    "output_tokens": 7662
}