{
    "progression_percentage": 0.7939956585192304,
    "standard_error": 0.4366159786133193,
    "average_steps": 1448.2,
    "episodes_played": 5,
    "tasks": {
        "NetHackChallenge-v0": {
            "progression_percentage": 0.7939956585192304,
            "standard_error": 0.4366159786133193,
            "episodes_played": 5
        }
    },
    "input_tokens": 41444699,
    "output_tokens": 30701
}