{
    "progression_percentage": 36.36363636363637,
    "standard_error": 3.8030001206094344,
    "average_steps": 211.4,
    "episodes_played": 10,
    "tasks": {
        "default": {
            "progression_percentage": 36.36363636363637,
            "standard_error": 3.8030001206094344,
            "episodes_played": 10
        }
    },
    "input_tokens": 3636763,
    "output_tokens": 4220494
}