{
    "progression_percentage": 27.727272727272727,
    "standard_error": 2.685282815953078,
    "average_steps": 190.6,
    "episodes_played": 10,
    "tasks": {
        "default": {
            "progression_percentage": 27.727272727272727,
            "standard_error": 2.685282815953078,
            "episodes_played": 10
        }
    },
    "input_tokens": 3420049,
    "output_tokens": 5587
}