Step,Action,Reasoning,Observation,Reward,Done
0,east,,"message:


language observation:
jackal very far eastsoutheast
lichen far eastnortheast
lava near eastnortheast, east, and southeast
area of lava near eastsoutheast
horizontal wall near southeast and south
vertical wall near southwest and west
horizontal wall very near north, northeast, and northwest
horn adjacent west

cursor:
Yourself a cavewoman
(x=27, y=10)

map:
                                                                                
                                                                                
                                                                                
                                                                                
                                                                                
                                                                                
                                                                                
                        --------------                                          
                        |.....}..F...---                                        
                        |.(@..}........-                                        
                        |.....}.................d...|                           
                        |.....}........--------     |                           
                        |.....}......---                                        
                        --------------                                          
                                                                                
                                                                                
                                                                                
                                                                                
                                                                                
                                                                                
                                                                                
Agent the Troglodyte           St:18/04 Dx:16 Co:13 In:9 Wi:8 Ch:8 Neutral S:0  
Dlvl:1 $:0 HP:15(15) Pw:3(3) AC:8 Xp:1/0                                        

",0.0,False
1,east,,"message:


language observation:
jackal far eastsoutheast
lichen near eastnortheast
horizontal wall near southeast and south
lava near southsoutheast
southwest corner near southwest
vertical wall near west
horizontal wall very near north, northeast, and northwest
lava very near eastnortheast, east, eastsoutheast, and southeast
horn very near west

cursor:
Yourself a cavewoman
(x=28, y=10)

map:
                                                                                
                                                                                
                                                                                
                                                                                
                                                                                
                                                                                
                                                                                
                        --------------                                          
                        |.....}..F...---                                        
                        |.(.@.}........-                                        
                        |.....}...............d.....|                           
                        |.....}........--------     |                           
                        |.....}......---                                        
                        --------------                                          
                                                                                
                                                                                
                                                                                
                                                                                
                                                                                
                                                                                
                                                                                
Agent the Troglodyte           St:18/04 Dx:16 Co:13 In:9 Wi:8 Ch:8 Neutral S:0  
Dlvl:1 $:0 HP:15(15) Pw:3(3) AC:8 Xp:1/0                                        

",0.0,False
2,west,,"message:


language observation:
jackal very far eastsoutheast
lichen far eastnortheast
jackal far eastsoutheast
lava near eastnortheast, east, and southeast
area of lava near eastsoutheast
horizontal wall near southeast and south
vertical wall near southwest and west
horizontal wall very near north, northeast, and northwest
horn adjacent west

cursor:
Yourself a cavewoman
(x=27, y=10)

map:
                                                                                
                                                                                
                                                                                
                                                                                
                                                                                
                                                                                
                                                                                
                        --------------                                          
                        |.....}..F...---                                        
                        |.(@..}........-                                        
                        |.....}..............d.d....|                           
                        |.....}........--------     |                           
                        |.....}......---                                        
                        --------------                                          
                                                                                
                                                                                
                                                                                
                                                                                
                                                                                
                                                                                
                                                                                
Agent the Troglodyte           St:18/04 Dx:16 Co:13 In:9 Wi:8 Ch:8 Neutral S:0  
Dlvl:1 $:0 HP:15(15) Pw:3(3) AC:8 Xp:1/0                                        

",0.0,False
3,west,,"message:


language observation:
jackal very far eastsoutheast
lichen far eastnortheast
jackal far eastsoutheast
lava near eastnortheast and east
area of lava near eastsoutheast
horizontal wall near southeast and south
horizontal wall very near north and northeast
vertical wall very near southwest and west
northwest room corner very near northwest

cursor:
Yourself a cavewoman
(x=26, y=10)

map:
                                                                                
                                                                                
                                                                                
                                                                                
                                                                                
                                                                                
                                                                                
                        --------------                                          
                        |.....}..F...---                                        
                        |.@...}........-                                        
                        |.....}.............d.d.....|                           
                        |.....}........--------     |                           
                        |.....}......---                                        
                        --------------                                          
                                                                                
                                                                                
                                                                                
                                                                                
                                                                                
                                                                                
                                                                                
Agent the Troglodyte           St:18/04 Dx:16 Co:13 In:9 Wi:8 Ch:8 Neutral S:0  
Dlvl:1 $:0 HP:15(15) Pw:3(3) AC:8 Xp:1/0                                        

",0.0,False
4,pickup,,"message:


language observation:
jackal very far eastsoutheast
lichen far eastnortheast
jackal far eastsoutheast
lava near eastnortheast and east
area of lava near eastsoutheast
horizontal wall near southeast and south
horizontal wall very near north and northeast
vertical wall very near southwest and west
northwest room corner very near northwest

cursor:
Yourself a cavewoman
(x=26, y=10)

map:
                                                                                
                                                                                
                                                                                
                                                                                
                                                                                
                                                                                
                                                                                
                        --------------                                          
                        |.....}..F...---                                        
                        |.@...}........-                                        
                        |.....}.............d.d.....|                           
                        |.....}........--------     |                           
                        |.....}......---                                        
                        --------------                                          
                                                                                
                                                                                
                                                                                
                                                                                
                                                                                
                                                                                
                                                                                
Agent the Troglodyte           St:18/04 Dx:16 Co:13 In:9 Wi:8 Ch:8 Neutral S:0  
Dlvl:1 $:0 HP:15(15) Pw:3(3) AC:8 Xp:1/0                                        

",-0.01,False
5,west,,"message:


language observation:
jackal very far eastsoutheast
lichen far east
jackal far eastsoutheast
lava near eastnortheast and east
area of lava near eastsoutheast
horizontal wall near southeast and south
horizontal wall very near north and northeast
horn adjacent east
vertical wall adjacent southwest, west, and northwest

cursor:
Yourself a cavewoman
(x=25, y=10)

map:
                                                                                
                                                                                
                                                                                
                                                                                
                                                                                
                                                                                
                                                                                
                        --------------                                          
                        |.....}......---                                        
                        |@(...}.F......-                                        
                        |.....}............d.d......|                           
                        |.....}........--------     |                           
                        |.....}......---                                        
                        --------------                                          
                                                                                
                                                                                
                                                                                
                                                                                
                                                                                
                                                                                
                                                                                
Agent the Troglodyte           St:18/04 Dx:16 Co:13 In:9 Wi:8 Ch:8 Neutral S:0  
Dlvl:1 $:0 HP:15(15) Pw:3(3) AC:8 Xp:1/0                                        

",0.0,False
6,south,,"message:


language observation:
lichen far eastnortheast
jackals far east
horizontal wall near north, northeast, southeast, and south
lava near east
area of lava near eastnortheast and eastsoutheast
horn adjacent northeast
vertical wall adjacent southwest, west, and northwest

cursor:
Yourself a cavewoman
(x=25, y=11)

map:
                                                                                
                                                                                
                                                                                
                                                                                
                                                                                
                                                                                
                                                                                
                        --------------                                          
                        |.....}......---                                        
                        |.(...}.F......--------     |                           
                        |@....}...........d.d.......|                           
                        |.....}........--------     |                           
                        |.....}......---                                        
                        --------------                                          
                                                                                
                                                                                
                                                                                
                                                                                
                                                                                
                                                                                
                                                                                
Agent the Troglodyte           St:18/04 Dx:16 Co:13 In:9 Wi:8 Ch:8 Neutral S:0  
Dlvl:1 $:0 HP:15(15) Pw:3(3) AC:8 Xp:1/0                                        

",0.0,False
7,south,,"message:


language observation:
lichen far eastnortheast
jackals far eastnortheast
horizontal wall near north and northeast
lava near east and eastsoutheast
area of lava near eastnortheast
horn very near northnortheast
horizontal wall very near southeast and south
vertical wall adjacent southwest, west, and northwest

cursor:
Yourself a cavewoman
(x=25, y=12)

map:
                                                                                
                                                                                
                                                                                
                                                                                
                                                                                
                                                                                
                                                                                
                        --------------                                          
                        |.....}......---                                        
                        |.(...}.F......--------     |                           
                        |.....}..........d.d........|                           
                        |@....}........--------     |                           
                        |.....}......---                                        
                        --------------                                          
                                                                                
                                                                                
                                                                                
                                                                                
                                                                                
                                                                                
                                                                                
Agent the Troglodyte           St:18/04 Dx:16 Co:13 In:9 Wi:8 Ch:8 Neutral S:0  
Dlvl:1 $:0 HP:15(15) Pw:3(3) AC:8 Xp:1/0                                        

",0.0,False
8,south,,"message:


language observation:
lichen far eastnortheast
jackals far eastnortheast
horizontal wall near north and northeast
horn near northnortheast
lava near east
area of lava near eastnortheast
horizontal wall adjacent southeast and south
southwest corner adjacent southwest
vertical wall adjacent west and northwest

cursor:
Yourself a cavewoman
(x=25, y=13)

map:
                                                                                
                                                                                
                                                                                
                                                                                
                                                                                
                                                                                
                                                                                
                        --------------                                          
                        |.....}......---                                        
                        |.(...}.F......--------     |                           
                        |.....}.........d.d.........|                           
                        |.....}........--------     |                           
                        |@....}......---                                        
                        --------------                                          
                                                                                
                                                                                
                                                                                
                                                                                
                                                                                
                                                                                
                                                                                
Agent the Troglodyte           St:18/04 Dx:16 Co:13 In:9 Wi:8 Ch:8 Neutral S:0  
Dlvl:1 $:0 HP:15(15) Pw:3(3) AC:8 Xp:1/0                                        

",0.0,False
9,north,,"message:


language observation:
lichen far eastnortheast
jackals far eastnortheast
horizontal wall near north and northeast
lava near east and eastsoutheast
area of lava near eastnortheast
horn very near northnortheast
horizontal wall very near southeast and south
vertical wall adjacent southwest, west, and northwest

cursor:
Yourself a cavewoman
(x=25, y=12)

map:
                                                                                
                                                                                
                                                                                
                                                                                
                                                                                
                                                                                
                                                                                
                        --------------                                          
                        |.....}......---                                        
                        |.(...}.F......--------     |                           
                        |.....}........d.d..........|                           
                        |@....}........--------     |                           
                        |.....}......---                                        
                        --------------                                          
                                                                                
                                                                                
                                                                                
                                                                                
                                                                                
                                                                                
                                                                                
Agent the Troglodyte           St:18/04 Dx:16 Co:13 In:9 Wi:8 Ch:8 Neutral S:0  
Dlvl:1 $:0 HP:15(15) Pw:3(3) AC:8 Xp:1/0                                        

",0.0,False
10,east,,"message:


language observation:
lichen far eastnortheast
jackal far eastnortheast and east
horizontal wall near north and northeast
lava near east and eastsoutheast
area of lava near eastnortheast
horn very near north
horizontal wall very near southeast and south
southwest corner very near southwest
vertical wall very near west and northwest

cursor:
Yourself a cavewoman
(x=26, y=12)

map:
                                                                                
                                                                                
                                                                                
                                                                                
                                                                                
                                                                                
                                                                                
                        --------------                                          
                        |.....}......---                                        
                        |.(...}.F......--------     |                           
                        |.....}.........d...........|                           
                        |.@...}.......d--------     |                           
                        |.....}......---                                        
                        --------------                                          
                                                                                
                                                                                
                                                                                
                                                                                
                                                                                
                                                                                
                                                                                
Agent the Troglodyte           St:18/04 Dx:16 Co:13 In:9 Wi:8 Ch:8 Neutral S:0  
Dlvl:1 $:0 HP:15(15) Pw:3(3) AC:8 Xp:1/0                                        

",0.0,False
11,north,,"message:


language observation:
lichen far eastnortheast
jackals far east
horizontal wall near north, northeast, southeast, and south
lava near east
area of lava near eastnortheast and eastsoutheast
vertical wall very near southwest, west, and northwest
horn adjacent north

cursor:
Yourself a cavewoman
(x=26, y=11)

map:
                                                                                
                                                                                
                                                                                
                                                                                
                                                                                
                                                                                
                                                                                
                        --------------                                          
                        |.....}......---                                        
                        |.(...}.F......--------     |                           
                        |.@...}......d.d............|                           
                        |.....}........--------     |                           
                        |.....}......---                                        
                        --------------                                          
                                                                                
                                                                                
                                                                                
                                                                                
                                                                                
                                                                                
                                                                                
Agent the Troglodyte           St:18/04 Dx:16 Co:13 In:9 Wi:8 Ch:8 Neutral S:0  
Dlvl:1 $:0 HP:15(15) Pw:3(3) AC:8 Xp:1/0                                        

",0.0,False
12,north,,"message:


language observation:
lichen far east
jackals far east
lava near eastnortheast and east
area of lava near eastsoutheast
horizontal wall near southeast and south
horizontal wall very near north and northeast
vertical wall very near southwest and west
northwest room corner very near northwest

cursor:
Yourself a cavewoman
(x=26, y=10)

map:
                                                                                
                                                                                
                                                                                
                                                                                
                                                                                
                                                                                
                                                                                
                        --------------                                          
                        |.....}......---                                        
                        |.@...}.F...d.d--------     |                           
                        |.....}.....................|                           
                        |.....}........--------     |                           
                        |.....}......---                                        
                        --------------                                          
                                                                                
                                                                                
                                                                                
                                                                                
                                                                                
                                                                                
                                                                                
Agent the Troglodyte           St:18/04 Dx:16 Co:13 In:9 Wi:8 Ch:8 Neutral S:0  
Dlvl:1 $:0 HP:15(15) Pw:3(3) AC:8 Xp:1/0                                        

",0.0,False
13,pickup,,"message:


language observation:
lichen far east
jackals far east
lava near eastnortheast and east
area of lava near eastsoutheast
horizontal wall near southeast and south
horizontal wall very near north and northeast
vertical wall very near southwest and west
northwest room corner very near northwest

cursor:
Yourself a cavewoman
(x=26, y=10)

map:
                                                                                
                                                                                
                                                                                
                                                                                
                                                                                
                                                                                
                                                                                
                        --------------                                          
                        |.....}......---                                        
                        |.@...}.F...d.d--------     |                           
                        |.....}.....................|                           
                        |.....}........--------     |                           
                        |.....}......---                                        
                        --------------                                          
                                                                                
                                                                                
                                                                                
                                                                                
                                                                                
                                                                                
                                                                                
Agent the Troglodyte           St:18/04 Dx:16 Co:13 In:9 Wi:8 Ch:8 Neutral S:0  
Dlvl:1 $:0 HP:15(15) Pw:3(3) AC:8 Xp:1/0                                        

",-0.01,False
14,pickup,,"message:


language observation:
lichen far east
jackals far east
lava near eastnortheast and east
area of lava near eastsoutheast
horizontal wall near southeast and south
horizontal wall very near north and northeast
vertical wall very near southwest and west
northwest room corner very near northwest

cursor:
Yourself a cavewoman
(x=26, y=10)

map:
                                                                                
                                                                                
                                                                                
                                                                                
                                                                                
                                                                                
                                                                                
                        --------------                                          
                        |.....}......---                                        
                        |.@...}.F...d.d--------     |                           
                        |.....}.....................|                           
                        |.....}........--------     |                           
                        |.....}......---                                        
                        --------------                                          
                                                                                
                                                                                
                                                                                
                                                                                
                                                                                
                                                                                
                                                                                
Agent the Troglodyte           St:18/04 Dx:16 Co:13 In:9 Wi:8 Ch:8 Neutral S:0  
Dlvl:1 $:0 HP:15(15) Pw:3(3) AC:8 Xp:1/0                                        

",-0.01,False
15,east,,"message:


language observation:
jackals far east
lava near eastnortheast, east, and southeast
area of lava near eastsoutheast
lichen near east
horizontal wall near southeast and south
vertical wall near southwest and west
horizontal wall very near north, northeast, and northwest
horn adjacent west

cursor:
Yourself a cavewoman
(x=27, y=10)

map:
                                                                                
                                                                                
                                                                                
                                                                                
                                                                                
                                                                                
                                                                                
                        --------------                                          
                        |.....}......---                                        
                        |.(@..}.F..d.d.--------     |                           
                        |.....}.....................|                           
                        |.....}........--------     |                           
                        |.....}......---                                        
                        --------------                                          
                                                                                
                                                                                
                                                                                
                                                                                
                                                                                
                                                                                
                                                                                
Agent the Troglodyte           St:18/04 Dx:16 Co:13 In:9 Wi:8 Ch:8 Neutral S:0  
Dlvl:1 $:0 HP:15(15) Pw:3(3) AC:8 Xp:1/0                                        

",0.0,False
16,northwest,,"message:


language observation:
jackals far east
lichen far eastsoutheast
lava near east and southeast
area of lava near eastsoutheast
horizontal wall near southeast and south
vertical wall very near southwest and west
horizontal wall adjacent north, northeast, and northwest
horn adjacent south

cursor:
Yourself a cavewoman
(x=26, y=9)

map:
                                                                                
                                                                                
                                                                                
                                                                                
                                                                                
                                                                                
                                                                                
                        --------------                                          
                        |.@...}...d.d---                                        
                        |.(...}.F......--------     |                           
                        |.....}.....................|                           
                        |.....}........--------     |                           
                        |.....}......---                                        
                        --------------                                          
                                                                                
                                                                                
                                                                                
                                                                                
                                                                                
                                                                                
                                                                                
Agent the Troglodyte           St:18/04 Dx:16 Co:13 In:9 Wi:8 Ch:8 Neutral S:0  
Dlvl:1 $:0 HP:15(15) Pw:3(3) AC:8 Xp:1/0                                        

",0.0,False
17,search,,"message:


language observation:
jackals far east
lichen far eastsoutheast
lava near east and southeast
area of lava near eastsoutheast
horizontal wall near southeast and south
vertical wall very near southwest and west
horizontal wall adjacent north, northeast, and northwest
horn adjacent south

cursor:
Yourself a cavewoman
(x=26, y=9)

map:
                                                                                
                                                                                
                                                                                
                                                                                
                                                                                
                                                                                
                                                                                
                        --------------                                          
                        |.@...}..d.d.---                                        
                        |.(...}.F......--------     |                           
                        |.....}.....................|                           
                        |.....}........--------     |                           
                        |.....}......---                                        
                        --------------                                          
                                                                                
                                                                                
                                                                                
                                                                                
                                                                                
                                                                                
                                                                                
Agent the Troglodyte           St:18/04 Dx:16 Co:13 In:9 Wi:8 Ch:8 Neutral S:0  
Dlvl:1 $:0 HP:15(15) Pw:3(3) AC:8 Xp:1/0                                        

",0.0,False
18,south,,"message:


language observation:
jackal far eastnortheast and east
lichen far east
lava near eastnortheast and east
area of lava near eastsoutheast
horizontal wall near southeast and south
horizontal wall very near north and northeast
vertical wall very near southwest and west
northwest room corner very near northwest

cursor:
Yourself a cavewoman
(x=26, y=10)

map:
                                                                                
                                                                                
                                                                                
                                                                                
                                                                                
                                                                                
                                                                                
                        --------------                                          
                        |.....}.d....---                                        
                        |.@...}.F.d....--------     |                           
                        |.....}.....................|                           
                        |.....}........--------     |                           
                        |.....}......---                                        
                        --------------                                          
                                                                                
                                                                                
                                                                                
                                                                                
                                                                                
                                                                                
                                                                                
Agent the Troglodyte           St:18/04 Dx:16 Co:13 In:9 Wi:8 Ch:8 Neutral S:0  
Dlvl:1 $:0 HP:15(15) Pw:3(3) AC:8 Xp:1/0                                        

",0.0,False
19,pickup,,"message:


language observation:
jackal far eastnortheast and east
lichen far east
lava near eastnortheast and east
area of lava near eastsoutheast
horizontal wall near southeast and south
horizontal wall very near north and northeast
vertical wall very near southwest and west
northwest room corner very near northwest

cursor:
Yourself a cavewoman
(x=26, y=10)

map:
                                                                                
                                                                                
                                                                                
                                                                                
                                                                                
                                                                                
                                                                                
                        --------------                                          
                        |.....}.d....---                                        
                        |.@...}.F.d....--------     |                           
                        |.....}.....................|                           
                        |.....}........--------     |                           
                        |.....}......---                                        
                        --------------                                          
                                                                                
                                                                                
                                                                                
                                                                                
                                                                                
                                                                                
                                                                                
Agent the Troglodyte           St:18/04 Dx:16 Co:13 In:9 Wi:8 Ch:8 Neutral S:0  
Dlvl:1 $:0 HP:15(15) Pw:3(3) AC:8 Xp:1/0                                        

",-0.01,False
20,east,,"message:


language observation:
jackal far east
lava near eastnortheast, east, and southeast
area of lava near eastsoutheast
jackal near east
lichen near east
horizontal wall near southeast and south
vertical wall near southwest and west
horizontal wall very near north, northeast, and northwest
horn adjacent west

cursor:
Yourself a cavewoman
(x=27, y=10)

map:
                                                                                
                                                                                
                                                                                
                                                                                
                                                                                
                                                                                
                                                                                
                        --------------                                          
                        |.....}......---                                        
                        |.(@..}dFd.....--------     |                           
                        |.....}.....................|                           
                        |.....}........--------     |                           
                        |.....}......---                                        
                        --------------                                          
                                                                                
                                                                                
                                                                                
                                                                                
                                                                                
                                                                                
                                                                                
Agent the Troglodyte           St:18/04 Dx:16 Co:13 In:9 Wi:8 Ch:8 Neutral S:0  
Dlvl:1 $:0 HP:15(15) Pw:3(3) AC:8 Xp:1/0                                        

",0.0,False
21,west,,"message:


language observation:
jackal far eastnortheast
lichen far east
lava near eastnortheast and east
area of lava near eastsoutheast
jackal near eastnortheast
horizontal wall near southeast and south
horizontal wall very near north and northeast
vertical wall very near southwest and west
northwest room corner very near northwest

cursor:
Yourself a cavewoman
(x=26, y=10)

map:
                                                                                
                                                                                
                                                                                
                                                                                
                                                                                
                                                                                
                                                                                
                        --------------                                          
                        |.....}dd....---                                        
                        |.@...}.F......--------     |                           
                        |.....}.....................|                           
                        |.....}........--------     |                           
                        |.....}......---                                        
                        --------------                                          
                                                                                
                                                                                
                                                                                
                                                                                
                                                                                
                                                                                
                                                                                
Agent the Troglodyte           St:18/04 Dx:16 Co:13 In:9 Wi:8 Ch:8 Neutral S:0  
Dlvl:1 $:0 HP:15(15) Pw:3(3) AC:8 Xp:1/0                                        

",0.0,False
22,southeast,,"message:


language observation:
horizontal wall near north, northeast, southeast, and south
lava near east
area of lava near eastnortheast and eastsoutheast
jackals near eastnortheast
lichen near eastnortheast
southwest corner near southwest
vertical wall near west
northwest room corner near northwest
horn adjacent northwest

cursor:
Yourself a cavewoman
(x=27, y=11)

map:
                                                                                
                                                                                
                                                                                
                                                                                
                                                                                
                                                                                
                                                                                
                        --------------                                          
                        |.....}.d....---                                        
                        |.(...}dF......--------     |                           
                        |..@..}.....................|                           
                        |.....}........--------     |                           
                        |.....}......---                                        
                        --------------                                          
                                                                                
                                                                                
                                                                                
                                                                                
                                                                                
                                                                                
                                                                                
Agent the Troglodyte           St:18/04 Dx:16 Co:13 In:9 Wi:8 Ch:8 Neutral S:0  
Dlvl:1 $:0 HP:15(15) Pw:3(3) AC:8 Xp:1/0                                        

",0.0,False
23,northwest,,"message:


language observation:
lichen far east
lava near eastnortheast and east
area of lava near eastsoutheast
jackal near eastnortheast and east
horizontal wall near southeast and south
horizontal wall very near north and northeast
vertical wall very near southwest and west
northwest room corner very near northwest

cursor:
Yourself a cavewoman
(x=26, y=10)

map:
                                                                                
                                                                                
                                                                                
                                                                                
                                                                                
                                                                                
                                                                                
                        --------------                                          
                        |.....}d.....---                                        
                        |.@...}dF......--------     |                           
                        |.....}.....................|                           
                        |.....}........--------     |                           
                        |.....}......---                                        
                        --------------                                          
                                                                                
                                                                                
                                                                                
                                                                                
                                                                                
                                                                                
                                                                                
Agent the Troglodyte           St:18/04 Dx:16 Co:13 In:9 Wi:8 Ch:8 Neutral S:0  
Dlvl:1 $:0 HP:15(15) Pw:3(3) AC:8 Xp:1/0                                        

",0.0,False
24,north,,"message:


language observation:
jackal far east
lichen far eastsoutheast
lava near east and southeast
area of lava near eastsoutheast
jackal near eastsoutheast
horizontal wall near southeast and south
vertical wall very near southwest and west
horizontal wall adjacent north, northeast, and northwest
horn adjacent south

cursor:
Yourself a cavewoman
(x=26, y=9)

map:
                                                                                
                                                                                
                                                                                
                                                                                
                                                                                
                                                                                
                                                                                
                        --------------                                          
                        |.@...}.d....---                                        
                        |.(...}.F......--------     |                           
                        |.....}d....................|                           
                        |.....}........--------     |                           
                        |.....}......---                                        
                        --------------                                          
                                                                                
                                                                                
                                                                                
                                                                                
                                                                                
                                                                                
                                                                                
Agent the Troglodyte           St:18/04 Dx:16 Co:13 In:9 Wi:8 Ch:8 Neutral S:0  
Dlvl:1 $:0 HP:15(15) Pw:3(3) AC:8 Xp:1/0                                        

",0.0,False
25,south,,"message:


language observation:
lichen far east
jackal far east
lava near eastnortheast and east
area of lava near eastsoutheast
jackal near eastsoutheast
horizontal wall near southeast and south
horizontal wall very near north and northeast
vertical wall very near southwest and west
northwest room corner very near northwest

cursor:
Yourself a cavewoman
(x=26, y=10)

map:
                                                                                
                                                                                
                                                                                
                                                                                
                                                                                
                                                                                
                                                                                
                        --------------                                          
                        |.....}......---                                        
                        |.@...}.Fd.....--------     |                           
                        |.....}.....................|                           
                        |.....}d.......--------     |                           
                        |.....}......---                                        
                        --------------                                          
                                                                                
                                                                                
                                                                                
                                                                                
                                                                                
                                                                                
                                                                                
Agent the Troglodyte           St:18/04 Dx:16 Co:13 In:9 Wi:8 Ch:8 Neutral S:0  
Dlvl:1 $:0 HP:15(15) Pw:3(3) AC:8 Xp:1/0                                        

",0.0,False
26,pickup,,"message:


language observation:
lichen far east
jackal far east
lava near eastnortheast and east
area of lava near eastsoutheast
jackal near eastsoutheast
horizontal wall near southeast and south
horizontal wall very near north and northeast
vertical wall very near southwest and west
northwest room corner very near northwest

cursor:
Yourself a cavewoman
(x=26, y=10)

map:
                                                                                
                                                                                
                                                                                
                                                                                
                                                                                
                                                                                
                                                                                
                        --------------                                          
                        |.....}......---                                        
                        |.@...}.Fd.....--------     |                           
                        |.....}.....................|                           
                        |.....}d.......--------     |                           
                        |.....}......---                                        
                        --------------                                          
                                                                                
                                                                                
                                                                                
                                                                                
                                                                                
                                                                                
                                                                                
Agent the Troglodyte           St:18/04 Dx:16 Co:13 In:9 Wi:8 Ch:8 Neutral S:0  
Dlvl:1 $:0 HP:15(15) Pw:3(3) AC:8 Xp:1/0                                        

",-0.01,False
27,west,,"message:


language observation:
lichen far east
jackals far eastsoutheast
lava near eastnortheast and east
area of lava near eastsoutheast
horizontal wall near southeast and south
horizontal wall very near north and northeast
horn adjacent east
vertical wall adjacent southwest, west, and northwest

cursor:
Yourself a cavewoman
(x=25, y=10)

map:
                                                                                
                                                                                
                                                                                
                                                                                
                                                                                
                                                                                
                                                                                
                        --------------                                          
                        |.....}......---                                        
                        |@(...}.F......--------     |                           
                        |.....}.d...................|                           
                        |.....}........--------     |                           
                        |.....}d.....---                                        
                        --------------                                          
                                                                                
                                                                                
                                                                                
                                                                                
                                                                                
                                                                                
                                                                                
Agent the Troglodyte           St:18/04 Dx:16 Co:13 In:9 Wi:8 Ch:8 Neutral S:0  
Dlvl:1 $:0 HP:15(15) Pw:3(3) AC:8 Xp:1/0                                        

",0.0,False
28,east,,"message:


language observation:
lichen far east
jackal far eastsoutheast
lava near eastnortheast and east
area of lava near eastsoutheast
jackal near eastsoutheast
horizontal wall near southeast and south
horizontal wall very near north and northeast
vertical wall very near southwest and west
northwest room corner very near northwest

cursor:
Yourself a cavewoman
(x=26, y=10)

map:
                                                                                
                                                                                
                                                                                
                                                                                
                                                                                
                                                                                
                                                                                
                        --------------                                          
                        |.....}......---                                        
                        |.@...}.F......--------     |                           
                        |.....}d....................|                           
                        |.....}.d......--------     |                           
                        |.....}......---                                        
                        --------------                                          
                                                                                
                                                                                
                                                                                
                                                                                
                                                                                
                                                                                
                                                                                
Agent the Troglodyte           St:18/04 Dx:16 Co:13 In:9 Wi:8 Ch:8 Neutral S:0  
Dlvl:1 $:0 HP:15(15) Pw:3(3) AC:8 Xp:1/0                                        

",0.0,False
29,north,,"message:


language observation:
lichen far eastsoutheast
lava near east and southeast
area of lava near eastsoutheast
jackals near eastsoutheast
horizontal wall near southeast and south
vertical wall very near southwest and west
horizontal wall adjacent north, northeast, and northwest
horn adjacent south

cursor:
Yourself a cavewoman
(x=26, y=9)

map:
                                                                                
                                                                                
                                                                                
                                                                                
                                                                                
                                                                                
                                                                                
                        --------------                                          
                        |.@...}......---                                        
                        |.(...}dF......--------     |                           
                        |.....}.....................|                           
                        |.....}d.......--------     |                           
                        |.....}......---                                        
                        --------------                                          
                                                                                
                                                                                
                                                                                
                                                                                
                                                                                
                                                                                
                                                                                
Agent the Troglodyte           St:18/04 Dx:16 Co:13 In:9 Wi:8 Ch:8 Neutral S:0  
Dlvl:1 $:0 HP:15(15) Pw:3(3) AC:8 Xp:1/0                                        

",0.0,False
30,south,,"message:


language observation:
lichen far east
jackal far eastsoutheast
lava near eastnortheast and east
area of lava near eastsoutheast
jackal near eastnortheast
horizontal wall near southeast and south
horizontal wall very near north and northeast
vertical wall very near southwest and west
northwest room corner very near northwest

cursor:
Yourself a cavewoman
(x=26, y=10)

map:
                                                                                
                                                                                
                                                                                
                                                                                
                                                                                
                                                                                
                                                                                
                        --------------                                          
                        |.....}d.....---                                        
                        |.@...}.F......--------     |                           
                        |.....}.d...................|                           
                        |.....}........--------     |                           
                        |.....}......---                                        
                        --------------                                          
                                                                                
                                                                                
                                                                                
                                                                                
                                                                                
                                                                                
                                                                                
Agent the Troglodyte           St:18/04 Dx:16 Co:13 In:9 Wi:8 Ch:8 Neutral S:0  
Dlvl:1 $:0 HP:15(15) Pw:3(3) AC:8 Xp:1/0                                        

",0.0,False
31,southwest,,"message:


language observation:
jackal far eastnortheast and east
lichen far eastnortheast
horizontal wall near north, northeast, southeast, and south
lava near east
area of lava near eastnortheast and eastsoutheast
horn adjacent northeast
vertical wall adjacent southwest, west, and northwest

cursor:
Yourself a cavewoman
(x=25, y=11)

map:
                                                                                
                                                                                
                                                                                
                                                                                
                                                                                
                                                                                
                                                                                
                        --------------                                          
                        |.....}.d....---                                        
                        |.(...}.F......--------     |                           
                        |@....}d....................|                           
                        |.....}........--------     |                           
                        |.....}......---                                        
                        --------------                                          
                                                                                
                                                                                
                                                                                
                                                                                
                                                                                
                                                                                
                                                                                
Agent the Troglodyte           St:18/04 Dx:16 Co:13 In:9 Wi:8 Ch:8 Neutral S:0  
Dlvl:1 $:0 HP:15(15) Pw:3(3) AC:8 Xp:1/0                                        

",0.0,False
32,northeast,,"message:


language observation:
lichen far east
jackal far east
lava near eastnortheast and east
area of lava near eastsoutheast
jackal near east
horizontal wall near southeast and south
horizontal wall very near north and northeast
vertical wall very near southwest and west
northwest room corner very near northwest

cursor:
Yourself a cavewoman
(x=26, y=10)

map:
                                                                                
                                                                                
                                                                                
                                                                                
                                                                                
                                                                                
                                                                                
                        --------------                                          
                        |.....}......---                                        
                        |.@...}dFd.....--------     |                           
                        |.....}.....................|                           
                        |.....}........--------     |                           
                        |.....}......---                                        
                        --------------                                          
                                                                                
                                                                                
                                                                                
                                                                                
                                                                                
                                                                                
                                                                                
Agent the Troglodyte           St:18/04 Dx:16 Co:13 In:9 Wi:8 Ch:8 Neutral S:0  
Dlvl:1 $:0 HP:15(15) Pw:3(3) AC:8 Xp:1/0                                        

",0.0,False
33,west,,"message:


language observation:
jackal far eastnortheast and eastsoutheast
lichen far east
lava near eastnortheast and east
area of lava near eastsoutheast
horizontal wall near southeast and south
horizontal wall very near north and northeast
horn adjacent east
vertical wall adjacent southwest, west, and northwest

cursor:
Yourself a cavewoman
(x=25, y=10)

map:
                                                                                
                                                                                
                                                                                
                                                                                
                                                                                
                                                                                
                                                                                
                        --------------                                          
                        |.....}d.....---                                        
                        |@(...}.F......--------     |                           
                        |.....}.d...................|                           
                        |.....}........--------     |                           
                        |.....}......---                                        
                        --------------                                          
                                                                                
                                                                                
                                                                                
                                                                                
                                                                                
                                                                                
                                                                                
Agent the Troglodyte           St:18/04 Dx:16 Co:13 In:9 Wi:8 Ch:8 Neutral S:0  
Dlvl:1 $:0 HP:15(15) Pw:3(3) AC:8 Xp:1/0                                        

",0.0,False
34,search,,"message:


language observation:
jackal far eastnortheast and eastsoutheast
lichen far east
lava near eastnortheast and east
area of lava near eastsoutheast
horizontal wall near southeast and south
horizontal wall very near north and northeast
horn adjacent east
vertical wall adjacent southwest, west, and northwest

cursor:
Yourself a cavewoman
(x=25, y=10)

map:
                                                                                
                                                                                
                                                                                
                                                                                
                                                                                
                                                                                
                                                                                
                        --------------                                          
                        |.....}.d....---                                        
                        |@(...}.F......--------     |                           
                        |.....}d....................|                           
                        |.....}........--------     |                           
                        |.....}......---                                        
                        --------------                                          
                                                                                
                                                                                
                                                                                
                                                                                
                                                                                
                                                                                
                                                                                
Agent the Troglodyte           St:18/04 Dx:16 Co:13 In:9 Wi:8 Ch:8 Neutral S:0  
Dlvl:1 $:0 HP:15(15) Pw:3(3) AC:8 Xp:1/0                                        

",0.0,False
35,east,,"message:


language observation:
lichen far east
jackal far east
lava near eastnortheast and east
area of lava near eastsoutheast
jackal near east
horizontal wall near southeast and south
horizontal wall very near north and northeast
vertical wall very near southwest and west
northwest room corner very near northwest

cursor:
Yourself a cavewoman
(x=26, y=10)

map:
                                                                                
                                                                                
                                                                                
                                                                                
                                                                                
                                                                                
                                                                                
                        --------------                                          
                        |.....}......---                                        
                        |.@...}dFd.....--------     |                           
                        |.....}.....................|                           
                        |.....}........--------     |                           
                        |.....}......---                                        
                        --------------                                          
                                                                                
                                                                                
                                                                                
                                                                                
                                                                                
                                                                                
                                                                                
Agent the Troglodyte           St:18/04 Dx:16 Co:13 In:9 Wi:8 Ch:8 Neutral S:0  
Dlvl:1 $:0 HP:15(15) Pw:3(3) AC:8 Xp:1/0                                        

",0.0,False
36,search,,"message:


language observation:
jackal far eastsoutheast
lava near eastnortheast and east
area of lava near eastsoutheast
jackal near eastnortheast
lichen near east
horizontal wall near southeast and south
horizontal wall very near north and northeast
vertical wall very near southwest and west
northwest room corner very near northwest

cursor:
Yourself a cavewoman
(x=26, y=10)

map:
                                                                                
                                                                                
                                                                                
                                                                                
                                                                                
                                                                                
                                                                                
                        --------------                                          
                        |.....}d.....---                                        
                        |.@...}F.......--------     |                           
                        |.....}.d...................|                           
                        |.....}........--------     |                           
                        |.....}......---                                        
                        --------------                                          
                                                                                
                                                                                
                                                                                
                                                                                
                                                                                
                                                                                
                                                                                
Agent the Troglodyte           St:18/04 Dx:16 Co:13 In:9 Wi:8 Ch:8 Neutral S:0  
Dlvl:1 $:0 HP:15(15) Pw:3(3) AC:8 Xp:1/0                                        

",0.0,False
37,pickup,,"message:


language observation:
jackal far eastsoutheast
lava near eastnortheast and east
area of lava near eastsoutheast
jackal near eastnortheast
lichen near east
horizontal wall near southeast and south
horizontal wall very near north and northeast
vertical wall very near southwest and west
northwest room corner very near northwest

cursor:
Yourself a cavewoman
(x=26, y=10)

map:
                                                                                
                                                                                
                                                                                
                                                                                
                                                                                
                                                                                
                                                                                
                        --------------                                          
                        |.....}d.....---                                        
                        |.@...}F.......--------     |                           
                        |.....}.d...................|                           
                        |.....}........--------     |                           
                        |.....}......---                                        
                        --------------                                          
                                                                                
                                                                                
                                                                                
                                                                                
                                                                                
                                                                                
                                                                                
Agent the Troglodyte           St:18/04 Dx:16 Co:13 In:9 Wi:8 Ch:8 Neutral S:0  
Dlvl:1 $:0 HP:15(15) Pw:3(3) AC:8 Xp:1/0                                        

",-0.01,False
38,north,,"message:


language observation:
jackal far east
lava near east and southeast
area of lava near eastsoutheast
lichen near eastsoutheast
jackal near eastsoutheast
horizontal wall near southeast and south
vertical wall very near southwest and west
horizontal wall adjacent north, northeast, and northwest
horn adjacent south

cursor:
Yourself a cavewoman
(x=26, y=9)

map:
                                                                                
                                                                                
                                                                                
                                                                                
                                                                                
                                                                                
                                                                                
                        --------------                                          
                        |.@...}.d....---                                        
                        |.(...}F.......--------     |                           
                        |.....}d....................|                           
                        |.....}........--------     |                           
                        |.....}......---                                        
                        --------------                                          
                                                                                
                                                                                
                                                                                
                                                                                
                                                                                
                                                                                
                                                                                
Agent the Troglodyte           St:18/04 Dx:16 Co:13 In:9 Wi:8 Ch:8 Neutral S:0  
Dlvl:1 $:0 HP:15(15) Pw:3(3) AC:8 Xp:1/0                                        

",0.0,False
39,south,,"message:


language observation:
jackal far east
lava near eastnortheast and east
area of lava near eastsoutheast
lichen near east
jackal near eastsoutheast
horizontal wall near southeast and south
horizontal wall very near north and northeast
vertical wall very near southwest and west
northwest room corner very near northwest

cursor:
Yourself a cavewoman
(x=26, y=10)

map:
                                                                                
                                                                                
                                                                                
                                                                                
                                                                                
                                                                                
                                                                                
                        --------------                                          
                        |.....}......---                                        
                        |.@...}Fd......--------     |                           
                        |.....}.....................|                           
                        |.....}d.......--------     |                           
                        |.....}......---                                        
                        --------------                                          
                                                                                
                                                                                
                                                                                
                                                                                
                                                                                
                                                                                
                                                                                
Agent the Troglodyte           St:18/04 Dx:16 Co:13 In:9 Wi:8 Ch:8 Neutral S:0  
Dlvl:1 $:0 HP:15(15) Pw:3(3) AC:8 Xp:1/0                                        

",0.0,False
40,northwest,,"message:


language observation:
lichen far eastsoutheast
jackals far eastsoutheast
lava near east
area of lava near eastsoutheast
horizontal wall near southeast and south
horizontal wall adjacent north and northeast
horn adjacent southeast
vertical wall adjacent southwest and west
northwest room corner adjacent northwest

cursor:
Yourself a cavewoman
(x=25, y=9)

map:
                                                                                
                                                                                
                                                                                
                                                                                
                                                                                
                                                                                
                                                                                
                        --------------                                          
                        |@....}......---                                        
                        |.(...}F.......--------     |                           
                        |.....}dd...................|                           
                        |.....}........--------     |                           
                        |.....}......---                                        
                        --------------                                          
                                                                                
                                                                                
                                                                                
                                                                                
                                                                                
                                                                                
                                                                                
Agent the Troglodyte           St:18/04 Dx:16 Co:13 In:9 Wi:8 Ch:8 Neutral S:0  
Dlvl:1 $:0 HP:15(15) Pw:3(3) AC:8 Xp:1/0                                        

",0.0,False
41,south,,"message:


language observation:
lichen far east
jackal far east and eastsoutheast
lava near eastnortheast and east
area of lava near eastsoutheast
horizontal wall near southeast and south
horizontal wall very near north and northeast
horn adjacent east
vertical wall adjacent southwest, west, and northwest

cursor:
Yourself a cavewoman
(x=25, y=10)

map:
                                                                                
                                                                                
                                                                                
                                                                                
                                                                                
                                                                                
                                                                                
                        --------------                                          
                        |.....}......---                                        
                        |@(...}Fd......--------     |                           
                        |.....}.....................|                           
                        |.....}d.......--------     |                           
                        |.....}......---                                        
                        --------------                                          
                                                                                
                                                                                
                                                                                
                                                                                
                                                                                
                                                                                
                                                                                
Agent the Troglodyte           St:18/04 Dx:16 Co:13 In:9 Wi:8 Ch:8 Neutral S:0  
Dlvl:1 $:0 HP:15(15) Pw:3(3) AC:8 Xp:1/0                                        

",0.0,False
42,east,,"message:


language observation:
lava near eastnortheast and east
area of lava near eastsoutheast
jackal near eastnortheast and eastsoutheast
lichen near east
horizontal wall near southeast and south
horizontal wall very near north and northeast
vertical wall very near southwest and west
northwest room corner very near northwest

cursor:
Yourself a cavewoman
(x=26, y=10)

map:
                                                                                
                                                                                
                                                                                
                                                                                
                                                                                
                                                                                
                                                                                
                        --------------                                          
                        |.....}d.....---                                        
                        |.@...}F.......--------     |                           
                        |.....}d....................|                           
                        |.....}........--------     |                           
                        |.....}......---                                        
                        --------------                                          
                                                                                
                                                                                
                                                                                
                                                                                
                                                                                
                                                                                
                                                                                
Agent the Troglodyte           St:18/04 Dx:16 Co:13 In:9 Wi:8 Ch:8 Neutral S:0  
Dlvl:1 $:0 HP:15(15) Pw:3(3) AC:8 Xp:1/0                                        

",0.0,False
43,southwest,,"message:


language observation:
jackal far eastnortheast and eastsoutheast
lichen far eastnortheast
horizontal wall near north, northeast, southeast, and south
lava near east
area of lava near eastnortheast and eastsoutheast
horn adjacent northeast
vertical wall adjacent southwest, west, and northwest

cursor:
Yourself a cavewoman
(x=25, y=11)

map:
                                                                                
                                                                                
                                                                                
                                                                                
                                                                                
                                                                                
                                                                                
                        --------------                                          
                        |.....}.d....---                                        
                        |.(...}F.......--------     |                           
                        |@....}.....................|                           
                        |.....}.d......--------     |                           
                        |.....}......---                                        
                        --------------                                          
                                                                                
                                                                                
                                                                                
                                                                                
                                                                                
                                                                                
                                                                                
Agent the Troglodyte           St:18/04 Dx:16 Co:13 In:9 Wi:8 Ch:8 Neutral S:0  
Dlvl:1 $:0 HP:15(15) Pw:3(3) AC:8 Xp:1/0                                        

",0.0,False
44,northeast,,"message:


language observation:
jackal far east
lava near eastnortheast and east
area of lava near eastsoutheast
lichen near east
jackal near eastsoutheast
horizontal wall near southeast and south
horizontal wall very near north and northeast
vertical wall very near southwest and west
northwest room corner very near northwest

cursor:
Yourself a cavewoman
(x=26, y=10)

map:
                                                                                
                                                                                
                                                                                
                                                                                
                                                                                
                                                                                
                                                                                
                        --------------                                          
                        |.....}......---                                        
                        |.@...}F.d.....--------     |                           
                        |.....}.....................|                           
                        |.....}........--------     |                           
                        |.....}d.....---                                        
                        --------------                                          
                                                                                
                                                                                
                                                                                
                                                                                
                                                                                
                                                                                
                                                                                
Agent the Troglodyte           St:18/04 Dx:16 Co:13 In:9 Wi:8 Ch:8 Neutral S:0  
Dlvl:1 $:0 HP:15(15) Pw:3(3) AC:8 Xp:1/0                                        

",0.0,False
45,west,,"message:


language observation:
lichen far east
jackals far eastsoutheast
lava near eastnortheast and east
area of lava near eastsoutheast
horizontal wall near southeast and south
horizontal wall very near north and northeast
horn adjacent east
vertical wall adjacent southwest, west, and northwest

cursor:
Yourself a cavewoman
(x=25, y=10)

map:
                                                                                
                                                                                
                                                                                
                                                                                
                                                                                
                                                                                
                                                                                
                        --------------                                          
                        |.....}......---                                        
                        |@(...}F.......--------     |                           
                        |.....}.d...................|                           
                        |.....}d.......--------     |                           
                        |.....}......---                                        
                        --------------                                          
                                                                                
                                                                                
                                                                                
                                                                                
                                                                                
                                                                                
                                                                                
Agent the Troglodyte           St:18/04 Dx:16 Co:13 In:9 Wi:8 Ch:8 Neutral S:0  
Dlvl:1 $:0 HP:15(15) Pw:3(3) AC:8 Xp:1/0                                        

",0.0,False
46,east,,"message:


language observation:
jackal far eastsoutheast
lava near eastnortheast and east
area of lava near eastsoutheast
lichen near east
jackal near eastsoutheast
horizontal wall near southeast and south
horizontal wall very near north and northeast
vertical wall very near southwest and west
northwest room corner very near northwest

cursor:
Yourself a cavewoman
(x=26, y=10)

map:
                                                                                
                                                                                
                                                                                
                                                                                
                                                                                
                                                                                
                                                                                
                        --------------                                          
                        |.....}......---                                        
                        |.@...}F.......--------     |                           
                        |.....}d....................|                           
                        |.....}........--------     |                           
                        |.....}.d....---                                        
                        --------------                                          
                                                                                
                                                                                
                                                                                
                                                                                
                                                                                
                                                                                
                                                                                
Agent the Troglodyte           St:18/04 Dx:16 Co:13 In:9 Wi:8 Ch:8 Neutral S:0  
Dlvl:1 $:0 HP:15(15) Pw:3(3) AC:8 Xp:1/0                                        

",0.0,False
47,pickup,,"message:


language observation:
jackal far eastsoutheast
lava near eastnortheast and east
area of lava near eastsoutheast
lichen near east
jackal near eastsoutheast
horizontal wall near southeast and south
horizontal wall very near north and northeast
vertical wall very near southwest and west
northwest room corner very near northwest

cursor:
Yourself a cavewoman
(x=26, y=10)

map:
                                                                                
                                                                                
                                                                                
                                                                                
                                                                                
                                                                                
                                                                                
                        --------------                                          
                        |.....}......---                                        
                        |.@...}F.......--------     |                           
                        |.....}d....................|                           
                        |.....}........--------     |                           
                        |.....}.d....---                                        
                        --------------                                          
                                                                                
                                                                                
                                                                                
                                                                                
                                                                                
                                                                                
                                                                                
Agent the Troglodyte           St:18/04 Dx:16 Co:13 In:9 Wi:8 Ch:8 Neutral S:0  
Dlvl:1 $:0 HP:15(15) Pw:3(3) AC:8 Xp:1/0                                        

",-0.01,False
48,south,,"message:


language observation:
jackal far eastsoutheast
horizontal wall near north, northeast, southeast, and south
lava near east
area of lava near eastnortheast and eastsoutheast
lichen near eastnortheast
jackal near eastsoutheast
vertical wall very near southwest, west, and northwest
horn adjacent north

cursor:
Yourself a cavewoman
(x=26, y=11)

map:
                                                                                
                                                                                
                                                                                
                                                                                
                                                                                
                                                                                
                                                                                
                        --------------                                          
                        |.....}......---                                        
                        |.(...}F.......--------     |                           
                        |.@...}.....................|                           
                        |.....}d.d.....--------     |                           
                        |.....}......---                                        
                        --------------                                          
                                                                                
                                                                                
                                                                                
                                                                                
                                                                                
                                                                                
                                                                                
Agent the Troglodyte           St:18/04 Dx:16 Co:13 In:9 Wi:8 Ch:8 Neutral S:0  
Dlvl:1 $:0 HP:15(15) Pw:3(3) AC:8 Xp:1/0                                        

",0.0,False
49,north,,"message:


language observation:
jackal far eastsoutheast
lava near eastnortheast and east
area of lava near eastsoutheast
lichen near east
jackal near eastsoutheast
horizontal wall near southeast and south
horizontal wall very near north and northeast
vertical wall very near southwest and west
northwest room corner very near northwest

cursor:
Yourself a cavewoman
(x=26, y=10)

map:
                                                                                
                                                                                
                                                                                
                                                                                
                                                                                
                                                                                
                                                                                
                        --------------                                          
                        |.....}......---                                        
                        |.@...}F.......--------     |                           
                        |.....}dd...................|                           
                        |.....}........--------     |                           
                        |.....}......---                                        
                        --------------                                          
                                                                                
                                                                                
                                                                                
                                                                                
                                                                                
                                                                                
                                                                                
Agent the Troglodyte           St:18/04 Dx:16 Co:13 In:9 Wi:8 Ch:8 Neutral S:0  
Dlvl:1 $:0 HP:15(15) Pw:3(3) AC:8 Xp:1/0                                        

",0.0,False
50,apply,,"message:
You don't have anything to use or apply.

language observation:
jackal far eastsoutheast
lava near eastnortheast and east
area of lava near eastsoutheast
lichen near east
jackal near eastsoutheast
horizontal wall near southeast and south
horizontal wall very near north and northeast
vertical wall very near southwest and west
northwest room corner very near northwest

cursor:
Yourself a cavewoman
(x=26, y=10)

map:
                                                                                
                                                                                
                                                                                
                                                                                
                                                                                
                                                                                
                                                                                
                        --------------                                          
                        |.....}......---                                        
                        |.@...}F.......--------     |                           
                        |.....}dd...................|                           
                        |.....}........--------     |                           
                        |.....}......---                                        
                        --------------                                          
                                                                                
                                                                                
                                                                                
                                                                                
                                                                                
                                                                                
                                                                                
Agent the Troglodyte           St:18/04 Dx:16 Co:13 In:9 Wi:8 Ch:8 Neutral S:0  
Dlvl:1 $:0 HP:15(15) Pw:3(3) AC:8 Xp:1/0                                        

",-0.01,False
51,northwest,,"message:


language observation:
lichen far eastsoutheast
jackals far eastsoutheast
lava near east
area of lava near eastsoutheast
horizontal wall near southeast and south
horizontal wall adjacent north and northeast
horn adjacent southeast
vertical wall adjacent southwest and west
northwest room corner adjacent northwest

cursor:
Yourself a cavewoman
(x=25, y=9)

map:
                                                                                
                                                                                
                                                                                
                                                                                
                                                                                
                                                                                
                                                                                
                        --------------                                          
                        |@....}......---                                        
                        |.(...}Fd......--------     |                           
                        |.....}.d...................|                           
                        |.....}........--------     |                           
                        |.....}......---                                        
                        --------------                                          
                                                                                
                                                                                
                                                                                
                                                                                
                                                                                
                                                                                
                                                                                
Agent the Troglodyte           St:18/04 Dx:16 Co:13 In:9 Wi:8 Ch:8 Neutral S:0  
Dlvl:1 $:0 HP:15(15) Pw:3(3) AC:8 Xp:1/0                                        

",0.0,False
52,southeast,,"message:


language observation:
jackal far east
lava near eastnortheast and east
area of lava near eastsoutheast
jackal near eastnortheast
lichen near east
horizontal wall near southeast and south
horizontal wall very near north and northeast
vertical wall very near southwest and west
northwest room corner very near northwest

cursor:
Yourself a cavewoman
(x=26, y=10)

map:
                                                                                
                                                                                
                                                                                
                                                                                
                                                                                
                                                                                
                                                                                
                        --------------                                          
                        |.....}d.....---                                        
                        |.@...}Fd......--------     |                           
                        |.....}.....................|                           
                        |.....}........--------     |                           
                        |.....}......---                                        
                        --------------                                          
                                                                                
                                                                                
                                                                                
                                                                                
                                                                                
                                                                                
                                                                                
Agent the Troglodyte           St:18/04 Dx:16 Co:13 In:9 Wi:8 Ch:8 Neutral S:0  
Dlvl:1 $:0 HP:15(15) Pw:3(3) AC:8 Xp:1/0                                        

",0.0,False
53,southwest,,"message:


language observation:
jackals far eastnortheast
lichen far eastnortheast
horizontal wall near north, northeast, southeast, and south
lava near east
area of lava near eastnortheast and eastsoutheast
horn adjacent northeast
vertical wall adjacent southwest, west, and northwest

cursor:
Yourself a cavewoman
(x=25, y=11)

map:
                                                                                
                                                                                
                                                                                
                                                                                
                                                                                
                                                                                
                                                                                
                        --------------                                          
                        |.....}dd....---                                        
                        |.(...}F.......--------     |                           
                        |@....}.....................|                           
                        |.....}........--------     |                           
                        |.....}......---                                        
                        --------------                                          
                                                                                
                                                                                
                                                                                
                                                                                
                                                                                
                                                                                
                                                                                
Agent the Troglodyte           St:18/04 Dx:16 Co:13 In:9 Wi:8 Ch:8 Neutral S:0  
Dlvl:1 $:0 HP:15(15) Pw:3(3) AC:8 Xp:1/0                                        

",0.0,False
54,northeast,,"message:


language observation:
jackal far eastnortheast and east
lava near eastnortheast and east
area of lava near eastsoutheast
lichen near east
horizontal wall near southeast and south
horizontal wall very near north and northeast
vertical wall very near southwest and west
northwest room corner very near northwest

cursor:
Yourself a cavewoman
(x=26, y=10)

map:
                                                                                
                                                                                
                                                                                
                                                                                
                                                                                
                                                                                
                                                                                
                        --------------                                          
                        |.....}.d....---                                        
                        |.@...}Fd......--------     |                           
                        |.....}.....................|                           
                        |.....}........--------     |                           
                        |.....}......---                                        
                        --------------                                          
                                                                                
                                                                                
                                                                                
                                                                                
                                                                                
                                                                                
                                                                                
Agent the Troglodyte           St:18/04 Dx:16 Co:13 In:9 Wi:8 Ch:8 Neutral S:0  
Dlvl:1 $:0 HP:15(15) Pw:3(3) AC:8 Xp:1/0                                        

",0.0,False
55,north,,"message:


language observation:
jackal far east
lava near east and southeast
area of lava near eastsoutheast
lichen near eastsoutheast
jackal near eastsoutheast
horizontal wall near southeast and south
vertical wall very near southwest and west
horizontal wall adjacent north, northeast, and northwest
horn adjacent south

cursor:
Yourself a cavewoman
(x=26, y=9)

map:
                                                                                
                                                                                
                                                                                
                                                                                
                                                                                
                                                                                
                                                                                
                        --------------                                          
                        |.@...}..d...---                                        
                        |.(...}F.......--------     |                           
                        |.....}d....................|                           
                        |.....}........--------     |                           
                        |.....}......---                                        
                        --------------                                          
                                                                                
                                                                                
                                                                                
                                                                                
                                                                                
                                                                                
                                                                                
Agent the Troglodyte           St:18/04 Dx:16 Co:13 In:9 Wi:8 Ch:8 Neutral S:0  
Dlvl:1 $:0 HP:15(15) Pw:3(3) AC:8 Xp:1/0                                        

",0.0,False
56,south,,"message:


language observation:
jackal far east
lava near eastnortheast and east
area of lava near eastsoutheast
lichen near east
jackal near eastsoutheast
horizontal wall near southeast and south
horizontal wall very near north and northeast
vertical wall very near southwest and west
northwest room corner very near northwest

cursor:
Yourself a cavewoman
(x=26, y=10)

map:
                                                                                
                                                                                
                                                                                
                                                                                
                                                                                
                                                                                
                                                                                
                        --------------                                          
                        |.....}......---                                        
                        |.@...}F.d.....--------     |                           
                        |.....}.....................|                           
                        |.....}d.......--------     |                           
                        |.....}......---                                        
                        --------------                                          
                                                                                
                                                                                
                                                                                
                                                                                
                                                                                
                                                                                
                                                                                
Agent the Troglodyte           St:18/04 Dx:16 Co:13 In:9 Wi:8 Ch:8 Neutral S:0  
Dlvl:1 $:0 HP:15(15) Pw:3(3) AC:8 Xp:1/0                                        

",0.0,False
57,south,,"message:


language observation:
jackal far east
horizontal wall near north, northeast, southeast, and south
lava near east
area of lava near eastnortheast and eastsoutheast
lichen near eastnortheast
jackal near eastsoutheast
vertical wall very near southwest, west, and northwest
horn adjacent north

cursor:
Yourself a cavewoman
(x=26, y=11)

map:
                                                                                
                                                                                
                                                                                
                                                                                
                                                                                
                                                                                
                                                                                
                        --------------                                          
                        |.....}......---                                        
                        |.(...}F.......--------     |                           
                        |.@...}.d...................|                           
                        |.....}........--------     |                           
                        |.....}d.....---                                        
                        --------------                                          
                                                                                
                                                                                
                                                                                
                                                                                
                                                                                
                                                                                
                                                                                
Agent the Troglodyte           St:18/04 Dx:16 Co:13 In:9 Wi:8 Ch:8 Neutral S:0  
Dlvl:1 $:0 HP:15(15) Pw:3(3) AC:8 Xp:1/0                                        

",0.0,False
58,north,,"message:


language observation:
jackal far eastsoutheast
lava near eastnortheast and east
area of lava near eastsoutheast
lichen near east
jackal near eastsoutheast
horizontal wall near southeast and south
horizontal wall very near north and northeast
vertical wall very near southwest and west
northwest room corner very near northwest

cursor:
Yourself a cavewoman
(x=26, y=10)

map:
                                                                                
                                                                                
                                                                                
                                                                                
                                                                                
                                                                                
                                                                                
                        --------------                                          
                        |.....}......---                                        
                        |.@...}F.......--------     |                           
                        |.....}d....................|                           
                        |.....}.d......--------     |                           
                        |.....}......---                                        
                        --------------                                          
                                                                                
                                                                                
                                                                                
                                                                                
                                                                                
                                                                                
                                                                                
Agent the Troglodyte           St:18/04 Dx:16 Co:13 In:9 Wi:8 Ch:8 Neutral S:0  
Dlvl:1 $:0 HP:15(15) Pw:3(3) AC:8 Xp:1/0                                        

",0.0,False
59,west,,"message:


language observation:
lichen far east
jackals far eastsoutheast
lava near eastnortheast and east
area of lava near eastsoutheast
horizontal wall near southeast and south
horizontal wall very near north and northeast
horn adjacent east
vertical wall adjacent southwest, west, and northwest

cursor:
Yourself a cavewoman
(x=25, y=10)

map:
                                                                                
                                                                                
                                                                                
                                                                                
                                                                                
                                                                                
                                                                                
                        --------------                                          
                        |.....}......---                                        
                        |@(...}F.......--------     |                           
                        |.....}.d...................|                           
                        |.....}d.......--------     |                           
                        |.....}......---                                        
                        --------------                                          
                                                                                
                                                                                
                                                                                
                                                                                
                                                                                
                                                                                
                                                                                
Agent the Troglodyte           St:18/04 Dx:16 Co:13 In:9 Wi:8 Ch:8 Neutral S:0  
Dlvl:1 $:0 HP:15(15) Pw:3(3) AC:8 Xp:1/0                                        

",0.0,False
60,east,,"message:


language observation:
jackal far east
lava near eastnortheast and east
area of lava near eastsoutheast
lichen near east
jackal near eastsoutheast
horizontal wall near southeast and south
horizontal wall very near north and northeast
vertical wall very near southwest and west
northwest room corner very near northwest

cursor:
Yourself a cavewoman
(x=26, y=10)

map:
                                                                                
                                                                                
                                                                                
                                                                                
                                                                                
                                                                                
                                                                                
                        --------------                                          
                        |.....}......---                                        
                        |.@...}Fd......--------     |                           
                        |.....}.....................|                           
                        |.....}........--------     |                           
                        |.....}d.....---                                        
                        --------------                                          
                                                                                
                                                                                
                                                                                
                                                                                
                                                                                
                                                                                
                                                                                
Agent the Troglodyte           St:18/04 Dx:16 Co:13 In:9 Wi:8 Ch:8 Neutral S:0  
Dlvl:1 $:0 HP:15(15) Pw:3(3) AC:8 Xp:1/0                                        

",0.0,False
61,northwest,,"message:


language observation:
jackal far east and eastsoutheast
lichen far eastsoutheast
lava near east
area of lava near eastsoutheast
horizontal wall near southeast and south
horizontal wall adjacent north and northeast
horn adjacent southeast
vertical wall adjacent southwest and west
northwest room corner adjacent northwest

cursor:
Yourself a cavewoman
(x=25, y=9)

map:
                                                                                
                                                                                
                                                                                
                                                                                
                                                                                
                                                                                
                                                                                
                        --------------                                          
                        |@....}d.....---                                        
                        |.(...}F.......--------     |                           
                        |.....}.....................|                           
                        |.....}.d......--------     |                           
                        |.....}......---                                        
                        --------------                                          
                                                                                
                                                                                
                                                                                
                                                                                
                                                                                
                                                                                
                                                                                
Agent the Troglodyte           St:18/04 Dx:16 Co:13 In:9 Wi:8 Ch:8 Neutral S:0  
Dlvl:1 $:0 HP:15(15) Pw:3(3) AC:8 Xp:1/0                                        

",0.0,False
62,southeast,,"message:


language observation:
jackal far eastnortheast and eastsoutheast
lava near eastnortheast and east
area of lava near eastsoutheast
lichen near east
horizontal wall near southeast and south
horizontal wall very near north and northeast
vertical wall very near southwest and west
northwest room corner very near northwest

cursor:
Yourself a cavewoman
(x=26, y=10)

map:
                                                                                
                                                                                
                                                                                
                                                                                
                                                                                
                                                                                
                                                                                
                        --------------                                          
                        |.....}.d....---                                        
                        |.@...}F.......--------     |                           
                        |.....}.....................|                           
                        |.....}........--------     |                           
                        |.....}.d....---                                        
                        --------------                                          
                                                                                
                                                                                
                                                                                
                                                                                
                                                                                
                                                                                
                                                                                
Agent the Troglodyte           St:18/04 Dx:16 Co:13 In:9 Wi:8 Ch:8 Neutral S:0  
Dlvl:1 $:0 HP:15(15) Pw:3(3) AC:8 Xp:1/0                                        

",0.0,False
63,pickup,,"message:


language observation:
jackal far eastnortheast and eastsoutheast
lava near eastnortheast and east
area of lava near eastsoutheast
lichen near east
horizontal wall near southeast and south
horizontal wall very near north and northeast
vertical wall very near southwest and west
northwest room corner very near northwest

cursor:
Yourself a cavewoman
(x=26, y=10)

map:
                                                                                
                                                                                
                                                                                
                                                                                
                                                                                
                                                                                
                                                                                
                        --------------                                          
                        |.....}.d....---                                        
                        |.@...}F.......--------     |                           
                        |.....}.....................|                           
                        |.....}........--------     |                           
                        |.....}.d....---                                        
                        --------------                                          
                                                                                
                                                                                
                                                                                
                                                                                
                                                                                
                                                                                
                                                                                
Agent the Troglodyte           St:18/04 Dx:16 Co:13 In:9 Wi:8 Ch:8 Neutral S:0  
Dlvl:1 $:0 HP:15(15) Pw:3(3) AC:8 Xp:1/0                                        

",-0.01,False
64,west,,"message:


language observation:
lichen far east
jackal far east and eastsoutheast
lava near eastnortheast and east
area of lava near eastsoutheast
horizontal wall near southeast and south
horizontal wall very near north and northeast
horn adjacent east
vertical wall adjacent southwest, west, and northwest

cursor:
Yourself a cavewoman
(x=25, y=10)

map:
                                                                                
                                                                                
                                                                                
                                                                                
                                                                                
                                                                                
                                                                                
                        --------------                                          
                        |.....}......---                                        
                        |@(...}F.d.....--------     |                           
                        |.....}.....................|                           
                        |.....}..d.....--------     |                           
                        |.....}......---                                        
                        --------------                                          
                                                                                
                                                                                
                                                                                
                                                                                
                                                                                
                                                                                
                                                                                
Agent the Troglodyte           St:18/04 Dx:16 Co:13 In:9 Wi:8 Ch:8 Neutral S:0  
Dlvl:1 $:0 HP:15(15) Pw:3(3) AC:8 Xp:1/0                                        

",0.0,False
65,east,,"message:


language observation:
jackal far eastnortheast and eastsoutheast
lava near eastnortheast and east
area of lava near eastsoutheast
lichen near east
horizontal wall near southeast and south
horizontal wall very near north and northeast
vertical wall very near southwest and west
northwest room corner very near northwest

cursor:
Yourself a cavewoman
(x=26, y=10)

map:
                                                                                
                                                                                
                                                                                
                                                                                
                                                                                
                                                                                
                                                                                
                        --------------                                          
                        |.....}..d...---                                        
                        |.@...}F.......--------     |                           
                        |.....}.d...................|                           
                        |.....}........--------     |                           
                        |.....}......---                                        
                        --------------                                          
                                                                                
                                                                                
                                                                                
                                                                                
                                                                                
                                                                                
                                                                                
Agent the Troglodyte           St:18/04 Dx:16 Co:13 In:9 Wi:8 Ch:8 Neutral S:0  
Dlvl:1 $:0 HP:15(15) Pw:3(3) AC:8 Xp:1/0                                        

",0.0,False
66,west,,"message:


language observation:
lichen far east
jackal far east and eastsoutheast
lava near eastnortheast and east
area of lava near eastsoutheast
horizontal wall near southeast and south
horizontal wall very near north and northeast
horn adjacent east
vertical wall adjacent southwest, west, and northwest

cursor:
Yourself a cavewoman
(x=25, y=10)

map:
                                                                                
                                                                                
                                                                                
                                                                                
                                                                                
                                                                                
                                                                                
                        --------------                                          
                        |.....}......---                                        
                        |@(...}F..d....--------     |                           
                        |.....}d....................|                           
                        |.....}........--------     |                           
                        |.....}......---                                        
                        --------------                                          
                                                                                
                                                                                
                                                                                
                                                                                
                                                                                
                                                                                
                                                                                
Agent the Troglodyte           St:18/04 Dx:16 Co:13 In:9 Wi:8 Ch:8 Neutral S:0  
Dlvl:1 $:0 HP:15(15) Pw:3(3) AC:8 Xp:1/0                                        

",0.0,False
67,east,,"message:


language observation:
jackal far eastsoutheast
lava near eastnortheast and east
area of lava near eastsoutheast
lichen near east
jackal near eastsoutheast
horizontal wall near southeast and south
horizontal wall very near north and northeast
vertical wall very near southwest and west
northwest room corner very near northwest

cursor:
Yourself a cavewoman
(x=26, y=10)

map:
                                                                                
                                                                                
                                                                                
                                                                                
                                                                                
                                                                                
                                                                                
                        --------------                                          
                        |.....}......---                                        
                        |.@...}F.......--------     |                           
                        |.....}..d..................|                           
                        |.....}d.......--------     |                           
                        |.....}......---                                        
                        --------------                                          
                                                                                
                                                                                
                                                                                
                                                                                
                                                                                
                                                                                
                                                                                
Agent the Troglodyte           St:18/04 Dx:16 Co:13 In:9 Wi:8 Ch:8 Neutral S:0  
Dlvl:1 $:0 HP:15(15) Pw:3(3) AC:8 Xp:1/0                                        

",0.0,False
68,search,,"message:


language observation:
jackal far east
lava near eastnortheast and east
area of lava near eastsoutheast
lichen near east
jackal near eastsoutheast
horizontal wall near southeast and south
horizontal wall very near north and northeast
vertical wall very near southwest and west
northwest room corner very near northwest

cursor:
Yourself a cavewoman
(x=26, y=10)

map:
                                                                                
                                                                                
                                                                                
                                                                                
                                                                                
                                                                                
                                                                                
                        --------------                                          
                        |.....}......---                                        
                        |.@...}Fd......--------     |                           
                        |.....}.....................|                           
                        |.....}........--------     |                           
                        |.....}d.....---                                        
                        --------------                                          
                                                                                
                                                                                
                                                                                
                                                                                
                                                                                
                                                                                
                                                                                
Agent the Troglodyte           St:18/04 Dx:16 Co:13 In:9 Wi:8 Ch:8 Neutral S:0  
Dlvl:1 $:0 HP:15(15) Pw:3(3) AC:8 Xp:1/0                                        

",0.0,False
69,pickup,,"message:


language observation:
jackal far east
lava near eastnortheast and east
area of lava near eastsoutheast
lichen near east
jackal near eastsoutheast
horizontal wall near southeast and south
horizontal wall very near north and northeast
vertical wall very near southwest and west
northwest room corner very near northwest

cursor:
Yourself a cavewoman
(x=26, y=10)

map:
                                                                                
                                                                                
                                                                                
                                                                                
                                                                                
                                                                                
                                                                                
                        --------------                                          
                        |.....}......---                                        
                        |.@...}Fd......--------     |                           
                        |.....}.....................|                           
                        |.....}........--------     |                           
                        |.....}d.....---                                        
                        --------------                                          
                                                                                
                                                                                
                                                                                
                                                                                
                                                                                
                                                                                
                                                                                
Agent the Troglodyte           St:18/04 Dx:16 Co:13 In:9 Wi:8 Ch:8 Neutral S:0  
Dlvl:1 $:0 HP:15(15) Pw:3(3) AC:8 Xp:1/0                                        

",-0.01,False
70,northwest,,"message:


language observation:
jackal far east and eastsoutheast
lichen far eastsoutheast
lava near east
area of lava near eastsoutheast
horizontal wall near southeast and south
horizontal wall adjacent north and northeast
horn adjacent southeast
vertical wall adjacent southwest and west
northwest room corner adjacent northwest

cursor:
Yourself a cavewoman
(x=25, y=9)

map:
                                                                                
                                                                                
                                                                                
                                                                                
                                                                                
                                                                                
                                                                                
                        --------------                                          
                        |@....}d.....---                                        
                        |.(...}F.......--------     |                           
                        |.....}.....................|                           
                        |.....}.d......--------     |                           
                        |.....}......---                                        
                        --------------                                          
                                                                                
                                                                                
                                                                                
                                                                                
                                                                                
                                                                                
                                                                                
Agent the Troglodyte           St:18/04 Dx:16 Co:13 In:9 Wi:8 Ch:8 Neutral S:0  
Dlvl:1 $:0 HP:15(15) Pw:3(3) AC:8 Xp:1/0                                        

",0.0,False
71,south,,"message:


language observation:
jackal far eastnortheast and eastsoutheast
lichen far east
lava near eastnortheast and east
area of lava near eastsoutheast
horizontal wall near southeast and south
horizontal wall very near north and northeast
horn adjacent east
vertical wall adjacent southwest, west, and northwest

cursor:
Yourself a cavewoman
(x=25, y=10)

map:
                                                                                
                                                                                
                                                                                
                                                                                
                                                                                
                                                                                
                                                                                
                        --------------                                          
                        |.....}.d....---                                        
                        |@(...}F.......--------     |                           
                        |.....}.....................|                           
                        |.....}d.......--------     |                           
                        |.....}......---                                        
                        --------------                                          
                                                                                
                                                                                
                                                                                
                                                                                
                                                                                
                                                                                
                                                                                
Agent the Troglodyte           St:18/04 Dx:16 Co:13 In:9 Wi:8 Ch:8 Neutral S:0  
Dlvl:1 $:0 HP:15(15) Pw:3(3) AC:8 Xp:1/0                                        

",0.0,False
72,east,,"message:


language observation:
jackal far east and eastsoutheast
lava near eastnortheast and east
area of lava near eastsoutheast
lichen near east
horizontal wall near southeast and south
horizontal wall very near north and northeast
vertical wall very near southwest and west
northwest room corner very near northwest

cursor:
Yourself a cavewoman
(x=26, y=10)

map:
                                                                                
                                                                                
                                                                                
                                                                                
                                                                                
                                                                                
                                                                                
                        --------------                                          
                        |.....}......---                                        
                        |.@...}Fd......--------     |                           
                        |.....}.d...................|                           
                        |.....}........--------     |                           
                        |.....}......---                                        
                        --------------                                          
                                                                                
                                                                                
                                                                                
                                                                                
                                                                                
                                                                                
                                                                                
Agent the Troglodyte           St:18/04 Dx:16 Co:13 In:9 Wi:8 Ch:8 Neutral S:0  
Dlvl:1 $:0 HP:15(15) Pw:3(3) AC:8 Xp:1/0                                        

",0.0,False
73,north,,"message:


language observation:
jackal far eastsoutheast
lava near east and southeast
area of lava near eastsoutheast
lichen near eastsoutheast
jackal near eastsoutheast
horizontal wall near southeast and south
vertical wall very near southwest and west
horizontal wall adjacent north, northeast, and northwest
horn adjacent south

cursor:
Yourself a cavewoman
(x=26, y=9)

map:
                                                                                
                                                                                
                                                                                
                                                                                
                                                                                
                                                                                
                                                                                
                        --------------                                          
                        |.@...}......---                                        
                        |.(...}Fd......--------     |                           
                        |.....}d....................|                           
                        |.....}........--------     |                           
                        |.....}......---                                        
                        --------------                                          
                                                                                
                                                                                
                                                                                
                                                                                
                                                                                
                                                                                
                                                                                
Agent the Troglodyte           St:18/04 Dx:16 Co:13 In:9 Wi:8 Ch:8 Neutral S:0  
Dlvl:1 $:0 HP:15(15) Pw:3(3) AC:8 Xp:1/0                                        

",0.0,False
74,south,,"message:


language observation:
lava near eastnortheast and east
area of lava near eastsoutheast
jackal near eastnortheast and eastsoutheast
lichen near eastsoutheast
horizontal wall near southeast and south
horizontal wall very near north and northeast
vertical wall very near southwest and west
northwest room corner very near northwest

cursor:
Yourself a cavewoman
(x=26, y=10)

map:
                                                                                
                                                                                
                                                                                
                                                                                
                                                                                
                                                                                
                                                                                
                        --------------                                          
                        |.....}d.....---                                        
                        |.@...}........--------     |                           
                        |.....}F....................|                           
                        |.....}d.......--------     |                           
                        |.....}......---                                        
                        --------------                                          
                                                                                
                                                                                
                                                                                
                                                                                
                                                                                
                                                                                
                                                                                
Agent the Troglodyte           St:18/04 Dx:16 Co:13 In:9 Wi:8 Ch:8 Neutral S:0  
Dlvl:1 $:0 HP:15(15) Pw:3(3) AC:8 Xp:1/0                                        

",0.0,False
75,west,,"message:


language observation:
jackal far east and eastsoutheast
lichen far eastsoutheast
lava near eastnortheast and east
area of lava near eastsoutheast
horizontal wall near southeast and south
horizontal wall very near north and northeast
horn adjacent east
vertical wall adjacent southwest, west, and northwest

cursor:
Yourself a cavewoman
(x=25, y=10)

map:
                                                                                
                                                                                
                                                                                
                                                                                
                                                                                
                                                                                
                                                                                
                        --------------                                          
                        |.....}......---                                        
                        |@(...}d.......--------     |                           
                        |.....}F....................|                           
                        |.....}........--------     |                           
                        |.....}d.....---                                        
                        --------------                                          
                                                                                
                                                                                
                                                                                
                                                                                
                                                                                
                                                                                
                                                                                
Agent the Troglodyte           St:18/04 Dx:16 Co:13 In:9 Wi:8 Ch:8 Neutral S:0  
Dlvl:1 $:0 HP:15(15) Pw:3(3) AC:8 Xp:1/0                                        

",0.0,False
76,east,,"message:


language observation:
jackal far eastnortheast and eastsoutheast
lava near eastnortheast and east
area of lava near eastsoutheast
lichen near eastsoutheast
horizontal wall near southeast and south
horizontal wall very near north and northeast
vertical wall very near southwest and west
northwest room corner very near northwest

cursor:
Yourself a cavewoman
(x=26, y=10)

map:
                                                                                
                                                                                
                                                                                
                                                                                
                                                                                
                                                                                
                                                                                
                        --------------                                          
                        |.....}.d....---                                        
                        |.@...}........--------     |                           
                        |.....}F....................|                           
                        |.....}.d......--------     |                           
                        |.....}......---                                        
                        --------------                                          
                                                                                
                                                                                
                                                                                
                                                                                
                                                                                
                                                                                
                                                                                
Agent the Troglodyte           St:18/04 Dx:16 Co:13 In:9 Wi:8 Ch:8 Neutral S:0  
Dlvl:1 $:0 HP:15(15) Pw:3(3) AC:8 Xp:1/0                                        

",0.0,False
77,north,,"message:


language observation:
jackal far east and eastsoutheast
lava near east and southeast
area of lava near eastsoutheast
lichen near eastsoutheast
horizontal wall near southeast and south
vertical wall very near southwest and west
horizontal wall adjacent north, northeast, and northwest
horn adjacent south

cursor:
Yourself a cavewoman
(x=26, y=9)

map:
                                                                                
                                                                                
                                                                                
                                                                                
                                                                                
                                                                                
                                                                                
                        --------------                                          
                        |.@...}..d...---                                        
                        |.(...}........--------     |                           
                        |.....}Fd...................|                           
                        |.....}........--------     |                           
                        |.....}......---                                        
                        --------------                                          
                                                                                
                                                                                
                                                                                
                                                                                
                                                                                
                                                                                
                                                                                
Agent the Troglodyte           St:18/04 Dx:16 Co:13 In:9 Wi:8 Ch:8 Neutral S:0  
Dlvl:1 $:0 HP:15(15) Pw:3(3) AC:8 Xp:1/0                                        

",0.0,False
78,search,,"message:


language observation:
jackal far eastsoutheast
lava near east and southeast
area of lava near eastsoutheast
jackal near eastsoutheast
lichen near eastsoutheast
horizontal wall near southeast and south
vertical wall very near southwest and west
horizontal wall adjacent north, northeast, and northwest
horn adjacent south

cursor:
Yourself a cavewoman
(x=26, y=9)

map:
                                                                                
                                                                                
                                                                                
                                                                                
                                                                                
                                                                                
                                                                                
                        --------------                                          
                        |.@...}......---                                        
                        |.(...}d.d.....--------     |                           
                        |.....}F....................|                           
                        |.....}........--------     |                           
                        |.....}......---                                        
                        --------------                                          
                                                                                
                                                                                
                                                                                
                                                                                
                                                                                
                                                                                
                                                                                
Agent the Troglodyte           St:18/04 Dx:16 Co:13 In:9 Wi:8 Ch:8 Neutral S:0  
Dlvl:1 $:0 HP:15(15) Pw:3(3) AC:8 Xp:1/0                                        

",0.0,False
79,south,,"message:


language observation:
jackal far east
lava near eastnortheast and east
area of lava near eastsoutheast
jackal near eastnortheast
lichen near eastsoutheast
horizontal wall near southeast and south
horizontal wall very near north and northeast
vertical wall very near southwest and west
northwest room corner very near northwest

cursor:
Yourself a cavewoman
(x=26, y=10)

map:
                                                                                
                                                                                
                                                                                
                                                                                
                                                                                
                                                                                
                                                                                
                        --------------                                          
                        |.....}d.....---                                        
                        |.@...}.d......--------     |                           
                        |.....}F....................|                           
                        |.....}........--------     |                           
                        |.....}......---                                        
                        --------------                                          
                                                                                
                                                                                
                                                                                
                                                                                
                                                                                
                                                                                
                                                                                
Agent the Troglodyte           St:18/04 Dx:16 Co:13 In:9 Wi:8 Ch:8 Neutral S:0  
Dlvl:1 $:0 HP:15(15) Pw:3(3) AC:8 Xp:1/0                                        

",0.0,False
80,east,,"message:


language observation:
lava near eastnortheast, east, and southeast
area of lava near eastsoutheast
jackals near eastnortheast
lichen near eastsoutheast
horizontal wall near southeast and south
vertical wall near southwest and west
horizontal wall very near north, northeast, and northwest
horn adjacent west

cursor:
Yourself a cavewoman
(x=27, y=10)

map:
                                                                                
                                                                                
                                                                                
                                                                                
                                                                                
                                                                                
                                                                                
                        --------------                                          
                        |.....}dd....---                                        
                        |.(@..}........--------     |                           
                        |.....}F....................|                           
                        |.....}........--------     |                           
                        |.....}......---                                        
                        --------------                                          
                                                                                
                                                                                
                                                                                
                                                                                
                                                                                
                                                                                
                                                                                
Agent the Troglodyte           St:18/04 Dx:16 Co:13 In:9 Wi:8 Ch:8 Neutral S:0  
Dlvl:1 $:0 HP:15(15) Pw:3(3) AC:8 Xp:1/0                                        

",0.0,False
81,west,,"message:


language observation:
jackal far east
lava near eastnortheast and east
area of lava near eastsoutheast
jackal near east
lichen near eastsoutheast
horizontal wall near southeast and south
horizontal wall very near north and northeast
vertical wall very near southwest and west
northwest room corner very near northwest

cursor:
Yourself a cavewoman
(x=26, y=10)

map:
                                                                                
                                                                                
                                                                                
                                                                                
                                                                                
                                                                                
                                                                                
                        --------------                                          
                        |.....}......---                                        
                        |.@...}dd......--------     |                           
                        |.....}F....................|                           
                        |.....}........--------     |                           
                        |.....}......---                                        
                        --------------                                          
                                                                                
                                                                                
                                                                                
                                                                                
                                                                                
                                                                                
                                                                                
Agent the Troglodyte           St:18/04 Dx:16 Co:13 In:9 Wi:8 Ch:8 Neutral S:0  
Dlvl:1 $:0 HP:15(15) Pw:3(3) AC:8 Xp:1/0                                        

",0.0,False
82,west,,"message:


language observation:
jackals far east
lichen far eastsoutheast
lava near eastnortheast and east
area of lava near eastsoutheast
horizontal wall near southeast and south
horizontal wall very near north and northeast
horn adjacent east
vertical wall adjacent southwest, west, and northwest

cursor:
Yourself a cavewoman
(x=25, y=10)

map:
                                                                                
                                                                                
                                                                                
                                                                                
                                                                                
                                                                                
                                                                                
                        --------------                                          
                        |.....}......---                                        
                        |@(...}.dd.....--------     |                           
                        |.....}F....................|                           
                        |.....}........--------     |                           
                        |.....}......---                                        
                        --------------                                          
                                                                                
                                                                                
                                                                                
                                                                                
                                                                                
                                                                                
                                                                                
Agent the Troglodyte           St:18/04 Dx:16 Co:13 In:9 Wi:8 Ch:8 Neutral S:0  
Dlvl:1 $:0 HP:15(15) Pw:3(3) AC:8 Xp:1/0                                        

",0.0,False
83,east,,"message:


language observation:
jackal far eastnortheast and eastsoutheast
lava near eastnortheast and east
area of lava near eastsoutheast
lichen near eastsoutheast
horizontal wall near southeast and south
horizontal wall very near north and northeast
vertical wall very near southwest and west
northwest room corner very near northwest

cursor:
Yourself a cavewoman
(x=26, y=10)

map:
                                                                                
                                                                                
                                                                                
                                                                                
                                                                                
                                                                                
                                                                                
                        --------------                                          
                        |.....}.d....---                                        
                        |.@...}........--------     |                           
                        |.....}Fd...................|                           
                        |.....}........--------     |                           
                        |.....}......---                                        
                        --------------                                          
                                                                                
                                                                                
                                                                                
                                                                                
                                                                                
                                                                                
                                                                                
Agent the Troglodyte           St:18/04 Dx:16 Co:13 In:9 Wi:8 Ch:8 Neutral S:0  
Dlvl:1 $:0 HP:15(15) Pw:3(3) AC:8 Xp:1/0                                        

",0.0,False
84,west,,"message:


language observation:
jackal far eastnortheast and east
lichen far eastsoutheast
lava near eastnortheast and east
area of lava near eastsoutheast
horizontal wall near southeast and south
horizontal wall very near north and northeast
horn adjacent east
vertical wall adjacent southwest, west, and northwest

cursor:
Yourself a cavewoman
(x=25, y=10)

map:
                                                                                
                                                                                
                                                                                
                                                                                
                                                                                
                                                                                
                                                                                
                        --------------                                          
                        |.....}d.....---                                        
                        |@(...}d.......--------     |                           
                        |.....}F....................|                           
                        |.....}........--------     |                           
                        |.....}......---                                        
                        --------------                                          
                                                                                
                                                                                
                                                                                
                                                                                
                                                                                
                                                                                
                                                                                
Agent the Troglodyte           St:18/04 Dx:16 Co:13 In:9 Wi:8 Ch:8 Neutral S:0  
Dlvl:1 $:0 HP:15(15) Pw:3(3) AC:8 Xp:1/0                                        

",0.0,False
85,pickup,,"message:
There is nothing here to pick up.

language observation:
jackal far eastnortheast and east
lichen far eastsoutheast
lava near eastnortheast and east
area of lava near eastsoutheast
horizontal wall near southeast and south
horizontal wall very near north and northeast
horn adjacent east
vertical wall adjacent southwest, west, and northwest

cursor:
Yourself a cavewoman
(x=25, y=10)

map:
                                                                                
                                                                                
                                                                                
                                                                                
                                                                                
                                                                                
                                                                                
                        --------------                                          
                        |.....}d.....---                                        
                        |@(...}d.......--------     |                           
                        |.....}F....................|                           
                        |.....}........--------     |                           
                        |.....}......---                                        
                        --------------                                          
                                                                                
                                                                                
                                                                                
                                                                                
                                                                                
                                                                                
                                                                                
Agent the Troglodyte           St:18/04 Dx:16 Co:13 In:9 Wi:8 Ch:8 Neutral S:0  
Dlvl:1 $:0 HP:15(15) Pw:3(3) AC:8 Xp:1/0                                        

",-0.01,False
86,east,,"message:


language observation:
jackal far east
lava near eastnortheast and east
area of lava near eastsoutheast
jackal near east
lichen near eastsoutheast
horizontal wall near southeast and south
horizontal wall very near north and northeast
vertical wall very near southwest and west
northwest room corner very near northwest

cursor:
Yourself a cavewoman
(x=26, y=10)

map:
                                                                                
                                                                                
                                                                                
                                                                                
                                                                                
                                                                                
                                                                                
                        --------------                                          
                        |.....}......---                                        
                        |.@...}dd......--------     |                           
                        |.....}F....................|                           
                        |.....}........--------     |                           
                        |.....}......---                                        
                        --------------                                          
                                                                                
                                                                                
                                                                                
                                                                                
                                                                                
                                                                                
                                                                                
Agent the Troglodyte           St:18/04 Dx:16 Co:13 In:9 Wi:8 Ch:8 Neutral S:0  
Dlvl:1 $:0 HP:15(15) Pw:3(3) AC:8 Xp:1/0                                        

",0.0,False
87,pickup,,"message:


language observation:
jackal far east
lava near eastnortheast and east
area of lava near eastsoutheast
jackal near east
lichen near eastsoutheast
horizontal wall near southeast and south
horizontal wall very near north and northeast
vertical wall very near southwest and west
northwest room corner very near northwest

cursor:
Yourself a cavewoman
(x=26, y=10)

map:
                                                                                
                                                                                
                                                                                
                                                                                
                                                                                
                                                                                
                                                                                
                        --------------                                          
                        |.....}......---                                        
                        |.@...}dd......--------     |                           
                        |.....}F....................|                           
                        |.....}........--------     |                           
                        |.....}......---                                        
                        --------------                                          
                                                                                
                                                                                
                                                                                
                                                                                
                                                                                
                                                                                
                                                                                
Agent the Troglodyte           St:18/04 Dx:16 Co:13 In:9 Wi:8 Ch:8 Neutral S:0  
Dlvl:1 $:0 HP:15(15) Pw:3(3) AC:8 Xp:1/0                                        

",-0.01,False
88,south,,"message:


language observation:
jackal far east
horizontal wall near north, northeast, southeast, and south
lava near east
area of lava near eastnortheast and eastsoutheast
jackal near eastnortheast
lichen near east
vertical wall very near southwest, west, and northwest
horn adjacent north

cursor:
Yourself a cavewoman
(x=26, y=11)

map:
                                                                                
                                                                                
                                                                                
                                                                                
                                                                                
                                                                                
                                                                                
                        --------------                                          
                        |.....}d.....---                                        
                        |.(...}........--------     |                           
                        |.@...}Fd...................|                           
                        |.....}........--------     |                           
                        |.....}......---                                        
                        --------------                                          
                                                                                
                                                                                
                                                                                
                                                                                
                                                                                
                                                                                
                                                                                
Agent the Troglodyte           St:18/04 Dx:16 Co:13 In:9 Wi:8 Ch:8 Neutral S:0  
Dlvl:1 $:0 HP:15(15) Pw:3(3) AC:8 Xp:1/0                                        

",0.0,False
89,north,,"message:


language observation:
jackal far eastnortheast
lava near eastnortheast and east
area of lava near eastsoutheast
lichen near eastsoutheast
jackal near eastsoutheast
horizontal wall near southeast and south
horizontal wall very near north and northeast
vertical wall very near southwest and west
northwest room corner very near northwest

cursor:
Yourself a cavewoman
(x=26, y=10)

map:
                                                                                
                                                                                
                                                                                
                                                                                
                                                                                
                                                                                
                                                                                
                        --------------                                          
                        |.....}.d....---                                        
                        |.@...}........--------     |                           
                        |.....}F....................|                           
                        |.....}d.......--------     |                           
                        |.....}......---                                        
                        --------------                                          
                                                                                
                                                                                
                                                                                
                                                                                
                                                                                
                                                                                
                                                                                
Agent the Troglodyte           St:18/04 Dx:16 Co:13 In:9 Wi:8 Ch:8 Neutral S:0  
Dlvl:1 $:0 HP:15(15) Pw:3(3) AC:8 Xp:1/0                                        

",0.0,False
90,west,,"message:


language observation:
jackal far east and eastsoutheast
lichen far eastsoutheast
lava near eastnortheast and east
area of lava near eastsoutheast
horizontal wall near southeast and south
horizontal wall very near north and northeast
horn adjacent east
vertical wall adjacent southwest, west, and northwest

cursor:
Yourself a cavewoman
(x=25, y=10)

map:
                                                                                
                                                                                
                                                                                
                                                                                
                                                                                
                                                                                
                                                                                
                        --------------                                          
                        |.....}......---                                        
                        |@(...}..d.....--------     |                           
                        |.....}F....................|                           
                        |.....}........--------     |                           
                        |.....}d.....---                                        
                        --------------                                          
                                                                                
                                                                                
                                                                                
                                                                                
                                                                                
                                                                                
                                                                                
Agent the Troglodyte           St:18/04 Dx:16 Co:13 In:9 Wi:8 Ch:8 Neutral S:0  
Dlvl:1 $:0 HP:15(15) Pw:3(3) AC:8 Xp:1/0                                        

",0.0,False
91,search,,"message:


language observation:
lichen far eastsoutheast
jackals far eastsoutheast
lava near eastnortheast and east
area of lava near eastsoutheast
horizontal wall near southeast and south
horizontal wall very near north and northeast
horn adjacent east
vertical wall adjacent southwest, west, and northwest

cursor:
Yourself a cavewoman
(x=25, y=10)

map:
                                                                                
                                                                                
                                                                                
                                                                                
                                                                                
                                                                                
                                                                                
                        --------------                                          
                        |.....}......---                                        
                        |@(...}........--------     |                           
                        |.....}Fd...................|                           
                        |.....}.d......--------     |                           
                        |.....}......---                                        
                        --------------                                          
                                                                                
                                                                                
                                                                                
                                                                                
                                                                                
                                                                                
                                                                                
Agent the Troglodyte           St:18/04 Dx:16 Co:13 In:9 Wi:8 Ch:8 Neutral S:0  
Dlvl:1 $:0 HP:15(15) Pw:3(3) AC:8 Xp:1/0                                        

",0.0,False
92,east,,"message:


language observation:
jackal far eastsoutheast
lava near eastnortheast and east
area of lava near eastsoutheast
jackal near east
lichen near eastsoutheast
horizontal wall near southeast and south
horizontal wall very near north and northeast
vertical wall very near southwest and west
northwest room corner very near northwest

cursor:
Yourself a cavewoman
(x=26, y=10)

map:
                                                                                
                                                                                
                                                                                
                                                                                
                                                                                
                                                                                
                                                                                
                        --------------                                          
                        |.....}......---                                        
                        |.@...}d.......--------     |                           
                        |.....}.....................|                           
                        |.....}F.......--------     |                           
                        |.....}.d....---                                        
                        --------------                                          
                                                                                
                                                                                
                                                                                
                                                                                
                                                                                
                                                                                
                                                                                
Agent the Troglodyte           St:18/04 Dx:16 Co:13 In:9 Wi:8 Ch:8 Neutral S:0  
Dlvl:1 $:0 HP:15(15) Pw:3(3) AC:8 Xp:1/0                                        

",0.0,False
93,pickup,,"message:


language observation:
jackal far eastsoutheast
lava near eastnortheast and east
area of lava near eastsoutheast
jackal near east
lichen near eastsoutheast
horizontal wall near southeast and south
horizontal wall very near north and northeast
vertical wall very near southwest and west
northwest room corner very near northwest

cursor:
Yourself a cavewoman
(x=26, y=10)

map:
                                                                                
                                                                                
                                                                                
                                                                                
                                                                                
                                                                                
                                                                                
                        --------------                                          
                        |.....}......---                                        
                        |.@...}d.......--------     |                           
                        |.....}.....................|                           
                        |.....}F.......--------     |                           
                        |.....}.d....---                                        
                        --------------                                          
                                                                                
                                                                                
                                                                                
                                                                                
                                                                                
                                                                                
                                                                                
Agent the Troglodyte           St:18/04 Dx:16 Co:13 In:9 Wi:8 Ch:8 Neutral S:0  
Dlvl:1 $:0 HP:15(15) Pw:3(3) AC:8 Xp:1/0                                        

",-0.01,False
94,north,,"message:


language observation:
jackal far eastsoutheast
lava near east and southeast
area of lava near eastsoutheast
jackal near east
lichen near eastsoutheast
horizontal wall near southeast and south
vertical wall very near southwest and west
horizontal wall adjacent north, northeast, and northwest
horn adjacent south

cursor:
Yourself a cavewoman
(x=26, y=9)

map:
                                                                                
                                                                                
                                                                                
                                                                                
                                                                                
                                                                                
                                                                                
                        --------------                                          
                        |.@...}d.....---                                        
                        |.(...}........--------     |                           
                        |.....}.....................|                           
                        |.....}F.d.....--------     |                           
                        |.....}......---                                        
                        --------------                                          
                                                                                
                                                                                
                                                                                
                                                                                
                                                                                
                                                                                
                                                                                
Agent the Troglodyte           St:18/04 Dx:16 Co:13 In:9 Wi:8 Ch:8 Neutral S:0  
Dlvl:1 $:0 HP:15(15) Pw:3(3) AC:8 Xp:1/0                                        

",0.0,False
95,south,,"message:


language observation:
jackal far east and eastsoutheast
lava near eastnortheast and east
area of lava near eastsoutheast
lichen near eastsoutheast
horizontal wall near southeast and south
horizontal wall very near north and northeast
vertical wall very near southwest and west
northwest room corner very near northwest

cursor:
Yourself a cavewoman
(x=26, y=10)

map:
                                                                                
                                                                                
                                                                                
                                                                                
                                                                                
                                                                                
                                                                                
                        --------------                                          
                        |.....}......---                                        
                        |.@...}.d......--------     |                           
                        |.....}.d...................|                           
                        |.....}F.......--------     |                           
                        |.....}......---                                        
                        --------------                                          
                                                                                
                                                                                
                                                                                
                                                                                
                                                                                
                                                                                
                                                                                
Agent the Troglodyte           St:18/04 Dx:16 Co:13 In:9 Wi:8 Ch:8 Neutral S:0  
Dlvl:1 $:0 HP:15(15) Pw:3(3) AC:8 Xp:1/0                                        

",0.0,False
96,west,,"message:


language observation:
jackal far east and eastsoutheast
lichen far eastsoutheast
lava near eastnortheast and east
area of lava near eastsoutheast
horizontal wall near southeast and south
horizontal wall very near north and northeast
horn adjacent east
vertical wall adjacent southwest, west, and northwest

cursor:
Yourself a cavewoman
(x=25, y=10)

map:
                                                                                
                                                                                
                                                                                
                                                                                
                                                                                
                                                                                
                                                                                
                        --------------                                          
                        |.....}......---                                        
                        |@(...}d.......--------     |                           
                        |.....}d....................|                           
                        |.....}F.......--------     |                           
                        |.....}......---                                        
                        --------------                                          
                                                                                
                                                                                
                                                                                
                                                                                
                                                                                
                                                                                
                                                                                
Agent the Troglodyte           St:18/04 Dx:16 Co:13 In:9 Wi:8 Ch:8 Neutral S:0  
Dlvl:1 $:0 HP:15(15) Pw:3(3) AC:8 Xp:1/0                                        

",0.0,False
97,north,,"message:


language observation:
jackal far east and eastsoutheast
lichen far eastsoutheast
lava near east
area of lava near eastsoutheast
horizontal wall near southeast and south
horizontal wall adjacent north and northeast
horn adjacent southeast
vertical wall adjacent southwest and west
northwest room corner adjacent northwest

cursor:
Yourself a cavewoman
(x=25, y=9)

map:
                                                                                
                                                                                
                                                                                
                                                                                
                                                                                
                                                                                
                                                                                
                        --------------                                          
                        |@....}d.....---                                        
                        |.(...}........--------     |                           
                        |.....}.d...................|                           
                        |.....}........--------     |                           
                        |.....}F.....---                                        
                        --------------                                          
                                                                                
                                                                                
                                                                                
                                                                                
                                                                                
                                                                                
                                                                                
Agent the Troglodyte           St:18/04 Dx:16 Co:13 In:9 Wi:8 Ch:8 Neutral S:0  
Dlvl:1 $:0 HP:15(15) Pw:3(3) AC:8 Xp:1/0                                        

",0.0,False
98,southeast,,"message:


language observation:
jackal far east
lava near eastnortheast and east
area of lava near eastsoutheast
jackal near east
lichen near eastsoutheast
horizontal wall near southeast and south
horizontal wall very near north and northeast
vertical wall very near southwest and west
northwest room corner very near northwest

cursor:
Yourself a cavewoman
(x=26, y=10)

map:
                                                                                
                                                                                
                                                                                
                                                                                
                                                                                
                                                                                
                                                                                
                        --------------                                          
                        |.....}......---                                        
                        |.@...}dd......--------     |                           
                        |.....}.....................|                           
                        |.....}........--------     |                           
                        |.....}F.....---                                        
                        --------------                                          
                                                                                
                                                                                
                                                                                
                                                                                
                                                                                
                                                                                
                                                                                
Agent the Troglodyte           St:18/04 Dx:16 Co:13 In:9 Wi:8 Ch:8 Neutral S:0  
Dlvl:1 $:0 HP:15(15) Pw:3(3) AC:8 Xp:1/0                                        

",0.0,False
99,northwest,,"message:
 
No  Points     Name                                                   Hp [max]
0  Agent-Cav-Gno-Fem-Neu quit in The Dungeons of Doom on
level 1.                                               15  [15]


language observation:
dark area adjacent east, southeast, and south

cursor:
very far eastsoutheast 
(x=77, y=6)

map:
 No  Points     Name                                                   Hp [max] 
                                                                                
            0  Agent-Cav-Gno-Fem-Neu quit in The Dungeons of Doom on            
                                                                                
              level 1.                                               15  [15]   
                                                                                
                                                                                
                                                                                
                                                                                
                                                                                
                                                                                
                                                                                
                                                                                
                                                                                
                                                                                
                                                                                
                                                                                
                                                                                
                                                                                
                                                                                
                                                                                
                                                                                
                                                                                

",0.0,True
