{
    "progression_percentage": 1.1553688988639113,
    "standard_error": 0.423598115933611,
    "average_steps": 2633.8,
    "episodes_played": 5,
    "tasks": {
        "NetHackChallenge-v0": {
            "progression_percentage": 1.1553688988639113,
            "standard_error": 0.423598115933611,
            "episodes_played": 5
        }
    },
    "input_tokens": 44583824,
    "output_tokens": 131885
}