{
    "progression_percentage": 14.999999999999996,
    "standard_error": 2.1368471406442104,
    "average_steps": 199.8,
    "episodes_played": 10,
    "tasks": {
        "default": {
            "progression_percentage": 14.999999999999996,
            "standard_error": 2.1368471406442104,
            "episodes_played": 10
        }
    },
    "input_tokens": 2918389,
    "output_tokens": 1809127
}