Step,Action,Reasoning,Observation,Reward,Done
0,southwest,,"message:


language observation:
vertical wall near east, southwest, and west
vertical closed door near southeast
dark area near southeast
horizontal wall near south
horizontal wall very near north, northeast, and northwest
food ration very near southsouthwest
stairs up adjacent northeast
tame kitten adjacent east

cursor:
Yourself a priestess
(x=32, y=6)

map:
                                                                                
                                                                                
                                                                                
                             -------                                            
                             |...<.|                                            
                             |..@f.|                                            
                             |.....|                                            
                             |.%...|                                            
                             |.....+                                            
                             ----.--                                            
                                                                                
                                                                                
                                                                                
                                                                                
                                                                                
                                                                                
                                                                                
                                                                                
                                                                                
                                                                                
                                                                                
Agent the Aspirant             St:10 Dx:14 Co:12 In:13 Wi:18 Ch:8 Neutral S:0   
Dlvl:1 $:0 HP:14(14) Pw:8(8) AC:7 Xp:1/0 T:2                                    

",0.0,False
1,southwest,,"message:


language observation:
horizontal wall near north, northeast, southeast, and south
vertical wall near east
vertical closed door near eastsoutheast
stairs up very near northeast
vertical wall very near southwest, west, and northwest
tame kitten adjacent east
food ration adjacent south

cursor:
Yourself a priestess
(x=31, y=7)

map:
                                                                                
                                                                                
                                                                                
                             -------                                            
                             |...<.|                                            
                             |.....|                                            
                             |.@f..|                                            
                             |.%...|                                            
                             |.....+                                            
                             ----.--                                            
                                                                                
                                                                                
                                                                                
                                                                                
                                                                                
                                                                                
                                                                                
                                                                                
                                                                                
                                                                                
                                                                                
Agent the Aspirant             St:10 Dx:14 Co:12 In:13 Wi:18 Ch:8 Neutral S:0   
Dlvl:1 $:0 HP:14(14) Pw:8(8) AC:7 Xp:1/0 T:3                                    

",0.0,False
2,south,,"message:
You see here a food ration.

language observation:
horizontal wall near north
stairs up near northnortheast
northeast room corner near northeast
vertical wall near east
vertical closed door near eastsoutheast
dark area near southeast
doorway very near southeast
horizontal wall very near south
southwest corner very near southwest
vertical wall very near west and northwest
tame kitten adjacent east

cursor:
Yourself a priestess
(x=31, y=8)

map:
                                                                                
                                                                                
                                                                                
                             -------                                            
                             |...<.|                                            
                             |.....|                                            
                             |.....|                                            
                             |.@f..|                                            
                             |.....+                                            
                             ----.--                                            
                                                                                
                                                                                
                                                                                
                                                                                
                                                                                
                                                                                
                                                                                
                                                                                
                                                                                
                                                                                
                                                                                
Agent the Aspirant             St:10 Dx:14 Co:12 In:13 Wi:18 Ch:8 Neutral S:0   
Dlvl:1 $:0 HP:14(14) Pw:8(8) AC:7 Xp:1/0 T:4                                    

",0.0,False
3,pickup,,"message:
i - a food ration.

language observation:
horizontal wall near north
stairs up near northnortheast
northeast room corner near northeast
vertical wall near east
vertical closed door near eastsoutheast
dark area near southeast
doorway very near southeast
horizontal wall very near south
southwest corner very near southwest
vertical wall very near west and northwest
tame kitten adjacent east

cursor:
Yourself a priestess
(x=31, y=8)

map:
                                                                                
                                                                                
                                                                                
                             -------                                            
                             |...<.|                                            
                             |.....|                                            
                             |.....|                                            
                             |.@f..|                                            
                             |.....+                                            
                             ----.--                                            
                                                                                
                                                                                
                                                                                
                                                                                
                                                                                
                                                                                
                                                                                
                                                                                
                                                                                
                                                                                
                                                                                
Agent the Aspirant             St:10 Dx:14 Co:12 In:13 Wi:18 Ch:8 Neutral S:0   
Dlvl:1 $:0 HP:14(14) Pw:8(8) AC:7 Xp:1/0 T:5                                    

",0.0,False
4,southeast,,"message:


language observation:
horizontal wall near north
stairs up near northnortheast
vertical wall near northeast, west, and northwest
vertical closed door near east
dark area near east
dark area very near southeast
doorway adjacent southeast
horizontal wall adjacent south and southwest
tame kitten adjacent west

cursor:
Yourself a priestess
(x=32, y=9)

map:
                                                                                
                                                                                
                                                                                
                             -------                                            
                             |...<.|                                            
                             |.....|                                            
                             |.....|                                            
                             |.....|                                            
                             |.f@..+                                            
                             ----.--                                            
                                                                                
                                                                                
                                                                                
                                                                                
                                                                                
                                                                                
                                                                                
                                                                                
                                                                                
                                                                                
                                                                                
Agent the Aspirant             St:10 Dx:14 Co:12 In:13 Wi:18 Ch:8 Neutral S:0   
Dlvl:1 $:0 HP:14(14) Pw:8(8) AC:7 Xp:1/0 T:6                                    

",0.0,False
5,far east,,"message:
That door is closed.

language observation:
horizontal wall near north
vertical wall near west
northwest room corner near northwest
stairs up near northnorthwest
dark area very near east and southwest
tame kitten very near west
vertical wall adjacent northeast
vertical closed door adjacent east
southeast corner adjacent southeast
horizontal wall adjacent south
doorway adjacent southwest

cursor:
Yourself a priestess
(x=34, y=9)

map:
                                                                                
                                                                                
                                                                                
                             -------                                            
                             |...<.|                                            
                             |.....|                                            
                             |.....|                                            
                             |.....|                                            
                             |..f.@+                                            
                             ----.--                                            
                                                                                
                                                                                
                                                                                
                                                                                
                                                                                
                                                                                
                                                                                
                                                                                
                                                                                
                                                                                
                                                                                
Agent the Aspirant             St:10 Dx:14 Co:12 In:13 Wi:18 Ch:8 Neutral S:0   
Dlvl:1 $:0 HP:14(14) Pw:8(8) AC:7 Xp:1/0 T:8                                    

",0.0,False
6,open,,"message:
In what direction?

language observation:
horizontal wall near north
vertical wall near west
northwest room corner near northwest
stairs up near northnorthwest
dark area very near east and southwest
tame kitten very near west
vertical wall adjacent northeast
vertical closed door adjacent east
southeast corner adjacent southeast
horizontal wall adjacent south
doorway adjacent southwest

cursor:

(x=19, y=0)

map:
                                                                                
                                                                                
                                                                                
                             -------                                            
                             |...<.|                                            
                             |.....|                                            
                             |.....|                                            
                             |.....|                                            
                             |..f.@+                                            
                             ----.--                                            
                                                                                
                                                                                
                                                                                
                                                                                
                                                                                
                                                                                
                                                                                
                                                                                
                                                                                
                                                                                
                                                                                
Agent the Aspirant             St:10 Dx:14 Co:12 In:13 Wi:18 Ch:8 Neutral S:0   
Dlvl:1 $:0 HP:14(14) Pw:8(8) AC:7 Xp:1/0 T:8                                    

",0.0,False
7,east,,"message:
The door resists!

language observation:
horizontal wall near north
vertical wall near west
northwest room corner near northwest
stairs up near northnorthwest
dark area very near east and southwest
vertical wall adjacent northeast
vertical closed door adjacent east
southeast corner adjacent southeast
horizontal wall adjacent south
doorway adjacent southwest
tame kitten adjacent west

cursor:
Yourself a priestess
(x=34, y=9)

map:
                                                                                
                                                                                
                                                                                
                             -------                                            
                             |...<.|                                            
                             |.....|                                            
                             |.....|                                            
                             |.....|                                            
                             |...f@+                                            
                             ----.--                                            
                                                                                
                                                                                
                                                                                
                                                                                
                                                                                
                                                                                
                                                                                
                                                                                
                                                                                
                                                                                
                                                                                
Agent the Aspirant             St:10 Dx:14 Co:12 In:13 Wi:18 Ch:8 Neutral S:0   
Dlvl:1 $:0 HP:14(14) Pw:8(8) AC:7 Xp:1/0 T:9                                    

",0.0,False
8,open,,"message:
In what direction?

language observation:
horizontal wall near north
vertical wall near west
northwest room corner near northwest
stairs up near northnorthwest
dark area very near east and southwest
vertical wall adjacent northeast
vertical closed door adjacent east
southeast corner adjacent southeast
horizontal wall adjacent south
doorway adjacent southwest
tame kitten adjacent west

cursor:

(x=19, y=0)

map:
                                                                                
                                                                                
                                                                                
                             -------                                            
                             |...<.|                                            
                             |.....|                                            
                             |.....|                                            
                             |.....|                                            
                             |...f@+                                            
                             ----.--                                            
                                                                                
                                                                                
                                                                                
                                                                                
                                                                                
                                                                                
                                                                                
                                                                                
                                                                                
                                                                                
                                                                                
Agent the Aspirant             St:10 Dx:14 Co:12 In:13 Wi:18 Ch:8 Neutral S:0   
Dlvl:1 $:0 HP:14(14) Pw:8(8) AC:7 Xp:1/0 T:9                                    

",0.0,False
9,east,,"message:
The door opens.

language observation:
horizontal wall near north
vertical wall near west
northwest room corner near northwest
stairs up near northnorthwest
dark area very near east and southwest
vertical wall adjacent northeast
vertical open door adjacent east
southeast corner adjacent southeast
horizontal wall adjacent south
doorway adjacent southwest
tame kitten adjacent west

cursor:
Yourself a priestess
(x=34, y=9)

map:
                                                                                
                                                                                
                                                                                
                             -------                                            
                             |...<.|                                            
                             |.....|                                            
                             |.....|                                            
                             |.....|                                            
                             |...f@-                                            
                             ----.--                                            
                                                                                
                                                                                
                                                                                
                                                                                
                                                                                
                                                                                
                                                                                
                                                                                
                                                                                
                                                                                
                                                                                
Agent the Aspirant             St:10 Dx:14 Co:12 In:13 Wi:18 Ch:8 Neutral S:0   
Dlvl:1 $:0 HP:14(14) Pw:8(8) AC:7 Xp:1/0 T:10                                   

",0.0,False
10,east,,"message:


language observation:
vertical wall far west
horizontal wall near northwest
stairs up near northnorthwest
dark area very near east
vertical wall adjacent north
dark area adjacent northeast and southeast
southeast corner adjacent south
horizontal wall adjacent southwest
tame kitten adjacent west

cursor:
Yourself a priestess
(x=35, y=9)

map:
                                                                                
                                                                                
                                                                                
                             -------                                            
                             |...<.|                                            
                             |.....|                                            
                             |.....|                                            
                             |.....|                                            
                             |....f@#                                           
                             ----.--                                            
                                                                                
                                                                                
                                                                                
                                                                                
                                                                                
                                                                                
                                                                                
                                                                                
                                                                                
                                                                                
                                                                                
Agent the Aspirant             St:10 Dx:14 Co:12 In:13 Wi:18 Ch:8 Neutral S:0   
Dlvl:1 $:0 HP:14(14) Pw:8(8) AC:7 Xp:1/0 T:11                                   

",0.0,False
11,far east,,"message:
That door is closed.

language observation:
stairs up far westnorthwest
dark area very near east
dark area adjacent north, northeast, southeast, south, southwest, and northwest
vertical closed door adjacent east

cursor:
Yourself a priestess
(x=46, y=8)

map:
                                                                                
                                                                                
                                                                                
                             -------                                            
                             |...<.|                                            
                             |.....|                                            
                             |.....|                                            
                             |.....| #########@+                                
                             |.....-#                                           
                             ----.--                                            
                                                                                
                                                                                
                                                                                
                                                                                
                                                                                
                                                                                
                                                                                
                                                                                
                                                                                
                                                                                
                                                                                
Agent the Aspirant             St:10 Dx:14 Co:12 In:13 Wi:18 Ch:8 Neutral S:0   
Dlvl:1 $:0 HP:14(14) Pw:8(8) AC:7 Xp:1/0 T:22                                   

",0.0,False
12,open,,"message:
In what direction?

language observation:
stairs up far westnorthwest
dark area very near east
dark area adjacent north, northeast, southeast, south, southwest, and northwest
vertical closed door adjacent east

cursor:

(x=19, y=0)

map:
                                                                                
                                                                                
                                                                                
                             -------                                            
                             |...<.|                                            
                             |.....|                                            
                             |.....|                                            
                             |.....| #########@+                                
                             |.....-#                                           
                             ----.--                                            
                                                                                
                                                                                
                                                                                
                                                                                
                                                                                
                                                                                
                                                                                
                                                                                
                                                                                
                                                                                
                                                                                
Agent the Aspirant             St:10 Dx:14 Co:12 In:13 Wi:18 Ch:8 Neutral S:0   
Dlvl:1 $:0 HP:14(14) Pw:8(8) AC:7 Xp:1/0 T:22                                   

",0.0,False
13,east,,"message:
The door opens.

language observation:
gold piece far eastnortheast
stairs up far westnorthwest
dark area adjacent north, northeast, southeast, south, southwest, and northwest
vertical open door adjacent east
tame kitten adjacent west

cursor:
Yourself a priestess
(x=46, y=8)

map:
                                                                                
                                                                                
                                                                                
                             -------                                            
                             |...<.|               ----------                   
                             |.....|               .........|                   
                             |.....|             ..........$|                   
                             |.....| ########f@-............|                   
                             |.....-#            ...........|                   
                             ----.--               ..........                   
                                                   ----------                   
                                                                                
                                                                                
                                                                                
                                                                                
                                                                                
                                                                                
                                                                                
                                                                                
                                                                                
                                                                                
Agent the Aspirant             St:10 Dx:14 Co:12 In:13 Wi:18 Ch:8 Neutral S:0   
Dlvl:1 $:0 HP:14(14) Pw:8(8) AC:7 Xp:1/0 T:23                                   

",0.0,False
14,east,,"message:
You hear a door open.

language observation:
gold piece far eastnortheast
stairs up far westnorthwest
horizontal wall near northeast and southeast
vertical wall adjacent north and south
jackal adjacent northeast
dark area adjacent southwest and northwest

cursor:
Yourself a priestess
(x=47, y=8)

map:
                                                                                
                                                                                
                                                                                
                             -------                                            
                             |...<.|            -------------                   
                             |.....|            ............|                   
                             |.....|           |d..........$|                   
                             |.....| ##########@............|                   
                             |.....-#          |............|                   
                             ----.--            .............                   
                                                -.-----------                   
                                                                                
                                                                                
                                                                                
                                                                                
                                                                                
                                                                                
                                                                                
                                                                                
                                                                                
                                                                                
Agent the Aspirant             St:10 Dx:14 Co:12 In:13 Wi:18 Ch:8 Neutral S:0   
Dlvl:1 $:0 HP:14(14) Pw:8(8) AC:7 Xp:1/0 T:24                                   

",0.0,False
15,northeast,,"message:
You miss the jackal.  The jackal just misses!

language observation:
gold piece far eastnortheast
stairs up far westnorthwest
horizontal wall near northeast and southeast
vertical wall adjacent north and south
jackal adjacent northeast
dark area adjacent southwest and northwest
tame kitten adjacent west

cursor:
Yourself a priestess
(x=47, y=8)

map:
                                                                                
                                                                                
                                                                                
                             -------                                            
                             |...<.|            -------------                   
                             |.....|            ............|                   
                             |.....|           |d..........$|                   
                             |.....| #########f@............|                   
                             |.....-#          |............|                   
                             ----.--            .............                   
                                                -.-----------                   
                                                                                
                                                                                
                                                                                
                                                                                
                                                                                
                                                                                
                                                                                
                                                                                
                                                                                
                                                                                
Agent the Aspirant             St:10 Dx:14 Co:12 In:13 Wi:18 Ch:8 Neutral S:0   
Dlvl:1 $:0 HP:14(14) Pw:8(8) AC:7 Xp:1/0 T:25                                   

",0.0,False
16,northeast,,"message:
You miss the jackal.  The jackal just misses!

language observation:
gold piece far eastnortheast
stairs up far westnorthwest
horizontal wall near northeast and southeast
vertical wall adjacent north and south
jackal adjacent northeast
dark area adjacent southwest and northwest
tame kitten adjacent west

cursor:
Yourself a priestess
(x=47, y=8)

map:
                                                                                
                                                                                
                                                                                
                             -------                                            
                             |...<.|            -------------                   
                             |.....|            ............|                   
                             |.....|           |d..........$|                   
                             |.....| #########f@............|                   
                             |.....-#          |............|                   
                             ----.--            .............                   
                                                -.-----------                   
                                                                                
                                                                                
                                                                                
                                                                                
                                                                                
                                                                                
                                                                                
                                                                                
                                                                                
                                                                                
Agent the Aspirant             St:10 Dx:14 Co:12 In:13 Wi:18 Ch:8 Neutral S:0   
Dlvl:1 $:0 HP:14(14) Pw:8(8) AC:7 Xp:1/0 T:26                                   

",0.0,False
17,northeast,,"message:
You miss the jackal.  The jackal bites!

language observation:
gold piece far eastnortheast
stairs up far westnorthwest
horizontal wall near northeast and southeast
vertical wall adjacent north and south
jackal adjacent northeast
dark area adjacent southwest and northwest
tame kitten adjacent west

cursor:
Yourself a priestess
(x=47, y=8)

map:
                                                                                
                                                                                
                                                                                
                             -------                                            
                             |...<.|            -------------                   
                             |.....|            ............|                   
                             |.....|           |d..........$|                   
                             |.....| #########f@............|                   
                             |.....-#          |............|                   
                             ----.--            .............                   
                                                -.-----------                   
                                                                                
                                                                                
                                                                                
                                                                                
                                                                                
                                                                                
                                                                                
                                                                                
                                                                                
                                                                                
Agent the Aspirant             St:10 Dx:14 Co:12 In:13 Wi:18 Ch:8 Neutral S:0   
Dlvl:1 $:0 HP:13(14) Pw:8(8) AC:7 Xp:1/0 T:27                                   

",0.0,False
18,northeast,,"message:
You kill the jackal!

language observation:
gold piece far eastnortheast
stairs up far westnorthwest
horizontal wall near northeast and southeast
vertical wall adjacent north and south
jackal corpse adjacent northeast
dark area adjacent southwest and northwest

cursor:
Yourself a priestess
(x=47, y=8)

map:
                                                                                
                                                                                
                                                                                
                             -------                                            
                             |...<.|            -------------                   
                             |.....|            ............|                   
                             |.....|           |%..........$|                   
                             |.....| ##########@............|                   
                             |.....-#          |............|                   
                             ----.--            .............                   
                                                -.-----------                   
                                                                                
                                                                                
                                                                                
                                                                                
                                                                                
                                                                                
                                                                                
                                                                                
                                                                                
                                                                                
Agent the Aspirant             St:10 Dx:14 Co:12 In:13 Wi:18 Ch:8 Neutral S:4   
Dlvl:1 $:0 HP:13(14) Pw:8(8) AC:7 Xp:1/1 T:28                                   

",4.0,False
19,northeast,,"message:
You can't move diagonally out of an intact doorway.

language observation:
gold piece far eastnortheast
stairs up far westnorthwest
horizontal wall near northeast and southeast
vertical wall adjacent north and south
jackal corpse adjacent northeast
dark area adjacent southwest and northwest

cursor:
Yourself a priestess
(x=47, y=8)

map:
                                                                                
                                                                                
                                                                                
                             -------                                            
                             |...<.|            -------------                   
                             |.....|            ............|                   
                             |.....|           |%..........$|                   
                             |.....| ##########@............|                   
                             |.....-#          |............|                   
                             ----.--            .............                   
                                                -.-----------                   
                                                                                
                                                                                
                                                                                
                                                                                
                                                                                
                                                                                
                                                                                
                                                                                
                                                                                
                                                                                
Agent the Aspirant             St:10 Dx:14 Co:12 In:13 Wi:18 Ch:8 Neutral S:4   
Dlvl:1 $:0 HP:13(14) Pw:8(8) AC:7 Xp:1/1 T:28                                   

",0.0,False
20,east,,"message:


language observation:
gold piece far eastnortheast
stairs up far westnorthwest
horizontal wall near north, northeast, southeast, and south
jackal corpse adjacent north
vertical wall adjacent southwest and northwest
vertical open door adjacent west

cursor:
Yourself a priestess
(x=48, y=8)

map:
                                                                                
                                                                                
                                                                                
                             -------                                            
                             |...<.|           --------------                   
                             |.....|           |............|                   
                             |.....|           |%..........$|                   
                             |.....| ##########-@...........|                   
                             |.....-#          |............|                   
                             ----.--           |.............                   
                                               --.-----------                   
                                                                                
                                                                                
                                                                                
                                                                                
                                                                                
                                                                                
                                                                                
                                                                                
                                                                                
                                                                                
Agent the Aspirant             St:10 Dx:14 Co:12 In:13 Wi:18 Ch:8 Neutral S:4   
Dlvl:1 $:0 HP:13(14) Pw:8(8) AC:7 Xp:1/1 T:29                                   

",0.0,False
21,north,,"message:
You see here a jackal corpse.

language observation:
gold piece far east
stairs up far westnorthwest
horizontal wall near southeast and south
horizontal wall very near north and northeast
dark area very near southwest
vertical open door adjacent southwest
vertical wall adjacent west and northwest

cursor:
Yourself a priestess
(x=48, y=7)

map:
                                                                                
                                                                                
                                                                                
                             -------                                            
                             |...<.|           --------------                   
                             |.....|           |............|                   
                             |.....|           |@..........$|                   
                             |.....| ##########-............|                   
                             |.....-#          |............|                   
                             ----.--           |.............                   
                                               --.-----------                   
                                                                                
                                                                                
                                                                                
                                                                                
                                                                                
                                                                                
                                                                                
                                                                                
                                                                                
                                                                                
Agent the Aspirant             St:10 Dx:14 Co:12 In:13 Wi:18 Ch:8 Neutral S:4   
Dlvl:1 $:0 HP:14(14) Pw:8(8) AC:7 Xp:1/1 T:30                                   

",0.0,False
22,far east,,"message:
The kitten eats a jackal corpse.  $ - 3 gold pieces.

language observation:
stairs up very far westnorthwest
horizontal wall near south and southwest
tame kitten near west
horizontal wall very near north and northwest
vertical wall adjacent northeast, east, and southeast

cursor:
Yourself a priestess
(x=59, y=7)

map:
                                                                                
                                                                                
                                                                                
                             -------                                            
                             |...<.|           --------------                   
                             |.....|           |............|                   
                             |.....|           |......f....@|                   
                             |.....| ##########-............|                   
                             |.....-#          |............|                   
                             ----.--           |.............                   
                                               --.-----------                   
                                                                                
                                                                                
                                                                                
                                                                                
                                                                                
                                                                                
                                                                                
                                                                                
                                                                                
                                                                                
Agent the Aspirant             St:10 Dx:14 Co:12 In:13 Wi:18 Ch:8 Neutral S:7   
Dlvl:1 $:3 HP:14(14) Pw:8(8) AC:7 Xp:1/1 T:41                                   

",3.0,False
23,far south,,"message:
The goblin hits!

language observation:
stairs up very far westnorthwest
horizontal wall near north and northwest
dark area very near east
vertical wall adjacent northeast
goblin adjacent east
southeast corner adjacent southeast
horizontal wall adjacent south and southwest
tame kitten adjacent northwest

cursor:
Yourself a priestess
(x=59, y=10)

map:
                                                                                
                                                                                
                                                                                
                             -------                                            
                             |...<.|           --------------                   
                             |.....|           |............|                   
                             |.....|           |............|                   
                             |.....| ##########-............|                   
                             |.....-#          |..........f.|                   
                             ----.--           |...........@o                   
                                               --.-----------                   
                                                                                
                                                                                
                                                                                
                                                                                
                                                                                
                                                                                
                                                                                
                                                                                
                                                                                
                                                                                
Agent the Aspirant             St:10 Dx:14 Co:12 In:13 Wi:18 Ch:8 Neutral S:7   
Dlvl:1 $:3 HP:10(14) Pw:8(8) AC:7 Xp:1/1 T:44                                   

",0.0,False
24,east,,"message:
You kill the goblin!

language observation:
stairs up very far westnorthwest
horizontal wall near north and northwest
dark area very near east
tame kitten very near northnorthwest
vertical wall adjacent northeast
doorway adjacent east
southeast corner adjacent southeast
horizontal wall adjacent south and southwest

cursor:
Yourself a priestess
(x=59, y=10)

map:
                                                                                
                                                                                
                                                                                
                             -------                                            
                             |...<.|           --------------                   
                             |.....|           |............|                   
                             |.....|           |............|                   
                             |.....| ##########-..........f.|                   
                             |.....-#          |............|                   
                             ----.--           |...........@.                   
                                               --.-----------                   
                                                                                
                                                                                
                                                                                
                                                                                
                                                                                
                                                                                
                                                                                
                                                                                
                                                                                
                                                                                
Agent the Aspirant             St:10 Dx:14 Co:12 In:13 Wi:18 Ch:8 Neutral S:31  
Dlvl:1 $:3 HP:11(14) Pw:8(8) AC:7 Xp:1/7 T:45                                   

",24.0,False
25,east,,"message:


language observation:
stairs up very far westnorthwest
horizontal wall near northwest
dark area very near northeast and east
vertical wall adjacent north
dark area adjacent southeast
southeast corner adjacent south
horizontal wall adjacent southwest
tame kitten adjacent northwest

cursor:
Yourself a priestess
(x=60, y=10)

map:
                                                                                
                                                                                
                                                                                
                             -------                                            
                             |...<.|           --------------                   
                             |.....|           |............|                   
                             |.....|           |............|                   
                             |.....| ##########-............|                   
                             |.....-#          |...........f|#                  
                             ----.--           |............@#                  
                                               --.-----------                   
                                                                                
                                                                                
                                                                                
                                                                                
                                                                                
                                                                                
                                                                                
                                                                                
                                                                                
                                                                                
Agent the Aspirant             St:10 Dx:14 Co:12 In:13 Wi:18 Ch:8 Neutral S:31  
Dlvl:1 $:3 HP:11(14) Pw:8(8) AC:7 Xp:1/7 T:46                                   

",0.0,False
26,far east,,"message:


language observation:
stairs up very far westsouthwest
vertical wall far east
horizontal wall near southeast
dark area very near southwest and west
northwest room corner adjacent north
horizontal wall adjacent northeast
vertical wall adjacent south
tame kitten adjacent west
dark area adjacent northwest

cursor:
Yourself a priestess
(x=66, y=4)

map:
                                                                                
                                                                                
                                                                  ----------    
                             -------                             f@........|    
                             |...<.|           --------------    #|........|    
                             |.....|           |............|    # ........|    
                             |.....|           |............|    #  .......|    
                             |.....| ##########-............| ####  ----.---    
                             |.....-#          |............|##                 
                             ----.--           |.............#                  
                                               --.-----------                   
                                                                                
                                                                                
                                                                                
                                                                                
                                                                                
                                                                                
                                                                                
                                                                                
                                                                                
                                                                                
Agent the Aspirant             St:10 Dx:14 Co:12 In:13 Wi:18 Ch:8 Neutral S:31  
Dlvl:1 $:3 HP:11(14) Pw:8(8) AC:7 Xp:1/7 T:56                                   

",0.0,False
27,far east,,"message:
It's a wall.

language observation:
stairs up very far westsouthwest
vertical open door far west
horizontal wall near south and southwest
horizontal wall adjacent north and northwest
northeast room corner adjacent northeast
vertical wall adjacent east and southeast
tame kitten adjacent west

cursor:
Yourself a priestess
(x=74, y=4)

map:
                                                                                
                                                                                
                                                                  ----------    
                             -------                             #-......f@|    
                             |...<.|           --------------    #|........|    
                             |.....|           |............|    #|........|    
                             |.....|           |............|    #|........|    
                             |.....| ##########-............| ####------.---    
                             |.....-#          |............|##                 
                             ----.--           |.............#                  
                                               --.-----------                   
                                                                                
                                                                                
                                                                                
                                                                                
                                                                                
                                                                                
                                                                                
                                                                                
                                                                                
                                                                                
Agent the Aspirant             St:10 Dx:14 Co:12 In:13 Wi:18 Ch:8 Neutral S:31  
Dlvl:1 $:3 HP:12(14) Pw:8(8) AC:7 Xp:1/7 T:64                                   

",0.0,False
28,far southwest,,"message:
It's a wall.

language observation:
stairs up very far westnorthwest
horizontal wall near north and northwest
northeast room corner near northeast
vertical wall near east and west
tame kitten very near eastnortheast
dark area very near southeast
doorway adjacent southeast
horizontal wall adjacent south and southwest

cursor:
Yourself a priestess
(x=71, y=7)

map:
                                                                                
                                                                                
                                                                  ----------    
                             -------                             #-........|    
                             |...<.|           --------------    #|........|    
                             |.....|           |............|    #|......f.|    
                             |.....|           |............|    #|....@...|    
                             |.....| ##########-............| ####------.---    
                             |.....-#          |............|##                 
                             ----.--           |.............#                  
                                               --.-----------                   
                                                                                
                                                                                
                                                                                
                                                                                
                                                                                
                                                                                
                                                                                
                                                                                
                                                                                
                                                                                
Agent the Aspirant             St:10 Dx:14 Co:12 In:13 Wi:18 Ch:8 Neutral S:31  
Dlvl:1 $:3 HP:12(14) Pw:8(8) AC:7 Xp:1/7 T:67                                   

",0.0,False
29,east,,"message:


language observation:
stairs up very far westnorthwest
vertical wall far west
horizontal wall near north and northwest
vertical wall near northeast and east
tame kitten very near eastnortheast
dark area very near south
horizontal wall adjacent southeast and southwest
doorway adjacent south

cursor:
Yourself a priestess
(x=72, y=7)

map:
                                                                                
                                                                                
                                                                  ----------    
                             -------                             #-........|    
                             |...<.|           --------------    #|........|    
                             |.....|           |............|    #|.......f|    
                             |.....|           |............|    #|.....@..|    
                             |.....| ##########-............| ####------.---    
                             |.....-#          |............|##                 
                             ----.--           |.............#                  
                                               --.-----------                   
                                                                                
                                                                                
                                                                                
                                                                                
                                                                                
                                                                                
                                                                                
                                                                                
                                                                                
                                                                                
Agent the Aspirant             St:10 Dx:14 Co:12 In:13 Wi:18 Ch:8 Neutral S:31  
Dlvl:1 $:3 HP:12(14) Pw:8(8) AC:7 Xp:1/7 T:68                                   

",0.0,False
30,south,,"message:


language observation:
stairs up very far westnorthwest
horizontal wall near north and northwest
vertical wall near northeast
dark area very near south
tame kitten adjacent north
horizontal wall adjacent east and west
dark area adjacent southeast and southwest

cursor:
Yourself a priestess
(x=72, y=8)

map:
                                                                                
                                                                                
                                                                  ----------    
                             -------                             #-........|    
                             |...<.|           --------------    #|........|    
                             |.....|           |............|    #|........|    
                             |.....|           |............|    #|.....f..|    
                             |.....| ##########-............| ####------@---    
                             |.....-#          |............|##         #       
                             ----.--           |.............#                  
                                               --.-----------                   
                                                                                
                                                                                
                                                                                
                                                                                
                                                                                
                                                                                
                                                                                
                                                                                
                                                                                
                                                                                
Agent the Aspirant             St:10 Dx:14 Co:12 In:13 Wi:18 Ch:8 Neutral S:31  
Dlvl:1 $:3 HP:12(14) Pw:8(8) AC:7 Xp:1/7 T:69                                   

",0.0,False
31,far south,,"message:


language observation:
stairs up very far westnorthwest
horizontal wall near south and southwest
dark area very near north and northwest
vertical wall very near southeast
tame kitten adjacent north
dark area adjacent northeast
horizontal wall adjacent east and west
stairs down adjacent southwest

cursor:
Yourself a priestess
(x=74, y=15)

map:
                                                                                
                                                                                
                                                                  ----------    
                             -------                             #-........|    
                             |...<.|           --------------    #|........|    
                             |.....|           |............|    #|........|    
                             |.....|           |............|    #|........|    
                             |.....| ##########-............| ####------.---    
                             |.....-#          |............|##         #       
                             ----.--           |.............#          ##      
                                               --.-----------            #      
                                                                         #      
                                                                         #      
                                                                         #f     
                                                                         -@-    
                                                                        .>..|   
                                                                      ......|   
                                                                    ........|   
                                                                  ..........|   
                                                                  -----------   
                                                                                
Agent the Aspirant             St:10 Dx:14 Co:12 In:13 Wi:18 Ch:8 Neutral S:31  
Dlvl:1 $:3 HP:13(14) Pw:8(8) AC:7 Xp:1/7 T:76                                   

",0.0,False
32,south,,"message:


language observation:
stairs up very far westnorthwest
sink far westsouthwest
vertical wall far west
dark area near north
horizontal wall near south and southwest
vertical wall very near east and southeast
doorway adjacent north
horizontal wall adjacent northeast and northwest
stairs down adjacent west

cursor:
Yourself a priestess
(x=74, y=16)

map:
                                                                                
                                                                                
                                                                  ----------    
                             -------                             #-........|    
                             |...<.|           --------------    #|........|    
                             |.....|           |............|    #|........|    
                             |.....|           |............|    #|........|    
                             |.....| ##########-............| ####------.---    
                             |.....-#          |............|##         #       
                             ----.--           |.............#          ##      
                                               --.-----------            #      
                                                                         #      
                                                                         #      
                                                                         ##     
                                                                  - ------.--   
                                                                  |......>@.|   
                                                                  |.#.......|   
                                                                  |.........|   
                                                                  ..........|   
                                                                  -----------   
                                                                                
Agent the Aspirant             St:10 Dx:14 Co:12 In:13 Wi:18 Ch:8 Neutral S:31  
Dlvl:1 $:3 HP:13(14) Pw:8(8) AC:7 Xp:1/7 T:77                                   

",0.0,False
33,west,,"message:


language observation:
stairs up very far westnorthwest
vertical wall far west
vertical wall near east and southeast
horizontal wall near south and southwest
sink near westsouthwest
dark area very near northeast
horizontal wall adjacent north and northwest
tame kitten adjacent northeast

cursor:
Yourself a priestess
(x=73, y=16)

map:
                                                                                
                                                                                
                                                                  ----------    
                             -------                             #-........|    
                             |...<.|           --------------    #|........|    
                             |.....|           |............|    #|........|    
                             |.....|           |............|    #|........|    
                             |.....| ##########-............| ####------.---    
                             |.....-#          |............|##         #       
                             ----.--           |.............#          ##      
                                               --.-----------            #      
                                                                         #      
                                                                         #      
                                                                         ##     
                                                                  - ------f--   
                                                                  |......@..|   
                                                                  |.#.......|   
                                                                  |.........|   
                                                                  ..........|   
                                                                  -----------   
                                                                                
Agent the Aspirant             St:10 Dx:14 Co:12 In:13 Wi:18 Ch:8 Neutral S:31  
Dlvl:1 $:3 HP:13(14) Pw:8(8) AC:7 Xp:1/7 T:78                                   

",0.0,False
34,down,,"message:
You descend the stairs.


language observation:
vertical wall far east and west
horizontal wall near southeast, south, and southwest
horizontal wall very near north, northeast, and northwest
tame kitten very near west

cursor:
Yourself a priestess
(x=29, y=16)

map:
                                                                                
                                                                                
                                                                                
                                                                                
                                                                                
                                                                                
                                                                                
                                                                                
                                                                                
                                                                                
                                                                                
                                                                                
                                                                                
                       ----------- --                                           
                       |.............                                           
                       |...f.@......|                                           
                       |............|                                           
                       |............|                                           
                       --------------                                           
                                                                                
                                                                                
Agent the Aspirant             St:10 Dx:14 Co:12 In:13 Wi:18 Ch:8 Neutral S:81  
Dlvl:2 $:3 HP:13(14) Pw:8(8) AC:7 Xp:1/7 T:79                                   

",50.0,False
35,far east,,"message:
It's a wall.

language observation:
stairs up far west
horizontal wall near south and southwest
horizontal wall very near north and northwest
dark area very near northeast
tame kitten very near west
doorway adjacent northeast
vertical wall adjacent east and southeast

cursor:
Yourself a priestess
(x=35, y=16)

map:
                                                                                
                                                                                
                                                                                
                                                                                
                                                                                
                                                                                
                                                                                
                                                                                
                                                                                
                                                                                
                                                                                
                                                                                
                                                                                
                       -----------.--                                           
                       |.............                                           
                       |.....<...f.@|                                           
                       |............|                                           
                       |............|                                           
                       --------------                                           
                                                                                
                                                                                
Agent the Aspirant             St:10 Dx:14 Co:12 In:13 Wi:18 Ch:8 Neutral S:81  
Dlvl:2 $:3 HP:13(14) Pw:8(8) AC:7 Xp:1/7 T:85                                   

",0.0,False
36,northeast,,"message:


language observation:
stairs up far westsouthwest
horizontal wall near southwest
dark area very near east
tame kitten very near west
northeast room corner adjacent north
dark area adjacent northeast and southeast
vertical wall adjacent south
horizontal wall adjacent northwest

cursor:
Yourself a priestess
(x=36, y=15)

map:
                                                                                
                                                                                
                                                                                
                                                                                
                                                                                
                                                                                
                                                                                
                                                                                
                                                                                
                                                                                
                                                                                
                                                                                
                                                                                
                       -----------.--                                           
                       |..........f.@#                                          
                       |.....<......|                                           
                       |............|                                           
                       |............|                                           
                       --------------                                           
                                                                                
                                                                                
Agent the Aspirant             St:10 Dx:14 Co:12 In:13 Wi:18 Ch:8 Neutral S:81  
Dlvl:2 $:3 HP:13(14) Pw:8(8) AC:7 Xp:1/7 T:86                                   

",0.0,False
37,far east,,"message:
You hear a door open.  It's solid stone.

language observation:
gold piece far east
stairs up far westsouthwest
dark area near south
dark area very near northeast, east, southeast, and west
dark area adjacent north, southwest, and northwest
tame kitten adjacent south

cursor:
Yourself a priestess
(x=40, y=8)

map:
                                                                                
                                                                                
                                                                                
                                                                                
                                                                                
                                                            |                   
                                         #             .....|                   
                                       #@#     ...........$..                   
                                        f#             .....|                   
                                        #                   |                   
                                        #                                       
                                        #                                       
                                      ##                                        
                       -----------.-- #                                         
                       |.............##                                         
                       |.....<......|                                           
                       |............|                                           
                       |............|                                           
                       --------------                                           
                                                                                
                                                                                
Agent the Aspirant             St:10 Dx:14 Co:12 In:13 Wi:18 Ch:8 Neutral S:81  
Dlvl:2 $:3 HP:14(14) Pw:8(8) AC:7 Xp:1/7 T:96                                   

",0.0,False
38,east,,"message:


language observation:
gold piece far east
stairs up far westsouthwest
dark area near west
dark area very near north, east, south, and southwest
dark area adjacent northeast, southeast, and northwest
tame kitten adjacent southwest

cursor:
Yourself a priestess
(x=41, y=8)

map:
                                                                                
                                                                                
                                                                                
                                                                                
                                                                                
                                                            |                   
                                         #            ......|                   
                                       ##@#    ...........$..                   
                                        f#            ......|                   
                                        #                   |                   
                                        #                                       
                                        #                                       
                                      ##                                        
                       -----------.-- #                                         
                       |.............##                                         
                       |.....<......|                                           
                       |............|                                           
                       |............|                                           
                       --------------                                           
                                                                                
                                                                                
Agent the Aspirant             St:10 Dx:14 Co:12 In:13 Wi:18 Ch:8 Neutral S:81  
Dlvl:2 $:3 HP:14(14) Pw:8(8) AC:7 Xp:1/7 T:97                                   

",0.0,False
39,far east,,"message:
The jackal bites!

language observation:
gold piece far east
stairs up far westsouthwest
dark area near southwest and west
dark area very near east and northwest
dark area adjacent north, northeast, southeast, and south
jackal adjacent east
tame kitten adjacent northwest

cursor:
Yourself a priestess
(x=42, y=8)

map:
                                                                                
                                                                                
                                                                                
                                                                                
                                                                                
                                                            |                   
                                         f           .......|                   
                                       ###@d   ...........$..                   
                                        ##           .......|                   
                                        #                   |                   
                                        #                                       
                                        #                                       
                                      ##                                        
                       -----------.-- #                                         
                       |.............##                                         
                       |.....<......|                                           
                       |............|                                           
                       |............|                                           
                       --------------                                           
                                                                                
                                                                                
Agent the Aspirant             St:10 Dx:14 Co:12 In:13 Wi:18 Ch:8 Neutral S:81  
Dlvl:2 $:3 HP:12(14) Pw:8(8) AC:7 Xp:1/7 T:98                                   

",0.0,False
40,east,,"message:
You miss the jackal.  The jackal misses!

language observation:
gold piece far east
stairs up far westsouthwest
dark area near southwest and west
dark area very near east and northwest
dark area adjacent north, northeast, southeast, and south
jackal adjacent east
tame kitten adjacent west

cursor:
Yourself a priestess
(x=42, y=8)

map:
                                                                                
                                                                                
                                                                                
                                                                                
                                                                                
                                                            |                   
                                         #           .......|                   
                                       ##f@d   ...........$..                   
                                        ##           .......|                   
                                        #                   |                   
                                        #                                       
                                        #                                       
                                      ##                                        
                       -----------.-- #                                         
                       |.............##                                         
                       |.....<......|                                           
                       |............|                                           
                       |............|                                           
                       --------------                                           
                                                                                
                                                                                
Agent the Aspirant             St:10 Dx:14 Co:12 In:13 Wi:18 Ch:8 Neutral S:81  
Dlvl:2 $:3 HP:12(14) Pw:8(8) AC:7 Xp:1/7 T:99                                   

",0.0,False
41,east,,"message:
You miss the jackal.  The jackal bites!

language observation:
gold piece far east
stairs up far westsouthwest
dark area near southwest and west
dark area very near east and northwest
dark area adjacent north, northeast, southeast, and south
jackal adjacent east
tame kitten adjacent west

cursor:
Yourself a priestess
(x=42, y=8)

map:
                                                                                
                                                                                
                                                                                
                                                                                
                                                                                
                                                            |                   
                                         #           .......|                   
                                       ##f@d   ...........$..                   
                                        ##           .......|                   
                                        #                   |                   
                                        #                                       
                                        #                                       
                                      ##                                        
                       -----------.-- #                                         
                       |.............##                                         
                       |.....<......|                                           
                       |............|                                           
                       |............|                                           
                       --------------                                           
                                                                                
                                                                                
Agent the Aspirant             St:10 Dx:14 Co:12 In:13 Wi:18 Ch:8 Neutral S:81  
Dlvl:2 $:3 HP:10(14) Pw:8(8) AC:7 Xp:1/7 T:100                                  

",0.0,False
42,east,,"message:
You kill the jackal!

language observation:
gold piece far east
stairs up far westsouthwest
dark area near southwest and west
dark area very near east and northwest
dark area adjacent north, northeast, southeast, and south
tame kitten adjacent west

cursor:
Yourself a priestess
(x=42, y=8)

map:
                                                                                
                                                                                
                                                                                
                                                                                
                                                                                
                                                            |                   
                                         #           .......|                   
                                       ##f@#   ...........$..                   
                                        ##           .......|                   
                                        #                   |                   
                                        #                                       
                                        #                                       
                                      ##                                        
                       -----------.-- #                                         
                       |.............##                                         
                       |.....<......|                                           
                       |............|                                           
                       |............|                                           
                       --------------                                           
                                                                                
                                                                                
Agent the Aspirant             St:10 Dx:14 Co:12 In:13 Wi:18 Ch:8 Neutral S:85  
Dlvl:2 $:3 HP:10(14) Pw:8(8) AC:7 Xp:1/8 T:101                                  

",4.0,False
43,east,,"message:


language observation:
gold piece far east
stairs up far westsouthwest
dark area near west
dark area very near east
dark area adjacent north, northeast, southeast, south, southwest, and northwest

cursor:
Yourself a priestess
(x=43, y=8)

map:
                                                                                
                                                                                
                                                                                
                                                                                
                                                                                
                                                            |                   
                                         #          ........|                   
                                       ####@#  ...........$..                   
                                        ##          ........|                   
                                        #                   |                   
                                        #                                       
                                        #                                       
                                      ##                                        
                       -----------.-- #                                         
                       |.............##                                         
                       |.....<......|                                           
                       |............|                                           
                       |............|                                           
                       --------------                                           
                                                                                
                                                                                
Agent the Aspirant             St:10 Dx:14 Co:12 In:13 Wi:18 Ch:8 Neutral S:85  
Dlvl:2 $:3 HP:10(14) Pw:8(8) AC:7 Xp:1/8 T:102                                  

",0.0,False
44,far east,,"message:


language observation:
gold piece far east
stairs up far westsouthwest
dark area far west
horizontal wall near northeast and southeast
kobold zombie very near eastnortheast
dark area very near southwest and northwest
vertical wall adjacent north and south
tame kitten adjacent west

cursor:
Yourself a priestess
(x=47, y=8)

map:
                                                                                
                                                                                
                                                                                
                                                                                
                                                -------------                   
                                                ............|                   
                                         #    #|.Z..........|                   
                                       #######f@..........$..                   
                                        ##    #|............|                   
                                        #       ............|                   
                                        #       -------------                   
                                        #                                       
                                      ##                                        
                       -----------.-- #                                         
                       |.............##                                         
                       |.....<......|                                           
                       |............|                                           
                       |............|                                           
                       --------------                                           
                                                                                
                                                                                
Agent the Aspirant             St:10 Dx:14 Co:12 In:13 Wi:18 Ch:8 Neutral S:85  
Dlvl:2 $:3 HP:11(14) Pw:8(8) AC:7 Xp:1/8 T:106                                  

",0.0,False
45,east,,"message:


language observation:
gold piece far east
stairs up far westsouthwest
horizontal wall near north, northeast, southeast, and south
vertical closed door very near northnorthwest
kobold zombie adjacent northeast
vertical wall adjacent southwest and northwest
doorway adjacent west

cursor:
Yourself a priestess
(x=48, y=8)

map:
                                                                                
                                                                                
                                                                                
                                                                                
                                               --------------                   
                                               +............|                   
                                         #    #|.Z..........|                   
                                       ########.@.........$..                   
                                        ##    #|............|                   
                                        #      |............|                   
                                        #      --------------                   
                                        #                                       
                                      ##                                        
                       -----------.-- #                                         
                       |.............##                                         
                       |.....<......|                                           
                       |............|                                           
                       |............|                                           
                       --------------                                           
                                                                                
                                                                                
Agent the Aspirant             St:10 Dx:14 Co:12 In:13 Wi:18 Ch:8 Neutral S:85  
Dlvl:2 $:3 HP:11(14) Pw:8(8) AC:7 Xp:1/8 T:107                                  

",0.0,False
46,northeast,,"message:
You destroy the kobold zombie!

language observation:
gold piece far east
stairs up far westsouthwest
horizontal wall near north, northeast, southeast, and south
vertical closed door very near northnorthwest
kobold corpse adjacent northeast
vertical wall adjacent southwest and northwest
doorway adjacent west

cursor:
Yourself a priestess
(x=48, y=8)

map:
                                                                                
                                                                                
                                                                                
                                                                                
                                               --------------                   
                                               +............|                   
                                         #    #|.%..........|                   
                                       ########.@.........$..                   
                                        ##    #|............|                   
                                        #      |............|                   
                                        #      --------------                   
                                        #                                       
                                      ##                                        
                       -----------.-- #                                         
                       |.............##                                         
                       |.....<......|                                           
                       |............|                                           
                       |............|                                           
                       --------------                                           
                                                                                
                                                                                
Agent the Aspirant             St:10 Dx:14 Co:12 In:13 Wi:18 Ch:8 Neutral S:89  
Dlvl:2 $:3 HP:11(14) Pw:8(8) AC:7 Xp:1/9 T:108                                  

",4.0,False
47,far east,,"message:
$ - 5 gold pieces.

language observation:
stairs up very far westsouthwest
vertical closed door far westnorthwest
kobold corpse far westnorthwest
horizontal wall near north, south, southwest, and northwest
dark area near east
vertical wall very near northeast and southeast
doorway very near east
tame kitten adjacent west

cursor:
Yourself a priestess
(x=58, y=8)

map:
                                                                                
                                                                                
                                                                                
                                                                                
                                               --------------                   
                                               +............|                   
                                         #    #|.%..........|                   
                                       ########..........f@..                   
                                        ##    #|............|                   
                                        #      |............|                   
                                        #      --------------                   
                                        #                                       
                                      ##                                        
                       -----------.-- #                                         
                       |.............##                                         
                       |.....<......|                                           
                       |............|                                           
                       |............|                                           
                       --------------                                           
                                                                                
                                                                                
Agent the Aspirant             St:10 Dx:14 Co:12 In:13 Wi:18 Ch:8 Neutral S:94  
Dlvl:2 $:8 HP:11(14) Pw:8(8) AC:7 Xp:1/9 T:118                                  

",5.0,False
48,far east,,"message:


language observation:
stairs up very far westsouthwest
vertical closed door far westnorthwest
kobold corpse far westnorthwest
horizontal wall near southwest and northwest
dark area very near east
vertical wall adjacent north and south
dark area adjacent northeast and southeast
tame kitten adjacent west

cursor:
Yourself a priestess
(x=60, y=8)

map:
                                                                                
                                                                                
                                                                                
                                                                                
                                               --------------                   
                                               +............|                   
                                         #    #|.%..........|                   
                                       ########............f@#                  
                                        ##    #|............|                   
                                        #      |............|                   
                                        #      --------------                   
                                        #                                       
                                      ##                                        
                       -----------.-- #                                         
                       |.............##                                         
                       |.....<......|                                           
                       |............|                                           
                       |............|                                           
                       --------------                                           
                                                                                
                                                                                
Agent the Aspirant             St:10 Dx:14 Co:12 In:13 Wi:18 Ch:8 Neutral S:94  
Dlvl:2 $:8 HP:12(14) Pw:8(8) AC:7 Xp:1/9 T:120                                  

",0.0,False
49,east,,"message:


language observation:
stairs up very far westsouthwest
vertical closed door far westnorthwest
kobold corpse far westnorthwest
dark area very near east
dark area adjacent north, northeast, southeast, and south
vertical wall adjacent southwest and northwest
doorway adjacent west

cursor:
Yourself a priestess
(x=61, y=8)

map:
                                                                                
                                                                                
                                                                                
                                                                                
                                               --------------                   
                                               +............|                   
                                         #    #|.%..........|                   
                                       ########..............@#                 
                                        ##    #|............|                   
                                        #      |............|                   
                                        #      --------------                   
                                        #                                       
                                      ##                                        
                       -----------.-- #                                         
                       |.............##                                         
                       |.....<......|                                           
                       |............|                                           
                       |............|                                           
                       --------------                                           
                                                                                
                                                                                
Agent the Aspirant             St:10 Dx:14 Co:12 In:13 Wi:18 Ch:8 Neutral S:94  
Dlvl:2 $:8 HP:12(14) Pw:8(8) AC:7 Xp:1/9 T:121                                  

",0.0,False
50,far east,,"message:


language observation:
stairs up very far westsouthwest
scroll labeled LOREM IPSUM far eastnortheast
vertical wall far east
vertical closed door far westsouthwest
kobold corpse far westsouthwest
buckled boots near eastsoutheast
horizontal wall near southeast
horizontal wall very near northeast
dark area very near southwest and west
vertical wall adjacent north and south
tame kitten adjacent southwest
dark area adjacent northwest

cursor:
Yourself a priestess
(x=66, y=5)

map:
                                                                                
                                                                                
                                                                   ---------    
                                                                  |.......?|    
                                               --------------    #@........|    
                                               +............|    f|........|    
                                         #    #|.%..........|    # ....[...|    
                                       ########..............##### ------- -    
                                        ##    #|............|                   
                                        #      |............|                   
                                        #      --------------                   
                                        #                                       
                                      ##                                        
                       -----------.-- #                                         
                       |.............##                                         
                       |.....<......|                                           
                       |............|                                           
                       |............|                                           
                       --------------                                           
                                                                                
                                                                                
Agent the Aspirant             St:10 Dx:14 Co:12 In:13 Wi:18 Ch:8 Neutral S:94  
Dlvl:2 $:8 HP:12(14) Pw:8(8) AC:7 Xp:1/9 T:129                                  

",0.0,False
51,far east,,"message:
The kitten picks up a pair of buckled boots.
The kitten drops a pair of buckled boots.  It's a wall.

language observation:
vertical closed door very far westsouthwest
kobold corpse very far westsouthwest
stairs up very far westsouthwest
doorway far west
doorway near south
dark area near south
horizontal wall near southwest
horizontal wall very near north and northwest
tame kitten very near south
scroll labeled LOREM IPSUM adjacent north
vertical wall adjacent northeast, east, and southeast
buckled boots adjacent southwest

cursor:
Yourself a priestess
(x=74, y=5)

map:
                                                                                
                                                                                
                                                                  ----------    
                                                                  |.......?|    
                                               --------------    #........@|    
                                               +............|    #|......[.|    
                                         #    #|.%..........|    #|.......f|    
                                       ########..............#####--------.-    
                                        ##    #|............|                   
                                        #      |............|                   
                                        #      --------------                   
                                        #                                       
                                      ##                                        
                       -----------.-- #                                         
                       |.............##                                         
                       |.....<......|                                           
                       |............|                                           
                       |............|                                           
                       --------------                                           
                                                                                
                                                                                
Agent the Aspirant             St:10 Dx:14 Co:12 In:13 Wi:18 Ch:8 Neutral S:94  
Dlvl:2 $:8 HP:13(14) Pw:8(8) AC:7 Xp:1/9 T:137                                  

",0.0,False
52,north,,"message:
j - a scroll labeled LOREM IPSUM.
The kitten picks up a pair of buckled boots.

language observation:
vertical closed door very far westsouthwest
kobold corpse very far westsouthwest
stairs up very far westsouthwest
vertical wall far west
doorway near south
dark area near south
horizontal wall near southwest
horizontal wall adjacent north and northwest
northeast room corner adjacent northeast
vertical wall adjacent east and southeast
tame kitten adjacent south

cursor:
Yourself a priestess
(x=74, y=4)

map:
                                                                                
                                                                                
                                                                  ----------    
                                                                  |.......@|    
                                               --------------    #........f|    
                                               +............|    #|........|    
                                         #    #|.%..........|    #|........|    
                                       ########..............#####--------.-    
                                        ##    #|............|                   
                                        #      |............|                   
                                        #      --------------                   
                                        #                                       
                                      ##                                        
                       -----------.-- #                                         
                       |.............##                                         
                       |.....<......|                                           
                       |............|                                           
                       |............|                                           
                       --------------                                           
                                                                                
                                                                                
Agent the Aspirant             St:10 Dx:14 Co:12 In:13 Wi:18 Ch:8 Neutral S:94  
Dlvl:2 $:8 HP:13(14) Pw:8(8) AC:7 Xp:1/9 T:138                                  

",0.0,False
53,far south,,"message:
You swap places with your kitten.
The kitten drops a pair of buckled boots.

language observation:
stairs up very far westsouthwest
vertical closed door very far westnorthwest
kobold corpse very far westnorthwest
horizontal wall near north and northwest
tame kitten very near north
dark area very near south
vertical wall adjacent northeast
southeast corner adjacent east
dark area adjacent southeast and southwest
horizontal wall adjacent west

cursor:
Yourself a priestess
(x=74, y=8)

map:
                                                                                
                                                                                
                                                                  ----------    
                                                                  |........|    
                                               --------------    #.........|    
                                               +............|    #|.......f|    
                                         #    #|.%..........|    #|........|    
                                       ########..............#####--------@-    
                                        ##    #|............|             #     
                                        #      |............|                   
                                        #      --------------                   
                                        #                                       
                                      ##                                        
                       -----------.-- #                                         
                       |.............##                                         
                       |.....<......|                                           
                       |............|                                           
                       |............|                                           
                       --------------                                           
                                                                                
                                                                                
Agent the Aspirant             St:10 Dx:14 Co:12 In:13 Wi:18 Ch:8 Neutral S:94  
Dlvl:2 $:8 HP:13(14) Pw:8(8) AC:7 Xp:1/9 T:142                                  

",0.0,False
54,far south,,"message:
The kitten picks up a pair of buckled boots.

language observation:
stairs up very far westsouthwest
vertical closed door very far westnorthwest
kobold corpse very far westnorthwest
dark area near north
horizontal wall near south and southwest
gold piece near southsouthwest
stairs down very near westsouthwest
dark area adjacent northeast and northwest
northeast room corner adjacent east
vertical wall adjacent southeast
horizontal wall adjacent west

cursor:
Yourself a priestess
(x=75, y=15)

map:
                                                                                
                                                                                
                                                                  ----------    
                                                                  |........|    
                                               --------------    #.........|    
                                               +............|    #|........|    
                                         #    #|.%..........|    #|........|    
                                       ########..............#####--------.-    
                                        ##    #|............|             #     
                                        #      |............|             #     
                                        #      --------------             ##    
                                        #                                  #    
                                      ##                                   #    
                       -----------.-- #                                    #    
                       |.............##                                   -@-   
                       |.....<......|                                    >..|   
                       |............|                                  .....|   
                       |............|                                .......|   
                       --------------                              .....$...|   
                                                                  -----------   
                                                                                
Agent the Aspirant             St:10 Dx:14 Co:12 In:13 Wi:18 Ch:8 Neutral S:94  
Dlvl:2 $:8 HP:13(14) Pw:8(8) AC:7 Xp:1/9 T:149                                  

",0.0,False
55,southwest,,"message:


language observation:
stairs up very far west
vertical closed door very far westnorthwest
kobold corpse very far westnorthwest
vertical closed door far westsouthwest
vertical wall far west
horizontal wall near south and southwest
gold piece near southsouthwest
dark area very near northeast and northwest
vertical wall very near east and southeast
horizontal wall adjacent north
doorway adjacent northeast and northwest
stairs down adjacent west

cursor:
Yourself a priestess
(x=74, y=16)

map:
                                                                                
                                                                                
                                                                  ----------    
                                                                  |........|    
                                               --------------    #.........|    
                                               +............|    #|........|    
                                         #    #|.%..........|    #|........|    
                                       ########..............#####--------.-    
                                        ##    #|............|             #     
                                        #      |............|             #     
                                        #      --------------             ##    
                                        #                                  #    
                                      ##                                   #    
                       -----------.-- #                                    #    
                       |.............##                           --- ---.-.-   
                       |.....<......|                             |......>@.|   
                       |............|                             |.........|   
                       |............|                             +.........|   
                       --------------                             |.....$...|   
                                                                  -----------   
                                                                                
Agent the Aspirant             St:10 Dx:14 Co:12 In:13 Wi:18 Ch:8 Neutral S:94  
Dlvl:2 $:8 HP:14(14) Pw:8(8) AC:7 Xp:1/9 T:150                                  

",0.0,False
56,west,,"message:


language observation:
stairs up very far west
vertical closed door very far westnorthwest
kobold corpse very far westnorthwest
vertical closed door far westsouthwest
vertical wall far west
vertical wall near east and southeast
horizontal wall near south and southwest
gold piece near southsouthwest
dark area very near north
doorway adjacent north
horizontal wall adjacent northeast and northwest

cursor:
Yourself a priestess
(x=73, y=16)

map:
                                                                                
                                                                                
                                                                  ----------    
                                                                  |........|    
                                               --------------    #.........|    
                                               +............|    #|........|    
                                         #    #|.%..........|    #|........|    
                                       ########..............#####--------.-    
                                        ##    #|............|             #     
                                        #      |............|             #     
                                        #      --------------             ##    
                                        #                                  #    
                                      ##                                   #    
                       -----------.-- #                                    #    
                       |.............##                           --- ---.-.-   
                       |.....<......|                             |......@..|   
                       |............|                             |.........|   
                       |............|                             +.........|   
                       --------------                             |.....$...|   
                                                                  -----------   
                                                                                
Agent the Aspirant             St:10 Dx:14 Co:12 In:13 Wi:18 Ch:8 Neutral S:94  
Dlvl:2 $:8 HP:14(14) Pw:8(8) AC:7 Xp:1/9 T:151                                  

",0.0,False
57,west,,"message:


language observation:
stairs up very far west
vertical closed door very far westnorthwest
kobold corpse very far westnorthwest
vertical closed door far westsouthwest
vertical wall far west
vertical wall near east
southeast corner near southeast
gold piece near south
horizontal wall near south and southwest
dark area very near northeast
tame kitten very near east
horizontal wall adjacent north and northwest
doorway adjacent northeast
stairs down adjacent east

cursor:
Yourself a priestess
(x=72, y=16)

map:
                                                                                
                                                                                
                                                                  ----------    
                                                                  |........|    
                                               --------------    #.........|    
                                               +............|    #|........|    
                                         #    #|.%..........|    #|........|    
                                       ########..............#####--------.-    
                                        ##    #|............|             #     
                                        #      |............|             #     
                                        #      --------------             ##    
                                        #                                  #    
                                      ##                                   #    
                       -----------.-- #                                    #    
                       |.............##                           --- ---.-.-   
                       |.....<......|                             |.....@>f.|   
                       |............|                             |.........|   
                       |............|                             +.........|   
                       --------------                             |.....$...|   
                                                                  -----------   
                                                                                
Agent the Aspirant             St:10 Dx:14 Co:12 In:13 Wi:18 Ch:8 Neutral S:94  
Dlvl:2 $:8 HP:14(14) Pw:8(8) AC:7 Xp:1/9 T:152                                  

",0.0,False
58,east,,"message:


language observation:
stairs up very far west
vertical closed door very far westnorthwest
kobold corpse very far westnorthwest
vertical closed door far westsouthwest
vertical wall far west
vertical wall near east and southeast
horizontal wall near south and southwest
gold piece near southsouthwest
dark area very near north
tame kitten very near eastsoutheast
doorway adjacent north
horizontal wall adjacent northeast and northwest

cursor:
Yourself a priestess
(x=73, y=16)

map:
                                                                                
                                                                                
                                                                  ----------    
                                                                  |........|    
                                               --------------    #.........|    
                                               +............|    #|........|    
                                         #    #|.%..........|    #|........|    
                                       ########..............#####--------.-    
                                        ##    #|............|             #     
                                        #      |............|             #     
                                        #      --------------             ##    
                                        #                                  #    
                                      ##                                   #    
                       -----------.-- #                                    #    
                       |.............##                           --- ---.-.-   
                       |.....<......|                             |......@..|   
                       |............|                             |........f|   
                       |............|                             +.........|   
                       --------------                             |.....$...|   
                                                                  -----------   
                                                                                
Agent the Aspirant             St:10 Dx:14 Co:12 In:13 Wi:18 Ch:8 Neutral S:94  
Dlvl:2 $:8 HP:14(14) Pw:8(8) AC:7 Xp:1/9 T:153                                  

",0.0,False
59,down,,"message:
You descend the stairs.


language observation:
vertical wall far east and west
horizontal wall near southeast, south, and southwest
horizontal wall very near north, northeast, and northwest

cursor:
Yourself a priestess
(x=29, y=16)

map:
                                                                                
                                                                                
                                                                                
                                                                                
                                                                                
                                                                                
                                                                                
                                                                                
                                                                                
                                                                                
                                                                                
                                                                                
                                                                                
                       ----------- --                                           
                       |.............                                           
                       |.....@......|                                           
                       |............|                                           
                       |............|                                           
                       --------------                                           
                                                                                
                                                                                
Agent the Aspirant             St:10 Dx:14 Co:12 In:13 Wi:18 Ch:8 Neutral S:144 
Dlvl:3 $:8 HP:14(14) Pw:8(8) AC:7 Xp:1/9 T:154                                  

",50.0,False
60,far east,,"message:
It's a wall.

language observation:
stairs up far west
horizontal wall near south and southwest
horizontal wall very near north and northwest
dark area very near northeast
doorway adjacent northeast
vertical wall adjacent east and southeast

cursor:
Yourself a priestess
(x=35, y=16)

map:
                                                                                
                                                                                
                                                                                
                                                                                
                                                                                
                                                                                
                                                                                
                                                                                
                                                                                
                                                                                
                                                                                
                                                                                
                                                                                
                       -----------.--                                           
                       |.............                                           
                       |.....<.....@|                                           
                       |............|                                           
                       |............|                                           
                       --------------                                           
                                                                                
                                                                                
Agent the Aspirant             St:10 Dx:14 Co:12 In:13 Wi:18 Ch:8 Neutral S:144 
Dlvl:3 $:8 HP:14(14) Pw:8(8) AC:7 Xp:1/9 T:160                                  

",0.0,False
61,northeast,,"message:


language observation:
stairs up far westsouthwest
horizontal wall near southwest
dark area very near east
northeast room corner adjacent north
dark area adjacent northeast and southeast
vertical wall adjacent south
horizontal wall adjacent northwest

cursor:
Yourself a priestess
(x=36, y=15)

map:
                                                                                
                                                                                
                                                                                
                                                                                
                                                                                
                                                                                
                                                                                
                                                                                
                                                                                
                                                                                
                                                                                
                                                                                
                                                                                
                       -----------.--                                           
                       |............@#                                          
                       |.....<......|                                           
                       |............|                                           
                       |............|                                           
                       --------------                                           
                                                                                
                                                                                
Agent the Aspirant             St:10 Dx:14 Co:12 In:13 Wi:18 Ch:8 Neutral S:144 
Dlvl:3 $:8 HP:14(14) Pw:8(8) AC:7 Xp:1/9 T:161                                  

",0.0,False
62,far east,,"message:
You hear a door open.  It's solid stone.

language observation:
egg far east
stairs up far westsouthwest
dark area near south
dark area very near northeast, east, southeast, and west
dark area adjacent north, southwest, and northwest

cursor:
Yourself a priestess
(x=40, y=8)

map:
                                                                                
                                                                                
                                                                                
                                                                                
                                                                                
                                                            |                   
                                         #             .....|                   
                                       #@#     .......%......                   
                                        ##             .....|                   
                                        #                   |                   
                                        #                                       
                                        #                                       
                                      ##                                        
                       -----------.-- #                                         
                       |.............##                                         
                       |.....<......|                                           
                       |............|                                           
                       |............|                                           
                       --------------                                           
                                                                                
                                                                                
Agent the Aspirant             St:10 Dx:14 Co:12 In:13 Wi:18 Ch:8 Neutral S:144 
Dlvl:3 $:8 HP:14(14) Pw:8(8) AC:7 Xp:1/9 T:171                                  

",0.0,False
63,east,,"message:


language observation:
egg far east
stairs up far westsouthwest
dark area near west
dark area very near north, east, south, and southwest
dark area adjacent northeast, southeast, and northwest

cursor:
Yourself a priestess
(x=41, y=8)

map:
                                                                                
                                                                                
                                                                                
                                                                                
                                                                                
                                                            |                   
                                         #            ......|                   
                                       ##@#    .......%......                   
                                        ##            ......|                   
                                        #                   |                   
                                        #                                       
                                        #                                       
                                      ##                                        
                       -----------.-- #                                         
                       |.............##                                         
                       |.....<......|                                           
                       |............|                                           
                       |............|                                           
                       --------------                                           
                                                                                
                                                                                
Agent the Aspirant             St:10 Dx:14 Co:12 In:13 Wi:18 Ch:8 Neutral S:144 
Dlvl:3 $:8 HP:14(14) Pw:8(8) AC:7 Xp:1/9 T:172                                  

",0.0,False
64,far east,,"message:


language observation:
egg far east
stairs up far westsouthwest
dark area far west
horizontal wall near northeast and southeast
fountain very near southeast
dark area very near southwest and northwest
vertical wall adjacent north and south

cursor:
Yourself a priestess
(x=47, y=8)

map:
                                                                                
                                                                                
                                                                                
                                                                                
                                                -------------                   
                                                ............|                   
                                         #    #|............|                   
                                       ########@......%......                   
                                        ##    #|............|                   
                                        #       .{..........|                   
                                        #       -------------                   
                                        #                                       
                                      ##                                        
                       -----------.-- #                                         
                       |.............##                                         
                       |.....<......|                                           
                       |............|                                           
                       |............|                                           
                       --------------                                           
                                                                                
                                                                                
Agent the Aspirant             St:10 Dx:14 Co:12 In:13 Wi:18 Ch:8 Neutral S:144 
Dlvl:3 $:8 HP:14(14) Pw:8(8) AC:7 Xp:1/9 T:178                                  

",0.0,False
65,far east,,"message:
You see here an egg.

language observation:
stairs up very far westsouthwest
doorway far east and west
dark area far east
vertical closed door far westnorthwest
horizontal wall near north, northeast, southeast, south, southwest, and northwest
fountain near westsouthwest
kobold very near east

cursor:
Yourself a priestess
(x=54, y=8)

map:
                                                                                
                                                                                
                                                                                
                                                                                
                                               --------------                   
                                               +............|                   
                                         #    #|............|                   
                                       ########.......@.k....                   
                                        ##    #|............|                   
                                        #      |.{..........|                   
                                        #      --------------                   
                                        #                                       
                                      ##                                        
                       -----------.-- #                                         
                       |.............##                                         
                       |.....<......|                                           
                       |............|                                           
                       |............|                                           
                       --------------                                           
                                                                                
                                                                                
Agent the Aspirant             St:10 Dx:14 Co:12 In:13 Wi:18 Ch:8 Neutral S:144 
Dlvl:3 $:8 HP:14(14) Pw:8(8) AC:7 Xp:1/9 T:185                                  

",0.0,False
66,east,,"message:
The kobold hits!

language observation:
stairs up very far westsouthwest
dark area far east
fountain far westsouthwest
doorway far west
vertical closed door far westnorthwest
horizontal wall near north, northeast, southeast, south, southwest, and northwest
doorway near east
kobold adjacent east
egg adjacent west

cursor:
Yourself a priestess
(x=55, y=8)

map:
                                                                                
                                                                                
                                                                                
                                                                                
                                               --------------                   
                                               +............|                   
                                         #    #|............|                   
                                       ########.......%@k....                   
                                        ##    #|............|                   
                                        #      |.{..........|                   
                                        #      --------------                   
                                        #                                       
                                      ##                                        
                       -----------.-- #                                         
                       |.............##                                         
                       |.....<......|                                           
                       |............|                                           
                       |............|                                           
                       --------------                                           
                                                                                
                                                                                
Agent the Aspirant             St:10 Dx:14 Co:12 In:13 Wi:18 Ch:8 Neutral S:144 
Dlvl:3 $:8 HP:13(14) Pw:8(8) AC:7 Xp:1/9 T:186                                  

",0.0,False
67,east,,"message:
You miss the kobold.  The kobold hits!

language observation:
stairs up very far westsouthwest
dark area far east
fountain far westsouthwest
doorway far west
vertical closed door far westnorthwest
horizontal wall near north, northeast, southeast, south, southwest, and northwest
doorway near east
kobold adjacent east
egg adjacent west

cursor:
Yourself a priestess
(x=55, y=8)

map:
                                                                                
                                                                                
                                                                                
                                                                                
                                               --------------                   
                                               +............|                   
                                         #    #|............|                   
                                       ########.......%@k....                   
                                        ##    #|............|                   
                                        #      |.{..........|                   
                                        #      --------------                   
                                        #                                       
                                      ##                                        
                       -----------.-- #                                         
                       |.............##                                         
                       |.....<......|                                           
                       |............|                                           
                       |............|                                           
                       --------------                                           
                                                                                
                                                                                
Agent the Aspirant             St:10 Dx:14 Co:12 In:13 Wi:18 Ch:8 Neutral S:144 
Dlvl:3 $:8 HP:9(14) Pw:8(8) AC:7 Xp:1/9 T:187                                   

",0.0,False
68,east,,"message:
You kill the kobold!

language observation:
stairs up very far westsouthwest
dark area far east
fountain far westsouthwest
doorway far west
vertical closed door far westnorthwest
horizontal wall near north, northeast, southeast, south, southwest, and northwest
doorway near east
egg adjacent west

cursor:
Yourself a priestess
(x=55, y=8)

map:
                                                                                
                                                                                
                                                                                
                                                                                
                                               --------------                   
                                               +............|                   
                                         #    #|............|                   
                                       ########.......%@.....                   
                                        ##    #|............|                   
                                        #      |.{..........|                   
                                        #      --------------                   
                                        #                                       
                                      ##                                        
                       -----------.-- #                                         
                       |.............##                                         
                       |.....<......|                                           
                       |............|                                           
                       |............|                                           
                       --------------                                           
                                                                                
                                                                                
Agent the Aspirant             St:10 Dx:14 Co:12 In:13 Wi:18 Ch:8 Neutral S:168 
Dlvl:3 $:8 HP:9(14) Pw:8(8) AC:7 Xp:1/15 T:188                                  

",24.0,False
69,far east,,"message:


language observation:
stairs up very far westsouthwest
fountain far westsouthwest
egg far west
vertical closed door far westnorthwest
horizontal wall near southwest and northwest
dark area very near east
vertical wall adjacent north and south
dark area adjacent northeast and southeast

cursor:
Yourself a priestess
(x=60, y=8)

map:
                                                                                
                                                                                
                                                                                
                                                                                
                                               --------------                   
                                               +............|                   
                                         #    #|............|                   
                                       ########.......%.....@#                  
                                        ##    #|............|                   
                                        #      |.{..........|                   
                                        #      --------------                   
                                        #                                       
                                      ##                                        
                       -----------.-- #                                         
                       |.............##                                         
                       |.....<......|                                           
                       |............|                                           
                       |............|                                           
                       --------------                                           
                                                                                
                                                                                
Agent the Aspirant             St:10 Dx:14 Co:12 In:13 Wi:18 Ch:8 Neutral S:168 
Dlvl:3 $:8 HP:9(14) Pw:8(8) AC:7 Xp:1/15 T:193                                  

",0.0,False
70,far east,,"message:


language observation:
stairs up very far westsouthwest
gold piece far eastnortheast
vertical wall far east
vertical closed door far westsouthwest
egg far westsouthwest
fountain far westsouthwest
horizontal wall near southeast
horizontal wall very near northeast
dark area very near southwest and west
vertical wall adjacent north and south
dark area adjacent northwest

cursor:
Yourself a priestess
(x=66, y=5)

map:
                                                                                
                                                                                
                                                                   ---------    
                                                                  |.......$|    
                                               --------------    #@........|    
                                               +............|    #|........|    
                                         #    #|............|    # ........|    
                                       ########.......%......##### ------- -    
                                        ##    #|............|                   
                                        #      |.{..........|                   
                                        #      --------------                   
                                        #                                       
                                      ##                                        
                       -----------.-- #                                         
                       |.............##                                         
                       |.....<......|                                           
                       |............|                                           
                       |............|                                           
                       --------------                                           
                                                                                
                                                                                
Agent the Aspirant             St:10 Dx:14 Co:12 In:13 Wi:18 Ch:8 Neutral S:168 
Dlvl:3 $:8 HP:10(14) Pw:8(8) AC:7 Xp:1/15 T:202                                 

",0.0,False
71,far east,,"message:
It's a wall.

language observation:
vertical closed door very far westsouthwest
egg very far westsouthwest
fountain very far westsouthwest
stairs up very far westsouthwest
doorway far west
doorway near south
dark area near south
horizontal wall near southwest
horizontal wall very near north and northwest
gold piece adjacent north
vertical wall adjacent northeast, east, and southeast

cursor:
Yourself a priestess
(x=74, y=5)

map:
                                                                                
                                                                                
                                                                  ----------    
                                                                  |.......$|    
                                               --------------    #........@|    
                                               +............|    #|........|    
                                         #    #|............|    #|........|    
                                       ########.......%......#####--------.-    
                                        ##    #|............|                   
                                        #      |.{..........|                   
                                        #      --------------                   
                                        #                                       
                                      ##                                        
                       -----------.-- #                                         
                       |.............##                                         
                       |.....<......|                                           
                       |............|                                           
                       |............|                                           
                       --------------                                           
                                                                                
                                                                                
Agent the Aspirant             St:10 Dx:14 Co:12 In:13 Wi:18 Ch:8 Neutral S:168 
Dlvl:3 $:8 HP:11(14) Pw:8(8) AC:7 Xp:1/15 T:210                                 

",0.0,False
72,north,,"message:
$ - 9 gold pieces.

language observation:
vertical closed door very far westsouthwest
egg very far westsouthwest
fountain very far westsouthwest
stairs up very far westsouthwest
vertical wall far west
doorway near south
dark area near south
horizontal wall near southwest
horizontal wall adjacent north and northwest
northeast room corner adjacent northeast
vertical wall adjacent east and southeast

cursor:
Yourself a priestess
(x=74, y=4)

map:
                                                                                
                                                                                
                                                                  ----------    
                                                                  |.......@|    
                                               --------------    #.........|    
                                               +............|    #|........|    
                                         #    #|............|    #|........|    
                                       ########.......%......#####--------.-    
                                        ##    #|............|                   
                                        #      |.{..........|                   
                                        #      --------------                   
                                        #                                       
                                      ##                                        
                       -----------.-- #                                         
                       |.............##                                         
                       |.....<......|                                           
                       |............|                                           
                       |............|                                           
                       --------------                                           
                                                                                
                                                                                
Agent the Aspirant             St:10 Dx:14 Co:12 In:13 Wi:18 Ch:8 Neutral S:177 
Dlvl:3 $:17 HP:11(14) Pw:8(8) AC:7 Xp:1/15 T:211                                

",9.0,False
73,west,,"message:


language observation:
vertical closed door very far westsouthwest
fountain very far westsouthwest
stairs up very far westsouthwest
egg far westsouthwest
vertical wall far west
horizontal wall near south and southwest
vertical wall very near east and southeast
horizontal wall adjacent north, northeast, and northwest

cursor:
Yourself a priestess
(x=73, y=4)

map:
                                                                                
                                                                                
                                                                  ----------    
                                                                  |......@.|    
                                               --------------    #.........|    
                                               +............|    #|........|    
                                         #    #|............|    #|........|    
                                       ########.......%......#####--------.-    
                                        ##    #|............|                   
                                        #      |.{..........|                   
                                        #      --------------                   
                                        #                                       
                                      ##                                        
                       -----------.-- #                                         
                       |.............##                                         
                       |.....<......|                                           
                       |............|                                           
                       |............|                                           
                       --------------                                           
                                                                                
                                                                                
Agent the Aspirant             St:10 Dx:14 Co:12 In:13 Wi:18 Ch:8 Neutral S:177 
Dlvl:3 $:17 HP:11(14) Pw:8(8) AC:7 Xp:1/15 T:212                                

",0.0,False
74,southeast,,"message:


language observation:
vertical closed door very far westsouthwest
egg very far westsouthwest
fountain very far westsouthwest
stairs up very far westsouthwest
doorway far west
doorway near south
dark area near south
horizontal wall near southwest
horizontal wall very near north and northwest
vertical wall adjacent northeast, east, and southeast

cursor:
Yourself a priestess
(x=74, y=5)

map:
                                                                                
                                                                                
                                                                  ----------    
                                                                  |........|    
                                               --------------    #........@|    
                                               +............|    #|........|    
                                         #    #|............|    #|........|    
                                       ########.......%......#####--------.-    
                                        ##    #|............|                   
                                        #      |.{..........|                   
                                        #      --------------                   
                                        #                                       
                                      ##                                        
                       -----------.-- #                                         
                       |.............##                                         
                       |.....<......|                                           
                       |............|                                           
                       |............|                                           
                       --------------                                           
                                                                                
                                                                                
Agent the Aspirant             St:10 Dx:14 Co:12 In:13 Wi:18 Ch:8 Neutral S:177 
Dlvl:3 $:17 HP:11(14) Pw:8(8) AC:7 Xp:1/15 T:213                                

",0.0,False
75,far south,,"message:
You are hit by a runed dagger.

language observation:
fountain very far westsouthwest
stairs up very far westsouthwest
egg very far west
vertical closed door very far westnorthwest
horizontal wall near north and northwest
dark area very near south
vertical wall adjacent northeast
southeast corner adjacent east
dark area adjacent southeast and southwest
horizontal wall adjacent west

cursor:
Yourself a priestess
(x=74, y=8)

map:
                                                                                
                                                                                
                                                                  ----------    
                                                                  |........|    
                                               --------------    #.........|    
                                               +............|    #|........|    
                                         #    #|............|    #|........|    
                                       ########.......%......#####--------@-    
                                        ##    #|............|             #     
                                        #      |.{..........|                   
                                        #      --------------                   
                                        #                                       
                                      ##                                        
                       -----------.-- #                                         
                       |.............##                                         
                       |.....<......|                                           
                       |............|                                           
                       |............|                                           
                       --------------                                           
                                                                                
                                                                                
Agent the Aspirant             St:10 Dx:14 Co:12 In:13 Wi:18 Ch:8 Neutral S:177 
Dlvl:3 $:17 HP:10(14) Pw:8(8) AC:7 Xp:1/15 T:216                                

",0.0,False
76,south,,"message:


language observation:
fountain very far westsouthwest
stairs up very far westsouthwest
vertical closed door very far westnorthwest
egg very far westnorthwest
horizontal wall far north
dark area very near south
elven dagger adjacent north
southeast corner adjacent northeast
dark area adjacent east, southeast, southwest, and west
hobbit adjacent south
horizontal wall adjacent northwest

cursor:
Yourself a priestess
(x=74, y=9)

map:
                                                                                
                                                                                
                                                                  ----------    
                                                                  |........|    
                                               --------------    #.........|    
                                               +............|    #|........|    
                                         #    #|............|    #|........|    
                                       ########.......%......#####--------)-    
                                        ##    #|............|             @     
                                        #      |.{..........|             h     
                                        #      --------------                   
                                        #                                       
                                      ##                                        
                       -----------.-- #                                         
                       |.............##                                         
                       |.....<......|                                           
                       |............|                                           
                       |............|                                           
                       --------------                                           
                                                                                
                                                                                
Agent the Aspirant             St:10 Dx:14 Co:12 In:13 Wi:18 Ch:8 Neutral S:177 
Dlvl:3 $:17 HP:10(14) Pw:8(8) AC:7 Xp:1/15 T:217                                

",0.0,False
77,south,,"message:
You miss the hobbit.  The hobbit misses!

language observation:
fountain very far westsouthwest
stairs up very far westsouthwest
vertical closed door very far westnorthwest
egg very far westnorthwest
horizontal wall far north
dark area very near south
elven dagger adjacent north
southeast corner adjacent northeast
dark area adjacent east, southeast, southwest, and west
hobbit adjacent south
horizontal wall adjacent northwest

cursor:
Yourself a priestess
(x=74, y=9)

map:
                                                                                
                                                                                
                                                                  ----------    
                                                                  |........|    
                                               --------------    #.........|    
                                               +............|    #|........|    
                                         #    #|............|    #|........|    
                                       ########.......%......#####--------)-    
                                        ##    #|............|             @     
                                        #      |.{..........|             h     
                                        #      --------------                   
                                        #                                       
                                      ##                                        
                       -----------.-- #                                         
                       |.............##                                         
                       |.....<......|                                           
                       |............|                                           
                       |............|                                           
                       --------------                                           
                                                                                
                                                                                
Agent the Aspirant             St:10 Dx:14 Co:12 In:13 Wi:18 Ch:8 Neutral S:177 
Dlvl:3 $:17 HP:10(14) Pw:8(8) AC:7 Xp:1/15 T:218                                

",0.0,False
78,south,,"message:
You kill the hobbit!  Welcome to experience level 2.

language observation:
fountain very far westsouthwest
stairs up very far westsouthwest
vertical closed door very far westnorthwest
egg very far westnorthwest
horizontal wall far north
dark area very near south
elven dagger adjacent north
southeast corner adjacent northeast
dark area adjacent east, southeast, southwest, and west
hobbit corpse adjacent south
horizontal wall adjacent northwest

cursor:
Yourself a priestess
(x=74, y=9)

map:
                                                                                
                                                                                
                                                                  ----------    
                                                                  |........|    
                                               --------------    #.........|    
                                               +............|    #|........|    
                                         #    #|............|    #|........|    
                                       ########.......%......#####--------)-    
                                        ##    #|............|             @     
                                        #      |.{..........|             %     
                                        #      --------------                   
                                        #                                       
                                      ##                                        
                       -----------.-- #                                         
                       |.............##                                         
                       |.....<......|                                           
                       |............|                                           
                       |............|                                           
                       --------------                                           
                                                                                
                                                                                
Agent the Aspirant             St:10 Dx:14 Co:12 In:13 Wi:18 Ch:8 Neutral S:205 
Dlvl:3 $:17 HP:14(18) Pw:20(20) AC:7 Xp:2/22 T:219                              

",28.0,False
79,south,,"message:
You see here a hobbit corpse.

language observation:
stairs up very far westsouthwest
fountain very far west
vertical closed door very far westnorthwest
egg very far westnorthwest
horizontal wall far north
elven dagger very near north
dark area very near southeast and south
dark area adjacent northeast, east, southwest, west, and northwest

cursor:
Yourself a priestess
(x=74, y=10)

map:
                                                                                
                                                                                
                                                                  ----------    
                                                                  |........|    
                                               --------------    #.........|    
                                               +............|    #|........|    
                                         #    #|............|    #|........|    
                                       ########.......%......#####--------)-    
                                        ##    #|............|             #     
                                        #      |.{..........|             @     
                                        #      --------------             ##    
                                        #                                       
                                      ##                                        
                       -----------.-- #                                         
                       |.............##                                         
                       |.....<......|                                           
                       |............|                                           
                       |............|                                           
                       --------------                                           
                                                                                
                                                                                
Agent the Aspirant             St:10 Dx:14 Co:12 In:13 Wi:18 Ch:8 Neutral S:205 
Dlvl:3 $:17 HP:15(18) Pw:20(20) AC:7 Xp:2/22 T:220                              

",0.0,False
80,far south,,"message:


language observation:
stairs up very far westsouthwest
vertical closed door very far westnorthwest
egg very far westnorthwest
fountain very far westnorthwest
gold piece far westsouthwest
elven dagger far northnorthwest
dark area near north
horizontal wall near south and southwest
hobbit corpse near northnorthwest
stairs down very near westsouthwest
dark area adjacent northeast and northwest
northeast room corner adjacent east
vertical wall adjacent southeast
horizontal wall adjacent west

cursor:
Yourself a priestess
(x=75, y=15)

map:
                                                                                
                                                                                
                                                                  ----------    
                                                                  |........|    
                                               --------------    #.........|    
                                               +............|    #|........|    
                                         #    #|............|    #|........|    
                                       ########.......%......#####--------)-    
                                        ##    #|............|             #     
                                        #      |.{..........|             %     
                                        #      --------------             ##    
                                        #                                  #    
                                      ##                                   #    
                       -----------.-- #                                    #    
                       |.............##                                   -@-   
                       |.....<......|                                    >..|   
                       |............|                                  .....|   
                       |............|                                .......|   
                       --------------                              $........|   
                                                                  -----------   
                                                                                
Agent the Aspirant             St:10 Dx:14 Co:12 In:13 Wi:18 Ch:8 Neutral S:205 
Dlvl:3 $:17 HP:15(18) Pw:20(20) AC:7 Xp:2/22 T:225                              

",0.0,False
81,travel,,"

Your previous output did not contain a valid action. Defaulted to action: esc

Observation:
message:


language observation:
stairs up very far westsouthwest
vertical closed door very far westnorthwest
egg very far westnorthwest
fountain very far westnorthwest
gold piece far westsouthwest
elven dagger far northnorthwest
dark area near north
horizontal wall near south and southwest
hobbit corpse near northnorthwest
stairs down very near westsouthwest
dark area adjacent northeast and northwest
northeast room corner adjacent east
vertical wall adjacent southeast
horizontal wall adjacent west

cursor:
Yourself a priestess
(x=75, y=15)

map:
                                                                                
                                                                                
                                                                  ----------    
                                                                  |........|    
                                               --------------    #.........|    
                                               +............|    #|........|    
                                         #    #|............|    #|........|    
                                       ########.......%......#####--------)-    
                                        ##    #|............|             #     
                                        #      |.{..........|             %     
                                        #      --------------             ##    
                                        #                                  #    
                                      ##                                   #    
                       -----------.-- #                                    #    
                       |.............##                                   -@-   
                       |.....<......|                                    >..|   
                       |............|                                  .....|   
                       |............|                                .......|   
                       --------------                              $........|   
                                                                  -----------   
                                                                                
Agent the Aspirant             St:10 Dx:14 Co:12 In:13 Wi:18 Ch:8 Neutral S:205 
Dlvl:3 $:17 HP:15(18) Pw:20(20) AC:7 Xp:2/22 T:225                              

",0.0,False
82,far southwest,,"message:
It's a wall.

language observation:
vertical closed door very far westnorthwest
fountain very far westnorthwest
stairs up very far westnorthwest
elven dagger far northnortheast
hobbit corpse far northnortheast
egg far westnorthwest
horizontal wall near north and northwest
stairs down near northnortheast
doorway near northeast
dark area near northeast
vertical wall near east and west
gold piece near west
horizontal wall adjacent southeast, south, and southwest

cursor:
Yourself a priestess
(x=71, y=19)

map:
                                                                                
                                                                                
                                                                  ----------    
                                                                  |........|    
                                               --------------    #.........|    
                                               +............|    #|........|    
                                         #    #|............|    #|........|    
                                       ########.......%......#####--------)-    
                                        ##    #|............|             #     
                                        #      |.{..........|             %     
                                        #      --------------             ##    
                                        #                                  #    
                                      ##                                   #    
                       -----------.-- #                                    #    
                       |.............##                           ---.---.-.-   
                       |.....<......|                             |......>..|   
                       |............|                             |.........|   
                       |............|                             -.........|   
                       --------------                             |$...@....|   
                                                                  -----------   
                                                                                
Agent the Aspirant             St:10 Dx:14 Co:12 In:13 Wi:18 Ch:8 Neutral S:205 
Dlvl:3 $:17 HP:15(18) Pw:20(20) AC:7 Xp:2/22 T:229                              

",0.0,False
83,northeast,,"message:


language observation:
vertical closed door very far westnorthwest
fountain very far westnorthwest
stairs up very far westnorthwest
elven dagger far northnortheast
hobbit corpse far northnortheast
vertical open door far west
dark area far west
egg far westnorthwest
horizontal wall near north
doorway near northeast and northwest
dark area near northeast and northwest
vertical wall near east
gold piece near westsouthwest
stairs down very near northnortheast
horizontal wall very near southeast, south, and southwest

cursor:
Yourself a priestess
(x=72, y=18)

map:
                                                                                
                                                                                
                                                                  ----------    
                                                                  |........|    
                                               --------------    #.........|    
                                               +............|    #|........|    
                                         #    #|............|    #|........|    
                                       ########.......%......#####--------)-    
                                        ##    #|............|             #     
                                        #      |.{..........|             %     
                                        #      --------------             ##    
                                        #                                  #    
                                      ##                                   #    
                       -----------.-- #                                    #    
                       |.............##                           ---.---.-.-   
                       |.....<......|                             |......>..|   
                       |............|                             |.........|   
                       |............|                             -.....@...|   
                       --------------                             |$........|   
                                                                  -----------   
                                                                                
Agent the Aspirant             St:10 Dx:14 Co:12 In:13 Wi:18 Ch:8 Neutral S:205 
Dlvl:3 $:17 HP:15(18) Pw:20(20) AC:7 Xp:2/22 T:230                              

",0.0,False
84,northeast,,"message:


language observation:
vertical closed door very far westnorthwest
fountain very far westnorthwest
stairs up very far westnorthwest
elven dagger far northnortheast
hobbit corpse far northnortheast
gold piece far westsouthwest
vertical wall far west
egg far westnorthwest
dark area near north and northeast
vertical wall near east
southeast corner near southeast
horizontal wall near south and southwest
doorway very near north and northeast
horizontal wall very near northwest
stairs down adjacent north

cursor:
Yourself a priestess
(x=73, y=17)

map:
                                                                                
                                                                                
                                                                  ----------    
                                                                  |........|    
                                               --------------    #.........|    
                                               +............|    #|........|    
                                         #    #|............|    #|........|    
                                       ########.......%......#####--------)-    
                                        ##    #|............|             #     
                                        #      |.{..........|             %     
                                        #      --------------             ##    
                                        #                                  #    
                                      ##                                   #    
                       -----------.-- #                                    #    
                       |.............##                           ---.---.-.-   
                       |.....<......|                             |......>..|   
                       |............|                             |......@..|   
                       |............|                             -.........|   
                       --------------                             |$........|   
                                                                  -----------   
                                                                                
Agent the Aspirant             St:10 Dx:14 Co:12 In:13 Wi:18 Ch:8 Neutral S:205 
Dlvl:3 $:17 HP:16(18) Pw:20(20) AC:7 Xp:2/22 T:231                              

",0.0,False
85,north,,"message:


language observation:
stairs up very far west
vertical closed door very far westnorthwest
fountain very far westnorthwest
elven dagger far northnortheast
hobbit corpse far northnortheast
gold piece far westsouthwest
vertical wall far west
egg far westnorthwest
vertical wall near east and southeast
horizontal wall near south and southwest
dark area very near north
doorway adjacent north
horizontal wall adjacent northeast and northwest

cursor:
Yourself a priestess
(x=73, y=16)

map:
                                                                                
                                                                                
                                                                  ----------    
                                                                  |........|    
                                               --------------    #.........|    
                                               +............|    #|........|    
                                         #    #|............|    #|........|    
                                       ########.......%......#####--------)-    
                                        ##    #|............|             #     
                                        #      |.{..........|             %     
                                        #      --------------             ##    
                                        #                                  #    
                                      ##                                   #    
                       -----------.-- #                                    #    
                       |.............##                           ---.---.-.-   
                       |.....<......|                             |......@..|   
                       |............|                             |.........|   
                       |............|                             -.........|   
                       --------------                             |$........|   
                                                                  -----------   
                                                                                
Agent the Aspirant             St:10 Dx:14 Co:12 In:13 Wi:18 Ch:8 Neutral S:205 
Dlvl:3 $:17 HP:16(18) Pw:20(20) AC:7 Xp:2/22 T:232                              

",0.0,False
86,down,,"message:
You descend the stairs.


language observation:
vertical wall far east
vertical closed door far west
dark area far west
horizontal wall near southeast, south, and southwest
horizontal wall very near north, northeast, and northwest

cursor:
Yourself a priestess
(x=29, y=16)

map:
                                                                                
                                                                                
                                                                                
                                                                                
                                                                                
                                                                                
                                                                                
                                                                                
                                                                                
                                                                                
                                                                                
                                                                                
                                                                                
                       -----.--------                                           
                       |............|                                           
                       +.....@......|                                           
                       |............|                                           
                       .............|                                           
                       --------------                                           
                                                                                
                                                                                
Agent the Aspirant             St:10 Dx:14 Co:12 In:13 Wi:18 Ch:8 Neutral S:255 
Dlvl:4 $:17 HP:16(18) Pw:20(20) AC:7 Xp:2/22 T:233                              

",50.0,False
87,far north,,"message:
It's a wall.

language observation:
vertical wall far east and west
vertical closed door far westsouthwest
horizontal wall near southeast, south, and southwest
dark area very near northwest
horizontal wall adjacent north and northeast
stairs up adjacent south
doorway adjacent northwest

cursor:
Yourself a priestess
(x=29, y=15)

map:
                                                                                
                                                                                
                                                                                
                                                                                
                                                                                
                                                                                
                                                                                
                                                                                
                                                                                
                                                                                
                                                                                
                                                                                
                                                                                
                       -----.--------                                           
                       |.....@......|                                           
                       +.....<......|                                           
                       |............|                                           
                       .............|                                           
                       --------------                                           
                                                                                
                                                                                
Agent the Aspirant             St:10 Dx:14 Co:12 In:13 Wi:18 Ch:8 Neutral S:255 
Dlvl:4 $:17 HP:16(18) Pw:20(20) AC:7 Xp:2/22 T:234                              

",0.0,False
88,northwest,,"message:


language observation:
horizontal wall near southeast and south
southwest corner near southwest
vertical closed door near westsouthwest
dark area very near north
stairs up very near southsoutheast
dark area adjacent northeast and northwest
horizontal wall adjacent east and west

cursor:
Yourself a priestess
(x=28, y=14)

map:
                                                                                
                                                                                
                                                                                
                                                                                
                                                                                
                                                                                
                                                                                
                                                                                
                                                                                
                                                                                
                                                                                
                                                                                
                            #                                                   
                       -----@--------                                           
                       |............|                                           
                       +.....<......|                                           
                       |............|                                           
                       .............|                                           
                       --------------                                           
                                                                                
                                                                                
Agent the Aspirant             St:10 Dx:14 Co:12 In:13 Wi:18 Ch:8 Neutral S:255 
Dlvl:4 $:17 HP:16(18) Pw:20(20) AC:7 Xp:2/22 T:235                              

",0.0,False
89,far north,,"message:


language observation:
horizontal wall far north
stairs up far southsouthwest
vertical closed door far westsouthwest
vertical wall near northeast and northwest
dark area very near south and southwest
horizontal wall adjacent east and west
dark area adjacent southeast

cursor:
Yourself a priestess
(x=32, y=10)

map:
                                                                                
                                                                                
                                                                                
                             -------                                            
                             |.....|                                            
                             |.....|                                            
                             |.....|                                            
                             |.....|                                            
                              .....                                             
                               -@-                                              
                             ####                                               
                            ##                                                  
                            #                                                   
                       -----.--------                                           
                       |............|                                           
                       +.....<......|                                           
                       |............|                                           
                       .............|                                           
                       --------------                                           
                                                                                
                                                                                
Agent the Aspirant             St:10 Dx:14 Co:12 In:13 Wi:18 Ch:8 Neutral S:255 
Dlvl:4 $:17 HP:17(18) Pw:20(20) AC:7 Xp:2/22 T:242                              

",0.0,False
90,north,,"message:


language observation:
stairs up far southsouthwest
vertical closed door far westsouthwest
horizontal wall near north
vertical wall near northeast, east, west, and northwest
dark area near south
horizontal wall adjacent southeast and southwest
horizontal open door adjacent south

cursor:
Yourself a priestess
(x=32, y=9)

map:
                                                                                
                                                                                
                                                                                
                             -------                                            
                             |.....|                                            
                             |.....|                                            
                             |.....|                                            
                             |.....|                                            
                             |..@..|                                            
                             ---|---                                            
                             ####                                               
                            ##                                                  
                            #                                                   
                       -----.--------                                           
                       |............|                                           
                       +.....<......|                                           
                       |............|                                           
                       .............|                                           
                       --------------                                           
                                                                                
                                                                                
Agent the Aspirant             St:10 Dx:14 Co:12 In:13 Wi:18 Ch:8 Neutral S:255 
Dlvl:4 $:17 HP:17(18) Pw:20(20) AC:7 Xp:2/22 T:243                              

",0.0,False
91,far south,,"message:


language observation:
horizontal wall far north
stairs up far southsouthwest
vertical closed door far westsouthwest
vertical wall near northeast and northwest
dark area very near south and southwest
horizontal wall adjacent east and west
dark area adjacent southeast

cursor:
Yourself a priestess
(x=32, y=10)

map:
                                                                                
                                                                                
                                                                                
                             -------                                            
                             |.....|                                            
                             |.....|                                            
                             |.....|                                            
                             |.....|                                            
                             |.....|                                            
                             ---@---                                            
                             ####                                               
                            ##                                                  
                            #                                                   
                       -----.--------                                           
                       |............|                                           
                       +.....<......|                                           
                       |............|                                           
                       .............|                                           
                       --------------                                           
                                                                                
                                                                                
Agent the Aspirant             St:10 Dx:14 Co:12 In:13 Wi:18 Ch:8 Neutral S:255 
Dlvl:4 $:17 HP:17(18) Pw:20(20) AC:7 Xp:2/22 T:244                              

",0.0,False
92,far southwest,,"message:
You can't move diagonally out of an intact doorway.

language observation:
horizontal wall far north
stairs up far southsouthwest
vertical closed door far westsouthwest
vertical wall near northeast and northwest
dark area very near south and southwest
horizontal wall adjacent east and west
dark area adjacent southeast

cursor:
Yourself a priestess
(x=32, y=10)

map:
                                                                                
                                                                                
                                                                                
                             -------                                            
                             |.....|                                            
                             |.....|                                            
                             |.....|                                            
                             |.....|                                            
                             |.....|                                            
                             ---@---                                            
                             ####                                               
                            ##                                                  
                            #                                                   
                       -----.--------                                           
                       |............|                                           
                       +.....<......|                                           
                       |............|                                           
                       .............|                                           
                       --------------                                           
                                                                                
                                                                                
Agent the Aspirant             St:10 Dx:14 Co:12 In:13 Wi:18 Ch:8 Neutral S:255 
Dlvl:4 $:17 HP:17(18) Pw:20(20) AC:7 Xp:2/22 T:244                              

",0.0,False
93,south,,"message:


language observation:
horizontal wall far north
vertical closed door far westsouthwest
stairs up near southsouthwest
dark area near west
horizontal open door adjacent north
horizontal wall adjacent northeast and northwest
dark area adjacent east, southeast, south, and southwest

cursor:
Yourself a priestess
(x=32, y=11)

map:
                                                                                
                                                                                
                                                                                
                             -------                                            
                             |.....|                                            
                             |.....|                                            
                             |.....|                                            
                             |.....|                                            
                             |.....|                                            
                             ---|---                                            
                             ###@                                               
                            ##                                                  
                            #                                                   
                       -----.--------                                           
                       |............|                                           
                       +.....<......|                                           
                       |............|                                           
                       .............|                                           
                       --------------                                           
                                                                                
                                                                                
Agent the Aspirant             St:10 Dx:14 Co:12 In:13 Wi:18 Ch:8 Neutral S:255 
Dlvl:4 $:17 HP:17(18) Pw:20(20) AC:7 Xp:2/22 T:245                              

",0.0,False
94,southwest,,"message:
It's solid stone.

language observation:
horizontal wall far north
vertical closed door far westsouthwest
stairs up near southsouthwest
dark area near west
horizontal open door adjacent north
horizontal wall adjacent northeast and northwest
dark area adjacent east, southeast, south, and southwest

cursor:
Yourself a priestess
(x=32, y=11)

map:
                                                                                
                                                                                
                                                                                
                             -------                                            
                             |.....|                                            
                             |.....|                                            
                             |.....|                                            
                             |.....|                                            
                             |.....|                                            
                             ---|---                                            
                             ###@                                               
                            ##                                                  
                            #                                                   
                       -----.--------                                           
                       |............|                                           
                       +.....<......|                                           
                       |............|                                           
                       .............|                                           
                       --------------                                           
                                                                                
                                                                                
Agent the Aspirant             St:10 Dx:14 Co:12 In:13 Wi:18 Ch:8 Neutral S:255 
Dlvl:4 $:17 HP:17(18) Pw:20(20) AC:7 Xp:2/22 T:245                              

",0.0,False
95,far west,,"message:


language observation:
dark area near north
horizontal wall near southeast and south
southwest corner near southwest
vertical closed door near westsouthwest
stairs up very near southsoutheast
dark area adjacent northeast and northwest
horizontal wall adjacent east and west

cursor:
Yourself a priestess
(x=28, y=14)

map:
                                                                                
                                                                                
                                                                                
                             -------                                            
                             |.....|                                            
                             |.....|                                            
                             |.....|                                            
                             |.....|                                            
                             |.....|                                            
                             ---|---                                            
                             ####                                               
                            ##                                                  
                            #                                                   
                       -----@--------                                           
                       |............|                                           
                       +.....<......|                                           
                       |............|                                           
                       .............|                                           
                       --------------                                           
                                                                                
                                                                                
Agent the Aspirant             St:10 Dx:14 Co:12 In:13 Wi:18 Ch:8 Neutral S:255 
Dlvl:4 $:17 HP:17(18) Pw:20(20) AC:7 Xp:2/22 T:251                              

",0.0,False
96,south,,"message:


language observation:
vertical wall far east
dark area near north
horizontal wall near southeast, south, and southwest
vertical closed door near westsouthwest
vertical wall near west
doorway adjacent north
horizontal wall adjacent northeast and northwest
stairs up adjacent southeast

cursor:
Yourself a priestess
(x=28, y=15)

map:
                                                                                
                                                                                
                                                                                
                             -------                                            
                             |.....|                                            
                             |.....|                                            
                             |.....|                                            
                             |.....|                                            
                             |.....|                                            
                             ---|---                                            
                             ####                                               
                            ##                                                  
                            #                                                   
                       -----.--------                                           
                       |....@.......|                                           
                       +.....<......|                                           
                       |............|                                           
                       .............|                                           
                       --------------                                           
                                                                                
                                                                                
Agent the Aspirant             St:10 Dx:14 Co:12 In:13 Wi:18 Ch:8 Neutral S:255 
Dlvl:4 $:17 HP:17(18) Pw:20(20) AC:7 Xp:2/22 T:252                              

",0.0,False
97,far west,,"message:
It's a wall.

language observation:
stairs up near eastsoutheast
horizontal wall near southeast and south
dark area very near southwest
horizontal wall adjacent north and northeast
vertical closed door adjacent southwest
vertical wall adjacent west
northwest room corner adjacent northwest

cursor:
Yourself a priestess
(x=24, y=15)

map:
                                                                                
                                                                                
                                                                                
                             -------                                            
                             |.....|                                            
                             |.....|                                            
                             |.....|                                            
                             |.....|                                            
                             |.....|                                            
                             ---|---                                            
                             ####                                               
                            ##                                                  
                            #                                                   
                       -----.--------                                           
                       |@...........|                                           
                       +.....<......|                                           
                       |............|                                           
                       .............|                                           
                       --------------                                           
                                                                                
                                                                                
Agent the Aspirant             St:10 Dx:14 Co:12 In:13 Wi:18 Ch:8 Neutral S:255 
Dlvl:4 $:17 HP:18(18) Pw:20(20) AC:7 Xp:2/22 T:256                              

",0.0,False
98,open,,"message:
In what direction?

language observation:
stairs up near eastsoutheast
horizontal wall near southeast and south
dark area very near southwest
horizontal wall adjacent north and northeast
vertical closed door adjacent southwest
vertical wall adjacent west
northwest room corner adjacent northwest

cursor:

(x=19, y=0)

map:
                                                                                
                                                                                
                                                                                
                             -------                                            
                             |.....|                                            
                             |.....|                                            
                             |.....|                                            
                             |.....|                                            
                             |.....|                                            
                             ---|---                                            
                             ####                                               
                            ##                                                  
                            #                                                   
                       -----.--------                                           
                       |@...........|                                           
                       +.....<......|                                           
                       |............|                                           
                       .............|                                           
                       --------------                                           
                                                                                
                                                                                
Agent the Aspirant             St:10 Dx:14 Co:12 In:13 Wi:18 Ch:8 Neutral S:255 
Dlvl:4 $:17 HP:18(18) Pw:20(20) AC:7 Xp:2/22 T:256                              

",0.0,False
99,southwest,,"message:
The door resists!

language observation:
stairs up near eastsoutheast
horizontal wall near southeast and south
dark area very near southwest
horizontal wall adjacent north and northeast
vertical closed door adjacent southwest
vertical wall adjacent west
northwest room corner adjacent northwest

cursor:
Yourself a priestess
(x=24, y=15)

map:
                                                                                
                                                                                
                                                                                
                             -------                                            
                             |.....|                                            
                             |.....|                                            
                             |.....|                                            
                             |.....|                                            
                             |.....|                                            
                             ---|---                                            
                             ####                                               
                            ##                                                  
                            #                                                   
                       -----.--------                                           
                       |@...........|                                           
                       +.....<......|                                           
                       |............|                                           
                       .............|                                           
                       --------------                                           
                                                                                
                                                                                
Agent the Aspirant             St:10 Dx:14 Co:12 In:13 Wi:18 Ch:8 Neutral S:255 
Dlvl:4 $:17 HP:18(18) Pw:20(20) AC:7 Xp:2/22 T:257                              

",0.0,False
100,open,,"message:
In what direction?

language observation:
stairs up near eastsoutheast
horizontal wall near southeast and south
dark area very near southwest
horizontal wall adjacent north and northeast
vertical closed door adjacent southwest
vertical wall adjacent west
northwest room corner adjacent northwest

cursor:

(x=19, y=0)

map:
                                                                                
                                                                                
                                                                                
                             -------                                            
                             |.....|                                            
                             |.....|                                            
                             |.....|                                            
                             |.....|                                            
                             |.....|                                            
                             ---|---                                            
                             ####                                               
                            ##                                                  
                            #                                                   
                       -----.--------                                           
                       |@...........|                                           
                       +.....<......|                                           
                       |............|                                           
                       .............|                                           
                       --------------                                           
                                                                                
                                                                                
Agent the Aspirant             St:10 Dx:14 Co:12 In:13 Wi:18 Ch:8 Neutral S:255 
Dlvl:4 $:17 HP:18(18) Pw:20(20) AC:7 Xp:2/22 T:257                              

",0.0,False
101,southwest,,"message:
The door resists!

language observation:
stairs up near eastsoutheast
horizontal wall near southeast and south
dark area very near southwest
horizontal wall adjacent north and northeast
vertical closed door adjacent southwest
vertical wall adjacent west
northwest room corner adjacent northwest

cursor:
Yourself a priestess
(x=24, y=15)

map:
                                                                                
                                                                                
                                                                                
                             -------                                            
                             |.....|                                            
                             |.....|                                            
                             |.....|                                            
                             |.....|                                            
                             |.....|                                            
                             ---|---                                            
                             ####                                               
                            ##                                                  
                            #                                                   
                       -----.--------                                           
                       |@...........|                                           
                       +.....<......|                                           
                       |............|                                           
                       .............|                                           
                       --------------                                           
                                                                                
                                                                                
Agent the Aspirant             St:10 Dx:14 Co:12 In:13 Wi:18 Ch:8 Neutral S:255 
Dlvl:4 $:17 HP:18(18) Pw:20(20) AC:7 Xp:2/22 T:258                              

",0.0,False
102,open,,"message:
In what direction?

language observation:
stairs up near eastsoutheast
horizontal wall near southeast and south
dark area very near southwest
horizontal wall adjacent north and northeast
vertical closed door adjacent southwest
vertical wall adjacent west
northwest room corner adjacent northwest

cursor:

(x=19, y=0)

map:
                                                                                
                                                                                
                                                                                
                             -------                                            
                             |.....|                                            
                             |.....|                                            
                             |.....|                                            
                             |.....|                                            
                             |.....|                                            
                             ---|---                                            
                             ####                                               
                            ##                                                  
                            #                                                   
                       -----.--------                                           
                       |@...........|                                           
                       +.....<......|                                           
                       |............|                                           
                       .............|                                           
                       --------------                                           
                                                                                
                                                                                
Agent the Aspirant             St:10 Dx:14 Co:12 In:13 Wi:18 Ch:8 Neutral S:255 
Dlvl:4 $:17 HP:18(18) Pw:20(20) AC:7 Xp:2/22 T:258                              

",0.0,False
103,southwest,,"message:
The door resists!

language observation:
stairs up near eastsoutheast
horizontal wall near southeast and south
dark area very near southwest
horizontal wall adjacent north and northeast
vertical closed door adjacent southwest
vertical wall adjacent west
northwest room corner adjacent northwest

cursor:
Yourself a priestess
(x=24, y=15)

map:
                                                                                
                                                                                
                                                                                
                             -------                                            
                             |.....|                                            
                             |.....|                                            
                             |.....|                                            
                             |.....|                                            
                             |.....|                                            
                             ---|---                                            
                             ####                                               
                            ##                                                  
                            #                                                   
                       -----.--------                                           
                       |@...........|                                           
                       +.....<......|                                           
                       |............|                                           
                       .............|                                           
                       --------------                                           
                                                                                
                                                                                
Agent the Aspirant             St:10 Dx:14 Co:12 In:13 Wi:18 Ch:8 Neutral S:255 
Dlvl:4 $:17 HP:18(18) Pw:20(20) AC:7 Xp:2/22 T:259                              

",0.0,False
104,kick,,"message:
In what direction?

language observation:
stairs up near eastsoutheast
horizontal wall near southeast and south
dark area very near southwest
horizontal wall adjacent north and northeast
vertical closed door adjacent southwest
vertical wall adjacent west
northwest room corner adjacent northwest

cursor:

(x=19, y=0)

map:
                                                                                
                                                                                
                                                                                
                             -------                                            
                             |.....|                                            
                             |.....|                                            
                             |.....|                                            
                             |.....|                                            
                             |.....|                                            
                             ---|---                                            
                             ####                                               
                            ##                                                  
                            #                                                   
                       -----.--------                                           
                       |@...........|                                           
                       +.....<......|                                           
                       |............|                                           
                       .............|                                           
                       --------------                                           
                                                                                
                                                                                
Agent the Aspirant             St:10 Dx:14 Co:12 In:13 Wi:18 Ch:8 Neutral S:255 
Dlvl:4 $:17 HP:18(18) Pw:20(20) AC:7 Xp:2/22 T:259                              

",0.0,False
105,southwest,,"message:
As you kick the door, it crashes open!

language observation:
stairs up near eastsoutheast
horizontal wall near southeast and south
dark area very near southwest
horizontal wall adjacent north and northeast
doorway adjacent southwest
vertical wall adjacent west
northwest room corner adjacent northwest

cursor:
Yourself a priestess
(x=24, y=15)

map:
                                                                                
                                                                                
                                                                                
                             -------                                            
                             |.....|                                            
                             |.....|                                            
                             |.....|                                            
                             |.....|                                            
                             |.....|                                            
                             ---|---                                            
                             ####                                               
                            ##                                                  
                            #                                                   
                       -----.--------                                           
                       |@...........|                                           
                       ......<......|                                           
                       |............|                                           
                       .............|                                           
                       --------------                                           
                                                                                
                                                                                
Agent the Aspirant             St:10 Dx:14 Co:12 In:13 Wi:18 Ch:8 Neutral S:255 
Dlvl:4 $:17 HP:18(18) Pw:20(20) AC:7 Xp:2/22 T:260                              

",0.0,False
106,southwest,,"message:


language observation:
stairs up far east
horizontal wall near southeast
horizontal wall very near northeast
dark area very near southwest, west, and northwest
vertical wall adjacent north and south

cursor:
Yourself a priestess
(x=23, y=16)

map:
                                                                                
                                                                                
                                                                                
                             -------                                            
                             |.....|                                            
                             |.....|                                            
                             |.....|                                            
                             |.....|                                            
                             |.....|                                            
                             ---|---                                            
                             ####                                               
                            ##                                                  
                            #                                                   
                       -----.--------                                           
                      #|............|                                           
                      #@.....<......|                                           
                      #|............|                                           
                       .............|                                           
                       --------------                                           
                                                                                
                                                                                
Agent the Aspirant             St:10 Dx:14 Co:12 In:13 Wi:18 Ch:8 Neutral S:255 
Dlvl:4 $:17 HP:18(18) Pw:20(20) AC:7 Xp:2/22 T:261                              

",0.0,False
107,far west,,"message:
It's solid stone.

language observation:
stairs up far east
dark area very near north and south
vertical wall adjacent northeast and southeast
doorway adjacent east
dark area adjacent southwest, west, and northwest

cursor:
Yourself a priestess
(x=22, y=16)

map:
                                                                                
                                                                                
                                                                                
                             -------                                            
                             |.....|                                            
                             |.....|                                            
                             |.....|                                            
                             |.....|                                            
                             |.....|                                            
                             ---|---                                            
                             ####                                               
                            ##                                                  
                            #                                                   
                       -----.--------                                           
                      #|............|                                           
                      @......<......|                                           
                      #|............|                                           
                       .............|                                           
                       --------------                                           
                                                                                
                                                                                
Agent the Aspirant             St:10 Dx:14 Co:12 In:13 Wi:18 Ch:8 Neutral S:255 
Dlvl:4 $:17 HP:18(18) Pw:20(20) AC:7 Xp:2/22 T:262                              

",0.0,False
108,far north,,"message:


language observation:
stairs up far eastsoutheast
dark area near southeast
lichen near westsouthwest
dark area very near east
horizontal wall very near southwest and northwest
vertical wall adjacent north and south
dark area adjacent northeast

cursor:
Yourself a priestess
(x=17, y=7)

map:
                                                                                
                                                                                
                                                                                
                             -------                                            
   --------------            |.....|                                            
   |.............|           |.....|                                            
   |.............@#          |.....|                                            
   |..........F..|##         |.....|                                            
   --------------  #         |.....|                                            
                   ###       ---|---                                            
                     #       ####                                               
                     #      ##                                                  
                     #      #                                                   
                     ##-----.--------                                           
                      #|............|                                           
                      #......<......|                                           
                      #|............|                                           
                       .............|                                           
                       --------------                                           
                                                                                
                                                                                
Agent the Aspirant             St:10 Dx:14 Co:12 In:13 Wi:18 Ch:8 Neutral S:255 
Dlvl:4 $:17 HP:18(18) Pw:20(20) AC:7 Xp:2/22 T:274                              

",0.0,False
109,southwest,,"message:


language observation:
stairs up far eastsoutheast
horizontal wall near north and northwest
dark area very near northeast
lichen very near west
doorway adjacent northeast
vertical wall adjacent east
southeast corner adjacent southeast
horizontal wall adjacent south and southwest

cursor:
Yourself a priestess
(x=16, y=8)

map:
                                                                                
                                                                                
                                                                                
                             -------                                            
   ---------------           |.....|                                            
   |.............|           |.....|                                            
   |..............#          |.....|                                            
   |..........F.@|##         |.....|                                            
   --------------- #         |.....|                                            
                   ###       ---|---                                            
                     #       ####                                               
                     #      ##                                                  
                     #      #                                                   
                     ##-----.--------                                           
                      #|............|                                           
                      #......<......|                                           
                      #|............|                                           
                       .............|                                           
                       --------------                                           
                                                                                
                                                                                
Agent the Aspirant             St:10 Dx:14 Co:12 In:13 Wi:18 Ch:8 Neutral S:255 
Dlvl:4 $:17 HP:18(18) Pw:20(20) AC:7 Xp:2/22 T:275                              

",0.0,False
110,northwest,,"message:


language observation:
stairs up far eastsoutheast
dark area near east
horizontal wall very near north, south, southwest, and northwest
northeast room corner very near northeast
doorway very near east
southeast corner very near southeast
lichen adjacent southwest

cursor:
Yourself a priestess
(x=15, y=7)

map:
                                                                                
                                                                                
                                                                                
                             -------                                            
   ---------------           |.....|                                            
   |.............|           |.....|                                            
   |...........@..#          |.....|                                            
   |..........F..|##         |.....|                                            
   --------------- #         |.....|                                            
                   ###       ---|---                                            
                     #       ####                                               
                     #      ##                                                  
                     #      #                                                   
                     ##-----.--------                                           
                      #|............|                                           
                      #......<......|                                           
                      #|............|                                           
                       .............|                                           
                       --------------                                           
                                                                                
                                                                                
Agent the Aspirant             St:10 Dx:14 Co:12 In:13 Wi:18 Ch:8 Neutral S:255 
Dlvl:4 $:17 HP:18(18) Pw:20(20) AC:7 Xp:2/22 T:276                              

",0.0,False
111,southwest,,"message:
You kill the lichen!

language observation:
stairs up far eastsoutheast
dark area near east
horizontal wall very near north, south, southwest, and northwest
northeast room corner very near northeast
doorway very near east
southeast corner very near southeast

cursor:
Yourself a priestess
(x=15, y=7)

map:
                                                                                
                                                                                
                                                                                
                             -------                                            
   ---------------           |.....|                                            
   |.............|           |.....|                                            
   |...........@..#          |.....|                                            
   |.............|##         |.....|                                            
   --------------- #         |.....|                                            
                   ###       ---|---                                            
                     #       ####                                               
                     #      ##                                                  
                     #      #                                                   
                     ##-----.--------                                           
                      #|............|                                           
                      #......<......|                                           
                      #|............|                                           
                       .............|                                           
                       --------------                                           
                                                                                
                                                                                
Agent the Aspirant             St:10 Dx:14 Co:12 In:13 Wi:18 Ch:8 Neutral S:271 
Dlvl:4 $:17 HP:18(18) Pw:20(20) AC:7 Xp:2/26 T:277                              

",16.0,False
112,southwest,,"message:


language observation:
stairs up far eastsoutheast
horizontal wall near north and northwest
northeast room corner near northeast
vertical wall near east
horizontal wall adjacent southeast, south, and southwest

cursor:
Yourself a priestess
(x=14, y=8)

map:
                                                                                
                                                                                
                                                                                
                             -------                                            
   ---------------           |.....|                                            
   |.............|           |.....|                                            
   |..............#          |.....|                                            
   |..........@..|##         |.....|                                            
   --------------- #         |.....|                                            
                   ###       ---|---                                            
                     #       ####                                               
                     #      ##                                                  
                     #      #                                                   
                     ##-----.--------                                           
                      #|............|                                           
                      #......<......|                                           
                      #|............|                                           
                       .............|                                           
                       --------------                                           
                                                                                
                                                                                
Agent the Aspirant             St:10 Dx:14 Co:12 In:13 Wi:18 Ch:8 Neutral S:271 
Dlvl:4 $:17 HP:18(18) Pw:20(20) AC:7 Xp:2/26 T:278                              

",0.0,False
113,north,,"message:


language observation:
stairs up far eastsoutheast
doorway near east
dark area near east
horizontal wall very near north, northeast, southeast, south, southwest, and northwest

cursor:
Yourself a priestess
(x=14, y=7)

map:
                                                                                
                                                                                
                                                                                
                             -------                                            
   ---------------           |.....|                                            
   |.............|           |.....|                                            
   |..........@...#          |.....|                                            
   |.............|##         |.....|                                            
   --------------- #         |.....|                                            
                   ###       ---|---                                            
                     #       ####                                               
                     #      ##                                                  
                     #      #                                                   
                     ##-----.--------                                           
                      #|............|                                           
                      #......<......|                                           
                      #|............|                                           
                       .............|                                           
                       --------------                                           
                                                                                
                                                                                
Agent the Aspirant             St:10 Dx:14 Co:12 In:13 Wi:18 Ch:8 Neutral S:271 
Dlvl:4 $:17 HP:18(18) Pw:20(20) AC:7 Xp:2/26 T:279                              

",0.0,False
114,far east,,"message:
You feel your magical energy drain away.

language observation:
stairs up far eastsoutheast
dark area near east
horizontal wall very near north, south, southwest, and northwest
vertical wall adjacent northeast and southeast
doorway adjacent east

cursor:
Yourself a priestess
(x=16, y=7)

map:
                                                                                
                                                                                
                                                                                
                             -------                                            
   ---------------           |.....|                                            
   |.............|           |.....|                                            
   |............@.#          |.....|                                            
   |.............|##         |.....|                                            
   --------------- #         |.....|                                            
                   ###       ---|---                                            
                     #       ####                                               
                     #      ##                                                  
                     #      #                                                   
                     ##-----.--------                                           
                      #|............|                                           
                      #......<......|                                           
                      #|............|                                           
                       .............|                                           
                       --------------                                           
                                                                                
                                                                                
Agent the Aspirant             St:10 Dx:14 Co:12 In:13 Wi:18 Ch:8 Neutral S:271 
Dlvl:4 $:17 HP:18(18) Pw:18(20) AC:7 Xp:2/26 T:281                              

",0.0,False
115,east,,"message:


language observation:
stairs up far eastsoutheast
dark area near southeast
dark area very near east
horizontal wall very near southwest and northwest
vertical wall adjacent north and south
dark area adjacent northeast
anti magic trap adjacent west

cursor:
Yourself a priestess
(x=17, y=7)

map:
                                                                                
                                                                                
                                                                                
                             -------                                            
   ---------------           |.....|                                            
   |.............|           |.....|                                            
   |............^@#          |.....|                                            
   |.............|##         |.....|                                            
   --------------- #         |.....|                                            
                   ###       ---|---                                            
                     #       ####                                               
                     #      ##                                                  
                     #      #                                                   
                     ##-----.--------                                           
                      #|............|                                           
                      #......<......|                                           
                      #|............|                                           
                       .............|                                           
                       --------------                                           
                                                                                
                                                                                
Agent the Aspirant             St:10 Dx:14 Co:12 In:13 Wi:18 Ch:8 Neutral S:271 
Dlvl:4 $:17 HP:18(18) Pw:18(20) AC:7 Xp:2/26 T:282                              

",0.0,False
116,far east,,"message:


language observation:
stairs up far east
horizontal wall near southeast
dark area near northwest
horizontal wall very near northeast
dark area very near southwest and west
vertical wall adjacent north and south

cursor:
Yourself a priestess
(x=23, y=16)

map:
                                                                                
                                                                                
                                                                                
                             -------                                            
   ---------------           |.....|                                            
   |.............|           |.....|                                            
   |............^.#          |.....|                                            
   |.............|##         |.....|                                            
   --------------- #         |.....|                                            
                   ###       ---|---                                            
                     #       ####                                               
                     #      ##                                                  
                     #      #                                                   
                     ##-----.--------                                           
                      #|............|                                           
                      #@.....<......|                                           
                      #|............|                                           
                       .............|                                           
                       --------------                                           
                                                                                
                                                                                
Agent the Aspirant             St:10 Dx:14 Co:12 In:13 Wi:18 Ch:8 Neutral S:271 
Dlvl:4 $:17 HP:18(18) Pw:20(20) AC:7 Xp:2/26 T:294                              

",0.0,False
117,east,,"message:


language observation:
stairs up near east
horizontal wall near southeast and south
dark area near west
horizontal wall very near north and northeast
vertical wall adjacent southwest and northwest
doorway adjacent west

cursor:
Yourself a priestess
(x=24, y=16)

map:
                                                                                
                                                                                
                                                                                
                             -------                                            
   ---------------           |.....|                                            
   |.............|           |.....|                                            
   |............^.#          |.....|                                            
   |.............|##         |.....|                                            
   --------------- #         |.....|                                            
                   ###       ---|---                                            
                     #       ####                                               
                     #      ##                                                  
                     #      #                                                   
                     ##-----.--------                                           
                      #|............|                                           
                      #.@....<......|                                           
                      #|............|                                           
                       .............|                                           
                       --------------                                           
                                                                                
                                                                                
Agent the Aspirant             St:10 Dx:14 Co:12 In:13 Wi:18 Ch:8 Neutral S:271 
Dlvl:4 $:17 HP:18(18) Pw:20(20) AC:7 Xp:2/26 T:295                              

",0.0,False
118,south,,"message:


language observation:
horizontal wall near north and northeast
stairs up near eastnortheast
dark area near northwest
horizontal wall very near southeast and south
dark area very near southwest
doorway adjacent southwest and northwest
vertical wall adjacent west

cursor:
Yourself a priestess
(x=24, y=17)

map:
                                                                                
                                                                                
                                                                                
                             -------                                            
   ---------------           |.....|                                            
   |.............|           |.....|                                            
   |............^.#          |.....|                                            
   |.............|##         |.....|                                            
   --------------- #         |.....|                                            
                   ###       ---|---                                            
                     #       ####                                               
                     #      ##                                                  
                     #      #                                                   
                     ##-----.--------                                           
                      #|............|                                           
                      #......<......|                                           
                      #|@...........|                                           
                       .............|                                           
                       --------------                                           
                                                                                
                                                                                
Agent the Aspirant             St:10 Dx:14 Co:12 In:13 Wi:18 Ch:8 Neutral S:271 
Dlvl:4 $:17 HP:18(18) Pw:20(20) AC:7 Xp:2/26 T:296                              

",0.0,False
119,west,,"message:
It's a wall.

language observation:
horizontal wall near north and northeast
stairs up near eastnortheast
dark area near northwest
horizontal wall very near southeast and south
dark area very near southwest
doorway adjacent southwest and northwest
vertical wall adjacent west

cursor:
Yourself a priestess
(x=24, y=17)

map:
                                                                                
                                                                                
                                                                                
                             -------                                            
   ---------------           |.....|                                            
   |.............|           |.....|                                            
   |............^.#          |.....|                                            
   |.............|##         |.....|                                            
   --------------- #         |.....|                                            
                   ###       ---|---                                            
                     #       ####                                               
                     #      ##                                                  
                     #      #                                                   
                     ##-----.--------                                           
                      #|............|                                           
                      #......<......|                                           
                      #|@...........|                                           
                       .............|                                           
                       --------------                                           
                                                                                
                                                                                
Agent the Aspirant             St:10 Dx:14 Co:12 In:13 Wi:18 Ch:8 Neutral S:271 
Dlvl:4 $:17 HP:18(18) Pw:20(20) AC:7 Xp:2/26 T:296                              

",0.0,False
120,southwest,,"message:


language observation:
stairs up far eastnortheast
horizontal wall near northeast
dark area very near west and northwest
vertical wall adjacent north
horizontal wall adjacent southeast
southwest corner adjacent south
dark area adjacent southwest

cursor:
Yourself a priestess
(x=23, y=18)

map:
                                                                                
                                                                                
                                                                                
                             -------                                            
   ---------------           |.....|                                            
   |.............|           |.....|                                            
   |............^.#          |.....|                                            
   |.............|##         |.....|                                            
   --------------- #         |.....|                                            
                   ###       ---|---                                            
                     #       ####                                               
                     #      ##                                                  
                     #      #                                                   
                     ##-----.--------                                           
                      #|............|                                           
                      #......<......|                                           
          |           #|............|                                           
          |.....-     #@............|                                           
          ------       --------------                                           
                                                                                
                                                                                
Agent the Aspirant             St:10 Dx:14 Co:12 In:13 Wi:18 Ch:8 Neutral S:271 
Dlvl:4 $:17 HP:18(18) Pw:20(20) AC:7 Xp:2/26 T:297                              

",0.0,False
121,far west,,"message:
The newt misses!

language observation:
stairs up far eastnortheast
doorway far east
vertical wall far west
little dog near westnorthwest
horizontal wall near northwest
vertical wall adjacent north
dark area adjacent northeast and southeast
southeast corner adjacent south
horizontal wall adjacent southwest
newt adjacent west

cursor:
Yourself a priestess
(x=16, y=18)

map:
                                                                                
                                                                                
                                                                                
                             -------                                            
   ---------------           |.....|                                            
   |.............|           |.....|                                            
   |............^.#          |.....|                                            
   |.............|##         |.....|                                            
   --------------- #         |.....|                                            
                   ###       ---|---                                            
                     #       ####                                               
                     #      ##                                                  
                     #      #                                                   
          ----.      ##-----.--------                                           
          |....       #|............|                                           
          |.....      #......<......|                                           
          |d....|     #|............|                                           
          |....:@######.............|                                           
          -------      --------------                                           
                                                                                
                                                                                
Agent the Aspirant             St:10 Dx:14 Co:12 In:13 Wi:18 Ch:8 Neutral S:271 
Dlvl:4 $:17 HP:18(18) Pw:20(20) AC:7 Xp:2/26 T:304                              

",0.0,False
122,west,,"message:
You miss the newt.  The newt bites!

language observation:
stairs up far eastnortheast
doorway far east
vertical wall far west
little dog near westnorthwest
horizontal wall near northwest
vertical wall adjacent north
dark area adjacent northeast and southeast
southeast corner adjacent south
horizontal wall adjacent southwest
newt adjacent west

cursor:
Yourself a priestess
(x=16, y=18)

map:
                                                                                
                                                                                
                                                                                
                             -------                                            
   ---------------           |.....|                                            
   |.............|           |.....|                                            
   |............^.#          |.....|                                            
   |.............|##         |.....|                                            
   --------------- #         |.....|                                            
                   ###       ---|---                                            
                     #       ####                                               
                     #      ##                                                  
                     #      #                                                   
          ----.      ##-----.--------                                           
          |....       #|............|                                           
          |.....      #......<......|                                           
          |.d...|     #|............|                                           
          |....:@######.............|                                           
          -------      --------------                                           
                                                                                
                                                                                
Agent the Aspirant             St:10 Dx:14 Co:12 In:13 Wi:18 Ch:8 Neutral S:271 
Dlvl:4 $:17 HP:17(18) Pw:20(20) AC:7 Xp:2/26 T:305                              

",0.0,False
123,west,,"message:
You miss the newt.  The newt bites!

language observation:
stairs up far eastnortheast
doorway far east
vertical wall far west
little dog near westnorthwest
horizontal wall near northwest
vertical wall adjacent north
dark area adjacent northeast and southeast
southeast corner adjacent south
horizontal wall adjacent southwest
newt adjacent west

cursor:
Yourself a priestess
(x=16, y=18)

map:
                                                                                
                                                                                
                                                                                
                             -------                                            
   ---------------           |.....|                                            
   |.............|           |.....|                                            
   |............^.#          |.....|                                            
   |.............|##         |.....|                                            
   --------------- #         |.....|                                            
                   ###       ---|---                                            
                     #       ####                                               
                     #      ##                                                  
                     #      #                                                   
          ----.      ##-----.--------                                           
          |....       #|............|                                           
          |..d..      #......<......|                                           
          |.....|     #|............|                                           
          |....:@######.............|                                           
          -------      --------------                                           
                                                                                
                                                                                
Agent the Aspirant             St:10 Dx:14 Co:12 In:13 Wi:18 Ch:8 Neutral S:271 
Dlvl:4 $:17 HP:15(18) Pw:20(20) AC:7 Xp:2/26 T:306                              

",0.0,False
124,west,,"message:
You kill the newt!

language observation:
stairs up far eastnortheast
doorway far east
vertical wall far west
little dog near west
horizontal wall near northwest
vertical wall adjacent north
dark area adjacent northeast and southeast
southeast corner adjacent south
horizontal wall adjacent southwest

cursor:
Yourself a priestess
(x=16, y=18)

map:
                                                                                
                                                                                
                                                                                
                             -------                                            
   ---------------           |.....|                                            
   |.............|           |.....|                                            
   |............^.#          |.....|                                            
   |.............|##         |.....|                                            
   --------------- #         |.....|                                            
                   ###       ---|---                                            
                     #       ####                                               
                     #      ##                                                  
                     #      #                                                   
          ----.      ##-----.--------                                           
          |....       #|............|                                           
          |.....      #......<......|                                           
          |.....|     #|............|                                           
          |.d...@######.............|                                           
          -------      --------------                                           
                                                                                
                                                                                
Agent the Aspirant             St:10 Dx:14 Co:12 In:13 Wi:18 Ch:8 Neutral S:275 
Dlvl:4 $:17 HP:15(18) Pw:20(20) AC:7 Xp:2/27 T:307                              

",4.0,False
125,west,,"message:


language observation:
stairs up far eastnortheast
doorway far east
horizontal wall near north and northwest
vertical wall near west
little dog near westnorthwest
vertical wall adjacent northeast
vertical open door adjacent east
southeast corner adjacent southeast
horizontal wall adjacent south and southwest

cursor:
Yourself a priestess
(x=15, y=18)

map:
                                                                                
                                                                                
                                                                                
                             -------                                            
   ---------------           |.....|                                            
   |.............|           |.....|                                            
   |............^.#          |.....|                                            
   |.............|##         |.....|                                            
   --------------- #         |.....|                                            
                   ###       ---|---                                            
                     #       ####                                               
                     #      ##                                                  
                     #      #                                                   
          ----.--    ##-----.--------                                           
          |.....|     #|............|                                           
          |.....|     #......<......|                                           
          |.d...|     #|............|                                           
          |....@-######.............|                                           
          -------      --------------                                           
                                                                                
                                                                                
Agent the Aspirant             St:10 Dx:14 Co:12 In:13 Wi:18 Ch:8 Neutral S:275 
Dlvl:4 $:17 HP:16(18) Pw:20(20) AC:7 Xp:2/27 T:308                              

",0.0,False
126,north,,"message:


language observation:
stairs up far eastnortheast
horizontal wall near north and northwest
vertical wall near west
dark area very near southeast
horizontal wall very near south and southwest
little dog very near westnorthwest
vertical wall adjacent northeast and east
vertical open door adjacent southeast

cursor:
Yourself a priestess
(x=15, y=17)

map:
                                                                                
                                                                                
                                                                                
                             -------                                            
   ---------------           |.....|                                            
   |.............|           |.....|                                            
   |............^.#          |.....|                                            
   |.............|##         |.....|                                            
   --------------- #         |.....|                                            
                   ###       ---|---                                            
                     #       ####                                               
                     #      ##                                                  
                     #      #                                                   
          ----.--    ##-----.--------                                           
          |.....|     #|............|                                           
          |..d..|     #......<......|                                           
          |....@|     #|............|                                           
          |.....-######.............|                                           
          -------      --------------                                           
                                                                                
                                                                                
Agent the Aspirant             St:10 Dx:14 Co:12 In:13 Wi:18 Ch:8 Neutral S:275 
Dlvl:4 $:17 HP:16(18) Pw:20(20) AC:7 Xp:2/27 T:309                              

",0.0,False
127,north,,"message:


language observation:
stairs up far east
horizontal wall near south and southwest
little dog near west
vertical wall near west
horizontal wall very near north and northwest
vertical wall adjacent northeast, east, and southeast

cursor:
Yourself a priestess
(x=15, y=16)

map:
                                                                                
                                                                                
                                                                                
                             -------                                            
   ---------------           |.....|                                            
   |.............|           |.....|                                            
   |............^.#          |.....|                                            
   |.............|##         |.....|                                            
   --------------- #         |.....|                                            
                   ###       ---|---                                            
                     #       ####                                               
                     #      ##                                                  
                     #      #                                                   
          ----.--    ##-----.--------                                           
          |.....|     #|............|                                           
          |.d..@|     #......<......|                                           
          |.....|     #|............|                                           
          |.....-######.............|                                           
          -------      --------------                                           
                                                                                
                                                                                
Agent the Aspirant             St:10 Dx:14 Co:12 In:13 Wi:18 Ch:8 Neutral S:275 
Dlvl:4 $:17 HP:16(18) Pw:20(20) AC:7 Xp:2/27 T:310                              

",0.0,False
128,northwest,,"message:


language observation:
stairs up far eastsoutheast
horizontal wall near south
southwest corner near southwest
vertical wall near west
dark area very near north
vertical wall very near east and southeast
little dog very near southsouthwest
doorway adjacent north
horizontal wall adjacent northeast and northwest

cursor:
Yourself a priestess
(x=14, y=15)

map:
                                                                                
                                                                                
                                                                                
                             -------                                            
   ---------------           |.....|                                            
   |.............|           |.....|                                            
   |............^.#          |.....|                                            
   |.............|##         |.....|                                            
   --------------- #         |.....|                                            
                   ###       ---|---                                            
                     #       ####                                               
                     #      ##                                                  
                     #      #                                                   
          ----.--    ##-----.--------                                           
          |...@.|     #|............|                                           
          |.....|     #......<......|                                           
          |..d..|     #|............|                                           
          |.....-######.............|                                           
          -------      --------------                                           
                                                                                
                                                                                
Agent the Aspirant             St:10 Dx:14 Co:12 In:13 Wi:18 Ch:8 Neutral S:275 
Dlvl:4 $:17 HP:16(18) Pw:20(20) AC:7 Xp:2/27 T:311                              

",0.0,False
129,north,,"message:


language observation:
stairs up far eastsoutheast
little dog near south
horizontal wall near south
vertical wall near southwest
dark area very near north and northwest
vertical wall very near southeast
dark area adjacent northeast
horizontal wall adjacent east and west

cursor:
Yourself a priestess
(x=14, y=14)

map:
                                                                                
                                                                                
                                                                                
                             -------                                            
   ---------------           |.....|                                            
   |.............|           |.....|                                            
   |............^.#          |.....|                                            
   |.............|##         |.....|                                            
   --------------- #         |.....|                                            
                   ###       ---|---                                            
                     #       ####                                               
                     #      ##                                                  
             ##      #      #                                                   
          ----@--    ##-----.--------                                           
          |.....|     #|............|                                           
          |.....|     #......<......|                                           
          |.....|     #|............|                                           
          |...d.-######.............|                                           
          -------      --------------                                           
                                                                                
                                                                                
Agent the Aspirant             St:10 Dx:14 Co:12 In:13 Wi:18 Ch:8 Neutral S:275 
Dlvl:4 $:17 HP:16(18) Pw:20(20) AC:7 Xp:2/27 T:312                              

",0.0,False
130,north,,"message:


language observation:
stairs up far eastsoutheast
horizontal wall far south
little dog near southsoutheast
dark area very near west
dark area adjacent north, northeast, east, and northwest
horizontal wall adjacent southeast and southwest
doorway adjacent south

cursor:
Yourself a priestess
(x=14, y=13)

map:
                                                                                
                                                                                
                                                                                
                             -------                                            
   ---------------           |.....|                                            
   |.............|           |.....|                                            
   |............^.#          |.....|                                            
   |.............|##         |.....|                                            
   --------------- #         |.....|                                            
                   ###       ---|---                                            
                     #       ####                                               
                     #      ##                                                  
             #@      #      #                                                   
          ----.--    ##-----.--------                                           
          |.....|     #|............|                                           
          |.....|     #......<......|                                           
          |....d|     #|............|                                           
          |.....-######.............|                                           
          -------      --------------                                           
                                                                                
                                                                                
Agent the Aspirant             St:10 Dx:14 Co:12 In:13 Wi:18 Ch:8 Neutral S:275 
Dlvl:4 $:17 HP:16(18) Pw:20(20) AC:7 Xp:2/27 T:313                              

",0.0,False
131,far west,,"message:
It's a wall.

language observation:
stairs up far eastsoutheast
vertical wall far southeast
doorway near southeast
dark area very near south
horizontal wall adjacent north, northeast, and northwest
dark area adjacent east, southwest, and west

cursor:
Yourself a priestess
(x=10, y=10)

map:
                                                                                
                                                                                
                                                                                
                             -------                                            
   ---------------           |.....|                                            
   |.............|           |.....|                                            
   |............^.#          |.....|                                            
   |.............|##         |.....|                                            
   --------------- #         |.....|                                            
          @        ###       ---|---                                            
          ##         #       ####                                               
           ##        #      ##                                                  
            ###      #      #                                                   
          ----.--    ##-----.--------                                           
          |.....|     #|............|                                           
          |.....|     #......<......|                                           
          |.....|     #|............|                                           
          |.....-######.............|                                           
          -------      --------------                                           
                                                                                
                                                                                
Agent the Aspirant             St:10 Dx:14 Co:12 In:13 Wi:18 Ch:8 Neutral S:275 
Dlvl:4 $:17 HP:16(18) Pw:20(20) AC:7 Xp:2/27 T:318                              

",0.0,False
132,search,,"message:


language observation:
stairs up far eastsoutheast
vertical wall far southeast
doorway near southeast
dark area very near south
horizontal wall adjacent north, northeast, and northwest
dark area adjacent east, southwest, and west

cursor:
Yourself a priestess
(x=10, y=10)

map:
                                                                                
                                                                                
                                                                                
                             -------                                            
   ---------------           |.....|                                            
   |.............|           |.....|                                            
   |............^.#          |.....|                                            
   |.............|##         |.....|                                            
   --------------- #         |.....|                                            
          @        ###       ---|---                                            
          ##         #       ####                                               
           ##        #      ##                                                  
            ###      #      #                                                   
          ----.--    ##-----.--------                                           
          |.....|     #|............|                                           
          |.....|     #......<......|                                           
          |.....|     #|............|                                           
          |.....-######.............|                                           
          -------      --------------                                           
                                                                                
                                                                                
Agent the Aspirant             St:10 Dx:14 Co:12 In:13 Wi:18 Ch:8 Neutral S:275 
Dlvl:4 $:17 HP:17(18) Pw:20(20) AC:7 Xp:2/27 T:319                              

",0.0,False
133,search,,"message:


language observation:
stairs up far eastsoutheast
vertical wall far southeast
doorway near southeast
dark area very near south
horizontal wall adjacent north, northeast, and northwest
dark area adjacent east, southwest, and west

cursor:
Yourself a priestess
(x=10, y=10)

map:
                                                                                
                                                                                
                                                                                
                             -------                                            
   ---------------           |.....|                                            
   |.............|           |.....|                                            
   |............^.#          |.....|                                            
   |.............|##         |.....|                                            
   --------------- #         |.....|                                            
          @        ###       ---|---                                            
          ##         #       ####                                               
           ##        #      ##                                                  
            ###      #      #                                                   
          ----.--    ##-----.--------                                           
          |.....|     #|............|                                           
          |.....|     #......<......|                                           
          |.....|     #|............|                                           
          |.....-######.............|                                           
          -------      --------------                                           
                                                                                
                                                                                
Agent the Aspirant             St:10 Dx:14 Co:12 In:13 Wi:18 Ch:8 Neutral S:275 
Dlvl:4 $:17 HP:17(18) Pw:20(20) AC:7 Xp:2/27 T:320                              

",0.0,False
134,search,,"message:


language observation:
stairs up far eastsoutheast
vertical wall far southeast
doorway near southeast
dark area very near south
horizontal wall adjacent north, northeast, and northwest
dark area adjacent east, southwest, and west

cursor:
Yourself a priestess
(x=10, y=10)

map:
                                                                                
                                                                                
                                                                                
                             -------                                            
   ---------------           |.....|                                            
   |.............|           |.....|                                            
   |............^.#          |.....|                                            
   |.............|##         |.....|                                            
   --------------- #         |.....|                                            
          @        ###       ---|---                                            
          ##         #       ####                                               
           ##        #      ##                                                  
            ###      #      #                                                   
          ----.--    ##-----.--------                                           
          |.....|     #|............|                                           
          |.....|     #......<......|                                           
          |.....|     #|............|                                           
          |.....-######.............|                                           
          -------      --------------                                           
                                                                                
                                                                                
Agent the Aspirant             St:10 Dx:14 Co:12 In:13 Wi:18 Ch:8 Neutral S:275 
Dlvl:4 $:17 HP:17(18) Pw:20(20) AC:7 Xp:2/27 T:321                              

",0.0,False
135,search,,"message:


language observation:
stairs up far eastsoutheast
vertical wall far southeast
doorway near southeast
dark area very near south
horizontal wall adjacent north, northeast, and northwest
dark area adjacent east, southwest, and west

cursor:
Yourself a priestess
(x=10, y=10)

map:
                                                                                
                                                                                
                                                                                
                             -------                                            
   ---------------           |.....|                                            
   |.............|           |.....|                                            
   |............^.#          |.....|                                            
   |.............|##         |.....|                                            
   --------------- #         |.....|                                            
          @        ###       ---|---                                            
          ##         #       ####                                               
           ##        #      ##                                                  
            ###      #      #                                                   
          ----.--    ##-----.--------                                           
          |.....|     #|............|                                           
          |.....|     #......<......|                                           
          |.....|     #|............|                                           
          |.....-######.............|                                           
          -------      --------------                                           
                                                                                
                                                                                
Agent the Aspirant             St:10 Dx:14 Co:12 In:13 Wi:18 Ch:8 Neutral S:275 
Dlvl:4 $:17 HP:17(18) Pw:20(20) AC:7 Xp:2/27 T:322                              

",0.0,False
136,search,,"message:


language observation:
stairs up far eastsoutheast
vertical wall far southeast
doorway near southeast
dark area very near south
horizontal wall adjacent north, northeast, and northwest
dark area adjacent east, southwest, and west

cursor:
Yourself a priestess
(x=10, y=10)

map:
                                                                                
                                                                                
                                                                                
                             -------                                            
   ---------------           |.....|                                            
   |.............|           |.....|                                            
   |............^.#          |.....|                                            
   |.............|##         |.....|                                            
   --------------- #         |.....|                                            
          @        ###       ---|---                                            
          ##         #       ####                                               
           ##        #      ##                                                  
            ###      #      #                                                   
          ----.--    ##-----.--------                                           
          |.....|     #|............|                                           
          |.....|     #......<......|                                           
          |.....|     #|............|                                           
          |.....-######.............|                                           
          -------      --------------                                           
                                                                                
                                                                                
Agent the Aspirant             St:10 Dx:14 Co:12 In:13 Wi:18 Ch:8 Neutral S:275 
Dlvl:4 $:17 HP:17(18) Pw:20(20) AC:7 Xp:2/27 T:323                              

",0.0,False
137,southeast,,"message:


language observation:
stairs up far eastsoutheast
doorway near southeast
vertical wall near southeast
dark area very near south and west
horizontal wall very near northwest
dark area adjacent north, northeast, east, and southwest

cursor:
Yourself a priestess
(x=11, y=11)

map:
                                                                                
                                                                                
                                                                                
                             -------                                            
   ---------------           |.....|                                            
   |.............|           |.....|                                            
   |............^.#          |.....|                                            
   |.............|##         |.....|                                            
   --------------- #         |.....|                                            
          #        ###       ---|---                                            
          #@         #       ####                                               
           ##        #      ##                                                  
            ###      #      #                                                   
          ----.--    ##-----.--------                                           
          |.....|     #|............|                                           
          |.....|     #......<......|                                           
          |.....|     #|............|                                           
          |.....-######.............|                                           
          -------      --------------                                           
                                                                                
                                                                                
Agent the Aspirant             St:10 Dx:14 Co:12 In:13 Wi:18 Ch:8 Neutral S:275 
Dlvl:4 $:17 HP:17(18) Pw:20(20) AC:7 Xp:2/27 T:324                              

",0.0,False
138,far southeast,,"message:


language observation:
stairs up far eastsoutheast
horizontal wall near south and northwest
vertical wall near southwest
dark area very near north
vertical wall very near southeast
little dog very near south
dark area adjacent northeast
horizontal wall adjacent east and west

cursor:
Yourself a priestess
(x=14, y=14)

map:
                                                                                
                                                                                
                                                                                
                             -------                                            
   ---------------           |.....|                                            
   |.............|           |.....|                                            
   |............^.#          |.....|                                            
   |.............|##         |.....|                                            
   --------------- #         |.....|                                            
          #        ###       ---|---                                            
          ##         #       ####                                               
           ##        #      ##                                                  
            ###      #      #                                                   
          ----@--    ##-----.--------                                           
          |.....|     #|............|                                           
          |...d.|     #......<......|                                           
          |.....|     #|............|                                           
          |.....-######.............|                                           
          -------      --------------                                           
                                                                                
                                                                                
Agent the Aspirant             St:10 Dx:14 Co:12 In:13 Wi:18 Ch:8 Neutral S:275 
Dlvl:4 $:17 HP:17(18) Pw:20(20) AC:7 Xp:2/27 T:327                              

",0.0,False
139,far northwest,,"message:
It's a wall.

language observation:
stairs up far eastsoutheast
vertical wall far southeast
doorway near southeast
dark area very near south
horizontal wall adjacent north, northeast, and northwest
dark area adjacent east, southwest, and west

cursor:
Yourself a priestess
(x=10, y=10)

map:
                                                                                
                                                                                
                                                                                
                             -------                                            
   ---------------           |.....|                                            
   |.............|           |.....|                                            
   |............^.#          |.....|                                            
   |.............|##         |.....|                                            
   --------------- #         |.....|                                            
          @        ###       ---|---                                            
          ##         #       ####                                               
           ##        #      ##                                                  
            ###      #      #                                                   
          ----.--    ##-----.--------                                           
          |.....|     #|............|                                           
          |.....|     #......<......|                                           
          |.....|     #|............|                                           
          |.....-######.............|                                           
          -------      --------------                                           
                                                                                
                                                                                
Agent the Aspirant             St:10 Dx:14 Co:12 In:13 Wi:18 Ch:8 Neutral S:275 
Dlvl:4 $:17 HP:18(18) Pw:20(20) AC:7 Xp:2/27 T:331                              

",0.0,False
140,search,,"message:
You find a hidden door.

language observation:
stairs up far eastsoutheast
vertical wall far southeast
horizontal wall near north
doorway near southeast
dark area very near south
horizontal closed door adjacent north
horizontal wall adjacent northeast and northwest
dark area adjacent east, southwest, and west

cursor:
Yourself a priestess
(x=10, y=10)

map:
                                                                                
                                                                                
                                                                                
                             -------                                            
   ---------------           |.....|                                            
   |.............|           |.....|                                            
   |............^.#          |.....|                                            
   |.............|##         |.....|                                            
   -------+------- #         |.....|                                            
          @        ###       ---|---                                            
          ##         #       ####                                               
           ##        #      ##                                                  
            ###      #      #                                                   
          ----.--    ##-----.--------                                           
          |.....|     #|............|                                           
          |.....|     #......<......|                                           
          |.....|     #|............|                                           
          |.....-######.............|                                           
          -------      --------------                                           
                                                                                
                                                                                
Agent the Aspirant             St:10 Dx:14 Co:12 In:13 Wi:18 Ch:8 Neutral S:275 
Dlvl:4 $:17 HP:18(18) Pw:20(20) AC:7 Xp:2/27 T:332                              

",0.0,False
141,open,,"message:
In what direction?

language observation:
stairs up far eastsoutheast
vertical wall far southeast
horizontal wall near north
doorway near southeast
dark area very near south
horizontal closed door adjacent north
horizontal wall adjacent northeast and northwest
dark area adjacent east, southwest, and west

cursor:

(x=19, y=0)

map:
                                                                                
                                                                                
                                                                                
                             -------                                            
   ---------------           |.....|                                            
   |.............|           |.....|                                            
   |............^.#          |.....|                                            
   |.............|##         |.....|                                            
   -------+------- #         |.....|                                            
          @        ###       ---|---                                            
          ##         #       ####                                               
           ##        #      ##                                                  
            ###      #      #                                                   
          ----.--    ##-----.--------                                           
          |.....|     #|............|                                           
          |.....|     #......<......|                                           
          |.....|     #|............|                                           
          |.....-######.............|                                           
          -------      --------------                                           
                                                                                
                                                                                
Agent the Aspirant             St:10 Dx:14 Co:12 In:13 Wi:18 Ch:8 Neutral S:275 
Dlvl:4 $:17 HP:18(18) Pw:20(20) AC:7 Xp:2/27 T:332                              

",0.0,False
142,north,,"message:
The door resists!

language observation:
stairs up far eastsoutheast
vertical wall far southeast
horizontal wall near north
doorway near southeast
dark area very near south
horizontal closed door adjacent north
horizontal wall adjacent northeast and northwest
dark area adjacent east, southwest, and west

cursor:
Yourself a priestess
(x=10, y=10)

map:
                                                                                
                                                                                
                                                                                
                             -------                                            
   ---------------           |.....|                                            
   |.............|           |.....|                                            
   |............^.#          |.....|                                            
   |.............|##         |.....|                                            
   -------+------- #         |.....|                                            
          @        ###       ---|---                                            
          ##         #       ####                                               
           ##        #      ##                                                  
            ###      #      #                                                   
          ----.--    ##-----.--------                                           
          |.....|     #|............|                                           
          |.....|     #......<......|                                           
          |.....|     #|............|                                           
          |.....-######.............|                                           
          -------      --------------                                           
                                                                                
                                                                                
Agent the Aspirant             St:10 Dx:14 Co:12 In:13 Wi:18 Ch:8 Neutral S:275 
Dlvl:4 $:17 HP:18(18) Pw:20(20) AC:7 Xp:2/27 T:333                              

",0.0,False
143,open,,"message:
In what direction?

language observation:
stairs up far eastsoutheast
vertical wall far southeast
horizontal wall near north
doorway near southeast
dark area very near south
horizontal closed door adjacent north
horizontal wall adjacent northeast and northwest
dark area adjacent east, southwest, and west

cursor:

(x=19, y=0)

map:
                                                                                
                                                                                
                                                                                
                             -------                                            
   ---------------           |.....|                                            
   |.............|           |.....|                                            
   |............^.#          |.....|                                            
   |.............|##         |.....|                                            
   -------+------- #         |.....|                                            
          @        ###       ---|---                                            
          ##         #       ####                                               
           ##        #      ##                                                  
            ###      #      #                                                   
          ----.--    ##-----.--------                                           
          |.....|     #|............|                                           
          |.....|     #......<......|                                           
          |.....|     #|............|                                           
          |.....-######.............|                                           
          -------      --------------                                           
                                                                                
                                                                                
Agent the Aspirant             St:10 Dx:14 Co:12 In:13 Wi:18 Ch:8 Neutral S:275 
Dlvl:4 $:17 HP:18(18) Pw:20(20) AC:7 Xp:2/27 T:333                              

",0.0,False
144,north,,"message:
The door opens.

language observation:
stairs up far eastsoutheast
vertical wall far southeast
horizontal wall near north
doorway near southeast
dark area very near south
horizontal open door adjacent north
horizontal wall adjacent northeast and northwest
dark area adjacent east, southwest, and west

cursor:
Yourself a priestess
(x=10, y=10)

map:
                                                                                
                                                                                
                                                                                
                             -------                                            
   ---------------           |.....|                                            
   |.............|           |.....|                                            
   |............^.#          |.....|                                            
   |.............|##         |.....|                                            
   -------|------- #         |.....|                                            
          @        ###       ---|---                                            
          ##         #       ####                                               
           ##        #      ##                                                  
            ###      #      #                                                   
          ----.--    ##-----.--------                                           
          |.....|     #|............|                                           
          |.....|     #......<......|                                           
          |.....|     #|............|                                           
          |.....-######.............|                                           
          -------      --------------                                           
                                                                                
                                                                                
Agent the Aspirant             St:10 Dx:14 Co:12 In:13 Wi:18 Ch:8 Neutral S:275 
Dlvl:4 $:17 HP:18(18) Pw:20(20) AC:7 Xp:2/27 T:334                              

",0.0,False
145,north,,"message:


language observation:
stairs up far eastsoutheast
horizontal wall near north, northeast, and northwest
dark area near south
horizontal wall adjacent east and west
dark area adjacent southeast and southwest

cursor:
Yourself a priestess
(x=10, y=9)

map:
                                                                                
                                                                                
                                                                                
                             -------                                            
   ---------------           |.....|                                            
   |.............|           |.....|                                            
   |............^.#          |.....|                                            
   |.............|##         |.....|                                            
   -------@------- #         |.....|                                            
          #        ###       ---|---                                            
          ##         #       ####                                               
           ##        #      ##                                                  
            ###      #      #                                                   
          ----.--    ##-----.--------                                           
          |.....|     #|............|                                           
          |.....|     #......<......|                                           
          |.....|     #|............|                                           
          |.....-######.............|                                           
          -------      --------------                                           
                                                                                
                                                                                
Agent the Aspirant             St:10 Dx:14 Co:12 In:13 Wi:18 Ch:8 Neutral S:275 
Dlvl:4 $:17 HP:18(18) Pw:20(20) AC:7 Xp:2/27 T:335                              

",0.0,False
146,north,,"message:


language observation:
vertical wall far east and west
stairs up far eastsoutheast
horizontal wall near north, northeast, and northwest
dark area near south
horizontal wall adjacent southeast and southwest
horizontal open door adjacent south

cursor:
Yourself a priestess
(x=10, y=8)

map:
                                                                                
                                                                                
                                                                                
                             -------                                            
   ---------------           |.....|                                            
   |.............|           |.....|                                            
   |............^.#          |.....|                                            
   |......@......|##         |.....|                                            
   -------|------- #         |.....|                                            
          #        ###       ---|---                                            
          ##         #       ####                                               
           ##        #      ##                                                  
            ###      #      #                                                   
          ----.--    ##-----.--------                                           
          |.....|     #|............|                                           
          |.....|     #......<......|                                           
          |.....|     #|............|                                           
          |.....-######.............|                                           
          -------      --------------                                           
                                                                                
                                                                                
Agent the Aspirant             St:10 Dx:14 Co:12 In:13 Wi:18 Ch:8 Neutral S:275 
Dlvl:4 $:17 HP:18(18) Pw:20(20) AC:7 Xp:2/27 T:336                              

",0.0,False
147,far northwest,,"message:
It's a wall.

language observation:
stairs up very far eastsoutheast
vertical wall far east
horizontal wall near southeast, south, and southwest
vertical wall near west
horizontal wall adjacent north, northeast, and northwest

cursor:
Yourself a priestess
(x=8, y=6)

map:
                                                                                
                                                                                
                                                                                
                             -------                                            
   ---------------           |.....|                                            
   |....@........|           |.....|                                            
   |............^.#          |.....|                                            
   |.............|##         |.....|                                            
   -------|------- #         |.....|                                            
          #        ###       ---|---                                            
          ##         #       ####                                               
           ##        #      ##                                                  
            ###      #      #                                                   
          ----.--    ##-----.--------                                           
          |.....|     #|............|                                           
          |.....|     #......<......|                                           
          |.....|     #|............|                                           
          |.....-######.............|                                           
          -------      --------------                                           
                                                                                
                                                                                
Agent the Aspirant             St:10 Dx:14 Co:12 In:13 Wi:18 Ch:8 Neutral S:275 
Dlvl:4 $:17 HP:18(18) Pw:20(20) AC:7 Xp:2/27 T:338                              

",0.0,False
148,search,,"message:


language observation:
stairs up very far eastsoutheast
vertical wall far east
horizontal wall near southeast, south, and southwest
vertical wall near west
horizontal wall adjacent north, northeast, and northwest

cursor:
Yourself a priestess
(x=8, y=6)

map:
                                                                                
                                                                                
                                                                                
                             -------                                            
   ---------------           |.....|                                            
   |....@........|           |.....|                                            
   |............^.#          |.....|                                            
   |.............|##         |.....|                                            
   -------|------- #         |.....|                                            
          #        ###       ---|---                                            
          ##         #       ####                                               
           ##        #      ##                                                  
            ###      #      #                                                   
          ----.--    ##-----.--------                                           
          |.....|     #|............|                                           
          |.....|     #......<......|                                           
          |.....|     #|............|                                           
          |.....-######.............|                                           
          -------      --------------                                           
                                                                                
                                                                                
Agent the Aspirant             St:10 Dx:14 Co:12 In:13 Wi:18 Ch:8 Neutral S:275 
Dlvl:4 $:17 HP:18(18) Pw:20(20) AC:7 Xp:2/27 T:339                              

",0.0,False
149,far east,,"message:
It's a wall.

language observation:
stairs up far eastsoutheast
dark area far southeast
horizontal wall near south and southwest
horizontal wall adjacent north and northwest
northeast room corner adjacent northeast
vertical wall adjacent east
doorway adjacent southeast
anti magic trap adjacent south

cursor:
Yourself a priestess
(x=16, y=6)

map:
                                                                                
                                                                                
                                                                                
                             -------                                            
   ---------------           |.....|                                            
   |............@|           |.....|                                            
   |............^.#          |.....|                                            
   |.............|##         |.....|                                            
   -------|------- #         |.....|                                            
          #        ###       ---|---                                            
          ##         #       ####                                               
           ##        #      ##                                                  
            ###      #      #                                                   
          ----.--    ##-----.--------                                           
          |.....|     #|............|                                           
          |.....|     #......<......|                                           
          |.....|     #|............|                                           
          |.....-######.............|                                           
          -------      --------------                                           
                                                                                
                                                                                
Agent the Aspirant             St:10 Dx:14 Co:12 In:13 Wi:18 Ch:8 Neutral S:275 
Dlvl:4 $:17 HP:18(18) Pw:20(20) AC:7 Xp:2/27 T:347                              

",0.0,False
150,southeast,,"message:


language observation:
stairs up far eastsoutheast
dark area near southeast
dark area very near east
horizontal wall very near southwest and northwest
vertical wall adjacent north and south
dark area adjacent northeast
anti magic trap adjacent west

cursor:
Yourself a priestess
(x=17, y=7)

map:
                                                                                
                                                                                
                                                                                
                             -------                                            
   ---------------           |.....|                                            
   |.............|           |.....|                                            
   |............^@#          |.....|                                            
   |.............|##         |.....|                                            
   -------|------- #         |.....|                                            
          #        ###       ---|---                                            
          ##         #       ####                                               
           ##        #      ##                                                  
            ###      #      #                                                   
          ----.--    ##-----.--------                                           
          |.....|     #|............|                                           
          |.....|     #......<......|                                           
          |.....|     #|............|                                           
          |.....-######.............|                                           
          -------      --------------                                           
                                                                                
                                                                                
Agent the Aspirant             St:10 Dx:14 Co:12 In:13 Wi:18 Ch:8 Neutral S:275 
Dlvl:4 $:17 HP:18(18) Pw:20(20) AC:7 Xp:2/27 T:348                              

",0.0,False
151,east,,"message:


language observation:
stairs up far eastsoutheast
dark area very near southeast and south
anti magic trap very near west
dark area adjacent north, northeast, and east
vertical wall adjacent southwest and northwest
doorway adjacent west

cursor:
Yourself a priestess
(x=18, y=7)

map:
                                                                                
                                                                                
                                                                                
                             -------                                            
   ---------------           |.....|                                            
   |.............|           |.....|                                            
   |............^.@          |.....|                                            
   |.............|##         |.....|                                            
   -------|------- #         |.....|                                            
          #        ###       ---|---                                            
          ##         #       ####                                               
           ##        #      ##                                                  
            ###      #      #                                                   
          ----.--    ##-----.--------                                           
          |.....|     #|............|                                           
          |.....|     #......<......|                                           
          |.....|     #|............|                                           
          |.....-######.............|                                           
          -------      --------------                                           
                                                                                
                                                                                
Agent the Aspirant             St:10 Dx:14 Co:12 In:13 Wi:18 Ch:8 Neutral S:275 
Dlvl:4 $:17 HP:18(18) Pw:20(20) AC:7 Xp:2/27 T:349                              

",0.0,False
152,east,,"message:
It's solid stone.

language observation:
stairs up far eastsoutheast
dark area very near southeast and south
anti magic trap very near west
dark area adjacent north, northeast, and east
vertical wall adjacent southwest and northwest
doorway adjacent west

cursor:
Yourself a priestess
(x=18, y=7)

map:
                                                                                
                                                                                
                                                                                
                             -------                                            
   ---------------           |.....|                                            
   |.............|           |.....|                                            
   |............^.@          |.....|                                            
   |.............|##         |.....|                                            
   -------|------- #         |.....|                                            
          #        ###       ---|---                                            
          ##         #       ####                                               
           ##        #      ##                                                  
            ###      #      #                                                   
          ----.--    ##-----.--------                                           
          |.....|     #|............|                                           
          |.....|     #......<......|                                           
          |.....|     #|............|                                           
          |.....-######.............|                                           
          -------      --------------                                           
                                                                                
                                                                                
Agent the Aspirant             St:10 Dx:14 Co:12 In:13 Wi:18 Ch:8 Neutral S:275 
Dlvl:4 $:17 HP:18(18) Pw:20(20) AC:7 Xp:2/27 T:349                              

",0.0,False
153,search,,"message:


language observation:
stairs up far eastsoutheast
dark area very near southeast and south
anti magic trap very near west
dark area adjacent north, northeast, and east
vertical wall adjacent southwest and northwest
doorway adjacent west

cursor:
Yourself a priestess
(x=18, y=7)

map:
                                                                                
                                                                                
                                                                                
                             -------                                            
   ---------------           |.....|                                            
   |.............|           |.....|                                            
   |............^.@          |.....|                                            
   |.............|##         |.....|                                            
   -------|------- #         |.....|                                            
          #        ###       ---|---                                            
          ##         #       ####                                               
           ##        #      ##                                                  
            ###      #      #                                                   
          ----.--    ##-----.--------                                           
          |.....|     #|............|                                           
          |.....|     #......<......|                                           
          |.....|     #|............|                                           
          |.....-######.............|                                           
          -------      --------------                                           
                                                                                
                                                                                
Agent the Aspirant             St:10 Dx:14 Co:12 In:13 Wi:18 Ch:8 Neutral S:275 
Dlvl:4 $:17 HP:18(18) Pw:20(20) AC:7 Xp:2/27 T:350                              

",0.0,False
154,southeast,,"message:


language observation:
stairs up far eastsoutheast
dark area near south
vertical wall very near west and northwest
dark area adjacent north, northeast, east, southeast, and southwest

cursor:
Yourself a priestess
(x=19, y=8)

map:
                                                                                
                                                                                
                                                                                
                             -------                                            
   ---------------           |.....|                                            
   |.............|           |.....|                                            
   |............^.#          |.....|                                            
   |.............|#@         |.....|                                            
   -------|------- #         |.....|                                            
          #        ###       ---|---                                            
          ##         #       ####                                               
           ##        #      ##                                                  
            ###      #      #                                                   
          ----.--    ##-----.--------                                           
          |.....|     #|............|                                           
          |.....|     #......<......|                                           
          |.....|     #|............|                                           
          |.....-######.............|                                           
          -------      --------------                                           
                                                                                
                                                                                
Agent the Aspirant             St:10 Dx:14 Co:12 In:13 Wi:18 Ch:8 Neutral S:275 
Dlvl:4 $:17 HP:18(18) Pw:20(20) AC:7 Xp:2/27 T:351                              

",0.0,False
155,southeast,,"message:
It's solid stone.

language observation:
stairs up far eastsoutheast
dark area near south
vertical wall very near west and northwest
dark area adjacent north, northeast, east, southeast, and southwest

cursor:
Yourself a priestess
(x=19, y=8)

map:
                                                                                
                                                                                
                                                                                
                             -------                                            
   ---------------           |.....|                                            
   |.............|           |.....|                                            
   |............^.#          |.....|                                            
   |.............|#@         |.....|                                            
   -------|------- #         |.....|                                            
          #        ###       ---|---                                            
          ##         #       ####                                               
           ##        #      ##                                                  
            ###      #      #                                                   
          ----.--    ##-----.--------                                           
          |.....|     #|............|                                           
          |.....|     #......<......|                                           
          |.....|     #|............|                                           
          |.....-######.............|                                           
          -------      --------------                                           
                                                                                
                                                                                
Agent the Aspirant             St:10 Dx:14 Co:12 In:13 Wi:18 Ch:8 Neutral S:275 
Dlvl:4 $:17 HP:18(18) Pw:20(20) AC:7 Xp:2/27 T:351                              

",0.0,False
156,south,,"message:


language observation:
stairs up far eastsoutheast
dark area near southeast
horizontal wall near northwest
dark area very near north and south
doorway very near northwest
dark area adjacent northeast, east, southwest, and west

cursor:
Yourself a priestess
(x=19, y=9)

map:
                                                                                
                                                                                
                                                                                
                             -------                                            
   ---------------           |.....|                                            
   |.............|           |.....|                                            
   |............^.#          |.....|                                            
   |.............|##         |.....|                                            
   -------|------- @         |.....|                                            
          #        ###       ---|---                                            
          ##         #       ####                                               
           ##        #      ##                                                  
            ###      #      #                                                   
          ----.--    ##-----.--------                                           
          |.....|     #|............|                                           
          |.....|     #......<......|                                           
          |.....|     #|............|                                           
          |.....-######.............|                                           
          -------      --------------                                           
                                                                                
                                                                                
Agent the Aspirant             St:10 Dx:14 Co:12 In:13 Wi:18 Ch:8 Neutral S:275 
Dlvl:4 $:17 HP:18(18) Pw:20(20) AC:7 Xp:2/27 T:352                              

",0.0,False
157,far east,,"message:
It's solid stone.

language observation:
stairs up far eastsoutheast
dark area near southeast
horizontal wall near northwest
dark area very near north and south
doorway very near northwest
dark area adjacent northeast, east, southwest, and west

cursor:
Yourself a priestess
(x=19, y=9)

map:
                                                                                
                                                                                
                                                                                
                             -------                                            
   ---------------           |.....|                                            
   |.............|           |.....|                                            
   |............^.#          |.....|                                            
   |.............|##         |.....|                                            
   -------|------- @         |.....|                                            
          #        ###       ---|---                                            
          ##         #       ####                                               
           ##        #      ##                                                  
            ###      #      #                                                   
          ----.--    ##-----.--------                                           
          |.....|     #|............|                                           
          |.....|     #......<......|                                           
          |.....|     #|............|                                           
          |.....-######.............|                                           
          -------      --------------                                           
                                                                                
                                                                                
Agent the Aspirant             St:10 Dx:14 Co:12 In:13 Wi:18 Ch:8 Neutral S:275 
Dlvl:4 $:17 HP:18(18) Pw:20(20) AC:7 Xp:2/27 T:352                              

",0.0,False
158,southeast,,"message:


language observation:
stairs up far eastsoutheast
doorway near northwest
horizontal wall near northwest
dark area very near east, southeast, and west
dark area adjacent north, northeast, south, and southwest

cursor:
Yourself a priestess
(x=20, y=10)

map:
                                                                                
                                                                                
                                                                                
                             -------                                            
   ---------------           |.....|                                            
   |.............|           |.....|                                            
   |............^.#          |.....|                                            
   |.............|##         |.....|                                            
   -------|------- #         |.....|                                            
          #        #@#       ---|---                                            
          ##         #       ####                                               
           ##        #      ##                                                  
            ###      #      #                                                   
          ----.--    ##-----.--------                                           
          |.....|     #|............|                                           
          |.....|     #......<......|                                           
          |.....|     #|............|                                           
          |.....-######.............|                                           
          -------      --------------                                           
                                                                                
                                                                                
Agent the Aspirant             St:10 Dx:14 Co:12 In:13 Wi:18 Ch:8 Neutral S:275 
Dlvl:4 $:17 HP:18(18) Pw:20(20) AC:7 Xp:2/27 T:353                              

",0.0,False
159,southeast,,"message:


language observation:
stairs up far eastsoutheast
horizontal wall far northwest
dark area near south
doorway near northwest
dark area very near north
dark area adjacent northeast, east, southeast, southwest, and west

cursor:
Yourself a priestess
(x=21, y=11)

map:
                                                                                
                                                                                
                                                                                
                             -------                                            
   ---------------           |.....|                                            
   |.............|           |.....|                                            
   |............^.#          |.....|                                            
   |.............|##         |.....|                                            
   -------|------- #         |.....|                                            
          #        ###       ---|---                                            
          ##         @       ####                                               
           ##        #      ##                                                  
            ###      #      #                                                   
          ----.--    ##-----.--------                                           
          |.....|     #|............|                                           
          |.....|     #......<......|                                           
          |.....|     #|............|                                           
          |.....-######.............|                                           
          -------      --------------                                           
                                                                                
                                                                                
Agent the Aspirant             St:10 Dx:14 Co:12 In:13 Wi:18 Ch:8 Neutral S:275 
Dlvl:4 $:17 HP:18(18) Pw:20(20) AC:7 Xp:2/27 T:354                              

",0.0,False
160,south,,"message:


language observation:
stairs up far eastsoutheast
dark area near north and south
dark area adjacent northeast, east, southeast, southwest, west, and northwest

cursor:
Yourself a priestess
(x=21, y=12)

map:
                                                                                
                                                                                
                                                                                
                             -------                                            
   ---------------           |.....|                                            
   |.............|           |.....|                                            
   |............^.#          |.....|                                            
   |.............|##         |.....|                                            
   -------|------- #         |.....|                                            
          #        ###       ---|---                                            
          ##         #       ####                                               
           ##        @      ##                                                  
            ###      #      #                                                   
          ----.--    ##-----.--------                                           
          |.....|     #|............|                                           
          |.....|     #......<......|                                           
          |.....|     #|............|                                           
          |.....-######.............|                                           
          -------      --------------                                           
                                                                                
                                                                                
Agent the Aspirant             St:10 Dx:14 Co:12 In:13 Wi:18 Ch:8 Neutral S:275 
Dlvl:4 $:17 HP:18(18) Pw:20(20) AC:7 Xp:2/27 T:355                              

",0.0,False
161,south,,"message:


language observation:
stairs up far eastsoutheast
dark area near north
vertical wall very near southeast
dark area very near south
dark area adjacent northeast, east, southwest, west, and northwest

cursor:
Yourself a priestess
(x=21, y=13)

map:
                                                                                
                                                                                
                                                                                
                             -------                                            
   ---------------           |.....|                                            
   |.............|           |.....|                                            
   |............^.#          |.....|                                            
   |.............|##         |.....|                                            
   -------|------- #         |.....|                                            
          #        ###       ---|---                                            
          ##         #       ####                                               
           ##        #      ##                                                  
            ###      @      #                                                   
          ----.--    ##-----.--------                                           
          |.....|     #|............|                                           
          |.....|     #......<......|                                           
          |.....|     #|............|                                           
          |.....-######.............|                                           
          -------      --------------                                           
                                                                                
                                                                                
Agent the Aspirant             St:10 Dx:14 Co:12 In:13 Wi:18 Ch:8 Neutral S:275 
Dlvl:4 $:17 HP:18(18) Pw:20(20) AC:7 Xp:2/27 T:356                              

",0.0,False
162,south,,"message:


language observation:
stairs up far eastsoutheast
dark area near north
horizontal wall near southeast
northwest room corner very near east
doorway very near southeast
dark area adjacent northeast, south, southwest, west, and northwest

cursor:
Yourself a priestess
(x=21, y=14)

map:
                                                                                
                                                                                
                                                                                
                             -------                                            
   ---------------           |.....|                                            
   |.............|           |.....|                                            
   |............^.#          |.....|                                            
   |.............|##         |.....|                                            
   -------|------- #         |.....|                                            
          #        ###       ---|---                                            
          ##         #       ####                                               
           ##        #      ##                                                  
            ###      #      #                                                   
          ----.--    @#-----.--------                                           
          |.....|     #|............|                                           
          |.....|     #......<......|                                           
          |.....|     #|............|                                           
          |.....-######.............|                                           
          -------      --------------                                           
                                                                                
                                                                                
Agent the Aspirant             St:10 Dx:14 Co:12 In:13 Wi:18 Ch:8 Neutral S:275 
Dlvl:4 $:17 HP:18(18) Pw:20(20) AC:7 Xp:2/27 T:357                              

",0.0,False
163,overview,,"

Your previous output did not contain a valid action. Defaulted to action: esc

Observation:
message:


language observation:
stairs up far eastsoutheast
dark area near north
horizontal wall near southeast
northwest room corner very near east
doorway very near southeast
dark area adjacent northeast, south, southwest, west, and northwest

cursor:
Yourself a priestess
(x=21, y=14)

map:
                                                                                
                                                                                
                                                                                
                             -------                                            
   ---------------           |.....|                                            
   |.............|           |.....|                                            
   |............^.#          |.....|                                            
   |.............|##         |.....|                                            
   -------|------- #         |.....|                                            
          #        ###       ---|---                                            
          ##         #       ####                                               
           ##        #      ##                                                  
            ###      #      #                                                   
          ----.--    @#-----.--------                                           
          |.....|     #|............|                                           
          |.....|     #......<......|                                           
          |.....|     #|............|                                           
          |.....-######.............|                                           
          -------      --------------                                           
                                                                                
                                                                                
Agent the Aspirant             St:10 Dx:14 Co:12 In:13 Wi:18 Ch:8 Neutral S:275 
Dlvl:4 $:17 HP:18(18) Pw:20(20) AC:7 Xp:2/27 T:357                              

",0.0,False
164,southeast,,"message:


language observation:
stairs up far eastsoutheast
horizontal wall near southeast
dark area near south
dark area very near north and northwest
northwest room corner adjacent northeast
vertical wall adjacent east
doorway adjacent southeast
dark area adjacent southwest and west

cursor:
Yourself a priestess
(x=22, y=15)

map:
                                                                                
                                                                                
                                                                                
                             -------                                            
   ---------------           |.....|                                            
   |.............|           |.....|                                            
   |............^.#          |.....|                                            
   |.............|##         |.....|                                            
   -------|------- #         |.....|                                            
          #        ###       ---|---                                            
          ##         #       ####                                               
           ##        #      ##                                                  
            ###      #      #                                                   
          ----.--    ##-----.--------                                           
          |.....|     @|............|                                           
          |.....|     #......<......|                                           
          |.....|     #|............|                                           
          |.....-######.............|                                           
          -------      --------------                                           
                                                                                
                                                                                
Agent the Aspirant             St:10 Dx:14 Co:12 In:13 Wi:18 Ch:8 Neutral S:275 
Dlvl:4 $:17 HP:18(18) Pw:20(20) AC:7 Xp:2/27 T:358                              

",0.0,False
165,southeast,,"message:


language observation:
stairs up far east
horizontal wall near southeast
dark area near southwest and northwest
horizontal wall very near northeast
dark area very near west
vertical wall adjacent north and south

cursor:
Yourself a priestess
(x=23, y=16)

map:
                                                                                
                                                                                
                                                                                
                             -------                                            
   ---------------           |.....|                                            
   |.............|           |.....|                                            
   |............^.#          |.....|                                            
   |.............|##         |.....|                                            
   -------|------- #         |.....|                                            
          #        ###       ---|---                                            
          ##         #       ####                                               
           ##        #      ##                                                  
            ###      #      #                                                   
          ----.--    ##-----.--------                                           
          |.....|     #|............|                                           
          |.....|     #@.....<......|                                           
          |.....|     #|............|                                           
          |.....-######.............|                                           
          -------      --------------                                           
                                                                                
                                                                                
Agent the Aspirant             St:10 Dx:14 Co:12 In:13 Wi:18 Ch:8 Neutral S:275 
Dlvl:4 $:17 HP:18(18) Pw:20(20) AC:7 Xp:2/27 T:359                              

",0.0,False
166,far east,,"message:


language observation:
vertical wall far east
doorway far west
dark area far west
horizontal wall near southeast, south, and southwest
horizontal wall very near north, northeast, and northwest

cursor:
Yourself a priestess
(x=29, y=16)

map:
                                                                                
                                                                                
                                                                                
                             -------                                            
   ---------------           |.....|                                            
   |.............|           |.....|                                            
   |............^.#          |.....|                                            
   |.............|##         |.....|                                            
   -------|------- #         |.....|                                            
          #        ###       ---|---                                            
          ##         #       ####                                               
           ##        #      ##                                                  
            ###      #      #                                                   
          ----.--    ##-----.--------                                           
          |.....|     #|............|                                           
          |.....|     #......@......|                                           
          |.....|     #|............|                                           
          |.....-######.............|                                           
          -------      --------------                                           
                                                                                
                                                                                
Agent the Aspirant             St:10 Dx:14 Co:12 In:13 Wi:18 Ch:8 Neutral S:275 
Dlvl:4 $:17 HP:18(18) Pw:20(20) AC:7 Xp:2/27 T:365                              

",0.0,False
167,far east,,"message:
It's a wall.

language observation:
stairs up far west
horizontal wall near south and southwest
horizontal wall very near north and northwest
vertical wall adjacent northeast, east, and southeast

cursor:
Yourself a priestess
(x=35, y=16)

map:
                                                                                
                                                                                
                                                                                
                             -------                                            
   ---------------           |.....|                                            
   |.............|           |.....|                                            
   |............^.#          |.....|                                            
   |.............|##         |.....|                                            
   -------|------- #         |.....|                                            
          #        ###       ---|---                                            
          ##         #       ####                                               
           ##        #      ##                                                  
            ###      #      #                                                   
          ----.--    ##-----.--------                                           
          |.....|     #|............|                                           
          |.....|     #......<.....@|                                           
          |.....|     #|............|                                           
          |.....-######.............|                                           
          -------      --------------                                           
                                                                                
                                                                                
Agent the Aspirant             St:10 Dx:14 Co:12 In:13 Wi:18 Ch:8 Neutral S:275 
Dlvl:4 $:17 HP:18(18) Pw:20(20) AC:7 Xp:2/27 T:371                              

",0.0,False
168,search,,"message:


language observation:
stairs up far west
horizontal wall near south and southwest
horizontal wall very near north and northwest
vertical wall adjacent northeast, east, and southeast

cursor:
Yourself a priestess
(x=35, y=16)

map:
                                                                                
                                                                                
                                                                                
                             -------                                            
   ---------------           |.....|                                            
   |.............|           |.....|                                            
   |............^.#          |.....|                                            
   |.............|##         |.....|                                            
   -------|------- #         |.....|                                            
          #        ###       ---|---                                            
          ##         #       ####                                               
           ##        #      ##                                                  
            ###      #      #                                                   
          ----.--    ##-----.--------                                           
          |.....|     #|............|                                           
          |.....|     #......<.....@|                                           
          |.....|     #|............|                                           
          |.....-######.............|                                           
          -------      --------------                                           
                                                                                
                                                                                
Agent the Aspirant             St:10 Dx:14 Co:12 In:13 Wi:18 Ch:8 Neutral S:275 
Dlvl:4 $:17 HP:18(18) Pw:20(20) AC:7 Xp:2/27 T:372                              

",0.0,False
169,search,,"message:


language observation:
stairs up far west
horizontal wall near south and southwest
horizontal wall very near north and northwest
vertical wall adjacent northeast, east, and southeast

cursor:
Yourself a priestess
(x=35, y=16)

map:
                                                                                
                                                                                
                                                                                
                             -------                                            
   ---------------           |.....|                                            
   |.............|           |.....|                                            
   |............^.#          |.....|                                            
   |.............|##         |.....|                                            
   -------|------- #         |.....|                                            
          #        ###       ---|---                                            
          ##         #       ####                                               
           ##        #      ##                                                  
            ###      #      #                                                   
          ----.--    ##-----.--------                                           
          |.....|     #|............|                                           
          |.....|     #......<.....@|                                           
          |.....|     #|............|                                           
          |.....-######.............|                                           
          -------      --------------                                           
                                                                                
                                                                                
Agent the Aspirant             St:10 Dx:14 Co:12 In:13 Wi:18 Ch:8 Neutral S:275 
Dlvl:4 $:17 HP:18(18) Pw:20(20) AC:7 Xp:2/27 T:373                              

",0.0,False
170,search,,"message:


language observation:
stairs up far west
horizontal wall near south and southwest
horizontal wall very near north and northwest
vertical wall adjacent northeast, east, and southeast

cursor:
Yourself a priestess
(x=35, y=16)

map:
                                                                                
                                                                                
                                                                                
                             -------                                            
   ---------------           |.....|                                            
   |.............|           |.....|                                            
   |............^.#          |.....|                                            
   |.............|##         |.....|                                            
   -------|------- #         |.....|                                            
          #        ###       ---|---                                            
          ##         #       ####                                               
           ##        #      ##                                                  
            ###      #      #                                                   
          ----.--    ##-----.--------                                           
          |.....|     #|............|                                           
          |.....|     #......<.....@|                                           
          |.....|     #|............|                                           
          |.....-######.............|                                           
          -------      --------------                                           
                                                                                
                                                                                
Agent the Aspirant             St:10 Dx:14 Co:12 In:13 Wi:18 Ch:8 Neutral S:275 
Dlvl:4 $:17 HP:18(18) Pw:20(20) AC:7 Xp:2/27 T:374                              

",0.0,False
171,far northwest,,"message:
It's a wall.

language observation:
horizontal wall near south and southwest
stairs up near westsouthwest
vertical wall very near east and southeast
horizontal wall adjacent north, northeast, and northwest

cursor:
Yourself a priestess
(x=34, y=15)

map:
                                                                                
                                                                                
                                                                                
                             -------                                            
   ---------------           |.....|                                            
   |.............|           |.....|                                            
   |............^.#          |.....|                                            
   |.............|##         |.....|                                            
   -------|------- #         |.....|                                            
          #        ###       ---|---                                            
          ##         #       ####                                               
           ##        #      ##                                                  
            ###      #      #                                                   
          ----.--    ##-----.--------                                           
          |.....|     #|..........@.|                                           
          |.....|     #......<......|                                           
          |.....|     #|............|                                           
          |.....-######.............|                                           
          -------      --------------                                           
                                                                                
                                                                                
Agent the Aspirant             St:10 Dx:14 Co:12 In:13 Wi:18 Ch:8 Neutral S:275 
Dlvl:4 $:17 HP:18(18) Pw:20(20) AC:7 Xp:2/27 T:375                              

",0.0,False
172,search,,"message:


language observation:
horizontal wall near south and southwest
stairs up near westsouthwest
vertical wall very near east and southeast
horizontal wall adjacent north, northeast, and northwest

cursor:
Yourself a priestess
(x=34, y=15)

map:
                                                                                
                                                                                
                                                                                
                             -------                                            
   ---------------           |.....|                                            
   |.............|           |.....|                                            
   |............^.#          |.....|                                            
   |.............|##         |.....|                                            
   -------|------- #         |.....|                                            
          #        ###       ---|---                                            
          ##         #       ####                                               
           ##        #      ##                                                  
            ###      #      #                                                   
          ----.--    ##-----.--------                                           
          |.....|     #|..........@.|                                           
          |.....|     #......<......|                                           
          |.....|     #|............|                                           
          |.....-######.............|                                           
          -------      --------------                                           
                                                                                
                                                                                
Agent the Aspirant             St:10 Dx:14 Co:12 In:13 Wi:18 Ch:8 Neutral S:275 
Dlvl:4 $:17 HP:18(18) Pw:20(20) AC:7 Xp:2/27 T:376                              

",0.0,False
173,far south,,"message:
It's a wall.

language observation:
horizontal wall near north and northwest
stairs up near westnorthwest
vertical wall very near northeast and east
horizontal wall adjacent southeast, south, and southwest

cursor:
Yourself a priestess
(x=34, y=18)

map:
                                                                                
                                                                                
                                                                                
                             -------                                            
   ---------------           |.....|                                            
   |.............|           |.....|                                            
   |............^.#          |.....|                                            
   |.............|##         |.....|                                            
   -------|------- #         |.....|                                            
          #        ###       ---|---                                            
          ##         #       ####                                               
           ##        #      ##                                                  
            ###      #      #                                                   
          ----.--    ##-----.--------                                           
          |.....|     #|............|                                           
          |.....|     #......<......|                                           
          |.....|     #|............|                                           
          |.....-######...........@.|                                           
          -------      --------------                                           
                                                                                
                                                                                
Agent the Aspirant             St:10 Dx:14 Co:12 In:13 Wi:18 Ch:8 Neutral S:275 
Dlvl:4 $:17 HP:18(18) Pw:20(20) AC:7 Xp:2/27 T:379                              

",0.0,False
174,search,,"message:


language observation:
horizontal wall near north and northwest
stairs up near westnorthwest
vertical wall very near northeast and east
horizontal wall adjacent southeast, south, and southwest

cursor:
Yourself a priestess
(x=34, y=18)

map:
                                                                                
                                                                                
                                                                                
                             -------                                            
   ---------------           |.....|                                            
   |.............|           |.....|                                            
   |............^.#          |.....|                                            
   |.............|##         |.....|                                            
   -------|------- #         |.....|                                            
          #        ###       ---|---                                            
          ##         #       ####                                               
           ##        #      ##                                                  
            ###      #      #                                                   
          ----.--    ##-----.--------                                           
          |.....|     #|............|                                           
          |.....|     #......<......|                                           
          |.....|     #|............|                                           
          |.....-######...........@.|                                           
          -------      --------------                                           
                                                                                
                                                                                
Agent the Aspirant             St:10 Dx:14 Co:12 In:13 Wi:18 Ch:8 Neutral S:275 
Dlvl:4 $:17 HP:18(18) Pw:20(20) AC:7 Xp:2/27 T:380                              

",0.0,False
175,search,,"message:


language observation:
horizontal wall near north and northwest
stairs up near westnorthwest
vertical wall very near northeast and east
horizontal wall adjacent southeast, south, and southwest

cursor:
Yourself a priestess
(x=34, y=18)

map:
                                                                                
                                                                                
                                                                                
                             -------                                            
   ---------------           |.....|                                            
   |.............|           |.....|                                            
   |............^.#          |.....|                                            
   |.............|##         |.....|                                            
   -------|------- #         |.....|                                            
          #        ###       ---|---                                            
          ##         #       ####                                               
           ##        #      ##                                                  
            ###      #      #                                                   
          ----.--    ##-----.--------                                           
          |.....|     #|............|                                           
          |.....|     #......<......|                                           
          |.....|     #|............|                                           
          |.....-######...........@.|                                           
          -------      --------------                                           
                                                                                
                                                                                
Agent the Aspirant             St:10 Dx:14 Co:12 In:13 Wi:18 Ch:8 Neutral S:275 
Dlvl:4 $:17 HP:18(18) Pw:20(20) AC:7 Xp:2/27 T:381                              

",0.0,False
176,search,,"message:


language observation:
horizontal wall near north and northwest
stairs up near westnorthwest
vertical wall very near northeast and east
horizontal wall adjacent southeast, south, and southwest

cursor:
Yourself a priestess
(x=34, y=18)

map:
                                                                                
                                                                                
                                                                                
                             -------                                            
   ---------------           |.....|                                            
   |.............|           |.....|                                            
   |............^.#          |.....|                                            
   |.............|##         |.....|                                            
   -------|------- #         |.....|                                            
          #        ###       ---|---                                            
          ##         #       ####                                               
           ##        #      ##                                                  
            ###      #      #                                                   
          ----.--    ##-----.--------                                           
          |.....|     #|............|                                           
          |.....|     #......<......|                                           
          |.....|     #|............|                                           
          |.....-######...........@.|                                           
          -------      --------------                                           
                                                                                
                                                                                
Agent the Aspirant             St:10 Dx:14 Co:12 In:13 Wi:18 Ch:8 Neutral S:275 
Dlvl:4 $:17 HP:18(18) Pw:20(20) AC:7 Xp:2/27 T:382                              

",0.0,False
177,far west,,"message:


language observation:
stairs up far eastnortheast
vertical open door far west
horizontal wall near northeast
dark area very near northwest
vertical wall adjacent north
horizontal wall adjacent southeast
southwest corner adjacent south
dark area adjacent southwest

cursor:
Yourself a priestess
(x=23, y=18)

map:
                                                                                
                                                                                
                                                                                
                             -------                                            
   ---------------           |.....|                                            
   |.............|           |.....|                                            
   |............^.#          |.....|                                            
   |.............|##         |.....|                                            
   -------|------- #         |.....|                                            
          #        ###       ---|---                                            
          ##         #       ####                                               
           ##        #      ##                                                  
            ###      #      #                                                   
          ----.--    ##-----.--------                                           
          |.....|     #|............|                                           
          |.....|     #......<......|                                           
          |.....|     #|............|                                           
          |.....-######@............|                                           
          -------      --------------                                           
                                                                                
                                                                                
Agent the Aspirant             St:10 Dx:14 Co:12 In:13 Wi:18 Ch:8 Neutral S:275 
Dlvl:4 $:17 HP:18(18) Pw:20(20) AC:7 Xp:2/27 T:393                              

",0.0,False
178,west,,"message:


language observation:
stairs up far eastnortheast
vertical open door far west
dark area near north
vertical wall adjacent northeast
doorway adjacent east
southwest corner adjacent southeast
dark area adjacent south, southwest, and northwest

cursor:
Yourself a priestess
(x=22, y=18)

map:
                                                                                
                                                                                
                                                                                
                             -------                                            
   ---------------           |.....|                                            
   |.............|           |.....|                                            
   |............^.#          |.....|                                            
   |.............|##         |.....|                                            
   -------|------- #         |.....|                                            
          #        ###       ---|---                                            
          ##         #       ####                                               
           ##        #      ##                                                  
            ###      #      #                                                   
          ----.--    ##-----.--------                                           
          |.....|     #|............|                                           
          |.....|     #......<......|                                           
          |.....|     #|............|                                           
          |.....-#####@.............|                                           
          -------      --------------                                           
                                                                                
                                                                                
Agent the Aspirant             St:10 Dx:14 Co:12 In:13 Wi:18 Ch:8 Neutral S:275 
Dlvl:4 $:17 HP:18(18) Pw:20(20) AC:7 Xp:2/27 T:394                              

",0.0,False
179,far west,,"message:


language observation:
stairs up far eastnortheast
doorway far east
vertical wall far west
horizontal wall near northwest
vertical wall adjacent north
dark area adjacent northeast and southeast
southeast corner adjacent south
horizontal wall adjacent southwest

cursor:
Yourself a priestess
(x=16, y=18)

map:
                                                                                
                                                                                
                                                                                
                             -------                                            
   ---------------           |.....|                                            
   |.............|           |.....|                                            
   |............^.#          |.....|                                            
   |.............|##         |.....|                                            
   -------|------- #         |.....|                                            
          #        ###       ---|---                                            
          ##         #       ####                                               
           ##        #      ##                                                  
            ###      #      #                                                   
          ----.--    ##-----.--------                                           
          |.....|     #|............|                                           
          |.....|     #......<......|                                           
          |.....|     #|............|                                           
          |.....@######.............|                                           
          -------      --------------                                           
                                                                                
                                                                                
Agent the Aspirant             St:10 Dx:14 Co:12 In:13 Wi:18 Ch:8 Neutral S:275 
Dlvl:4 $:17 HP:18(18) Pw:20(20) AC:7 Xp:2/27 T:400                              

",0.0,False
180,far north,,"message:
It's a wall.

language observation:
stairs up far eastnortheast
doorway far east
vertical wall far west
horizontal wall near northwest
vertical wall adjacent north
dark area adjacent northeast and southeast
southeast corner adjacent south
horizontal wall adjacent southwest

cursor:
Yourself a priestess
(x=16, y=18)

map:
                                                                                
                                                                                
                                                                                
                             -------                                            
   ---------------           |.....|                                            
   |.............|           |.....|                                            
   |............^.#          |.....|                                            
   |.............|##         |.....|                                            
   -------|------- #         |.....|                                            
          #        ###       ---|---                                            
          ##         #       ####                                               
           ##        #      ##                                                  
            ###      #      #                                                   
          ----.--    ##-----.--------                                           
          |.....|     #|............|                                           
          |.....|     #......<......|                                           
          |.....|     #|............|                                           
          |.....@######.............|                                           
          -------      --------------                                           
                                                                                
                                                                                
Agent the Aspirant             St:10 Dx:14 Co:12 In:13 Wi:18 Ch:8 Neutral S:275 
Dlvl:4 $:17 HP:18(18) Pw:20(20) AC:7 Xp:2/27 T:400                              

",0.0,False
181,far west,,"message:
It's a wall.

language observation:
stairs up far eastnortheast
horizontal wall near north and northeast
vertical open door near east
horizontal wall adjacent southeast and south
southwest corner adjacent southwest
vertical wall adjacent west and northwest

cursor:
Yourself a priestess
(x=11, y=18)

map:
                                                                                
                                                                                
                                                                                
                             -------                                            
   ---------------           |.....|                                            
   |.............|           |.....|                                            
   |............^.#          |.....|                                            
   |.............|##         |.....|                                            
   -------|------- #         |.....|                                            
          #        ###       ---|---                                            
          ##         #       ####                                               
           ##        #      ##                                                  
            ###      #      #                                                   
          ----.--    ##-----.--------                                           
          |.....|     #|............|                                           
          |.....|     #......<......|                                           
          |.....|     #|............|                                           
          |@....-######.............|                                           
          -------      --------------                                           
                                                                                
                                                                                
Agent the Aspirant             St:10 Dx:14 Co:12 In:13 Wi:18 Ch:8 Neutral S:275 
Dlvl:4 $:17 HP:18(18) Pw:20(20) AC:7 Xp:2/27 T:405                              

",0.0,False
182,search,,"message:


language observation:
stairs up far eastnortheast
horizontal wall near north and northeast
vertical open door near east
horizontal wall adjacent southeast and south
southwest corner adjacent southwest
vertical wall adjacent west and northwest

cursor:
Yourself a priestess
(x=11, y=18)

map:
                                                                                
                                                                                
                                                                                
                             -------                                            
   ---------------           |.....|                                            
   |.............|           |.....|                                            
   |............^.#          |.....|                                            
   |.............|##         |.....|                                            
   -------|------- #         |.....|                                            
          #        ###       ---|---                                            
          ##         #       ####                                               
           ##        #      ##                                                  
            ###      #      #                                                   
          ----.--    ##-----.--------                                           
          |.....|     #|............|                                           
          |.....|     #......<......|                                           
          |.....|     #|............|                                           
          |@....-######.............|                                           
          -------      --------------                                           
                                                                                
                                                                                
Agent the Aspirant             St:10 Dx:14 Co:12 In:13 Wi:18 Ch:8 Neutral S:275 
Dlvl:4 $:17 HP:18(18) Pw:20(20) AC:7 Xp:2/27 T:406                              

",0.0,False
183,search,,"message:


language observation:
stairs up far eastnortheast
horizontal wall near north and northeast
vertical open door near east
horizontal wall adjacent southeast and south
southwest corner adjacent southwest
vertical wall adjacent west and northwest

cursor:
Yourself a priestess
(x=11, y=18)

map:
                                                                                
                                                                                
                                                                                
                             -------                                            
   ---------------           |.....|                                            
   |.............|           |.....|                                            
   |............^.#          |.....|                                            
   |.............|##         |.....|                                            
   -------|------- #         |.....|                                            
          #        ###       ---|---                                            
          ##         #       ####                                               
           ##        #      ##                                                  
            ###      #      #                                                   
          ----.--    ##-----.--------                                           
          |.....|     #|............|                                           
          |.....|     #......<......|                                           
          |.....|     #|............|                                           
          |@....-######.............|                                           
          -------      --------------                                           
                                                                                
                                                                                
Agent the Aspirant             St:10 Dx:14 Co:12 In:13 Wi:18 Ch:8 Neutral S:275 
Dlvl:4 $:17 HP:18(18) Pw:20(20) AC:7 Xp:2/27 T:407                              

",0.0,False
184,far north,,"message:
It's a wall.

language observation:
stairs up far eastsoutheast
vertical wall near east
horizontal wall near southeast and south
horizontal wall adjacent north and northeast
vertical wall adjacent southwest and west
northwest room corner adjacent northwest

cursor:
Yourself a priestess
(x=11, y=15)

map:
                                                                                
                                                                                
                                                                                
                             -------                                            
   ---------------           |.....|                                            
   |.............|           |.....|                                            
   |............^.#          |.....|                                            
   |.............|##         |.....|                                            
   -------|------- #         |.....|                                            
          #        ###       ---|---                                            
          ##         #       ####                                               
           ##        #      ##                                                  
            ###      #      #                                                   
          ----.--    ##-----.--------                                           
          |@....|     #|............|                                           
          |.....|     #......<......|                                           
          |.....|     #|............|                                           
          |.....-######.............|                                           
          -------      --------------                                           
                                                                                
                                                                                
Agent the Aspirant             St:10 Dx:14 Co:12 In:13 Wi:18 Ch:8 Neutral S:275 
Dlvl:4 $:17 HP:18(18) Pw:20(20) AC:7 Xp:2/27 T:410                              

",0.0,False
185,search,,"message:


language observation:
stairs up far eastsoutheast
vertical wall near east
horizontal wall near southeast and south
horizontal wall adjacent north and northeast
vertical wall adjacent southwest and west
northwest room corner adjacent northwest

cursor:
Yourself a priestess
(x=11, y=15)

map:
                                                                                
                                                                                
                                                                                
                             -------                                            
   ---------------           |.....|                                            
   |.............|           |.....|                                            
   |............^.#          |.....|                                            
   |.............|##         |.....|                                            
   -------|------- #         |.....|                                            
          #        ###       ---|---                                            
          ##         #       ####                                               
           ##        #      ##                                                  
            ###      #      #                                                   
          ----.--    ##-----.--------                                           
          |@....|     #|............|                                           
          |.....|     #......<......|                                           
          |.....|     #|............|                                           
          |.....-######.............|                                           
          -------      --------------                                           
                                                                                
                                                                                
Agent the Aspirant             St:10 Dx:14 Co:12 In:13 Wi:18 Ch:8 Neutral S:275 
Dlvl:4 $:17 HP:18(18) Pw:20(20) AC:7 Xp:2/27 T:411                              

",0.0,False
186,far east,,"message:
It's a wall.

language observation:
stairs up far eastsoutheast
horizontal wall far northwest
horizontal wall near south and southwest
vertical wall near west
horizontal wall adjacent north
northeast room corner adjacent northeast
vertical wall adjacent east and southeast
doorway adjacent northwest

cursor:
Yourself a priestess
(x=15, y=15)

map:
                                                                                
                                                                                
                                                                                
                             -------                                            
   ---------------           |.....|                                            
   |.............|           |.....|                                            
   |............^.#          |.....|                                            
   |.............|##         |.....|                                            
   -------|------- #         |.....|                                            
          #        ###       ---|---                                            
          ##         #       ####                                               
           ##        #      ##                                                  
            ###      #      #                                                   
          ----.--    ##-----.--------                                           
          |....@|     #|............|                                           
          |.....|     #......<......|                                           
          |.....|     #|............|                                           
          |.....-######.............|                                           
          -------      --------------                                           
                                                                                
                                                                                
Agent the Aspirant             St:10 Dx:14 Co:12 In:13 Wi:18 Ch:8 Neutral S:275 
Dlvl:4 $:17 HP:18(18) Pw:20(20) AC:7 Xp:2/27 T:415                              

",0.0,False
187,search,,"message:


language observation:
stairs up far eastsoutheast
horizontal wall far northwest
horizontal wall near south and southwest
vertical wall near west
horizontal wall adjacent north
northeast room corner adjacent northeast
vertical wall adjacent east and southeast
doorway adjacent northwest

cursor:
Yourself a priestess
(x=15, y=15)

map:
                                                                                
                                                                                
                                                                                
                             -------                                            
   ---------------           |.....|                                            
   |.............|           |.....|                                            
   |............^.#          |.....|                                            
   |.............|##         |.....|                                            
   -------|------- #         |.....|                                            
          #        ###       ---|---                                            
          ##         #       ####                                               
           ##        #      ##                                                  
            ###      #      #                                                   
          ----.--    ##-----.--------                                           
          |....@|     #|............|                                           
          |.....|     #......<......|                                           
          |.....|     #|............|                                           
          |.....-######.............|                                           
          -------      --------------                                           
                                                                                
                                                                                
Agent the Aspirant             St:10 Dx:14 Co:12 In:13 Wi:18 Ch:8 Neutral S:275 
Dlvl:4 $:17 HP:18(18) Pw:20(20) AC:7 Xp:2/27 T:416                              

",0.0,False
188,northwest,,"message:


language observation:
stairs up far eastsoutheast
horizontal wall near south and northwest
vertical wall near southwest
dark area very near north
vertical wall very near southeast
dark area adjacent northeast
horizontal wall adjacent east and west

cursor:
Yourself a priestess
(x=14, y=14)

map:
                                                                                
                                                                                
                                                                                
                             -------                                            
   ---------------           |.....|                                            
   |.............|           |.....|                                            
   |............^.#          |.....|                                            
   |.............|##         |.....|                                            
   -------|------- #         |.....|                                            
          #        ###       ---|---                                            
          ##         #       ####                                               
           ##        #      ##                                                  
            ###      #      #                                                   
          ----@--    ##-----.--------                                           
          |.....|     #|............|                                           
          |.....|     #......<......|                                           
          |.....|     #|............|                                           
          |.....-######.............|                                           
          -------      --------------                                           
                                                                                
                                                                                
Agent the Aspirant             St:10 Dx:14 Co:12 In:13 Wi:18 Ch:8 Neutral S:275 
Dlvl:4 $:17 HP:18(18) Pw:20(20) AC:7 Xp:2/27 T:417                              

",0.0,False
189,far north,,"message:


language observation:
stairs up far eastsoutheast
horizontal wall near north, northeast, and northwest
dark area near south
little dog very near westnorthwest
horizontal wall adjacent east and west
dark area adjacent southeast and southwest

cursor:
Yourself a priestess
(x=10, y=9)

map:
                                                                                
                                                                                
                                                                                
                             -------                                            
   ---------------           |.....|                                            
   |.............|           |.....|                                            
   |............^.#          |.....|                                            
   |....d........|##         |.....|                                            
   -------@------- #         |.....|                                            
          #        ###       ---|---                                            
          ##         #       ####                                               
           ##        #      ##                                                  
            ###      #      #                                                   
          ----.--    ##-----.--------                                           
          |.....|     #|............|                                           
          |.....|     #......<......|                                           
          |.....|     #|............|                                           
          |.....-######.............|                                           
          -------      --------------                                           
                                                                                
                                                                                
Agent the Aspirant             St:10 Dx:14 Co:12 In:13 Wi:18 Ch:8 Neutral S:275 
Dlvl:4 $:17 HP:18(18) Pw:20(20) AC:7 Xp:2/27 T:424                              

",0.0,False
190,northwest,,"message:
You can't move diagonally out of an intact doorway.

language observation:
stairs up far eastsoutheast
horizontal wall near north, northeast, and northwest
dark area near south
little dog very near westnorthwest
horizontal wall adjacent east and west
dark area adjacent southeast and southwest

cursor:
Yourself a priestess
(x=10, y=9)

map:
                                                                                
                                                                                
                                                                                
                             -------                                            
   ---------------           |.....|                                            
   |.............|           |.....|                                            
   |............^.#          |.....|                                            
   |....d........|##         |.....|                                            
   -------@------- #         |.....|                                            
          #        ###       ---|---                                            
          ##         #       ####                                               
           ##        #      ##                                                  
            ###      #      #                                                   
          ----.--    ##-----.--------                                           
          |.....|     #|............|                                           
          |.....|     #......<......|                                           
          |.....|     #|............|                                           
          |.....-######.............|                                           
          -------      --------------                                           
                                                                                
                                                                                
Agent the Aspirant             St:10 Dx:14 Co:12 In:13 Wi:18 Ch:8 Neutral S:275 
Dlvl:4 $:17 HP:18(18) Pw:20(20) AC:7 Xp:2/27 T:424                              

",0.0,False
191,north,,"message:


language observation:
vertical wall far east and west
stairs up far eastsoutheast
horizontal wall near north, northeast, and northwest
dark area near south
horizontal wall adjacent southeast and southwest
horizontal open door adjacent south
little dog adjacent west

cursor:
Yourself a priestess
(x=10, y=8)

map:
                                                                                
                                                                                
                                                                                
                             -------                                            
   ---------------           |.....|                                            
   |.............|           |.....|                                            
   |............^.#          |.....|                                            
   |.....d@......|##         |.....|                                            
   -------|------- #         |.....|                                            
          #        ###       ---|---                                            
          ##         #       ####                                               
           ##        #      ##                                                  
            ###      #      #                                                   
          ----.--    ##-----.--------                                           
          |.....|     #|............|                                           
          |.....|     #......<......|                                           
          |.....|     #|............|                                           
          |.....-######.............|                                           
          -------      --------------                                           
                                                                                
                                                                                
Agent the Aspirant             St:10 Dx:14 Co:12 In:13 Wi:18 Ch:8 Neutral S:275 
Dlvl:4 $:17 HP:18(18) Pw:20(20) AC:7 Xp:2/27 T:425                              

",0.0,False
192,far east,,"message:
It's a wall.

language observation:
stairs up far eastsoutheast
little dog far westnorthwest
horizontal wall near north and northwest
dark area very near northeast
anti magic trap adjacent north
doorway adjacent northeast
vertical wall adjacent east
southeast corner adjacent southeast
horizontal wall adjacent south and southwest

cursor:
Yourself a priestess
(x=16, y=8)

map:
                                                                                
                                                                                
                                                                                
                             -------                                            
   ---------------           |.....|                                            
   |.............|           |.....|                                            
   |......d.....^.#          |.....|                                            
   |............@|##         |.....|                                            
   -------|------- #         |.....|                                            
          #        ###       ---|---                                            
          ##         #       ####                                               
           ##        #      ##                                                  
            ###      #      #                                                   
          ----.--    ##-----.--------                                           
          |.....|     #|............|                                           
          |.....|     #......<......|                                           
          |.....|     #|............|                                           
          |.....-######.............|                                           
          -------      --------------                                           
                                                                                
                                                                                
Agent the Aspirant             St:10 Dx:14 Co:12 In:13 Wi:18 Ch:8 Neutral S:275 
Dlvl:4 $:17 HP:18(18) Pw:20(20) AC:7 Xp:2/27 T:431                              

",0.0,False
193,northeast,,"message:


language observation:
stairs up far eastsoutheast
little dog far west
dark area near southeast
dark area very near east
horizontal wall very near southwest and northwest
vertical wall adjacent north and south
dark area adjacent northeast
anti magic trap adjacent west

cursor:
Yourself a priestess
(x=17, y=7)

map:
                                                                                
                                                                                
                                                                                
                             -------                                            
   ---------------           |.....|                                            
   |.............|           |.....|                                            
   |....d.......^@#          |.....|                                            
   |.............|##         |.....|                                            
   -------|------- #         |.....|                                            
          #        ###       ---|---                                            
          ##         #       ####                                               
           ##        #      ##                                                  
            ###      #      #                                                   
          ----.--    ##-----.--------                                           
          |.....|     #|............|                                           
          |.....|     #......<......|                                           
          |.....|     #|............|                                           
          |.....-######.............|                                           
          -------      --------------                                           
                                                                                
                                                                                
Agent the Aspirant             St:10 Dx:14 Co:12 In:13 Wi:18 Ch:8 Neutral S:275 
Dlvl:4 $:17 HP:18(18) Pw:20(20) AC:7 Xp:2/27 T:432                              

",0.0,False
194,east,,"message:


language observation:
stairs up far eastsoutheast
little dog far westnorthwest
dark area very near southeast and south
anti magic trap very near west
dark area adjacent north, northeast, and east
vertical wall adjacent southwest and northwest
doorway adjacent west

cursor:
Yourself a priestess
(x=18, y=7)

map:
                                                                                
                                                                                
                                                                                
                             -------                                            
   ---------------           |.....|                                            
   |...d.........|           |.....|                                            
   |............^.@          |.....|                                            
   |.............|##         |.....|                                            
   -------|------- #         |.....|                                            
          #        ###       ---|---                                            
          ##         #       ####                                               
           ##        #      ##                                                  
            ###      #      #                                                   
          ----.--    ##-----.--------                                           
          |.....|     #|............|                                           
          |.....|     #......<......|                                           
          |.....|     #|............|                                           
          |.....-######.............|                                           
          -------      --------------                                           
                                                                                
                                                                                
Agent the Aspirant             St:10 Dx:14 Co:12 In:13 Wi:18 Ch:8 Neutral S:275 
Dlvl:4 $:17 HP:18(18) Pw:20(20) AC:7 Xp:2/27 T:433                              

",0.0,False
195,far east,,"message:
It's solid stone.

language observation:
stairs up far eastsoutheast
little dog far westnorthwest
dark area very near southeast and south
anti magic trap very near west
dark area adjacent north, northeast, and east
vertical wall adjacent southwest and northwest
doorway adjacent west

cursor:
Yourself a priestess
(x=18, y=7)

map:
                                                                                
                                                                                
                                                                                
                             -------                                            
   ---------------           |.....|                                            
   |...d.........|           |.....|                                            
   |............^.@          |.....|                                            
   |.............|##         |.....|                                            
   -------|------- #         |.....|                                            
          #        ###       ---|---                                            
          ##         #       ####                                               
           ##        #      ##                                                  
            ###      #      #                                                   
          ----.--    ##-----.--------                                           
          |.....|     #|............|                                           
          |.....|     #......<......|                                           
          |.....|     #|............|                                           
          |.....-######.............|                                           
          -------      --------------                                           
                                                                                
                                                                                
Agent the Aspirant             St:10 Dx:14 Co:12 In:13 Wi:18 Ch:8 Neutral S:275 
Dlvl:4 $:17 HP:18(18) Pw:20(20) AC:7 Xp:2/27 T:433                              

",0.0,False
196,search,,"message:


language observation:
stairs up far eastsoutheast
little dog far westnorthwest
dark area very near southeast and south
anti magic trap very near west
dark area adjacent north, northeast, and east
vertical wall adjacent southwest and northwest
doorway adjacent west

cursor:
Yourself a priestess
(x=18, y=7)

map:
                                                                                
                                                                                
                                                                                
                             -------                                            
   ---------------           |.....|                                            
   |..d..........|           |.....|                                            
   |............^.@          |.....|                                            
   |.............|##         |.....|                                            
   -------|------- #         |.....|                                            
          #        ###       ---|---                                            
          ##         #       ####                                               
           ##        #      ##                                                  
            ###      #      #                                                   
          ----.--    ##-----.--------                                           
          |.....|     #|............|                                           
          |.....|     #......<......|                                           
          |.....|     #|............|                                           
          |.....-######.............|                                           
          -------      --------------                                           
                                                                                
                                                                                
Agent the Aspirant             St:10 Dx:14 Co:12 In:13 Wi:18 Ch:8 Neutral S:275 
Dlvl:4 $:17 HP:18(18) Pw:20(20) AC:7 Xp:2/27 T:434                              

",0.0,False
197,search,,"message:


language observation:
stairs up far eastsoutheast
little dog far westnorthwest
dark area very near southeast and south
anti magic trap very near west
dark area adjacent north, northeast, and east
vertical wall adjacent southwest and northwest
doorway adjacent west

cursor:
Yourself a priestess
(x=18, y=7)

map:
                                                                                
                                                                                
                                                                                
                             -------                                            
   ---------------           |.....|                                            
   |.d...........|           |.....|                                            
   |............^.@          |.....|                                            
   |.............|##         |.....|                                            
   -------|------- #         |.....|                                            
          #        ###       ---|---                                            
          ##         #       ####                                               
           ##        #      ##                                                  
            ###      #      #                                                   
          ----.--    ##-----.--------                                           
          |.....|     #|............|                                           
          |.....|     #......<......|                                           
          |.....|     #|............|                                           
          |.....-######.............|                                           
          -------      --------------                                           
                                                                                
                                                                                
Agent the Aspirant             St:10 Dx:14 Co:12 In:13 Wi:18 Ch:8 Neutral S:275 
Dlvl:4 $:17 HP:18(18) Pw:20(20) AC:7 Xp:2/27 T:435                              

",0.0,False
198,search,,"message:


language observation:
stairs up far eastsoutheast
little dog far west
dark area very near southeast and south
anti magic trap very near west
dark area adjacent north, northeast, and east
vertical wall adjacent southwest and northwest
doorway adjacent west

cursor:
Yourself a priestess
(x=18, y=7)

map:
                                                                                
                                                                                
                                                                                
                             -------                                            
   ---------------           |.....|                                            
   |.............|           |.....|                                            
   |d...........^.@          |.....|                                            
   |.............|##         |.....|                                            
   -------|------- #         |.....|                                            
          #        ###       ---|---                                            
          ##         #       ####                                               
           ##        #      ##                                                  
            ###      #      #                                                   
          ----.--    ##-----.--------                                           
          |.....|     #|............|                                           
          |.....|     #......<......|                                           
          |.....|     #|............|                                           
          |.....-######.............|                                           
          -------      --------------                                           
                                                                                
                                                                                
Agent the Aspirant             St:10 Dx:14 Co:12 In:13 Wi:18 Ch:8 Neutral S:275 
Dlvl:4 $:17 HP:18(18) Pw:20(20) AC:7 Xp:2/27 T:436                              

",0.0,False
199,search,,"message:


language observation:
stairs up far eastsoutheast
little dog far westsouthwest
dark area very near southeast and south
anti magic trap very near west
dark area adjacent north, northeast, and east
vertical wall adjacent southwest and northwest
doorway adjacent west

cursor:
Yourself a priestess
(x=18, y=7)

map:
                                                                                
                                                                                
                                                                                
                             -------                                            
   ---------------           |.....|                                            
   |.............|           |.....|                                            
   |............^.@          |.....|                                            
   |d............|##         |.....|                                            
   -------|------- #         |.....|                                            
          #        ###       ---|---                                            
          ##         #       ####                                               
           ##        #      ##                                                  
            ###      #      #                                                   
          ----.--    ##-----.--------                                           
          |.....|     #|............|                                           
          |.....|     #......<......|                                           
          |.....|     #|............|                                           
          |.....-######.............|                                           
          -------      --------------                                           
                                                                                
                                                                                
Agent the Aspirant             St:10 Dx:14 Co:12 In:13 Wi:18 Ch:8 Neutral S:275 
Dlvl:4 $:17 HP:18(18) Pw:20(20) AC:7 Xp:2/27 T:437                              

",0.0,False
200,overview,,"

Your previous output did not contain a valid action. Defaulted to action: esc

Observation:
message:


language observation:
stairs up far eastsoutheast
little dog far westsouthwest
dark area very near southeast and south
anti magic trap very near west
dark area adjacent north, northeast, and east
vertical wall adjacent southwest and northwest
doorway adjacent west

cursor:
Yourself a priestess
(x=18, y=7)

map:
                                                                                
                                                                                
                                                                                
                             -------                                            
   ---------------           |.....|                                            
   |.............|           |.....|                                            
   |............^.@          |.....|                                            
   |d............|##         |.....|                                            
   -------|------- #         |.....|                                            
          #        ###       ---|---                                            
          ##         #       ####                                               
           ##        #      ##                                                  
            ###      #      #                                                   
          ----.--    ##-----.--------                                           
          |.....|     #|............|                                           
          |.....|     #......<......|                                           
          |.....|     #|............|                                           
          |.....-######.............|                                           
          -------      --------------                                           
                                                                                
                                                                                
Agent the Aspirant             St:10 Dx:14 Co:12 In:13 Wi:18 Ch:8 Neutral S:275 
Dlvl:4 $:17 HP:18(18) Pw:20(20) AC:7 Xp:2/27 T:437                              

",0.0,False
201,far south,,"message:


language observation:
stairs up far east
horizontal wall near southeast
dark area near southwest and northwest
horizontal wall very near northeast
dark area very near west
vertical wall adjacent north and south

cursor:
Yourself a priestess
(x=23, y=16)

map:
                                                                                
                                                                                
                                                                                
                             -------                                            
   ---------------           |.....|                                            
   |.............|           |.....|                                            
   |............^.#          |.....|                                            
   |.............|##         |.....|                                            
   -------|------- #         |.....|                                            
          #        ###       ---|---                                            
          ##         #       ####                                               
           ##        #      ##                                                  
            ###      #      #                                                   
          ----.--    ##-----.--------                                           
          |.....|     #|............|                                           
          |.....|     #@.....<......|                                           
          |.....|     #|............|                                           
          |.....-######.............|                                           
          -------      --------------                                           
                                                                                
                                                                                
Agent the Aspirant             St:10 Dx:14 Co:12 In:13 Wi:18 Ch:8 Neutral S:275 
Dlvl:4 $:17 HP:18(18) Pw:20(20) AC:7 Xp:2/27 T:446                              

",0.0,False
202,far east,,"message:


language observation:
vertical wall far east
doorway far west
dark area far west
horizontal wall near southeast, south, and southwest
horizontal wall very near north, northeast, and northwest

cursor:
Yourself a priestess
(x=29, y=16)

map:
                                                                                
                                                                                
                                                                                
                             -------                                            
   ---------------           |.....|                                            
   |.............|           |.....|                                            
   |............^.#          |.....|                                            
   |.............|##         |.....|                                            
   -------|------- #         |.....|                                            
          #        ###       ---|---                                            
          ##         #       ####                                               
           ##        #      ##                                                  
            ###      #      #                                                   
          ----.--    ##-----.--------                                           
          |.....|     #|............|                                           
          |.....|     #......@......|                                           
          |.....|     #|............|                                           
          |.....-######.............|                                           
          -------      --------------                                           
                                                                                
                                                                                
Agent the Aspirant             St:10 Dx:14 Co:12 In:13 Wi:18 Ch:8 Neutral S:275 
Dlvl:4 $:17 HP:18(18) Pw:20(20) AC:7 Xp:2/27 T:452                              

",0.0,False
203,far east,,"message:
It's a wall.

language observation:
stairs up far west
horizontal wall near south and southwest
horizontal wall very near north and northwest
vertical wall adjacent northeast, east, and southeast

cursor:
Yourself a priestess
(x=35, y=16)

map:
                                                                                
                                                                                
                                                                                
                             -------                                            
   ---------------           |.....|                                            
   |.............|           |.....|                                            
   |............^.#          |.....|                                            
   |.............|##         |.....|                                            
   -------|------- #         |.....|                                            
          #        ###       ---|---                                            
          ##         #       ####                                               
           ##        #      ##                                                  
            ###      #      #                                                   
          ----.--    ##-----.--------                                           
          |.....|     #|............|                                           
          |.....|     #......<.....@|                                           
          |.....|     #|............|                                           
          |.....-######.............|                                           
          -------      --------------                                           
                                                                                
                                                                                
Agent the Aspirant             St:10 Dx:14 Co:12 In:13 Wi:18 Ch:8 Neutral S:275 
Dlvl:4 $:17 HP:18(18) Pw:20(20) AC:7 Xp:2/27 T:458                              

",0.0,False
204,search,,"message:


language observation:
stairs up far west
horizontal wall near south and southwest
horizontal wall very near north and northwest
vertical wall adjacent northeast, east, and southeast

cursor:
Yourself a priestess
(x=35, y=16)

map:
                                                                                
                                                                                
                                                                                
                             -------                                            
   ---------------           |.....|                                            
   |.............|           |.....|                                            
   |............^.#          |.....|                                            
   |.............|##         |.....|                                            
   -------|------- #         |.....|                                            
          #        ###       ---|---                                            
          ##         #       ####                                               
           ##        #      ##                                                  
            ###      #      #                                                   
          ----.--    ##-----.--------                                           
          |.....|     #|............|                                           
          |.....|     #......<.....@|                                           
          |.....|     #|............|                                           
          |.....-######.............|                                           
          -------      --------------                                           
                                                                                
                                                                                
Agent the Aspirant             St:10 Dx:14 Co:12 In:13 Wi:18 Ch:8 Neutral S:275 
Dlvl:4 $:17 HP:18(18) Pw:20(20) AC:7 Xp:2/27 T:459                              

",0.0,False
205,far west,,"message:


language observation:
vertical wall far east
doorway far west
dark area far west
horizontal wall near southeast, south, and southwest
horizontal wall very near north, northeast, and northwest

cursor:
Yourself a priestess
(x=29, y=16)

map:
                                                                                
                                                                                
                                                                                
                             -------                                            
   ---------------           |.....|                                            
   |.............|           |.....|                                            
   |............^.#          |.....|                                            
   |.............|##         |.....|                                            
   -------|------- #         |.....|                                            
          #        ###       ---|---                                            
          ##         #       ####                                               
           ##        #      ##                                                  
            ###      #      #                                                   
          ----.--    ##-----.--------                                           
          |.....|     #|............|                                           
          |.....|     #......@......|                                           
          |.....|     #|............|                                           
          |.....-######.............|                                           
          -------      --------------                                           
                                                                                
                                                                                
Agent the Aspirant             St:10 Dx:14 Co:12 In:13 Wi:18 Ch:8 Neutral S:275 
Dlvl:4 $:17 HP:18(18) Pw:20(20) AC:7 Xp:2/27 T:465                              

",0.0,False
206,far west,,"message:


language observation:
stairs up far east
iguana near eastnortheast
horizontal wall near southeast
dark area near southwest and northwest
horizontal wall very near northeast
dark area very near west
vertical wall adjacent north and south

cursor:
Yourself a priestess
(x=23, y=16)

map:
                                                                                
                                                                                
                                                                                
                             -------                                            
   ---------------           |.....|                                            
   |.............|           |.....|                                            
   |............^.#          |.....|                                            
   |.............|##         |.....|                                            
   -------|------- #         |.....|                                            
          #        ###       ---|---                                            
          ##         #       ####                                               
           ##        #      ##                                                  
            ###      #      #                                                   
          ----.--    ##-----.--------                                           
          |.....|     #|...:........|                                           
          |.....|     #@.....<......|                                           
          |.....|     #|............|                                           
          |.....-######.............|                                           
          -------      --------------                                           
                                                                                
                                                                                
Agent the Aspirant             St:10 Dx:14 Co:12 In:13 Wi:18 Ch:8 Neutral S:275 
Dlvl:4 $:17 HP:18(18) Pw:20(20) AC:7 Xp:2/27 T:471                              

",0.0,False
207,northeast,,"message:


language observation:
iguana near east
stairs up near eastsoutheast
horizontal wall near southeast and south
dark area near southwest
horizontal wall adjacent north and northeast
doorway adjacent southwest
vertical wall adjacent west
northwest room corner adjacent northwest

cursor:
Yourself a priestess
(x=24, y=15)

map:
                                                                                
                                                                                
                                                                                
                             -------                                            
   ---------------           |.....|                                            
   |.............|           |.....|                                            
   |............^.#          |.....|                                            
   |.............|##         |.....|                                            
   -------|------- #         |.....|                                            
          #        ###       ---|---                                            
          ##         #       ####                                               
           ##        #      ##                                                  
            ###      #      #                                                   
          ----.--    ##-----.--------                                           
          |.....|     #|@..:........|                                           
          |.....|     #......<......|                                           
          |.....|     #|............|                                           
          |.....-######.............|                                           
          -------      --------------                                           
                                                                                
                                                                                
Agent the Aspirant             St:10 Dx:14 Co:12 In:13 Wi:18 Ch:8 Neutral S:275 
Dlvl:4 $:17 HP:18(18) Pw:20(20) AC:7 Xp:2/27 T:472                              

",0.0,False
208,east,,"message:


language observation:
stairs up near eastsoutheast
horizontal wall near southeast and south
iguana very near east
vertical wall very near southwest and west
horizontal wall adjacent north, northeast, and northwest

cursor:
Yourself a priestess
(x=25, y=15)

map:
                                                                                
                                                                                
                                                                                
                             -------                                            
   ---------------           |.....|                                            
   |.............|           |.....|                                            
   |............^.#          |.....|                                            
   |.............|##         |.....|                                            
   -------|------- #         |.....|                                            
          #        ###       ---|---                                            
          ##         #       ####                                               
           ##        #      ##                                                  
            ###      #      #                                                   
          ----.--    ##-----.--------                                           
          |.....|     #|.@.:........|                                           
          |.....|     #......<......|                                           
          |.....|     #|............|                                           
          |.....-######.............|                                           
          -------      --------------                                           
                                                                                
                                                                                
Agent the Aspirant             St:10 Dx:14 Co:12 In:13 Wi:18 Ch:8 Neutral S:275 
Dlvl:4 $:17 HP:18(18) Pw:20(20) AC:7 Xp:2/27 T:473                              

",0.0,False
209,east,,"message:
The iguana bites!

language observation:
stairs up near eastsoutheast
horizontal wall near southeast and south
doorway near southwest
dark area near southwest
vertical wall near west
horizontal wall adjacent north, northeast, and northwest
iguana adjacent east

cursor:
Yourself a priestess
(x=26, y=15)

map:
                                                                                
                                                                                
                                                                                
                             -------                                            
   ---------------           |.....|                                            
   |.............|           |.....|                                            
   |............^.#          |.....|                                            
   |.............|##         |.....|                                            
   -------|------- #         |.....|                                            
          #        ###       ---|---                                            
          ##         #       ####                                               
           ##        #      ##                                                  
            ###      #      #                                                   
          ----.--    ##-----.--------                                           
          |.....|     #|..@:........|                                           
          |.....|     #......<......|                                           
          |.....|     #|............|                                           
          |.....-######.............|                                           
          -------      --------------                                           
                                                                                
                                                                                
Agent the Aspirant             St:10 Dx:14 Co:12 In:13 Wi:18 Ch:8 Neutral S:275 
Dlvl:4 $:17 HP:15(18) Pw:20(20) AC:7 Xp:2/27 T:474                              

",0.0,False
210,east,,"message:
You hit the iguana!  The iguana bites!

language observation:
stairs up near eastsoutheast
horizontal wall near southeast and south
doorway near southwest
dark area near southwest
vertical wall near west
horizontal wall adjacent north, northeast, and northwest
iguana adjacent east

cursor:
Yourself a priestess
(x=26, y=15)

map:
                                                                                
                                                                                
                                                                                
                             -------                                            
   ---------------           |.....|                                            
   |.............|           |.....|                                            
   |............^.#          |.....|                                            
   |.............|##         |.....|                                            
   -------|------- #         |.....|                                            
          #        ###       ---|---                                            
          ##         #       ####                                               
           ##        #      ##                                                  
            ###      #      #                                                   
          ----.--    ##-----.--------                                           
          |.....|     #|..@:........|                                           
          |.....|     #......<......|                                           
          |.....|     #|............|                                           
          |.....-######.............|                                           
          -------      --------------                                           
                                                                                
                                                                                
Agent the Aspirant             St:10 Dx:14 Co:12 In:13 Wi:18 Ch:8 Neutral S:275 
Dlvl:4 $:17 HP:11(18) Pw:20(20) AC:7 Xp:2/27 T:475                              

",0.0,False
211,east,,"message:
You kill the iguana!

language observation:
stairs up near eastsoutheast
horizontal wall near southeast and south
doorway near southwest
dark area near southwest
vertical wall near west
horizontal wall adjacent north, northeast, and northwest
iguana corpse adjacent east

cursor:
Yourself a priestess
(x=26, y=15)

map:
                                                                                
                                                                                
                                                                                
                             -------                                            
   ---------------           |.....|                                            
   |.............|           |.....|                                            
   |............^.#          |.....|                                            
   |.............|##         |.....|                                            
   -------|------- #         |.....|                                            
          #        ###       ---|---                                            
          ##         #       ####                                               
           ##        #      ##                                                  
            ###      #      #                                                   
          ----.--    ##-----.--------                                           
          |.....|     #|..@%........|                                           
          |.....|     #......<......|                                           
          |.....|     #|............|                                           
          |.....-######.............|                                           
          -------      --------------                                           
                                                                                
                                                                                
Agent the Aspirant             St:10 Dx:14 Co:12 In:13 Wi:18 Ch:8 Neutral S:295 
Dlvl:4 $:17 HP:11(18) Pw:20(20) AC:7 Xp:2/32 T:476                              

",20.0,False
212,east,,"message:
You see here an iguana corpse.

language observation:
vertical wall far east
horizontal wall near southeast and south
southwest corner near southwest
vertical wall near west
dark area very near northeast
stairs up very near eastsoutheast
horizontal wall adjacent north and northwest
doorway adjacent northeast

cursor:
Yourself a priestess
(x=27, y=15)

map:
                                                                                
                                                                                
                                                                                
                             -------                                            
   ---------------           |.....|                                            
   |.............|           |.....|                                            
   |............^.#          |.....|                                            
   |.............|##         |.....|                                            
   -------|------- #         |.....|                                            
          #        ###       ---|---                                            
          ##         #       ####                                               
           ##        #      ##                                                  
            ###      #      #                                                   
          ----.--    ##-----.--------                                           
          |.....|     #|...@........|                                           
          |.....|     #......<......|                                           
          |.....|     #|............|                                           
          |.....-######.............|                                           
          -------      --------------                                           
                                                                                
                                                                                
Agent the Aspirant             St:10 Dx:14 Co:12 In:13 Wi:18 Ch:8 Neutral S:295 
Dlvl:4 $:17 HP:11(18) Pw:20(20) AC:7 Xp:2/32 T:477                              

",0.0,False
213,southwest,,"message:


language observation:
dark area near northeast and west
stairs up near east
horizontal wall near southeast and south
southwest corner near southwest
doorway near west
horizontal wall very near north and northwest
doorway very near northeast
iguana corpse adjacent northeast

cursor:
Yourself a priestess
(x=26, y=16)

map:
                                                                                
                                                                                
                                                                                
                             -------                                            
   ---------------           |.....|                                            
   |.............|           |.....|                                            
   |............^.#          |.....|                                            
   |.............|##         |.....|                                            
   -------|------- #         |.....|                                            
          #        ###       ---|---                                            
          ##         #       ####                                               
           ##        #      ##                                                  
            ###      #      #                                                   
          ----.--    ##-----.--------                                           
          |.....|     #|...%........|                                           
          |.....|     #...@..<......|                                           
          |.....|     #|............|                                           
          |.....-######.............|                                           
          -------      --------------                                           
                                                                                
                                                                                
Agent the Aspirant             St:10 Dx:14 Co:12 In:13 Wi:18 Ch:8 Neutral S:295 
Dlvl:4 $:17 HP:11(18) Pw:20(20) AC:7 Xp:2/32 T:478                              

",0.0,False
214,northeast,,"message:
You see here an iguana corpse.

language observation:
vertical wall far east
horizontal wall near southeast and south
southwest corner near southwest
vertical wall near west
dark area very near northeast
stairs up very near eastsoutheast
horizontal wall adjacent north and northwest
doorway adjacent northeast

cursor:
Yourself a priestess
(x=27, y=15)

map:
                                                                                
                                                                                
                                                                                
                             -------                                            
   ---------------           |.....|                                            
   |.............|           |.....|                                            
   |............^.#          |.....|                                            
   |.............|##         |.....|                                            
   -------|------- #         |.....|                                            
          #        ###       ---|---                                            
          ##         #       ####                                               
           ##        #      ##                                                  
            ###      #      #                                                   
          ----.--    ##-----.--------                                           
          |.....|     #|...@........|                                           
          |.....|     #......<......|                                           
          |.....|     #|............|                                           
          |.....-######.............|                                           
          -------      --------------                                           
                                                                                
                                                                                
Agent the Aspirant             St:10 Dx:14 Co:12 In:13 Wi:18 Ch:8 Neutral S:295 
Dlvl:4 $:17 HP:11(18) Pw:20(20) AC:7 Xp:2/32 T:479                              

",0.0,False
215,far east,,"message:
It's a wall.

language observation:
stairs up far westsouthwest
iguana corpse far west
horizontal wall near south and southwest
horizontal wall adjacent north and northwest
northeast room corner adjacent northeast
vertical wall adjacent east and southeast

cursor:
Yourself a priestess
(x=35, y=15)

map:
                                                                                
                                                                                
                                                                                
                             -------                                            
   ---------------           |.....|                                            
   |.............|           |.....|                                            
   |............^.#          |.....|                                            
   |.............|##         |.....|                                            
   -------|------- #         |.....|                                            
          #        ###       ---|---                                            
          ##         #       ####                                               
           ##        #      ##                                                  
            ###      #      #                                                   
          ----.--    ##-----.--------                                           
          |.....|     #|...%.......@|                                           
          |.....|     #......<......|                                           
          |.....|     #|............|                                           
          |.....-######.............|                                           
          -------      --------------                                           
                                                                                
                                                                                
Agent the Aspirant             St:10 Dx:14 Co:12 In:13 Wi:18 Ch:8 Neutral S:295 
Dlvl:4 $:17 HP:12(18) Pw:20(20) AC:7 Xp:2/32 T:487                              

",0.0,False
216,search,,"message:


language observation:
stairs up far westsouthwest
iguana corpse far west
horizontal wall near south and southwest
horizontal wall adjacent north and northwest
northeast room corner adjacent northeast
vertical wall adjacent east and southeast

cursor:
Yourself a priestess
(x=35, y=15)

map:
                                                                                
                                                                                
                                                                                
                             -------                                            
   ---------------           |.....|                                            
   |.............|           |.....|                                            
   |............^.#          |.....|                                            
   |.............|##         |.....|                                            
   -------|------- #         |.....|                                            
          #        ###       ---|---                                            
          ##         #       ####                                               
           ##        #      ##                                                  
            ###      #      #                                                   
          ----.--    ##-----.--------                                           
          |.....|     #|...%.......@|                                           
          |.....|     #......<......|                                           
          |.....|     #|............|                                           
          |.....-######.............|                                           
          -------      --------------                                           
                                                                                
                                                                                
Agent the Aspirant             St:10 Dx:14 Co:12 In:13 Wi:18 Ch:8 Neutral S:295 
Dlvl:4 $:17 HP:12(18) Pw:20(20) AC:7 Xp:2/32 T:488                              

",0.0,False
217,search,,"message:


language observation:
stairs up far westsouthwest
iguana corpse far west
horizontal wall near south and southwest
horizontal wall adjacent north and northwest
northeast room corner adjacent northeast
vertical wall adjacent east and southeast

cursor:
Yourself a priestess
(x=35, y=15)

map:
                                                                                
                                                                                
                                                                                
                             -------                                            
   ---------------           |.....|                                            
   |.............|           |.....|                                            
   |............^.#          |.....|                                            
   |.............|##         |.....|                                            
   -------|------- #         |.....|                                            
          #        ###       ---|---                                            
          ##         #       ####                                               
           ##        #      ##                                                  
            ###      #      #                                                   
          ----.--    ##-----.--------                                           
          |.....|     #|...%.......@|                                           
          |.....|     #......<......|                                           
          |.....|     #|............|                                           
          |.....-######.............|                                           
          -------      --------------                                           
                                                                                
                                                                                
Agent the Aspirant             St:10 Dx:14 Co:12 In:13 Wi:18 Ch:8 Neutral S:295 
Dlvl:4 $:17 HP:12(18) Pw:20(20) AC:7 Xp:2/32 T:489                              

",0.0,False
218,south,,"message:


language observation:
stairs up far west
iguana corpse far westnorthwest
horizontal wall near south and southwest
horizontal wall very near north and northwest
vertical wall adjacent northeast, east, and southeast

cursor:
Yourself a priestess
(x=35, y=16)

map:
                                                                                
                                                                                
                                                                                
                             -------                                            
   ---------------           |.....|                                            
   |.............|           |.....|                                            
   |............^.#          |.....|                                            
   |.............|##         |.....|                                            
   -------|------- #         |.....|                                            
          #        ###       ---|---                                            
          ##         #       ####                                               
           ##        #      ##                                                  
            ###      #      #                                                   
          ----.--    ##-----.--------                                           
          |.....|     #|...%........|                                           
          |.....|     #......<.....@|                                           
          |.....|     #|............|                                           
          |.....-######.............|                                           
          -------      --------------                                           
                                                                                
                                                                                
Agent the Aspirant             St:10 Dx:14 Co:12 In:13 Wi:18 Ch:8 Neutral S:295 
Dlvl:4 $:17 HP:12(18) Pw:20(20) AC:7 Xp:2/32 T:490                              

",0.0,False
219,southwest,,"message:


language observation:
iguana corpse far westnorthwest
horizontal wall near north and northwest
stairs up near westnorthwest
vertical wall very near northeast and east
southeast corner very near southeast
horizontal wall very near south and southwest

cursor:
Yourself a priestess
(x=34, y=17)

map:
                                                                                
                                                                                
                                                                                
                             -------                                            
   ---------------           |.....|                                            
   |.............|           |.....|                                            
   |............^.#          |.....|                                            
   |.............|##         |.....|                                            
   -------|------- #         |.....|                                            
          #        ###       ---|---                                            
          ##         #       ####                                               
           ##        #      ##                                                  
            ###      #      #                                                   
          ----.--    ##-----.--------                                           
          |.....|     #|...%........|                                           
          |.....|     #......<......|                                           
          |.....|     #|..........@.|                                           
          |.....-######.............|                                           
          -------      --------------                                           
                                                                                
                                                                                
Agent the Aspirant             St:10 Dx:14 Co:12 In:13 Wi:18 Ch:8 Neutral S:295 
Dlvl:4 $:17 HP:12(18) Pw:20(20) AC:7 Xp:2/32 T:491                              

",0.0,False
220,far northwest,,"message:
It's a wall.

language observation:
vertical wall far west
vertical wall near east
southeast corner near southeast
horizontal wall near south and southwest
stairs up near westsouthwest
iguana corpse near west
horizontal wall adjacent north, northeast, and northwest

cursor:
Yourself a priestess
(x=32, y=15)

map:
                                                                                
                                                                                
                                                                                
                             -------                                            
   ---------------           |.....|                                            
   |.............|           |.....|                                            
   |............^.#          |.....|                                            
   |.............|##         |.....|                                            
   -------|------- #         |.....|                                            
          #        ###       ---|---                                            
          ##         #       ####                                               
           ##        #      ##                                                  
            ###      #      #                                                   
          ----.--    ##-----.--------                                           
          |.....|     #|...%....@...|                                           
          |.....|     #......<......|                                           
          |.....|     #|............|                                           
          |.....-######.............|                                           
          -------      --------------                                           
                                                                                
                                                                                
Agent the Aspirant             St:10 Dx:14 Co:12 In:13 Wi:18 Ch:8 Neutral S:295 
Dlvl:4 $:17 HP:12(18) Pw:20(20) AC:7 Xp:2/32 T:493                              

",0.0,False
221,far west,,"message:
You see here an iguana corpse.

language observation:
vertical wall far east
horizontal wall near southeast and south
southwest corner near southwest
vertical wall near west
dark area very near northeast
stairs up very near eastsoutheast
horizontal wall adjacent north and northwest
doorway adjacent northeast

cursor:
Yourself a priestess
(x=27, y=15)

map:
                                                                                
                                                                                
                                                                                
                             -------                                            
   ---------------           |.....|                                            
   |.............|           |.....|                                            
   |............^.#          |.....|                                            
   |.............|##         |.....|                                            
   -------|------- #         |.....|                                            
          #        ###       ---|---                                            
          ##         #       ####                                               
           ##        #      ##                                                  
            ###      #      #                                                   
          ----.--    ##-----.--------                                           
          |.....|     #|...@........|                                           
          |.....|     #......<......|                                           
          |.....|     #|............|                                           
          |.....-######.............|                                           
          -------      --------------                                           
                                                                                
                                                                                
Agent the Aspirant             St:10 Dx:14 Co:12 In:13 Wi:18 Ch:8 Neutral S:295 
Dlvl:4 $:17 HP:13(18) Pw:20(20) AC:7 Xp:2/32 T:498                              

",0.0,False
222,northeast,,"message:


language observation:
dark area near north
horizontal wall near southeast and south
southwest corner near southwest
stairs up very near southsoutheast
dark area adjacent northeast and northwest
horizontal wall adjacent east and west
iguana corpse adjacent southwest

cursor:
Yourself a priestess
(x=28, y=14)

map:
                                                                                
                                                                                
                                                                                
                             -------                                            
   ---------------           |.....|                                            
   |.............|           |.....|                                            
   |............^.#          |.....|                                            
   |.............|##         |.....|                                            
   -------|------- #         |.....|                                            
          #        ###       ---|---                                            
          ##         #       ####                                               
           ##        #      ##                                                  
            ###      #      #                                                   
          ----.--    ##-----@--------                                           
          |.....|     #|...%........|                                           
          |.....|     #......<......|                                           
          |.....|     #|............|                                           
          |.....-######.............|                                           
          -------      --------------                                           
                                                                                
                                                                                
Agent the Aspirant             St:10 Dx:14 Co:12 In:13 Wi:18 Ch:8 Neutral S:295 
Dlvl:4 $:17 HP:13(18) Pw:20(20) AC:7 Xp:2/32 T:499                              

",0.0,False
223,north,,"message:


language observation:
horizontal wall far south
horizontal wall near northeast
stairs up near southsoutheast
dark area very near north
iguana corpse very near southsouthwest
dark area adjacent east, west, and northwest
horizontal wall adjacent southeast and southwest
doorway adjacent south

cursor:
Yourself a priestess
(x=28, y=13)

map:
                                                                                
                                                                                
                                                                                
                             -------                                            
   ---------------           |.....|                                            
   |.............|           |.....|                                            
   |............^.#          |.....|                                            
   |.............|##         |.....|                                            
   -------|------- #         |.....|                                            
          #        ###       ---|---                                            
          ##         #       ####                                               
           ##        #      ##                                                  
            ###      #      @                                                   
          ----.--    ##-----.--------                                           
          |.....|     #|...%........|                                           
          |.....|     #......<......|                                           
          |.....|     #|............|                                           
          |.....-######.............|                                           
          -------      --------------                                           
                                                                                
                                                                                
Agent the Aspirant             St:10 Dx:14 Co:12 In:13 Wi:18 Ch:8 Neutral S:295 
Dlvl:4 $:17 HP:13(18) Pw:20(20) AC:7 Xp:2/32 T:500                              

",0.0,False
224,north,,"message:


language observation:
horizontal wall far south
stairs up near southsoutheast
iguana corpse near southsouthwest
horizontal wall very near northeast
dark area very near east
doorway very near south
dark area adjacent north, southeast, southwest, west, and northwest

cursor:
Yourself a priestess
(x=28, y=12)

map:
                                                                                
                                                                                
                                                                                
                             -------                                            
   ---------------           |.....|                                            
   |.............|           |.....|                                            
   |............^.#          |.....|                                            
   |.............|##         |.....|                                            
   -------|------- #         |.....|                                            
          #        ###       ---|---                                            
          ##         #       ####                                               
           ##        #      @#                                                  
            ###      #      #                                                   
          ----.--    ##-----.--------                                           
          |.....|     #|...%........|                                           
          |.....|     #......<......|                                           
          |.....|     #|............|                                           
          |.....-######.............|                                           
          -------      --------------                                           
                                                                                
                                                                                
Agent the Aspirant             St:10 Dx:14 Co:12 In:13 Wi:18 Ch:8 Neutral S:295 
Dlvl:4 $:17 HP:13(18) Pw:20(20) AC:7 Xp:2/32 T:501                              

",0.0,False
225,east,,"message:


language observation:
stairs up near south
iguana corpse near southsouthwest
southwest corner very near north
horizontal wall very near northeast and southwest
dark area very near west
dark area adjacent east, southeast, south, and northwest

cursor:
Yourself a priestess
(x=29, y=12)

map:
                                                                                
                                                                                
                                                                                
                             -------                                            
   ---------------           |.....|                                            
   |.............|           |.....|                                            
   |............^.#          |.....|                                            
   |.............|##         |.....|                                            
   -------|------- #         |.....|                                            
          #        ###       ---|---                                            
          ##         #       ####                                               
           ##        #      #@                                                  
            ###      #      #                                                   
          ----.--    ##-----.--------                                           
          |.....|     #|...%........|                                           
          |.....|     #......<......|                                           
          |.....|     #|............|                                           
          |.....-######.............|                                           
          -------      --------------                                           
                                                                                
                                                                                
Agent the Aspirant             St:10 Dx:14 Co:12 In:13 Wi:18 Ch:8 Neutral S:295 
Dlvl:4 $:17 HP:13(18) Pw:20(20) AC:7 Xp:2/32 T:502                              

",0.0,False
226,north,,"message:


language observation:
dark area near east
stairs up near south
iguana corpse near southsouthwest
dark area very near south and southwest
southwest corner adjacent north
horizontal wall adjacent northeast
dark area adjacent southeast, west, and northwest

cursor:
Yourself a priestess
(x=29, y=11)

map:
                                                                                
                                                                                
                                                                                
                             -------                                            
   ---------------           |.....|                                            
   |.............|           |.....|                                            
   |............^.#          |.....|                                            
   |.............|##         |.....|                                            
   -------|------- #         |.....|                                            
          #        ###       ---|---                                            
          ##         #       @###                                               
           ##        #      ##                                                  
            ###      #      #                                                   
          ----.--    ##-----.--------                                           
          |.....|     #|...%........|                                           
          |.....|     #......<......|                                           
          |.....|     #|............|                                           
          |.....-######.............|                                           
          -------      --------------                                           
                                                                                
                                                                                
Agent the Aspirant             St:10 Dx:14 Co:12 In:13 Wi:18 Ch:8 Neutral S:295 
Dlvl:4 $:17 HP:13(18) Pw:20(20) AC:7 Xp:2/32 T:503                              

",0.0,False
227,far east,,"message:


language observation:
horizontal wall far north
stairs up far southsouthwest
vertical wall near northeast and northwest
iguana corpse near southwest
dark area very near south and southwest
horizontal wall adjacent east and west
dark area adjacent southeast

cursor:
Yourself a priestess
(x=32, y=10)

map:
                                                                                
                                                                                
                                                                                
                             -------                                            
   ---------------           |.....|                                            
   |.............|           |.....|                                            
   |............^.#          |.....|                                            
   |.............|##         |.....|                                            
   -------|------- #         |.....|                                            
          #        ###       ---@---                                            
          ##         #       ####                                               
           ##        #      ##                                                  
            ###      #      #                                                   
          ----.--    ##-----.--------                                           
          |.....|     #|...%........|                                           
          |.....|     #......<......|                                           
          |.....|     #|............|                                           
          |.....-######.............|                                           
          -------      --------------                                           
                                                                                
                                                                                
Agent the Aspirant             St:10 Dx:14 Co:12 In:13 Wi:18 Ch:8 Neutral S:295 
Dlvl:4 $:17 HP:14(18) Pw:20(20) AC:7 Xp:2/32 T:507                              

",0.0,False
228,north,,"message:


language observation:
iguana corpse far southsouthwest
stairs up far southsouthwest
horizontal wall near north
vertical wall near northeast, east, west, and northwest
dark area near south
horizontal wall adjacent southeast and southwest
horizontal open door adjacent south

cursor:
Yourself a priestess
(x=32, y=9)

map:
                                                                                
                                                                                
                                                                                
                             -------                                            
   ---------------           |.....|                                            
   |.............|           |.....|                                            
   |............^.#          |.....|                                            
   |.............|##         |.....|                                            
   -------|------- #         |..@..|                                            
          #        ###       ---|---                                            
          ##         #       ####                                               
           ##        #      ##                                                  
            ###      #      #                                                   
          ----.--    ##-----.--------                                           
          |.....|     #|...%........|                                           
          |.....|     #......<......|                                           
          |.....|     #|............|                                           
          |.....-######.............|                                           
          -------      --------------                                           
                                                                                
                                                                                
Agent the Aspirant             St:10 Dx:14 Co:12 In:13 Wi:18 Ch:8 Neutral S:295 
Dlvl:4 $:17 HP:14(18) Pw:20(20) AC:7 Xp:2/32 T:508                              

",0.0,False
229,far north,,"message:
It's a wall.

language observation:
dark area far south
iguana corpse far southsouthwest
stairs up far southsouthwest
vertical wall near east, southeast, southwest, and west
horizontal open door near south
horizontal wall adjacent north, northeast, and northwest

cursor:
Yourself a priestess
(x=32, y=5)

map:
                                                                                
                                                                                
                                                                                
                             -------                                            
   ---------------           |..@..|                                            
   |.............|           |.....|                                            
   |............^.#          |.....|                                            
   |.............|##         |.....|                                            
   -------|------- #         |.....|                                            
          #        ###       ---|---                                            
          ##         #       ####                                               
           ##        #      ##                                                  
            ###      #      #                                                   
          ----.--    ##-----.--------                                           
          |.....|     #|...%........|                                           
          |.....|     #......<......|                                           
          |.....|     #|............|                                           
          |.....-######.............|                                           
          -------      --------------                                           
                                                                                
                                                                                
Agent the Aspirant             St:10 Dx:14 Co:12 In:13 Wi:18 Ch:8 Neutral S:295 
Dlvl:4 $:17 HP:14(18) Pw:20(20) AC:7 Xp:2/32 T:512                              

",0.0,False
230,far south,,"message:


language observation:
horizontal wall far north
stairs up far southsouthwest
vertical wall near northeast and northwest
iguana corpse near southwest
dark area very near south and southwest
horizontal wall adjacent east and west
dark area adjacent southeast

cursor:
Yourself a priestess
(x=32, y=10)

map:
                                                                                
                                                                                
                                                                                
                             -------                                            
   ---------------           |.....|                                            
   |.............|           |.....|                                            
   |............^.#          |.....|                                            
   |.............|##         |.....|                                            
   -------|------- #         |.....|                                            
          #        ###       ---@---                                            
          ##         #       ####                                               
           ##        #      ##                                                  
            ###      #      #                                                   
          ----.--    ##-----.--------                                           
          |.....|     #|...%........|                                           
          |.....|     #......<......|                                           
          |.....|     #|............|                                           
          |.....-######.............|                                           
          -------      --------------                                           
                                                                                
                                                                                
Agent the Aspirant             St:10 Dx:14 Co:12 In:13 Wi:18 Ch:8 Neutral S:295 
Dlvl:4 $:17 HP:15(18) Pw:20(20) AC:7 Xp:2/32 T:517                              

",0.0,False
231,overview,,"

Your previous output did not contain a valid action. Defaulted to action: esc

Observation:
message:


language observation:
horizontal wall far north
stairs up far southsouthwest
vertical wall near northeast and northwest
iguana corpse near southwest
dark area very near south and southwest
horizontal wall adjacent east and west
dark area adjacent southeast

cursor:
Yourself a priestess
(x=32, y=10)

map:
                                                                                
                                                                                
                                                                                
                             -------                                            
   ---------------           |.....|                                            
   |.............|           |.....|                                            
   |............^.#          |.....|                                            
   |.............|##         |.....|                                            
   -------|------- #         |.....|                                            
          #        ###       ---@---                                            
          ##         #       ####                                               
           ##        #      ##                                                  
            ###      #      #                                                   
          ----.--    ##-----.--------                                           
          |.....|     #|...%........|                                           
          |.....|     #......<......|                                           
          |.....|     #|............|                                           
          |.....-######.............|                                           
          -------      --------------                                           
                                                                                
                                                                                
Agent the Aspirant             St:10 Dx:14 Co:12 In:13 Wi:18 Ch:8 Neutral S:295 
Dlvl:4 $:17 HP:15(18) Pw:20(20) AC:7 Xp:2/32 T:517                              

",0.0,False
232,far southwest,,"message:
You can't move diagonally out of an intact doorway.

language observation:
horizontal wall far north
stairs up far southsouthwest
vertical wall near northeast and northwest
iguana corpse near southwest
dark area very near south and southwest
horizontal wall adjacent east and west
dark area adjacent southeast

cursor:
Yourself a priestess
(x=32, y=10)

map:
                                                                                
                                                                                
                                                                                
                             -------                                            
   ---------------           |.....|                                            
   |.............|           |.....|                                            
   |............^.#          |.....|                                            
   |.............|##         |.....|                                            
   -------|------- #         |.....|                                            
          #        ###       ---@---                                            
          ##         #       ####                                               
           ##        #      ##                                                  
            ###      #      #                                                   
          ----.--    ##-----.--------                                           
          |.....|     #|...%........|                                           
          |.....|     #......<......|                                           
          |.....|     #|............|                                           
          |.....-######.............|                                           
          -------      --------------                                           
                                                                                
                                                                                
Agent the Aspirant             St:10 Dx:14 Co:12 In:13 Wi:18 Ch:8 Neutral S:295 
Dlvl:4 $:17 HP:15(18) Pw:20(20) AC:7 Xp:2/32 T:517                              

",0.0,False
233,south,,"message:


language observation:
horizontal wall far north
stairs up near southsouthwest
iguana corpse near westsouthwest
dark area near west
horizontal open door adjacent north
horizontal wall adjacent northeast and northwest
dark area adjacent east, southeast, south, and southwest

cursor:
Yourself a priestess
(x=32, y=11)

map:
                                                                                
                                                                                
                                                                                
                             -------                                            
   ---------------           |.....|                                            
   |.............|           |.....|                                            
   |............^.#          |.....|                                            
   |.............|##         |.....|                                            
   -------|------- #         |.....|                                            
          #        ###       ---|---                                            
          ##         #       ###@                                               
           ##        #      ##                                                  
            ###      #      #                                                   
          ----.--    ##-----.--------                                           
          |.....|     #|...%........|                                           
          |.....|     #......<......|                                           
          |.....|     #|............|                                           
          |.....-######.............|                                           
          -------      --------------                                           
                                                                                
                                                                                
Agent the Aspirant             St:10 Dx:14 Co:12 In:13 Wi:18 Ch:8 Neutral S:295 
Dlvl:4 $:17 HP:15(18) Pw:20(20) AC:7 Xp:2/32 T:518                              

",0.0,False
234,far west,,"message:


language observation:
dark area near north
horizontal wall near southeast and south
southwest corner near southwest
stairs up very near southsoutheast
dark area adjacent northeast and northwest
horizontal wall adjacent east and west
iguana corpse adjacent southwest

cursor:
Yourself a priestess
(x=28, y=14)

map:
                                                                                
                                                                                
                                                                                
                             -------                                            
   ---------------           |.....|                                            
   |.............|           |.....|                                            
   |............^.#          |.....|                                            
   |.............|##         |.....|                                            
   -------|------- #         |.....|                                            
          #        ###       ---|---                                            
          ##         #       ####                                               
           ##        #      ##                                                  
            ###      #      #                                                   
          ----.--    ##-----@--------                                           
          |.....|     #|...%........|                                           
          |.....|     #......<......|                                           
          |.....|     #|............|                                           
          |.....-######.............|                                           
          -------      --------------                                           
                                                                                
                                                                                
Agent the Aspirant             St:10 Dx:14 Co:12 In:13 Wi:18 Ch:8 Neutral S:295 
Dlvl:4 $:17 HP:15(18) Pw:20(20) AC:7 Xp:2/32 T:524                              

",0.0,False
235,south,,"message:


language observation:
vertical wall far east
gas spore far eastsoutheast
dark area near north
horizontal wall near southeast, south, and southwest
vertical wall near west
doorway adjacent north
horizontal wall adjacent northeast and northwest
stairs up adjacent southeast
iguana corpse adjacent west

cursor:
Yourself a priestess
(x=28, y=15)

map:
                                                                                
                                                                                
                                                                                
                             -------                                            
   ---------------           |.....|                                            
   |.............|           |.....|                                            
   |............^.#          |.....|                                            
   |.............|##         |.....|                                            
   -------|------- #         |.....|                                            
          #        ###       ---|---                                            
          ##         #       ####                                               
           ##        #      ##                                                  
            ###      #      #                                                   
          ----.--    ##-----.--------                                           
          |.....|     #|...%@.......|                                           
          |.....|     #......<......|                                           
          |.....|     #|...........e|                                           
          |.....-######.............|                                           
          -------      --------------                                           
                                                                                
                                                                                
Agent the Aspirant             St:10 Dx:14 Co:12 In:13 Wi:18 Ch:8 Neutral S:295 
Dlvl:4 $:17 HP:15(18) Pw:20(20) AC:7 Xp:2/32 T:525                              

",0.0,False
236,far east,,"message:
It's a wall.

language observation:
stairs up far westsouthwest
iguana corpse far west
horizontal wall near south and southwest
horizontal wall adjacent north and northwest
northeast room corner adjacent northeast
vertical wall adjacent east and southeast
gas spore adjacent southwest

cursor:
Yourself a priestess
(x=35, y=15)

map:
                                                                                
                                                                                
                                                                                
                             -------                                            
   ---------------           |.....|                                            
   |.............|           |.....|                                            
   |............^.#          |.....|                                            
   |.............|##         |.....|                                            
   -------|------- #         |.....|                                            
          #        ###       ---|---                                            
          ##         #       ####                                               
           ##        #      ##                                                  
            ###      #      #                                                   
          ----.--    ##-----.--------                                           
          |.....|     #|...%.......@|                                           
          |.....|     #......<....e.|                                           
          |.....|     #|............|                                           
          |.....-######.............|                                           
          -------      --------------                                           
                                                                                
                                                                                
Agent the Aspirant             St:10 Dx:14 Co:12 In:13 Wi:18 Ch:8 Neutral S:295 
Dlvl:4 $:17 HP:16(18) Pw:20(20) AC:7 Xp:2/32 T:532                              

",0.0,False
237,far west,,"message:
You see here an iguana corpse.

language observation:
gas spore far east
vertical wall far east
horizontal wall near southeast and south
southwest corner near southwest
vertical wall near west
dark area very near northeast
stairs up very near eastsoutheast
horizontal wall adjacent north and northwest
doorway adjacent northeast

cursor:
Yourself a priestess
(x=27, y=15)

map:
                                                                                
                                                                                
                                                                                
                             -------                                            
   ---------------           |.....|                                            
   |.............|           |.....|                                            
   |............^.#          |.....|                                            
   |.............|##         |.....|                                            
   -------|------- #         |.....|                                            
          #        ###       ---|---                                            
          ##         #       ####                                               
           ##        #      ##                                                  
            ###      #      #                                                   
          ----.--    ##-----.--------                                           
          |.....|     #|...@.....e..|                                           
          |.....|     #......<......|                                           
          |.....|     #|............|                                           
          |.....-######.............|                                           
          -------      --------------                                           
                                                                                
                                                                                
Agent the Aspirant             St:10 Dx:14 Co:12 In:13 Wi:18 Ch:8 Neutral S:295 
Dlvl:4 $:17 HP:17(18) Pw:20(20) AC:7 Xp:2/32 T:540                              

",0.0,False
238,throw,,"message:
What do you want to throw? [$a or ?*]

language observation:
gas spore far east
vertical wall far east
horizontal wall near southeast and south
southwest corner near southwest
vertical wall near west
dark area very near northeast
stairs up very near eastsoutheast
horizontal wall adjacent north and northwest
doorway adjacent northeast

cursor:

(x=38, y=0)

map:
                                                                                
                                                                                
                                                                                
                             -------                                            
   ---------------           |.....|                                            
   |.............|           |.....|                                            
   |............^.#          |.....|                                            
   |.............|##         |.....|                                            
   -------|------- #         |.....|                                            
          #        ###       ---|---                                            
          ##         #       ####                                               
           ##        #      ##                                                  
            ###      #      #                                                   
          ----.--    ##-----.--------                                           
          |.....|     #|...@.....e..|                                           
          |.....|     #......<......|                                           
          |.....|     #|............|                                           
          |.....-######.............|                                           
          -------      --------------                                           
                                                                                
                                                                                
Agent the Aspirant             St:10 Dx:14 Co:12 In:13 Wi:18 Ch:8 Neutral S:295 
Dlvl:4 $:17 HP:17(18) Pw:20(20) AC:7 Xp:2/32 T:540                              

",0.0,False
239,apply,,"message:
In what direction?

language observation:
gas spore far east
vertical wall far east
horizontal wall near southeast and south
southwest corner near southwest
vertical wall near west
dark area very near northeast
stairs up very near eastsoutheast
horizontal wall adjacent north and northwest
doorway adjacent northeast

cursor:

(x=19, y=0)

map:
                                                                                
                                                                                
                                                                                
                             -------                                            
   ---------------           |.....|                                            
   |.............|           |.....|                                            
   |............^.#          |.....|                                            
   |.............|##         |.....|                                            
   -------|------- #         |.....|                                            
          #        ###       ---|---                                            
          ##         #       ####                                               
           ##        #      ##                                                  
            ###      #      #                                                   
          ----.--    ##-----.--------                                           
          |.....|     #|...@.....e..|                                           
          |.....|     #......<......|                                           
          |.....|     #|............|                                           
          |.....-######.............|                                           
          -------      --------------                                           
                                                                                
                                                                                
Agent the Aspirant             St:10 Dx:14 Co:12 In:13 Wi:18 Ch:8 Neutral S:295 
Dlvl:4 $:17 HP:17(18) Pw:20(20) AC:7 Xp:2/32 T:540                              

",0.0,False
240,east,,"message:


language observation:
gas spore far east
vertical wall far east
mace near east
horizontal wall near southeast and south
southwest corner near southwest
vertical wall near west
dark area very near northeast
stairs up very near eastsoutheast
horizontal wall adjacent north and northwest
doorway adjacent northeast

cursor:
Yourself a priestess
(x=27, y=15)

map:
                                                                                
                                                                                
                                                                                
                             -------                                            
   ---------------           |.....|                                            
   |.............|           |.....|                                            
   |............^.#          |.....|                                            
   |.............|##         |.....|                                            
   -------|------- #         |.....|                                            
          #        ###       ---|---                                            
          ##         #       ####                                               
           ##        #      ##                                                  
            ###      #      #                                                   
          ----.--    ##-----.--------                                           
          |.....|     #|...@....)e..|                                           
          |.....|     #......<......|                                           
          |.....|     #|............|                                           
          |.....-######.............|                                           
          -------      --------------                                           
                                                                                
                                                                                
Agent the Aspirant             St:10 Dx:14 Co:12 In:13 Wi:18 Ch:8 Neutral S:295 
Dlvl:4 $:17 HP:17(18) Pw:20(20) AC:7 Xp:2/32 T:541                              

",0.0,False
241,east,,"message:


language observation:
vertical wall far east
dark area near north
mace near east
gas spore near east
horizontal wall near southeast, south, and southwest
vertical wall near west
doorway adjacent north
horizontal wall adjacent northeast and northwest
stairs up adjacent southeast
iguana corpse adjacent west

cursor:
Yourself a priestess
(x=28, y=15)

map:
                                                                                
                                                                                
                                                                                
                             -------                                            
   ---------------           |.....|                                            
   |.............|           |.....|                                            
   |............^.#          |.....|                                            
   |.............|##         |.....|                                            
   -------|------- #         |.....|                                            
          #        ###       ---|---                                            
          ##         #       ####                                               
           ##        #      ##                                                  
            ###      #      #                                                   
          ----.--    ##-----.--------                                           
          |.....|     #|...%@...)e..|                                           
          |.....|     #......<......|                                           
          |.....|     #|............|                                           
          |.....-######.............|                                           
          -------      --------------                                           
                                                                                
                                                                                
Agent the Aspirant             St:10 Dx:14 Co:12 In:13 Wi:18 Ch:8 Neutral S:295 
Dlvl:4 $:17 HP:17(18) Pw:20(20) AC:7 Xp:2/32 T:542                              

",0.0,False
242,east,,"message:


language observation:
vertical wall far east and west
mace near east
gas spore near east
horizontal wall near southeast, south, and southwest
iguana corpse very near west
dark area very near northwest
horizontal wall adjacent north and northeast
stairs up adjacent south
doorway adjacent northwest

cursor:
Yourself a priestess
(x=29, y=15)

map:
                                                                                
                                                                                
                                                                                
                             -------                                            
   ---------------           |.....|                                            
   |.............|           |.....|                                            
   |............^.#          |.....|                                            
   |.............|##         |.....|                                            
   -------|------- #         |.....|                                            
          #        ###       ---|---                                            
          ##         #       ####                                               
           ##        #      ##                                                  
            ###      #      #                                                   
          ----.--    ##-----.--------                                           
          |.....|     #|...%.@..)e..|                                           
          |.....|     #......<......|                                           
          |.....|     #|............|                                           
          |.....-######.............|                                           
          -------      --------------                                           
                                                                                
                                                                                
Agent the Aspirant             St:10 Dx:14 Co:12 In:13 Wi:18 Ch:8 Neutral S:295 
Dlvl:4 $:17 HP:17(18) Pw:20(20) AC:7 Xp:2/32 T:543                              

",0.0,False
243,southeast,,"message:


language observation:
vertical wall far east
doorway far west
dark area far west
horizontal wall near southeast, south, and southwest
iguana corpse near westnorthwest
dark area near northwest
horizontal wall very near north and northeast
mace very near eastnortheast
gas spore very near east
doorway very near northwest
stairs up adjacent west

cursor:
Yourself a priestess
(x=30, y=16)

map:
                                                                                
                                                                                
                                                                                
                             -------                                            
   ---------------           |.....|                                            
   |.............|           |.....|                                            
   |............^.#          |.....|                                            
   |.............|##         |.....|                                            
   -------|------- #         |.....|                                            
          #        ###       ---|---                                            
          ##         #       ####                                               
           ##        #      ##                                                  
            ###      #      #                                                   
          ----.--    ##-----.--------                                           
          |.....|     #|...%....)...|                                           
          |.....|     #......<@.e...|                                           
          |.....|     #|............|                                           
          |.....-######.............|                                           
          -------      --------------                                           
                                                                                
                                                                                
Agent the Aspirant             St:10 Dx:14 Co:12 In:13 Wi:18 Ch:8 Neutral S:295 
Dlvl:4 $:17 HP:17(18) Pw:20(20) AC:7 Xp:2/32 T:544                              

",0.0,False
244,northeast,,"message:


language observation:
vertical wall far west
vertical wall near east
horizontal wall near southeast, south, and southwest
iguana corpse near west
stairs up very near westsouthwest
horizontal wall adjacent north, northeast, and northwest
mace adjacent east
gas spore adjacent southeast

cursor:
Yourself a priestess
(x=31, y=15)

map:
                                                                                
                                                                                
                                                                                
                             -------                                            
   ---------------           |.....|                                            
   |.............|           |.....|                                            
   |............^.#          |.....|                                            
   |.............|##         |.....|                                            
   -------|------- #         |.....|                                            
          #        ###       ---|---                                            
          ##         #       ####                                               
           ##        #      ##                                                  
            ###      #      #                                                   
          ----.--    ##-----.--------                                           
          |.....|     #|...%...@)...|                                           
          |.....|     #......<..e...|                                           
          |.....|     #|............|                                           
          |.....-######.............|                                           
          -------      --------------                                           
                                                                                
                                                                                
Agent the Aspirant             St:10 Dx:14 Co:12 In:13 Wi:18 Ch:8 Neutral S:295 
Dlvl:4 $:17 HP:17(18) Pw:20(20) AC:7 Xp:2/32 T:545                              

",0.0,False
245,east,,"message:
a - a blessed +1 mace.

language observation:
vertical wall far west
vertical wall near east
southeast corner near southeast
horizontal wall near south and southwest
stairs up near westsouthwest
iguana corpse near west
horizontal wall adjacent north, northeast, and northwest
gas spore adjacent south

cursor:
Yourself a priestess
(x=32, y=15)

map:
                                                                                
                                                                                
                                                                                
                             -------                                            
   ---------------           |.....|                                            
   |.............|           |.....|                                            
   |............^.#          |.....|                                            
   |.............|##         |.....|                                            
   -------|------- #         |.....|                                            
          #        ###       ---|---                                            
          ##         #       ####                                               
           ##        #      ##                                                  
            ###      #      #                                                   
          ----.--    ##-----.--------                                           
          |.....|     #|...%....@...|                                           
          |.....|     #......<..e...|                                           
          |.....|     #|............|                                           
          |.....-######.............|                                           
          -------      --------------                                           
                                                                                
                                                                                
Agent the Aspirant             St:10 Dx:14 Co:12 In:13 Wi:18 Ch:8 Neutral S:295 
Dlvl:4 $:17 HP:17(18) Pw:20(20) AC:7 Xp:2/32 T:546                              

",0.0,False
246,wield,,"message:
What do you want to wield? [- a or ?*]

language observation:
vertical wall far west
vertical wall near east
southeast corner near southeast
horizontal wall near south and southwest
stairs up near westsouthwest
iguana corpse near west
horizontal wall adjacent north, northeast, and northwest
gas spore adjacent south

cursor:

(x=39, y=0)

map:
                                                                                
                                                                                
                                                                                
                             -------                                            
   ---------------           |.....|                                            
   |.............|           |.....|                                            
   |............^.#          |.....|                                            
   |.............|##         |.....|                                            
   -------|------- #         |.....|                                            
          #        ###       ---|---                                            
          ##         #       ####                                               
           ##        #      ##                                                  
            ###      #      #                                                   
          ----.--    ##-----.--------                                           
          |.....|     #|...%....@...|                                           
          |.....|     #......<..e...|                                           
          |.....|     #|............|                                           
          |.....-######.............|                                           
          -------      --------------                                           
                                                                                
                                                                                
Agent the Aspirant             St:10 Dx:14 Co:12 In:13 Wi:18 Ch:8 Neutral S:295 
Dlvl:4 $:17 HP:17(18) Pw:20(20) AC:7 Xp:2/32 T:546                              

",0.0,False
247,apply,,"message:
a - a blessed +1 mace (weapon in hand).

language observation:
vertical wall far west
vertical wall near east
southeast corner near southeast
horizontal wall near south and southwest
stairs up near westsouthwest
iguana corpse near west
horizontal wall adjacent north, northeast, and northwest
gas spore adjacent south

cursor:
Yourself a priestess
(x=32, y=15)

map:
                                                                                
                                                                                
                                                                                
                             -------                                            
   ---------------           |.....|                                            
   |.............|           |.....|                                            
   |............^.#          |.....|                                            
   |.............|##         |.....|                                            
   -------|------- #         |.....|                                            
          #        ###       ---|---                                            
          ##         #       ####                                               
           ##        #      ##                                                  
            ###      #      #                                                   
          ----.--    ##-----.--------                                           
          |.....|     #|...%....@...|                                           
          |.....|     #......<..e...|                                           
          |.....|     #|............|                                           
          |.....-######.............|                                           
          -------      --------------                                           
                                                                                
                                                                                
Agent the Aspirant             St:10 Dx:14 Co:12 In:13 Wi:18 Ch:8 Neutral S:295 
Dlvl:4 $:17 HP:17(18) Pw:20(20) AC:7 Xp:2/32 T:547                              

",0.0,False
248,west,,"message:


language observation:
vertical wall far west
vertical wall near east
horizontal wall near southeast, south, and southwest
iguana corpse near west
stairs up very near westsouthwest
horizontal wall adjacent north, northeast, and northwest
gas spore adjacent southeast

cursor:
Yourself a priestess
(x=31, y=15)

map:
                                                                                
                                                                                
                                                                                
                             -------                                            
   ---------------           |.....|                                            
   |.............|           |.....|                                            
   |............^.#          |.....|                                            
   |.............|##         |.....|                                            
   -------|------- #         |.....|                                            
          #        ###       ---|---                                            
          ##         #       ####                                               
           ##        #      ##                                                  
            ###      #      #                                                   
          ----.--    ##-----.--------                                           
          |.....|     #|...%...@....|                                           
          |.....|     #......<..e...|                                           
          |.....|     #|............|                                           
          |.....-######.............|                                           
          -------      --------------                                           
                                                                                
                                                                                
Agent the Aspirant             St:10 Dx:14 Co:12 In:13 Wi:18 Ch:8 Neutral S:295 
Dlvl:4 $:17 HP:17(18) Pw:20(20) AC:7 Xp:2/32 T:548                              

",0.0,False
249,far west,,"message:
You see here an iguana corpse.

language observation:
vertical wall far east
gas spore near east
horizontal wall near southeast and south
southwest corner near southwest
vertical wall near west
dark area very near northeast
stairs up very near eastsoutheast
horizontal wall adjacent north and northwest
doorway adjacent northeast

cursor:
Yourself a priestess
(x=27, y=15)

map:
                                                                                
                                                                                
                                                                                
                             -------                                            
   ---------------           |.....|                                            
   |.............|           |.....|                                            
   |............^.#          |.....|                                            
   |.............|##         |.....|                                            
   -------|------- #         |.....|                                            
          #        ###       ---|---                                            
          ##         #       ####                                               
           ##        #      ##                                                  
            ###      #      #                                                   
          ----.--    ##-----.--------                                           
          |.....|     #|...@..e.....|                                           
          |.....|     #......<......|                                           
          |.....|     #|............|                                           
          |.....-######.............|                                           
          -------      --------------                                           
                                                                                
                                                                                
Agent the Aspirant             St:10 Dx:14 Co:12 In:13 Wi:18 Ch:8 Neutral S:295 
Dlvl:4 $:17 HP:18(18) Pw:20(20) AC:7 Xp:2/32 T:552                              

",0.0,False
250,northeast,,"message:


language observation:
dark area near north
horizontal wall near southeast and south
southwest corner near southwest
gas spore very near eastsoutheast
stairs up very near southsoutheast
dark area adjacent northeast and northwest
horizontal wall adjacent east and west
iguana corpse adjacent southwest

cursor:
Yourself a priestess
(x=28, y=14)

map:
                                                                                
                                                                                
                                                                                
                             -------                                            
   ---------------           |.....|                                            
   |.............|           |.....|                                            
   |............^.#          |.....|                                            
   |.............|##         |.....|                                            
   -------|------- #         |.....|                                            
          #        ###       ---|---                                            
          ##         #       ####                                               
           ##        #      ##                                                  
            ###      #      #                                                   
          ----.--    ##-----@--------                                           
          |.....|     #|...%..e.....|                                           
          |.....|     #......<......|                                           
          |.....|     #|............|                                           
          |.....-######.............|                                           
          -------      --------------                                           
                                                                                
                                                                                
Agent the Aspirant             St:10 Dx:14 Co:12 In:13 Wi:18 Ch:8 Neutral S:295 
Dlvl:4 $:17 HP:18(18) Pw:20(20) AC:7 Xp:2/32 T:553                              

",0.0,False
251,north,,"message:


language observation:
horizontal wall far south
horizontal wall near northeast
stairs up near southsoutheast
dark area very near north
iguana corpse very near southsouthwest
dark area adjacent east, west, and northwest
horizontal wall adjacent southeast and southwest
doorway adjacent south

cursor:
Yourself a priestess
(x=28, y=13)

map:
                                                                                
                                                                                
                                                                                
                             -------                                            
   ---------------           |.....|                                            
   |.............|           |.....|                                            
   |............^.#          |.....|                                            
   |.............|##         |.....|                                            
   -------|------- #         |.....|                                            
          #        ###       ---|---                                            
          ##         #       ####                                               
           ##        #      ##                                                  
            ###      #      @                                                   
          ----.--    ##-----.--------                                           
          |.....|     #|...%........|                                           
          |.....|     #......<......|                                           
          |.....|     #|............|                                           
          |.....-######.............|                                           
          -------      --------------                                           
                                                                                
                                                                                
Agent the Aspirant             St:10 Dx:14 Co:12 In:13 Wi:18 Ch:8 Neutral S:295 
Dlvl:4 $:17 HP:18(18) Pw:20(20) AC:7 Xp:2/32 T:554                              

",0.0,False
252,far north,,"message:


language observation:
horizontal wall far north
stairs up far southsouthwest
vertical wall near northeast and northwest
iguana corpse near southwest
dark area very near south and southwest
horizontal wall adjacent east and west
dark area adjacent southeast

cursor:
Yourself a priestess
(x=32, y=10)

map:
                                                                                
                                                                                
                                                                                
                             -------                                            
   ---------------           |.....|                                            
   |.............|           |.....|                                            
   |............^.#          |.....|                                            
   |.............|##         |.....|                                            
   -------|------- #         |.....|                                            
          #        ###       ---@---                                            
          ##         #       ####                                               
           ##        #      ##                                                  
            ###      #      #                                                   
          ----.--    ##-----.--------                                           
          |.....|     #|...%........|                                           
          |.....|     #......<......|                                           
          |.....|     #|............|                                           
          |.....-######.............|                                           
          -------      --------------                                           
                                                                                
                                                                                
Agent the Aspirant             St:10 Dx:14 Co:12 In:13 Wi:18 Ch:8 Neutral S:295 
Dlvl:4 $:17 HP:18(18) Pw:20(20) AC:7 Xp:2/32 T:560                              

",0.0,False
253,far north,,"message:
You hear water falling on coins.  It's a wall.

language observation:
dark area far south
iguana corpse far southsouthwest
stairs up far southsouthwest
vertical wall near east, southeast, southwest, and west
horizontal open door near south
horizontal wall adjacent north, northeast, and northwest

cursor:
Yourself a priestess
(x=32, y=5)

map:
                                                                                
                                                                                
                                                                                
                             -------                                            
   ---------------           |..@..|                                            
   |.............|           |.....|                                            
   |............^.#          |.....|                                            
   |.............|##         |.....|                                            
   -------|------- #         |.....|                                            
          #        ###       ---|---                                            
          ##         #       ####                                               
           ##        #      ##                                                  
            ###      #      #                                                   
          ----.--    ##-----.--------                                           
          |.....|     #|...%........|                                           
          |.....|     #......<......|                                           
          |.....|     #|............|                                           
          |.....-######.............|                                           
          -------      --------------                                           
                                                                                
                                                                                
Agent the Aspirant             St:10 Dx:14 Co:12 In:13 Wi:18 Ch:8 Neutral S:295 
Dlvl:4 $:17 HP:18(18) Pw:20(20) AC:7 Xp:2/32 T:565                              

",0.0,False
254,far south,,"message:
You hear water falling on coins.

language observation:
horizontal wall far north
stairs up far southsouthwest
vertical wall near northeast and northwest
iguana corpse near southwest
dark area very near south and southwest
horizontal wall adjacent east and west
dark area adjacent southeast

cursor:
Yourself a priestess
(x=32, y=10)

map:
                                                                                
                                                                                
                                                                                
                             -------                                            
   ---------------           |.....|                                            
   |.............|           |.....|                                            
   |............^.#          |.....|                                            
   |.............|##         |.....|                                            
   -------|------- #         |.....|                                            
          #        ###       ---@---                                            
          ##         #       ####                                               
           ##        #      ##                                                  
            ###      #      #                                                   
          ----.--    ##-----.--------                                           
          |.....|     #|...%........|                                           
          |.....|     #......<......|                                           
          |.....|     #|............|                                           
          |.....-######.............|                                           
          -------      --------------                                           
                                                                                
                                                                                
Agent the Aspirant             St:10 Dx:14 Co:12 In:13 Wi:18 Ch:8 Neutral S:295 
Dlvl:4 $:17 HP:18(18) Pw:20(20) AC:7 Xp:2/32 T:570                              

",0.0,False
255,south,,"message:


language observation:
horizontal wall far north
stairs up near southsouthwest
iguana corpse near westsouthwest
dark area near west
horizontal open door adjacent north
horizontal wall adjacent northeast and northwest
dark area adjacent east, southeast, south, and southwest

cursor:
Yourself a priestess
(x=32, y=11)

map:
                                                                                
                                                                                
                                                                                
                             -------                                            
   ---------------           |.....|                                            
   |.............|           |.....|                                            
   |............^.#          |.....|                                            
   |.............|##         |.....|                                            
   -------|------- #         |.....|                                            
          #        ###       ---|---                                            
          ##         #       ###@                                               
           ##        #      ##                                                  
            ###      #      #                                                   
          ----.--    ##-----.--------                                           
          |.....|     #|...%........|                                           
          |.....|     #......<......|                                           
          |.....|     #|............|                                           
          |.....-######.............|                                           
          -------      --------------                                           
                                                                                
                                                                                
Agent the Aspirant             St:10 Dx:14 Co:12 In:13 Wi:18 Ch:8 Neutral S:295 
Dlvl:4 $:17 HP:18(18) Pw:20(20) AC:7 Xp:2/32 T:571                              

",0.0,False
256,far southwest,,"message:
It's solid stone.

language observation:
horizontal wall far north
stairs up near southsouthwest
iguana corpse near westsouthwest
dark area near west
horizontal open door adjacent north
horizontal wall adjacent northeast and northwest
dark area adjacent east, southeast, south, and southwest

cursor:
Yourself a priestess
(x=32, y=11)

map:
                                                                                
                                                                                
                                                                                
                             -------                                            
   ---------------           |.....|                                            
   |.............|           |.....|                                            
   |............^.#          |.....|                                            
   |.............|##         |.....|                                            
   -------|------- #         |.....|                                            
          #        ###       ---|---                                            
          ##         #       ###@                                               
           ##        #      ##                                                  
            ###      #      #                                                   
          ----.--    ##-----.--------                                           
          |.....|     #|...%........|                                           
          |.....|     #......<......|                                           
          |.....|     #|............|                                           
          |.....-######.............|                                           
          -------      --------------                                           
                                                                                
                                                                                
Agent the Aspirant             St:10 Dx:14 Co:12 In:13 Wi:18 Ch:8 Neutral S:295 
Dlvl:4 $:17 HP:18(18) Pw:20(20) AC:7 Xp:2/32 T:571                              

",0.0,False
257,west,,"message:


language observation:
vertical wall near northeast
stairs up near southsouthwest
iguana corpse near southwest
dark area near west
dark area very near east
horizontal wall adjacent north and northwest
horizontal open door adjacent northeast
dark area adjacent southeast, south, and southwest
gas spore adjacent west

cursor:
Yourself a priestess
(x=31, y=11)

map:
                                                                                
                                                                                
                                                                                
                             -------                                            
   ---------------           |.....|                                            
   |.............|           |.....|                                            
   |............^.#          |.....|                                            
   |.............|##         |.....|                                            
   -------|------- #         |.....|                                            
          #        ###       ---|---                                            
          ##         #       #e@#                                               
           ##        #      ##                                                  
            ###      #      #                                                   
          ----.--    ##-----.--------                                           
          |.....|     #|...%........|                                           
          |.....|     #......<......|                                           
          |.....|     #|............|                                           
          |.....-######.............|                                           
          -------      --------------                                           
                                                                                
                                                                                
Agent the Aspirant             St:10 Dx:14 Co:12 In:13 Wi:18 Ch:8 Neutral S:295 
Dlvl:4 $:17 HP:18(18) Pw:20(20) AC:7 Xp:2/32 T:572                              

",0.0,False
258,northeast,,"message:
You can't move diagonally into an intact doorway.

language observation:
vertical wall near northeast
stairs up near southsouthwest
iguana corpse near southwest
dark area near west
dark area very near east
horizontal wall adjacent north and northwest
horizontal open door adjacent northeast
dark area adjacent southeast, south, and southwest
gas spore adjacent west

cursor:
Yourself a priestess
(x=31, y=11)

map:
                                                                                
                                                                                
                                                                                
                             -------                                            
   ---------------           |.....|                                            
   |.............|           |.....|                                            
   |............^.#          |.....|                                            
   |.............|##         |.....|                                            
   -------|------- #         |.....|                                            
          #        ###       ---|---                                            
          ##         #       #e@#                                               
           ##        #      ##                                                  
            ###      #      #                                                   
          ----.--    ##-----.--------                                           
          |.....|     #|...%........|                                           
          |.....|     #......<......|                                           
          |.....|     #|............|                                           
          |.....-######.............|                                           
          -------      --------------                                           
                                                                                
                                                                                
Agent the Aspirant             St:10 Dx:14 Co:12 In:13 Wi:18 Ch:8 Neutral S:295 
Dlvl:4 $:17 HP:18(18) Pw:20(20) AC:7 Xp:2/32 T:572                              

",0.0,False
259,east,,"message:


language observation:
horizontal wall far north
stairs up near southsouthwest
iguana corpse near westsouthwest
dark area near west
horizontal open door adjacent north
horizontal wall adjacent northeast and northwest
dark area adjacent east, southeast, south, and southwest

cursor:
Yourself a priestess
(x=32, y=11)

map:
                                                                                
                                                                                
                                                                                
                             -------                                            
   ---------------           |.....|                                            
   |.............|           |.....|                                            
   |............^.#          |.....|                                            
   |.............|##         |.....|                                            
   -------|------- #         |.....|                                            
          #        ###       ---|---                                            
          ##         #       ###@                                               
           ##        #      ##                                                  
            ###      #      #                                                   
          ----.--    ##-----.--------                                           
          |.....|     #|...%........|                                           
          |.....|     #......<......|                                           
          |.....|     #|............|                                           
          |.....-######.............|                                           
          -------      --------------                                           
                                                                                
                                                                                
Agent the Aspirant             St:10 Dx:14 Co:12 In:13 Wi:18 Ch:8 Neutral S:295 
Dlvl:4 $:17 HP:18(18) Pw:20(20) AC:7 Xp:2/32 T:573                              

",0.0,False
260,west,,"message:


language observation:
vertical wall near northeast
stairs up near southsouthwest
iguana corpse near southwest
dark area near west
dark area very near east
horizontal wall adjacent north and northwest
horizontal open door adjacent northeast
dark area adjacent southeast, south, and southwest
gas spore adjacent west

cursor:
Yourself a priestess
(x=31, y=11)

map:
                                                                                
                                                                                
                                                                                
                             -------                                            
   ---------------           |.....|                                            
   |.............|           |.....|                                            
   |............^.#          |.....|                                            
   |.............|##         |.....|                                            
   -------|------- #         |.....|                                            
          #        ###       ---|---                                            
          ##         #       #e@#                                               
           ##        #      ##                                                  
            ###      #      #                                                   
          ----.--    ##-----.--------                                           
          |.....|     #|...%........|                                           
          |.....|     #......<......|                                           
          |.....|     #|............|                                           
          |.....-######.............|                                           
          -------      --------------                                           
                                                                                
                                                                                
Agent the Aspirant             St:10 Dx:14 Co:12 In:13 Wi:18 Ch:8 Neutral S:295 
Dlvl:4 $:17 HP:18(18) Pw:20(20) AC:7 Xp:2/32 T:574                              

",0.0,False
261,east,,"message:


language observation:
horizontal wall far north
stairs up near southsouthwest
iguana corpse near westsouthwest
dark area near west
horizontal open door adjacent north
horizontal wall adjacent northeast and northwest
dark area adjacent east, southeast, south, and southwest

cursor:
Yourself a priestess
(x=32, y=11)

map:
                                                                                
                                                                                
                                                                                
                             -------                                            
   ---------------           |.....|                                            
   |.............|           |.....|                                            
   |............^.#          |.....|                                            
   |.............|##         |.....|                                            
   -------|------- #         |.....|                                            
          #        ###       ---|---                                            
          ##         #       ###@                                               
           ##        #      ##                                                  
            ###      #      #                                                   
          ----.--    ##-----.--------                                           
          |.....|     #|...%........|                                           
          |.....|     #......<......|                                           
          |.....|     #|............|                                           
          |.....-######.............|                                           
          -------      --------------                                           
                                                                                
                                                                                
Agent the Aspirant             St:10 Dx:14 Co:12 In:13 Wi:18 Ch:8 Neutral S:295 
Dlvl:4 $:17 HP:18(18) Pw:20(20) AC:7 Xp:2/32 T:575                              

",0.0,False
262,north,,"message:


language observation:
horizontal wall far north
stairs up far southsouthwest
vertical wall near northeast and northwest
iguana corpse near southwest
dark area very near south and southwest
horizontal wall adjacent east and west
dark area adjacent southeast

cursor:
Yourself a priestess
(x=32, y=10)

map:
                                                                                
                                                                                
                                                                                
                             -------                                            
   ---------------           |.....|                                            
   |.............|           |.....|                                            
   |............^.#          |.....|                                            
   |.............|##         |.....|                                            
   -------|------- #         |.....|                                            
          #        ###       ---@---                                            
          ##         #       ####                                               
           ##        #      ##                                                  
            ###      #      #                                                   
          ----.--    ##-----.--------                                           
          |.....|     #|...%........|                                           
          |.....|     #......<......|                                           
          |.....|     #|............|                                           
          |.....-######.............|                                           
          -------      --------------                                           
                                                                                
                                                                                
Agent the Aspirant             St:10 Dx:14 Co:12 In:13 Wi:18 Ch:8 Neutral S:295 
Dlvl:4 $:17 HP:18(18) Pw:20(20) AC:7 Xp:2/32 T:576                              

",0.0,False
263,south,,"message:


language observation:
horizontal wall far north
stairs up near southsouthwest
iguana corpse near westsouthwest
dark area near west
horizontal open door adjacent north
horizontal wall adjacent northeast and northwest
dark area adjacent east, southeast, south, and southwest

cursor:
Yourself a priestess
(x=32, y=11)

map:
                                                                                
                                                                                
                                                                                
                             -------                                            
   ---------------           |.....|                                            
   |.............|           |.....|                                            
   |............^.#          |.....|                                            
   |.............|##         |.....|                                            
   -------|------- #         |.....|                                            
          #        ###       ---|---                                            
          ##         #       ###@                                               
           ##        #      ##                                                  
            ###      #      #                                                   
          ----.--    ##-----.--------                                           
          |.....|     #|...%........|                                           
          |.....|     #......<......|                                           
          |.....|     #|............|                                           
          |.....-######.............|                                           
          -------      --------------                                           
                                                                                
                                                                                
Agent the Aspirant             St:10 Dx:14 Co:12 In:13 Wi:18 Ch:8 Neutral S:295 
Dlvl:4 $:17 HP:18(18) Pw:20(20) AC:7 Xp:2/32 T:577                              

",0.0,False
264,north,,"message:


language observation:
horizontal wall far north
stairs up far southsouthwest
vertical wall near northeast and northwest
iguana corpse near southwest
dark area very near south and southwest
horizontal wall adjacent east and west
dark area adjacent southeast
gas spore adjacent southwest

cursor:
Yourself a priestess
(x=32, y=10)

map:
                                                                                
                                                                                
                                                                                
                             -------                                            
   ---------------           |.....|                                            
   |.............|           |.....|                                            
   |............^.#          |.....|                                            
   |.............|##         |.....|                                            
   -------|------- #         |.....|                                            
          #        ###       ---@---                                            
          ##         #       ##e#                                               
           ##        #      ##                                                  
            ###      #      #                                                   
          ----.--    ##-----.--------                                           
          |.....|     #|...%........|                                           
          |.....|     #......<......|                                           
          |.....|     #|............|                                           
          |.....-######.............|                                           
          -------      --------------                                           
                                                                                
                                                                                
Agent the Aspirant             St:10 Dx:14 Co:12 In:13 Wi:18 Ch:8 Neutral S:295 
Dlvl:4 $:17 HP:18(18) Pw:20(20) AC:7 Xp:2/32 T:578                              

",0.0,False
265,south,,"message:


language observation:
horizontal wall far north
stairs up near southsouthwest
iguana corpse near westsouthwest
dark area near west
horizontal open door adjacent north
horizontal wall adjacent northeast and northwest
dark area adjacent east, southeast, south, and southwest
gas spore adjacent west

cursor:
Yourself a priestess
(x=32, y=11)

map:
                                                                                
                                                                                
                                                                                
                             -------                                            
   ---------------           |.....|                                            
   |.............|           |.....|                                            
   |............^.#          |.....|                                            
   |.............|##         |.....|                                            
   -------|------- #         |.....|                                            
          #        ###       ---|---                                            
          ##         #       ##e@                                               
           ##        #      ##                                                  
            ###      #      #                                                   
          ----.--    ##-----.--------                                           
          |.....|     #|...%........|                                           
          |.....|     #......<......|                                           
          |.....|     #|............|                                           
          |.....-######.............|                                           
          -------      --------------                                           
                                                                                
                                                                                
Agent the Aspirant             St:10 Dx:14 Co:12 In:13 Wi:18 Ch:8 Neutral S:295 
Dlvl:4 $:17 HP:18(18) Pw:20(20) AC:7 Xp:2/32 T:579                              

",0.0,False
266,north,,"message:


language observation:
horizontal wall far north
stairs up far southsouthwest
vertical wall near northeast and northwest
iguana corpse near southwest
dark area very near south and southwest
horizontal wall adjacent east and west
dark area adjacent southeast
gas spore adjacent southwest

cursor:
Yourself a priestess
(x=32, y=10)

map:
                                                                                
                                                                                
                                                                                
                             -------                                            
   ---------------           |.....|                                            
   |.............|           |.....|                                            
   |............^.#          |.....|                                            
   |.............|##         |.....|                                            
   -------|------- #         |.....|                                            
          #        ###       ---@---                                            
          ##         #       ##e#                                               
           ##        #      ##                                                  
            ###      #      #                                                   
          ----.--    ##-----.--------                                           
          |.....|     #|...%........|                                           
          |.....|     #......<......|                                           
          |.....|     #|............|                                           
          |.....-######.............|                                           
          -------      --------------                                           
                                                                                
                                                                                
Agent the Aspirant             St:10 Dx:14 Co:12 In:13 Wi:18 Ch:8 Neutral S:295 
Dlvl:4 $:17 HP:18(18) Pw:20(20) AC:7 Xp:2/32 T:580                              

",0.0,False
267,throw,,"message:
What do you want to throw? [$a or ?*]

language observation:
horizontal wall far north
stairs up far southsouthwest
vertical wall near northeast and northwest
iguana corpse near southwest
dark area very near south and southwest
horizontal wall adjacent east and west
dark area adjacent southeast
gas spore adjacent southwest

cursor:

(x=38, y=0)

map:
                                                                                
                                                                                
                                                                                
                             -------                                            
   ---------------           |.....|                                            
   |.............|           |.....|                                            
   |............^.#          |.....|                                            
   |.............|##         |.....|                                            
   -------|------- #         |.....|                                            
          #        ###       ---@---                                            
          ##         #       ##e#                                               
           ##        #      ##                                                  
            ###      #      #                                                   
          ----.--    ##-----.--------                                           
          |.....|     #|...%........|                                           
          |.....|     #......<......|                                           
          |.....|     #|............|                                           
          |.....-######.............|                                           
          -------      --------------                                           
                                                                                
                                                                                
Agent the Aspirant             St:10 Dx:14 Co:12 In:13 Wi:18 Ch:8 Neutral S:295 
Dlvl:4 $:17 HP:18(18) Pw:20(20) AC:7 Xp:2/32 T:580                              

",0.0,False
268,esc,,"message:
Never mind.

language observation:
horizontal wall far north
stairs up far southsouthwest
vertical wall near northeast and northwest
iguana corpse near southwest
dark area very near south and southwest
horizontal wall adjacent east and west
dark area adjacent southeast
gas spore adjacent southwest

cursor:
Yourself a priestess
(x=32, y=10)

map:
                                                                                
                                                                                
                                                                                
                             -------                                            
   ---------------           |.....|                                            
   |.............|           |.....|                                            
   |............^.#          |.....|                                            
   |.............|##         |.....|                                            
   -------|------- #         |.....|                                            
          #        ###       ---@---                                            
          ##         #       ##e#                                               
           ##        #      ##                                                  
            ###      #      #                                                   
          ----.--    ##-----.--------                                           
          |.....|     #|...%........|                                           
          |.....|     #......<......|                                           
          |.....|     #|............|                                           
          |.....-######.............|                                           
          -------      --------------                                           
                                                                                
                                                                                
Agent the Aspirant             St:10 Dx:14 Co:12 In:13 Wi:18 Ch:8 Neutral S:295 
Dlvl:4 $:17 HP:18(18) Pw:20(20) AC:7 Xp:2/32 T:580                              

",0.0,False
269,far north,,"message:
It's a wall.

language observation:
dark area far south
iguana corpse far southsouthwest
stairs up far southsouthwest
vertical wall near east, southeast, southwest, and west
horizontal open door near south
horizontal wall adjacent north, northeast, and northwest

cursor:
Yourself a priestess
(x=32, y=5)

map:
                                                                                
                                                                                
                                                                                
                             -------                                            
   ---------------           |..@..|                                            
   |.............|           |.....|                                            
   |............^.#          |.....|                                            
   |.............|##         |.....|                                            
   -------|------- #         |.....|                                            
          #        ###       ---|---                                            
          ##         #       ####                                               
           ##        #      ##                                                  
            ###      #      #                                                   
          ----.--    ##-----.--------                                           
          |.....|     #|...%........|                                           
          |.....|     #......<......|                                           
          |.....|     #|............|                                           
          |.....-######.............|                                           
          -------      --------------                                           
                                                                                
                                                                                
Agent the Aspirant             St:10 Dx:14 Co:12 In:13 Wi:18 Ch:8 Neutral S:295 
Dlvl:4 $:17 HP:18(18) Pw:20(20) AC:7 Xp:2/32 T:585                              

",0.0,False
270,search,,"message:


language observation:
dark area far south
iguana corpse far southsouthwest
stairs up far southsouthwest
vertical wall near east, southeast, southwest, and west
horizontal open door near south
horizontal wall adjacent north, northeast, and northwest

cursor:
Yourself a priestess
(x=32, y=5)

map:
                                                                                
                                                                                
                                                                                
                             -------                                            
   ---------------           |..@..|                                            
   |.............|           |.....|                                            
   |............^.#          |.....|                                            
   |.............|##         |.....|                                            
   -------|------- #         |.....|                                            
          #        ###       ---|---                                            
          ##         #       ####                                               
           ##        #      ##                                                  
            ###      #      #                                                   
          ----.--    ##-----.--------                                           
          |.....|     #|...%........|                                           
          |.....|     #......<......|                                           
          |.....|     #|............|                                           
          |.....-######.............|                                           
          -------      --------------                                           
                                                                                
                                                                                
Agent the Aspirant             St:10 Dx:14 Co:12 In:13 Wi:18 Ch:8 Neutral S:295 
Dlvl:4 $:17 HP:18(18) Pw:20(20) AC:7 Xp:2/32 T:586                              

",0.0,False
271,far south,,"message:
A gas spore blocks your path.

language observation:
iguana corpse far southsouthwest
stairs up far southsouthwest
horizontal wall near north
vertical wall near northeast, east, west, and northwest
dark area near south
horizontal wall adjacent southeast and southwest
gas spore adjacent south

cursor:
Yourself a priestess
(x=32, y=9)

map:
                                                                                
                                                                                
                                                                                
                             -------                                            
   ---------------           |.....|                                            
   |.............|           |.....|                                            
   |............^.#          |.....|                                            
   |.............|##         |.....|                                            
   -------|------- #         |..@..|                                            
          #        ###       ---e---                                            
          ##         #       ####                                               
           ##        #      ##                                                  
            ###      #      #                                                   
          ----.--    ##-----.--------                                           
          |.....|     #|...%........|                                           
          |.....|     #......<......|                                           
          |.....|     #|............|                                           
          |.....-######.............|                                           
          -------      --------------                                           
                                                                                
                                                                                
Agent the Aspirant             St:10 Dx:14 Co:12 In:13 Wi:18 Ch:8 Neutral S:295 
Dlvl:4 $:17 HP:18(18) Pw:20(20) AC:7 Xp:2/32 T:590                              

",0.0,False
272,north,,"message:


language observation:
iguana corpse far southsouthwest
stairs up far southsouthwest
horizontal wall near north
vertical wall near northeast, east, west, and northwest
dark area near south
horizontal wall very near southeast and southwest
gas spore very near south

cursor:
Yourself a priestess
(x=32, y=8)

map:
                                                                                
                                                                                
                                                                                
                             -------                                            
   ---------------           |.....|                                            
   |.............|           |.....|                                            
   |............^.#          |.....|                                            
   |.............|##         |..@..|                                            
   -------|------- #         |.....|                                            
          #        ###       ---e---                                            
          ##         #       ####                                               
           ##        #      ##                                                  
            ###      #      #                                                   
          ----.--    ##-----.--------                                           
          |.....|     #|...%........|                                           
          |.....|     #......<......|                                           
          |.....|     #|............|                                           
          |.....-######.............|                                           
          -------      --------------                                           
                                                                                
                                                                                
Agent the Aspirant             St:10 Dx:14 Co:12 In:13 Wi:18 Ch:8 Neutral S:295 
Dlvl:4 $:17 HP:18(18) Pw:20(20) AC:7 Xp:2/32 T:591                              

",0.0,False
273,west,,"message:


language observation:
iguana corpse far southsouthwest
stairs up far southsouthwest
horizontal wall near north
northeast room corner near northeast
vertical wall near east
horizontal wall very near southeast and south
gas spore very near southsoutheast
southwest corner very near southwest
vertical wall very near west and northwest

cursor:
Yourself a priestess
(x=31, y=8)

map:
                                                                                
                                                                                
                                                                                
                             -------                                            
   ---------------           |.....|                                            
   |.............|           |.....|                                            
   |............^.#          |.....|                                            
   |.............|##         |.@...|                                            
   -------|------- #         |.....|                                            
          #        ###       ---e---                                            
          ##         #       ####                                               
           ##        #      ##                                                  
            ###      #      #                                                   
          ----.--    ##-----.--------                                           
          |.....|     #|...%........|                                           
          |.....|     #......<......|                                           
          |.....|     #|............|                                           
          |.....-######.............|                                           
          -------      --------------                                           
                                                                                
                                                                                
Agent the Aspirant             St:10 Dx:14 Co:12 In:13 Wi:18 Ch:8 Neutral S:295 
Dlvl:4 $:17 HP:18(18) Pw:20(20) AC:7 Xp:2/32 T:592                              

",0.0,False
274,north,,"message:


language observation:
iguana corpse far southsouthwest
stairs up far southsouthwest
horizontal wall near north, northeast, southeast, and south
vertical wall near east
gas spore very near southsoutheast
vertical wall very near southwest, west, and northwest

cursor:
Yourself a priestess
(x=31, y=7)

map:
                                                                                
                                                                                
                                                                                
                             -------                                            
   ---------------           |.....|                                            
   |.............|           |.....|                                            
   |............^.#          |.@...|                                            
   |.............|##         |.....|                                            
   -------|------- #         |..e..|                                            
          #        ###       ---|---                                            
          ##         #       ####                                               
           ##        #      ##                                                  
            ###      #      #                                                   
          ----.--    ##-----.--------                                           
          |.....|     #|...%........|                                           
          |.....|     #......<......|                                           
          |.....|     #|............|                                           
          |.....-######.............|                                           
          -------      --------------                                           
                                                                                
                                                                                
Agent the Aspirant             St:10 Dx:14 Co:12 In:13 Wi:18 Ch:8 Neutral S:295 
Dlvl:4 $:17 HP:18(18) Pw:20(20) AC:7 Xp:2/32 T:593                              

",0.0,False
275,southwest,,"message:


language observation:
iguana corpse far southsouthwest
stairs up far southsouthwest
horizontal wall near north and northeast
vertical wall near east
dark area near southeast
horizontal open door very near southeast
horizontal wall very near south
gas spore adjacent east
vertical wall adjacent southwest, west, and northwest

cursor:
Yourself a priestess
(x=30, y=8)

map:
                                                                                
                                                                                
                                                                                
                             -------                                            
   ---------------           |.....|                                            
   |.............|           |.....|                                            
   |............^.#          |.....|                                            
   |.............|##         |@e...|                                            
   -------|------- #         |.....|                                            
          #        ###       ---|---                                            
          ##         #       ####                                               
           ##        #      ##                                                  
            ###      #      #                                                   
          ----.--    ##-----.--------                                           
          |.....|     #|...%........|                                           
          |.....|     #......<......|                                           
          |.....|     #|............|                                           
          |.....-######.............|                                           
          -------      --------------                                           
                                                                                
                                                                                
Agent the Aspirant             St:10 Dx:14 Co:12 In:13 Wi:18 Ch:8 Neutral S:295 
Dlvl:4 $:17 HP:18(18) Pw:20(20) AC:7 Xp:2/32 T:594                              

",0.0,False
276,north,,"message:


language observation:
iguana corpse far southsouthwest
stairs up far southsouthwest
horizontal wall near north, northeast, southeast, and south
vertical wall near east
gas spore adjacent southeast
vertical wall adjacent southwest, west, and northwest

cursor:
Yourself a priestess
(x=30, y=7)

map:
                                                                                
                                                                                
                                                                                
                             -------                                            
   ---------------           |.....|                                            
   |.............|           |.....|                                            
   |............^.#          |@....|                                            
   |.............|##         |.e...|                                            
   -------|------- #         |.....|                                            
          #        ###       ---|---                                            
          ##         #       ####                                               
           ##        #      ##                                                  
            ###      #      #                                                   
          ----.--    ##-----.--------                                           
          |.....|     #|...%........|                                           
          |.....|     #......<......|                                           
          |.....|     #|............|                                           
          |.....-######.............|                                           
          -------      --------------                                           
                                                                                
                                                                                
Agent the Aspirant             St:10 Dx:14 Co:12 In:13 Wi:18 Ch:8 Neutral S:295 
Dlvl:4 $:17 HP:18(18) Pw:20(20) AC:7 Xp:2/32 T:595                              

",0.0,False
277,east,,"message:


language observation:
iguana corpse far southsouthwest
stairs up far southsouthwest
horizontal wall near north, northeast, southeast, and south
vertical wall near east
vertical wall very near southwest, west, and northwest
gas spore adjacent south

cursor:
Yourself a priestess
(x=31, y=7)

map:
                                                                                
                                                                                
                                                                                
                             -------                                            
   ---------------           |.....|                                            
   |.............|           |.....|                                            
   |............^.#          |.@...|                                            
   |.............|##         |.e...|                                            
   -------|------- #         |.....|                                            
          #        ###       ---|---                                            
          ##         #       ####                                               
           ##        #      ##                                                  
            ###      #      #                                                   
          ----.--    ##-----.--------                                           
          |.....|     #|...%........|                                           
          |.....|     #......<......|                                           
          |.....|     #|............|                                           
          |.....-######.............|                                           
          -------      --------------                                           
                                                                                
                                                                                
Agent the Aspirant             St:10 Dx:14 Co:12 In:13 Wi:18 Ch:8 Neutral S:295 
Dlvl:4 $:17 HP:18(18) Pw:20(20) AC:7 Xp:2/32 T:596                              

",0.0,False
278,east,,"message:


language observation:
iguana corpse far southsouthwest
stairs up far southsouthwest
horizontal wall near north
northeast room corner near northeast
vertical wall near east and west
southeast corner near southeast
horizontal open door near south
dark area near south
southwest corner near southwest
northwest room corner near northwest
gas spore adjacent southwest

cursor:
Yourself a priestess
(x=32, y=7)

map:
                                                                                
                                                                                
                                                                                
                             -------                                            
   ---------------           |.....|                                            
   |.............|           |.....|                                            
   |............^.#          |..@..|                                            
   |.............|##         |.e...|                                            
   -------|------- #         |.....|                                            
          #        ###       ---|---                                            
          ##         #       ####                                               
           ##        #      ##                                                  
            ###      #      #                                                   
          ----.--    ##-----.--------                                           
          |.....|     #|...%........|                                           
          |.....|     #......<......|                                           
          |.....|     #|............|                                           
          |.....-######.............|                                           
          -------      --------------                                           
                                                                                
                                                                                
Agent the Aspirant             St:10 Dx:14 Co:12 In:13 Wi:18 Ch:8 Neutral S:295 
Dlvl:4 $:17 HP:18(18) Pw:20(20) AC:7 Xp:2/32 T:597                              

",0.0,False
279,southeast,,"message:


language observation:
iguana corpse far southsouthwest
stairs up far southsouthwest
horizontal wall near north
vertical wall near west
northwest room corner near northwest
vertical wall very near northeast and east
southeast corner very near southeast
horizontal wall very near south and southwest
gas spore very near west

cursor:
Yourself a priestess
(x=33, y=8)

map:
                                                                                
                                                                                
                                                                                
                             -------                                            
   ---------------           |.....|                                            
   |.............|           |.....|                                            
   |............^.#          |.....|                                            
   |.............|##         |.e.@.|                                            
   -------|------- #         |.....|                                            
          #        ###       ---|---                                            
          ##         #       ####                                               
           ##        #      ##                                                  
            ###      #      #                                                   
          ----.--    ##-----.--------                                           
          |.....|     #|...%........|                                           
          |.....|     #......<......|                                           
          |.....|     #|............|                                           
          |.....-######.............|                                           
          -------      --------------                                           
                                                                                
                                                                                
Agent the Aspirant             St:10 Dx:14 Co:12 In:13 Wi:18 Ch:8 Neutral S:295 
Dlvl:4 $:17 HP:18(18) Pw:20(20) AC:7 Xp:2/32 T:598                              

",0.0,False
280,southwest,,"message:


language observation:
iguana corpse far southsouthwest
stairs up far southsouthwest
horizontal wall near north
vertical wall near northeast, east, west, and northwest
dark area near south
horizontal wall adjacent southeast and southwest
horizontal open door adjacent south
gas spore adjacent northwest

cursor:
Yourself a priestess
(x=32, y=9)

map:
                                                                                
                                                                                
                                                                                
                             -------                                            
   ---------------           |.....|                                            
   |.............|           |.....|                                            
   |............^.#          |.....|                                            
   |.............|##         |.e...|                                            
   -------|------- #         |..@..|                                            
          #        ###       ---|---                                            
          ##         #       ####                                               
           ##        #      ##                                                  
            ###      #      #                                                   
          ----.--    ##-----.--------                                           
          |.....|     #|...%........|                                           
          |.....|     #......<......|                                           
          |.....|     #|............|                                           
          |.....-######.............|                                           
          -------      --------------                                           
                                                                                
                                                                                
Agent the Aspirant             St:10 Dx:14 Co:12 In:13 Wi:18 Ch:8 Neutral S:295 
Dlvl:4 $:17 HP:18(18) Pw:20(20) AC:7 Xp:2/32 T:599                              

",0.0,False
281,south,,"message:
You feel tough!  You must have been leading a healthy life-style.

language observation:
horizontal wall far north
stairs up far southsouthwest
vertical wall near northeast and northwest
iguana corpse near southwest
dark area very near south and southwest
gas spore very near northnorthwest
horizontal wall adjacent east and west
dark area adjacent southeast

cursor:
Yourself a priestess
(x=32, y=10)

map:
                                                                                
                                                                                
                                                                                
                             -------                                            
   ---------------           |.....|                                            
   |.............|           |.....|                                            
   |............^.#          |.....|                                            
   |.............|##         |.e...|                                            
   -------|------- #         |.....|                                            
          #        ###       ---@---                                            
          ##         #       ####                                               
           ##        #      ##                                                  
            ###      #      #                                                   
          ----.--    ##-----.--------                                           
          |.....|     #|...%........|                                           
          |.....|     #......<......|                                           
          |.....|     #|............|                                           
          |.....-######.............|                                           
          -------      --------------                                           
                                                                                
                                                                                
Agent the Aspirant             St:10 Dx:14 Co:13 In:13 Wi:18 Ch:8 Neutral S:295 
Dlvl:4 $:17 HP:18(18) Pw:20(20) AC:7 Xp:2/32 T:600                              

",0.0,False
282,south,,"message:


language observation:
horizontal wall far north
stairs up near southsouthwest
iguana corpse near westsouthwest
dark area near west
gas spore near northnorthwest
horizontal open door adjacent north
horizontal wall adjacent northeast and northwest
dark area adjacent east, southeast, south, and southwest

cursor:
Yourself a priestess
(x=32, y=11)

map:
                                                                                
                                                                                
                                                                                
                             -------                                            
   ---------------           |.....|                                            
   |.............|           |.....|                                            
   |............^.#          |.....|                                            
   |.............|##         |.e...|                                            
   -------|------- #         |.....|                                            
          #        ###       ---|---                                            
          ##         #       ###@                                               
           ##        #      ##                                                  
            ###      #      #                                                   
          ----.--    ##-----.--------                                           
          |.....|     #|...%........|                                           
          |.....|     #......<......|                                           
          |.....|     #|............|                                           
          |.....-######.............|                                           
          -------      --------------                                           
                                                                                
                                                                                
Agent the Aspirant             St:10 Dx:14 Co:13 In:13 Wi:18 Ch:8 Neutral S:295 
Dlvl:4 $:17 HP:18(18) Pw:20(20) AC:7 Xp:2/32 T:601                              

",0.0,False
283,south,,"message:
It's solid stone.

language observation:
horizontal wall far north
stairs up near southsouthwest
iguana corpse near westsouthwest
dark area near west
gas spore near northnorthwest
horizontal open door adjacent north
horizontal wall adjacent northeast and northwest
dark area adjacent east, southeast, south, and southwest

cursor:
Yourself a priestess
(x=32, y=11)

map:
                                                                                
                                                                                
                                                                                
                             -------                                            
   ---------------           |.....|                                            
   |.............|           |.....|                                            
   |............^.#          |.....|                                            
   |.............|##         |.e...|                                            
   -------|------- #         |.....|                                            
          #        ###       ---|---                                            
          ##         #       ###@                                               
           ##        #      ##                                                  
            ###      #      #                                                   
          ----.--    ##-----.--------                                           
          |.....|     #|...%........|                                           
          |.....|     #......<......|                                           
          |.....|     #|............|                                           
          |.....-######.............|                                           
          -------      --------------                                           
                                                                                
                                                                                
Agent the Aspirant             St:10 Dx:14 Co:13 In:13 Wi:18 Ch:8 Neutral S:295 
Dlvl:4 $:17 HP:18(18) Pw:20(20) AC:7 Xp:2/32 T:601                              

",0.0,False
284,west,,"message:


language observation:
vertical wall near northeast
stairs up near southsouthwest
iguana corpse near southwest
dark area near west
dark area very near east
horizontal wall adjacent north and northwest
horizontal open door adjacent northeast
dark area adjacent southeast, south, and southwest

cursor:
Yourself a priestess
(x=31, y=11)

map:
                                                                                
                                                                                
                                                                                
                             -------                                            
   ---------------           |.....|                                            
   |.............|           |.....|                                            
   |............^.#          |.....|                                            
   |.............|##         |.....|                                            
   -------|------- #         |.....|                                            
          #        ###       ---|---                                            
          ##         #       ##@#                                               
           ##        #      ##                                                  
            ###      #      #                                                   
          ----.--    ##-----.--------                                           
          |.....|     #|...%........|                                           
          |.....|     #......<......|                                           
          |.....|     #|............|                                           
          |.....-######.............|                                           
          -------      --------------                                           
                                                                                
                                                                                
Agent the Aspirant             St:10 Dx:14 Co:13 In:13 Wi:18 Ch:8 Neutral S:295 
Dlvl:4 $:17 HP:18(18) Pw:20(20) AC:7 Xp:2/32 T:602                              

",0.0,False
285,far west,,"message:


language observation:
dark area near north
horizontal wall near southeast and south
southwest corner near southwest
stairs up very near southsoutheast
dark area adjacent northeast and northwest
horizontal wall adjacent east and west
iguana corpse adjacent southwest

cursor:
Yourself a priestess
(x=28, y=14)

map:
                                                                                
                                                                                
                                                                                
                             -------                                            
   ---------------           |.....|                                            
   |.............|           |.....|                                            
   |............^.#          |.....|                                            
   |.............|##         |.....|                                            
   -------|------- #         |.....|                                            
          #        ###       ---|---                                            
          ##         #       ####                                               
           ##        #      ##                                                  
            ###      #      #                                                   
          ----.--    ##-----@--------                                           
          |.....|     #|...%........|                                           
          |.....|     #......<......|                                           
          |.....|     #|............|                                           
          |.....-######.............|                                           
          -------      --------------                                           
                                                                                
                                                                                
Agent the Aspirant             St:10 Dx:14 Co:13 In:13 Wi:18 Ch:8 Neutral S:295 
Dlvl:4 $:17 HP:18(18) Pw:20(20) AC:7 Xp:2/32 T:607                              

",0.0,False
286,south,,"message:


language observation:
vertical wall far east
dark area near north
horizontal wall near southeast, south, and southwest
vertical wall near west
doorway adjacent north
horizontal wall adjacent northeast and northwest
stairs up adjacent southeast
iguana corpse adjacent west

cursor:
Yourself a priestess
(x=28, y=15)

map:
                                                                                
                                                                                
                                                                                
                             -------                                            
   ---------------           |.....|                                            
   |.............|           |.....|                                            
   |............^.#          |.....|                                            
   |.............|##         |.....|                                            
   -------|------- #         |.....|                                            
          #        ###       ---|---                                            
          ##         #       ####                                               
           ##        #      ##                                                  
            ###      #      #                                                   
          ----.--    ##-----.--------                                           
          |.....|     #|...%@.......|                                           
          |.....|     #......<......|                                           
          |.....|     #|............|                                           
          |.....-######.............|                                           
          -------      --------------                                           
                                                                                
                                                                                
Agent the Aspirant             St:10 Dx:14 Co:13 In:13 Wi:18 Ch:8 Neutral S:295 
Dlvl:4 $:17 HP:18(18) Pw:20(20) AC:7 Xp:2/32 T:608                              

",0.0,False
287,west,,"message:
You see here an iguana corpse.

language observation:
vertical wall far east
horizontal wall near southeast and south
southwest corner near southwest
vertical wall near west
dark area very near northeast
stairs up very near eastsoutheast
horizontal wall adjacent north and northwest
doorway adjacent northeast

cursor:
Yourself a priestess
(x=27, y=15)

map:
                                                                                
                                                                                
                                                                                
                             -------                                            
   ---------------           |.....|                                            
   |.............|           |.....|                                            
   |............^.#          |.....|                                            
   |.............|##         |.....|                                            
   -------|------- #         |.....|                                            
          #        ###       ---|---                                            
          ##         #       ####                                               
           ##        #      ##                                                  
            ###      #      #                                                   
          ----.--    ##-----.--------                                           
          |.....|     #|...@........|                                           
          |.....|     #......<......|                                           
          |.....|     #|............|                                           
          |.....-######.............|                                           
          -------      --------------                                           
                                                                                
                                                                                
Agent the Aspirant             St:10 Dx:14 Co:13 In:13 Wi:18 Ch:8 Neutral S:295 
Dlvl:4 $:17 HP:18(18) Pw:20(20) AC:7 Xp:2/32 T:609                              

",0.0,False
288,eat,,"message:
There is an iguana corpse here; eat it? [ynq] (n)

language observation:
vertical wall far east
horizontal wall near southeast and south
southwest corner near southwest
vertical wall near west
dark area very near northeast
stairs up very near eastsoutheast
horizontal wall adjacent north and northwest
doorway adjacent northeast

cursor:

(x=50, y=0)

map:
                                                                                
                                                                                
                                                                                
                             -------                                            
   ---------------           |.....|                                            
   |.............|           |.....|                                            
   |............^.#          |.....|                                            
   |.............|##         |.....|                                            
   -------|------- #         |.....|                                            
          #        ###       ---|---                                            
          ##         #       ####                                               
           ##        #      ##                                                  
            ###      #      #                                                   
          ----.--    ##-----.--------                                           
          |.....|     #|...@........|                                           
          |.....|     #......<......|                                           
          |.....|     #|............|                                           
          |.....-######.............|                                           
          -------      --------------                                           
                                                                                
                                                                                
Agent the Aspirant             St:10 Dx:14 Co:13 In:13 Wi:18 Ch:8 Neutral S:295 
Dlvl:4 $:17 HP:18(18) Pw:20(20) AC:7 Xp:2/32 T:609                              

",0.0,False
289,northwest,,"message:
You feel sick.  This iguana corpse tastes terrible!
You finish eating the iguana corpse.

language observation:
vertical wall far east
horizontal wall near southeast and south
southwest corner near southwest
vertical wall near west
dark area very near northeast
stairs up very near eastsoutheast
horizontal wall adjacent north and northwest
doorway adjacent northeast

cursor:
Yourself a priestess
(x=27, y=15)

map:
                                                                                
                                                                                
                                                                                
                             -------                                            
   ---------------           |.....|                                            
   |.............|           |.....|                                            
   |............^.#          |.....|                                            
   |.............|##         |.....|                                            
   -------|------- #         |.....|                                            
          #        ###       ---|---                                            
          ##         #       ####                                               
           ##        #      ##                                                  
            ###      #      #                                                   
          ----.--    ##-----.--------                                           
          |.....|     #|...@........|                                           
          |.....|     #......<......|                                           
          |.....|     #|............|                                           
          |.....-######.............|                                           
          -------      --------------                                           
                                                                                
                                                                                
Agent the Aspirant             St:10 Dx:14 Co:13 In:13 Wi:18 Ch:8 Neutral S:295 
Dlvl:4 $:17 HP:16(18) Pw:20(20) AC:7 Xp:2/32 T:613                              

",0.0,False
290,west,,"message:


language observation:
stairs up near eastsoutheast
horizontal wall near southeast and south
doorway near southwest
dark area near southwest
vertical wall near west
horizontal wall adjacent north, northeast, and northwest

cursor:
Yourself a priestess
(x=26, y=15)

map:
                                                                                
                                                                                
                                                                                
                             -------                                            
   ---------------           |.....|                                            
   |.............|           |.....|                                            
   |............^.#          |.....|                                            
   |.............|##         |.....|                                            
   -------|------- #         |.....|                                            
          #        ###       ---|---                                            
          ##         #       ####                                               
           ##        #      ##                                                  
            ###      #      #                                                   
          ----.--    ##-----.--------                                           
          |.....|     #|..@.........|                                           
          |.....|     #......<......|                                           
          |.....|     #|............|                                           
          |.....-######.............|                                           
          -------      --------------                                           
                                                                                
                                                                                
Agent the Aspirant             St:10 Dx:14 Co:13 In:13 Wi:18 Ch:8 Neutral S:295 
Dlvl:4 $:17 HP:16(18) Pw:20(20) AC:7 Xp:2/32 T:614                              

",0.0,False
291,southwest,,"message:


language observation:
stairs up near east
horizontal wall near southeast and south
dark area near southwest and west
horizontal wall very near north and northeast
doorway very near southwest and west
northwest room corner very near northwest

cursor:
Yourself a priestess
(x=25, y=16)

map:
                                                                                
                                                                                
                                                                                
                             -------                                            
   ---------------           |.....|                                            
   |.............|           |.....|                                            
   |............^.#          |.....|                                            
   |.............|##         |.....|                                            
   -------|------- #         |.....|                                            
          #        ###       ---|---                                            
          ##         #       ####                                               
           ##        #      ##                                                  
            ###      #      #                                                   
          ----.--    ##-----.--------                                           
          |.....|     #|............|                                           
          |.....|     #..@...<......|                                           
          |.....|     #|............|                                           
          |.....-######.............|                                           
          -------      --------------                                           
                                                                                
                                                                                
Agent the Aspirant             St:10 Dx:14 Co:13 In:13 Wi:18 Ch:8 Neutral S:295 
Dlvl:4 $:17 HP:16(18) Pw:20(20) AC:7 Xp:2/32 T:615                              

",0.0,False
292,northeast,,"message:


language observation:
stairs up near eastsoutheast
horizontal wall near southeast and south
doorway near southwest
dark area near southwest
vertical wall near west
horizontal wall adjacent north, northeast, and northwest

cursor:
Yourself a priestess
(x=26, y=15)

map:
                                                                                
                                                                                
                                                                                
                             -------                                            
   ---------------           |.....|                                            
   |.............|           |.....|                                            
   |............^.#          |.....|                                            
   |.............|##         |.....|                                            
   -------|------- #         |.....|                                            
          #        ###       ---|---                                            
          ##         #       ####                                               
           ##        #      ##                                                  
            ###      #      #                                                   
          ----.--    ##-----.--------                                           
          |.....|     #|..@.........|                                           
          |.....|     #......<......|                                           
          |.....|     #|............|                                           
          |.....-######.............|                                           
          -------      --------------                                           
                                                                                
                                                                                
Agent the Aspirant             St:10 Dx:14 Co:13 In:13 Wi:18 Ch:8 Neutral S:295 
Dlvl:4 $:17 HP:17(18) Pw:20(20) AC:7 Xp:2/32 T:616                              

",0.0,False
293,travel,,"

Your previous output did not contain a valid action. Defaulted to action: esc

Observation:
message:


language observation:
stairs up near eastsoutheast
horizontal wall near southeast and south
doorway near southwest
dark area near southwest
vertical wall near west
horizontal wall adjacent north, northeast, and northwest

cursor:
Yourself a priestess
(x=26, y=15)

map:
                                                                                
                                                                                
                                                                                
                             -------                                            
   ---------------           |.....|                                            
   |.............|           |.....|                                            
   |............^.#          |.....|                                            
   |.............|##         |.....|                                            
   -------|------- #         |.....|                                            
          #        ###       ---|---                                            
          ##         #       ####                                               
           ##        #      ##                                                  
            ###      #      #                                                   
          ----.--    ##-----.--------                                           
          |.....|     #|..@.........|                                           
          |.....|     #......<......|                                           
          |.....|     #|............|                                           
          |.....-######.............|                                           
          -------      --------------                                           
                                                                                
                                                                                
Agent the Aspirant             St:10 Dx:14 Co:13 In:13 Wi:18 Ch:8 Neutral S:295 
Dlvl:4 $:17 HP:17(18) Pw:20(20) AC:7 Xp:2/32 T:616                              

",0.0,False
294,east,,"message:


language observation:
vertical wall far east
horizontal wall near southeast and south
southwest corner near southwest
vertical wall near west
dark area very near northeast
stairs up very near eastsoutheast
horizontal wall adjacent north and northwest
doorway adjacent northeast

cursor:
Yourself a priestess
(x=27, y=15)

map:
                                                                                
                                                                                
                                                                                
                             -------                                            
   ---------------           |.....|                                            
   |.............|           |.....|                                            
   |............^.#          |.....|                                            
   |.............|##         |.....|                                            
   -------|------- #         |.....|                                            
          #        ###       ---|---                                            
          ##         #       ####                                               
           ##        #      ##                                                  
            ###      #      #                                                   
          ----.--    ##-----.--------                                           
          |.....|     #|...@........|                                           
          |.....|     #......<......|                                           
          |.....|     #|............|                                           
          |.....-######.............|                                           
          -------      --------------                                           
                                                                                
                                                                                
Agent the Aspirant             St:10 Dx:14 Co:13 In:13 Wi:18 Ch:8 Neutral S:295 
Dlvl:4 $:17 HP:17(18) Pw:20(20) AC:7 Xp:2/32 T:617                              

",0.0,False
295,northeast,,"message:


language observation:
dark area near north
horizontal wall near southeast and south
southwest corner near southwest
stairs up very near southsoutheast
dark area adjacent northeast and northwest
horizontal wall adjacent east and west

cursor:
Yourself a priestess
(x=28, y=14)

map:
                                                                                
                                                                                
                                                                                
                             -------                                            
   ---------------           |.....|                                            
   |.............|           |.....|                                            
   |............^.#          |.....|                                            
   |.............|##         |.....|                                            
   -------|------- #         |.....|                                            
          #        ###       ---|---                                            
          ##         #       ####                                               
           ##        #      ##                                                  
            ###      #      #                                                   
          ----.--    ##-----@--------                                           
          |.....|     #|............|                                           
          |.....|     #......<......|                                           
          |.....|     #|............|                                           
          |.....-######.............|                                           
          -------      --------------                                           
                                                                                
                                                                                
Agent the Aspirant             St:10 Dx:14 Co:13 In:13 Wi:18 Ch:8 Neutral S:295 
Dlvl:4 $:17 HP:17(18) Pw:20(20) AC:7 Xp:2/32 T:618                              

",0.0,False
296,search,,"message:


language observation:
dark area near north
horizontal wall near southeast and south
southwest corner near southwest
stairs up very near southsoutheast
dark area adjacent northeast and northwest
horizontal wall adjacent east and west

cursor:
Yourself a priestess
(x=28, y=14)

map:
                                                                                
                                                                                
                                                                                
                             -------                                            
   ---------------           |.....|                                            
   |.............|           |.....|                                            
   |............^.#          |.....|                                            
   |.............|##         |.....|                                            
   -------|------- #         |.....|                                            
          #        ###       ---|---                                            
          ##         #       ####                                               
           ##        #      ##                                                  
            ###      #      #                                                   
          ----.--    ##-----@--------                                           
          |.....|     #|............|                                           
          |.....|     #......<......|                                           
          |.....|     #|............|                                           
          |.....-######.............|                                           
          -------      --------------                                           
                                                                                
                                                                                
Agent the Aspirant             St:10 Dx:14 Co:13 In:13 Wi:18 Ch:8 Neutral S:295 
Dlvl:4 $:17 HP:17(18) Pw:20(20) AC:7 Xp:2/32 T:619                              

",0.0,False
297,north,,"message:


language observation:
horizontal wall far south
horizontal wall near northeast
stairs up near southsoutheast
dark area very near north
dark area adjacent east, west, and northwest
horizontal wall adjacent southeast and southwest
doorway adjacent south

cursor:
Yourself a priestess
(x=28, y=13)

map:
                                                                                
                                                                                
                                                                                
                             -------                                            
   ---------------           |.....|                                            
   |.............|           |.....|                                            
   |............^.#          |.....|                                            
   |.............|##         |.....|                                            
   -------|------- #         |.....|                                            
          #        ###       ---|---                                            
          ##         #       ####                                               
           ##        #      ##                                                  
            ###      #      @                                                   
          ----.--    ##-----.--------                                           
          |.....|     #|............|                                           
          |.....|     #......<......|                                           
          |.....|     #|............|                                           
          |.....-######.............|                                           
          -------      --------------                                           
                                                                                
                                                                                
Agent the Aspirant             St:10 Dx:14 Co:13 In:13 Wi:18 Ch:8 Neutral S:295 
Dlvl:4 $:17 HP:17(18) Pw:20(20) AC:7 Xp:2/32 T:620                              

",0.0,False
298,far north,,"message:
It's solid stone.

language observation:
horizontal wall far north
stairs up near southsouthwest
dark area near west
gas spore adjacent north
horizontal wall adjacent northeast and northwest
dark area adjacent east, southeast, south, and southwest

cursor:
Yourself a priestess
(x=32, y=11)

map:
                                                                                
                                                                                
                                                                                
                             -------                                            
   ---------------           |.....|                                            
   |.............|           |.....|                                            
   |............^.#          |.....|                                            
   |.............|##         |.....|                                            
   -------|------- #         |.....|                                            
          #        ###       ---e---                                            
          ##         #       ###@                                               
           ##        #      ##                                                  
            ###      #      #                                                   
          ----.--    ##-----.--------                                           
          |.....|     #|............|                                           
          |.....|     #......<......|                                           
          |.....|     #|............|                                           
          |.....-######.............|                                           
          -------      --------------                                           
                                                                                
                                                                                
Agent the Aspirant             St:10 Dx:14 Co:13 In:13 Wi:18 Ch:8 Neutral S:295 
Dlvl:4 $:17 HP:17(18) Pw:20(20) AC:7 Xp:2/32 T:625                              

",0.0,False
299,west,,"message:


language observation:
vertical wall near northeast
stairs up near southsouthwest
dark area near west
dark area very near east
horizontal wall adjacent north and northwest
gas spore adjacent northeast
dark area adjacent southeast, south, and southwest

cursor:
Yourself a priestess
(x=31, y=11)

map:
                                                                                
                                                                                
                                                                                
                             -------                                            
   ---------------           |.....|                                            
   |.............|           |.....|                                            
   |............^.#          |.....|                                            
   |.............|##         |.....|                                            
   -------|------- #         |.....|                                            
          #        ###       ---e---                                            
          ##         #       ##@#                                               
           ##        #      ##                                                  
            ###      #      #                                                   
          ----.--    ##-----.--------                                           
          |.....|     #|............|                                           
          |.....|     #......<......|                                           
          |.....|     #|............|                                           
          |.....-######.............|                                           
          -------      --------------                                           
                                                                                
                                                                                
Agent the Aspirant             St:10 Dx:14 Co:13 In:13 Wi:18 Ch:8 Neutral S:295 
Dlvl:4 $:17 HP:17(18) Pw:20(20) AC:7 Xp:2/32 T:626                              

",0.0,False
300,southwest,,"message:
It's solid stone.

language observation:
vertical wall near northeast
stairs up near southsouthwest
dark area near west
dark area very near east
horizontal wall adjacent north and northwest
gas spore adjacent northeast
dark area adjacent southeast, south, and southwest

cursor:
Yourself a priestess
(x=31, y=11)

map:
                                                                                
                                                                                
                                                                                
                             -------                                            
   ---------------           |.....|                                            
   |.............|           |.....|                                            
   |............^.#          |.....|                                            
   |.............|##         |.....|                                            
   -------|------- #         |.....|                                            
          #        ###       ---e---                                            
          ##         #       ##@#                                               
           ##        #      ##                                                  
            ###      #      #                                                   
          ----.--    ##-----.--------                                           
          |.....|     #|............|                                           
          |.....|     #......<......|                                           
          |.....|     #|............|                                           
          |.....-######.............|                                           
          -------      --------------                                           
                                                                                
                                                                                
Agent the Aspirant             St:10 Dx:14 Co:13 In:13 Wi:18 Ch:8 Neutral S:295 
Dlvl:4 $:17 HP:17(18) Pw:20(20) AC:7 Xp:2/32 T:626                              

",0.0,False
301,west,,"message:


language observation:
dark area near east
stairs up near southsouthwest
horizontal wall near southwest
dark area very near west
horizontal wall adjacent north and northeast
dark area adjacent southeast and south
southwest corner adjacent northwest

cursor:
Yourself a priestess
(x=30, y=11)

map:
                                                                                
                                                                                
                                                                                
                             -------                                            
   ---------------           |.....|                                            
   |.............|           |.....|                                            
   |............^.#          |.....|                                            
   |.............|##         |.....|                                            
   -------|------- #         |.....|                                            
          #        ###       ---|---                                            
          ##         #       #@##                                               
           ##        #      ##                                                  
            ###      #      #                                                   
          ----.--    ##-----.--------                                           
          |.....|     #|............|                                           
          |.....|     #......<......|                                           
          |.....|     #|............|                                           
          |.....-######.............|                                           
          -------      --------------                                           
                                                                                
                                                                                
Agent the Aspirant             St:10 Dx:14 Co:13 In:13 Wi:18 Ch:8 Neutral S:295 
Dlvl:4 $:17 HP:18(18) Pw:20(20) AC:7 Xp:2/32 T:627                              

",0.0,False
302,east,,"message:


language observation:
vertical wall near northeast
stairs up near southsouthwest
dark area near west
dark area very near east
horizontal wall adjacent north and northwest
gas spore adjacent northeast
dark area adjacent southeast, south, and southwest

cursor:
Yourself a priestess
(x=31, y=11)

map:
                                                                                
                                                                                
                                                                                
                             -------                                            
   ---------------           |.....|                                            
   |.............|           |.....|                                            
   |............^.#          |.....|                                            
   |.............|##         |.....|                                            
   -------|------- #         |.....|                                            
          #        ###       ---e---                                            
          ##         #       ##@#                                               
           ##        #      ##                                                  
            ###      #      #                                                   
          ----.--    ##-----.--------                                           
          |.....|     #|............|                                           
          |.....|     #......<......|                                           
          |.....|     #|............|                                           
          |.....-######.............|                                           
          -------      --------------                                           
                                                                                
                                                                                
Agent the Aspirant             St:10 Dx:14 Co:13 In:13 Wi:18 Ch:8 Neutral S:295 
Dlvl:4 $:17 HP:18(18) Pw:20(20) AC:7 Xp:2/32 T:628                              

",0.0,False
303,west,,"message:


language observation:
dark area near east
stairs up near southsouthwest
horizontal wall near southwest
dark area very near west
horizontal wall adjacent north and northeast
dark area adjacent southeast and south
southwest corner adjacent northwest

cursor:
Yourself a priestess
(x=30, y=11)

map:
                                                                                
                                                                                
                                                                                
                             -------                                            
   ---------------           |.....|                                            
   |.............|           |.....|                                            
   |............^.#          |.....|                                            
   |.............|##         |.....|                                            
   -------|------- #         |.....|                                            
          #        ###       ---|---                                            
          ##         #       #@##                                               
           ##        #      ##                                                  
            ###      #      #                                                   
          ----.--    ##-----.--------                                           
          |.....|     #|............|                                           
          |.....|     #......<......|                                           
          |.....|     #|............|                                           
          |.....-######.............|                                           
          -------      --------------                                           
                                                                                
                                                                                
Agent the Aspirant             St:10 Dx:14 Co:13 In:13 Wi:18 Ch:8 Neutral S:295 
Dlvl:4 $:17 HP:18(18) Pw:20(20) AC:7 Xp:2/32 T:629                              

",0.0,False
304,east,,"message:


language observation:
vertical wall near northeast
stairs up near southsouthwest
dark area near west
dark area very near east
horizontal wall adjacent north and northwest
gas spore adjacent northeast
dark area adjacent southeast, south, and southwest

cursor:
Yourself a priestess
(x=31, y=11)

map:
                                                                                
                                                                                
                                                                                
                             -------                                            
   ---------------           |.....|                                            
   |.............|           |.....|                                            
   |............^.#          |.....|                                            
   |.............|##         |.....|                                            
   -------|------- #         |.....|                                            
          #        ###       ---e---                                            
          ##         #       ##@#                                               
           ##        #      ##                                                  
            ###      #      #                                                   
          ----.--    ##-----.--------                                           
          |.....|     #|............|                                           
          |.....|     #......<......|                                           
          |.....|     #|............|                                           
          |.....-######.............|                                           
          -------      --------------                                           
                                                                                
                                                                                
Agent the Aspirant             St:10 Dx:14 Co:13 In:13 Wi:18 Ch:8 Neutral S:295 
Dlvl:4 $:17 HP:18(18) Pw:20(20) AC:7 Xp:2/32 T:630                              

",0.0,False
305,northwest,,"message:
It's a wall.

language observation:
vertical wall near northeast
stairs up near southsouthwest
dark area near west
dark area very near east
horizontal wall adjacent north and northwest
gas spore adjacent northeast
dark area adjacent southeast, south, and southwest

cursor:
Yourself a priestess
(x=31, y=11)

map:
                                                                                
                                                                                
                                                                                
                             -------                                            
   ---------------           |.....|                                            
   |.............|           |.....|                                            
   |............^.#          |.....|                                            
   |.............|##         |.....|                                            
   -------|------- #         |.....|                                            
          #        ###       ---e---                                            
          ##         #       ##@#                                               
           ##        #      ##                                                  
            ###      #      #                                                   
          ----.--    ##-----.--------                                           
          |.....|     #|............|                                           
          |.....|     #......<......|                                           
          |.....|     #|............|                                           
          |.....-######.............|                                           
          -------      --------------                                           
                                                                                
                                                                                
Agent the Aspirant             St:10 Dx:14 Co:13 In:13 Wi:18 Ch:8 Neutral S:295 
Dlvl:4 $:17 HP:18(18) Pw:20(20) AC:7 Xp:2/32 T:630                              

",0.0,False
306,west,,"message:


language observation:
dark area near east
stairs up near southsouthwest
horizontal wall near southwest
dark area very near west
horizontal wall adjacent north and northeast
dark area adjacent southeast and south
southwest corner adjacent northwest

cursor:
Yourself a priestess
(x=30, y=11)

map:
                                                                                
                                                                                
                                                                                
                             -------                                            
   ---------------           |.....|                                            
   |.............|           |.....|                                            
   |............^.#          |.....|                                            
   |.............|##         |.....|                                            
   -------|------- #         |.....|                                            
          #        ###       ---|---                                            
          ##         #       #@##                                               
           ##        #      ##                                                  
            ###      #      #                                                   
          ----.--    ##-----.--------                                           
          |.....|     #|............|                                           
          |.....|     #......<......|                                           
          |.....|     #|............|                                           
          |.....-######.............|                                           
          -------      --------------                                           
                                                                                
                                                                                
Agent the Aspirant             St:10 Dx:14 Co:13 In:13 Wi:18 Ch:8 Neutral S:295 
Dlvl:4 $:17 HP:18(18) Pw:20(20) AC:7 Xp:2/32 T:631                              

",0.0,False
307,west,,"message:


language observation:
dark area near east
stairs up near south
dark area very near south and southwest
southwest corner adjacent north
horizontal wall adjacent northeast
dark area adjacent southeast, west, and northwest

cursor:
Yourself a priestess
(x=29, y=11)

map:
                                                                                
                                                                                
                                                                                
                             -------                                            
   ---------------           |.....|                                            
   |.............|           |.....|                                            
   |............^.#          |.....|                                            
   |.............|##         |.....|                                            
   -------|------- #         |.....|                                            
          #        ###       ---|---                                            
          ##         #       @###                                               
           ##        #      ##                                                  
            ###      #      #                                                   
          ----.--    ##-----.--------                                           
          |.....|     #|............|                                           
          |.....|     #......<......|                                           
          |.....|     #|............|                                           
          |.....-######.............|                                           
          -------      --------------                                           
                                                                                
                                                                                
Agent the Aspirant             St:10 Dx:14 Co:13 In:13 Wi:18 Ch:8 Neutral S:295 
Dlvl:4 $:17 HP:18(18) Pw:20(20) AC:7 Xp:2/32 T:632                              

",0.0,False
308,southwest,,"message:


language observation:
horizontal wall far south
stairs up near southsoutheast
horizontal wall very near northeast
dark area very near east
doorway very near south
dark area adjacent north, southeast, southwest, west, and northwest

cursor:
Yourself a priestess
(x=28, y=12)

map:
                                                                                
                                                                                
                                                                                
                             -------                                            
   ---------------           |.....|                                            
   |.............|           |.....|                                            
   |............^.#          |.....|                                            
   |.............|##         |.....|                                            
   -------|------- #         |.....|                                            
          #        ###       ---|---                                            
          ##         #       ####                                               
           ##        #      @#                                                  
            ###      #      #                                                   
          ----.--    ##-----.--------                                           
          |.....|     #|............|                                           
          |.....|     #......<......|                                           
          |.....|     #|............|                                           
          |.....-######.............|                                           
          -------      --------------                                           
                                                                                
                                                                                
Agent the Aspirant             St:10 Dx:14 Co:13 In:13 Wi:18 Ch:8 Neutral S:295 
Dlvl:4 $:17 HP:18(18) Pw:20(20) AC:7 Xp:2/32 T:633                              

",0.0,False
309,west,,"message:
It's solid stone.

language observation:
horizontal wall far south
stairs up near southsoutheast
horizontal wall very near northeast
dark area very near east
doorway very near south
dark area adjacent north, southeast, southwest, west, and northwest

cursor:
Yourself a priestess
(x=28, y=12)

map:
                                                                                
                                                                                
                                                                                
                             -------                                            
   ---------------           |.....|                                            
   |.............|           |.....|                                            
   |............^.#          |.....|                                            
   |.............|##         |.....|                                            
   -------|------- #         |.....|                                            
          #        ###       ---|---                                            
          ##         #       ####                                               
           ##        #      @#                                                  
            ###      #      #                                                   
          ----.--    ##-----.--------                                           
          |.....|     #|............|                                           
          |.....|     #......<......|                                           
          |.....|     #|............|                                           
          |.....-######.............|                                           
          -------      --------------                                           
                                                                                
                                                                                
Agent the Aspirant             St:10 Dx:14 Co:13 In:13 Wi:18 Ch:8 Neutral S:295 
Dlvl:4 $:17 HP:18(18) Pw:20(20) AC:7 Xp:2/32 T:633                              

",0.0,False
310,south,,"message:


language observation:
horizontal wall far south
horizontal wall near northeast
stairs up near southsoutheast
dark area very near north
dark area adjacent east, west, and northwest
horizontal wall adjacent southeast and southwest
doorway adjacent south

cursor:
Yourself a priestess
(x=28, y=13)

map:
                                                                                
                                                                                
                                                                                
                             -------                                            
   ---------------           |.....|                                            
   |.............|           |.....|                                            
   |............^.#          |.....|                                            
   |.............|##         |.....|                                            
   -------|------- #         |.....|                                            
          #        ###       ---|---                                            
          ##         #       ####                                               
           ##        #      ##                                                  
            ###      #      @                                                   
          ----.--    ##-----.--------                                           
          |.....|     #|............|                                           
          |.....|     #......<......|                                           
          |.....|     #|............|                                           
          |.....-######.............|                                           
          -------      --------------                                           
                                                                                
                                                                                
Agent the Aspirant             St:10 Dx:14 Co:13 In:13 Wi:18 Ch:8 Neutral S:295 
Dlvl:4 $:17 HP:18(18) Pw:20(20) AC:7 Xp:2/32 T:634                              

",0.0,False
311,overview,,"

Your previous output did not contain a valid action. Defaulted to action: esc

Observation:
message:


language observation:
horizontal wall far south
horizontal wall near northeast
stairs up near southsoutheast
dark area very near north
dark area adjacent east, west, and northwest
horizontal wall adjacent southeast and southwest
doorway adjacent south

cursor:
Yourself a priestess
(x=28, y=13)

map:
                                                                                
                                                                                
                                                                                
                             -------                                            
   ---------------           |.....|                                            
   |.............|           |.....|                                            
   |............^.#          |.....|                                            
   |.............|##         |.....|                                            
   -------|------- #         |.....|                                            
          #        ###       ---|---                                            
          ##         #       ####                                               
           ##        #      ##                                                  
            ###      #      @                                                   
          ----.--    ##-----.--------                                           
          |.....|     #|............|                                           
          |.....|     #......<......|                                           
          |.....|     #|............|                                           
          |.....-######.............|                                           
          -------      --------------                                           
                                                                                
                                                                                
Agent the Aspirant             St:10 Dx:14 Co:13 In:13 Wi:18 Ch:8 Neutral S:295 
Dlvl:4 $:17 HP:18(18) Pw:20(20) AC:7 Xp:2/32 T:634                              

",0.0,False
312,south,,"message:


language observation:
dark area near north
horizontal wall near southeast and south
southwest corner near southwest
stairs up very near southsoutheast
dark area adjacent northeast and northwest
horizontal wall adjacent east and west

cursor:
Yourself a priestess
(x=28, y=14)

map:
                                                                                
                                                                                
                                                                                
                             -------                                            
   ---------------           |.....|                                            
   |.............|           |.....|                                            
   |............^.#          |.....|                                            
   |.............|##         |.....|                                            
   -------|------- #         |.....|                                            
          #        ###       ---|---                                            
          ##         #       ####                                               
           ##        #      ##                                                  
            ###      #      #                                                   
          ----.--    ##-----@--------                                           
          |.....|     #|............|                                           
          |.....|     #......<......|                                           
          |.....|     #|............|                                           
          |.....-######.............|                                           
          -------      --------------                                           
                                                                                
                                                                                
Agent the Aspirant             St:10 Dx:14 Co:13 In:13 Wi:18 Ch:8 Neutral S:295 
Dlvl:4 $:17 HP:18(18) Pw:20(20) AC:7 Xp:2/32 T:635                              

",0.0,False
313,south,,"message:


language observation:
vertical wall far east
dark area near north
horizontal wall near southeast, south, and southwest
vertical wall near west
doorway adjacent north
horizontal wall adjacent northeast and northwest
stairs up adjacent southeast

cursor:
Yourself a priestess
(x=28, y=15)

map:
                                                                                
                                                                                
                                                                                
                             -------                                            
   ---------------           |.....|                                            
   |.............|           |.....|                                            
   |............^.#          |.....|                                            
   |.............|##         |.....|                                            
   -------|------- #         |.....|                                            
          #        ###       ---|---                                            
          ##         #       ####                                               
           ##        #      ##                                                  
            ###      #      #                                                   
          ----.--    ##-----.--------                                           
          |.....|     #|....@.......|                                           
          |.....|     #......<......|                                           
          |.....|     #|............|                                           
          |.....-######.............|                                           
          -------      --------------                                           
                                                                                
                                                                                
Agent the Aspirant             St:10 Dx:14 Co:13 In:13 Wi:18 Ch:8 Neutral S:295 
Dlvl:4 $:17 HP:18(18) Pw:20(20) AC:7 Xp:2/32 T:636                              

",0.0,False
314,far east,,"message:
It's a wall.

language observation:
stairs up far westsouthwest
horizontal wall near south and southwest
horizontal wall adjacent north and northwest
northeast room corner adjacent northeast
vertical wall adjacent east and southeast

cursor:
Yourself a priestess
(x=35, y=15)

map:
                                                                                
                                                                                
                                                                                
                             -------                                            
   ---------------           |.....|                                            
   |.............|           |.....|                                            
   |............^.#          |.....|                                            
   |.............|##         |.....|                                            
   -------|------- #         |.....|                                            
          #        ###       ---|---                                            
          ##         #       ####                                               
           ##        #      ##                                                  
            ###      #      #                                                   
          ----.--    ##-----.--------                                           
          |.....|     #|...........@|                                           
          |.....|     #......<......|                                           
          |.....|     #|............|                                           
          |.....-######.............|                                           
          -------      --------------                                           
                                                                                
                                                                                
Agent the Aspirant             St:10 Dx:14 Co:13 In:13 Wi:18 Ch:8 Neutral S:295 
Dlvl:4 $:17 HP:18(18) Pw:20(20) AC:7 Xp:2/32 T:643                              

",0.0,False
315,search,,"message:


language observation:
stairs up far westsouthwest
horizontal wall near south and southwest
horizontal wall adjacent north and northwest
northeast room corner adjacent northeast
vertical wall adjacent east and southeast

cursor:
Yourself a priestess
(x=35, y=15)

map:
                                                                                
                                                                                
                                                                                
                             -------                                            
   ---------------           |.....|                                            
   |.............|           |.....|                                            
   |............^.#          |.....|                                            
   |.............|##         |.....|                                            
   -------|------- #         |.....|                                            
          #        ###       ---|---                                            
          ##         #       ####                                               
           ##        #      ##                                                  
            ###      #      #                                                   
          ----.--    ##-----.--------                                           
          |.....|     #|...........@|                                           
          |.....|     #......<......|                                           
          |.....|     #|............|                                           
          |.....-######.............|                                           
          -------      --------------                                           
                                                                                
                                                                                
Agent the Aspirant             St:10 Dx:14 Co:13 In:13 Wi:18 Ch:8 Neutral S:295 
Dlvl:4 $:17 HP:18(18) Pw:20(20) AC:7 Xp:2/32 T:644                              

",0.0,False
316,search,,"message:


language observation:
stairs up far westsouthwest
horizontal wall near south and southwest
horizontal wall adjacent north and northwest
northeast room corner adjacent northeast
vertical wall adjacent east and southeast

cursor:
Yourself a priestess
(x=35, y=15)

map:
                                                                                
                                                                                
                                                                                
                             -------                                            
   ---------------           |.....|                                            
   |.............|           |.....|                                            
   |............^.#          |.....|                                            
   |.............|##         |.....|                                            
   -------|------- #         |.....|                                            
          #        ###       ---|---                                            
          ##         #       ####                                               
           ##        #      ##                                                  
            ###      #      #                                                   
          ----.--    ##-----.--------                                           
          |.....|     #|...........@|                                           
          |.....|     #......<......|                                           
          |.....|     #|............|                                           
          |.....-######.............|                                           
          -------      --------------                                           
                                                                                
                                                                                
Agent the Aspirant             St:10 Dx:14 Co:13 In:13 Wi:18 Ch:8 Neutral S:295 
Dlvl:4 $:17 HP:18(18) Pw:20(20) AC:7 Xp:2/32 T:645                              

",0.0,False
317,search,,"message:


language observation:
stairs up far westsouthwest
horizontal wall near south and southwest
horizontal wall adjacent north and northwest
northeast room corner adjacent northeast
vertical wall adjacent east and southeast

cursor:
Yourself a priestess
(x=35, y=15)

map:
                                                                                
                                                                                
                                                                                
                             -------                                            
   ---------------           |.....|                                            
   |.............|           |.....|                                            
   |............^.#          |.....|                                            
   |.............|##         |.....|                                            
   -------|------- #         |.....|                                            
          #        ###       ---|---                                            
          ##         #       ####                                               
           ##        #      ##                                                  
            ###      #      #                                                   
          ----.--    ##-----.--------                                           
          |.....|     #|...........@|                                           
          |.....|     #......<......|                                           
          |.....|     #|............|                                           
          |.....-######.............|                                           
          -------      --------------                                           
                                                                                
                                                                                
Agent the Aspirant             St:10 Dx:14 Co:13 In:13 Wi:18 Ch:8 Neutral S:295 
Dlvl:4 $:17 HP:18(18) Pw:20(20) AC:7 Xp:2/32 T:646                              

",0.0,False
318,search,,"message:


language observation:
stairs up far westsouthwest
horizontal wall near south and southwest
horizontal wall adjacent north and northwest
northeast room corner adjacent northeast
vertical wall adjacent east and southeast

cursor:
Yourself a priestess
(x=35, y=15)

map:
                                                                                
                                                                                
                                                                                
                             -------                                            
   ---------------           |.....|                                            
   |.............|           |.....|                                            
   |............^.#          |.....|                                            
   |.............|##         |.....|                                            
   -------|------- #         |.....|                                            
          #        ###       ---|---                                            
          ##         #       ####                                               
           ##        #      ##                                                  
            ###      #      #                                                   
          ----.--    ##-----.--------                                           
          |.....|     #|...........@|                                           
          |.....|     #......<......|                                           
          |.....|     #|............|                                           
          |.....-######.............|                                           
          -------      --------------                                           
                                                                                
                                                                                
Agent the Aspirant             St:10 Dx:14 Co:13 In:13 Wi:18 Ch:8 Neutral S:295 
Dlvl:4 $:17 HP:18(18) Pw:20(20) AC:7 Xp:2/32 T:647                              

",0.0,False
319,south,,"message:


language observation:
stairs up far west
horizontal wall near south and southwest
horizontal wall very near north and northwest
vertical wall adjacent northeast, east, and southeast

cursor:
Yourself a priestess
(x=35, y=16)

map:
                                                                                
                                                                                
                                                                                
                             -------                                            
   ---------------           |.....|                                            
   |.............|           |.....|                                            
   |............^.#          |.....|                                            
   |.............|##         |.....|                                            
   -------|------- #         |.....|                                            
          #        ###       ---|---                                            
          ##         #       ####                                               
           ##        #      ##                                                  
            ###      #      #                                                   
          ----.--    ##-----.--------                                           
          |.....|     #|............|                                           
          |.....|     #......<.....@|                                           
          |.....|     #|............|                                           
          |.....-######.............|                                           
          -------      --------------                                           
                                                                                
                                                                                
Agent the Aspirant             St:10 Dx:14 Co:13 In:13 Wi:18 Ch:8 Neutral S:295 
Dlvl:4 $:17 HP:18(18) Pw:20(20) AC:7 Xp:2/32 T:648                              

",0.0,False
320,south,,"message:


language observation:
stairs up far westnorthwest
horizontal wall near north and northwest
horizontal wall very near south and southwest
vertical wall adjacent northeast, east, and southeast

cursor:
Yourself a priestess
(x=35, y=17)

map:
                                                                                
                                                                                
                                                                                
                             -------                                            
   ---------------           |.....|                                            
   |.............|           |.....|                                            
   |............^.#          |.....|                                            
   |.............|##         |.....|                                            
   -------|------- #         |.....|                                            
          #        ###       ---|---                                            
          ##         #       ####                                               
           ##        #      ##                                                  
            ###      #      #                                                   
          ----.--    ##-----.--------                                           
          |.....|     #|............|                                           
          |.....|     #......<......|                                           
          |.....|     #|...........@|                                           
          |.....-######.............|                                           
          -------      --------------                                           
                                                                                
                                                                                
Agent the Aspirant             St:10 Dx:14 Co:13 In:13 Wi:18 Ch:8 Neutral S:295 
Dlvl:4 $:17 HP:18(18) Pw:20(20) AC:7 Xp:2/32 T:649                              

",0.0,False
321,search,,"message:


language observation:
stairs up far westnorthwest
horizontal wall near north and northwest
horizontal wall very near south and southwest
vertical wall adjacent northeast, east, and southeast

cursor:
Yourself a priestess
(x=35, y=17)

map:
                                                                                
                                                                                
                                                                                
                             -------                                            
   ---------------           |.....|                                            
   |.............|           |.....|                                            
   |............^.#          |.....|                                            
   |.............|##         |.....|                                            
   -------|------- #         |.....|                                            
          #        ###       ---|---                                            
          ##         #       ####                                               
           ##        #      ##                                                  
            ###      #      #                                                   
          ----.--    ##-----.--------                                           
          |.....|     #|............|                                           
          |.....|     #......<......|                                           
          |.....|     #|...........@|                                           
          |.....-######.............|                                           
          -------      --------------                                           
                                                                                
                                                                                
Agent the Aspirant             St:10 Dx:14 Co:13 In:13 Wi:18 Ch:8 Neutral S:295 
Dlvl:4 $:17 HP:18(18) Pw:20(20) AC:7 Xp:2/32 T:650                              

",0.0,False
322,search,,"message:


language observation:
stairs up far westnorthwest
horizontal wall near north and northwest
horizontal wall very near south and southwest
vertical wall adjacent northeast, east, and southeast

cursor:
Yourself a priestess
(x=35, y=17)

map:
                                                                                
                                                                                
                                                                                
                             -------                                            
   ---------------           |.....|                                            
   |.............|           |.....|                                            
   |............^.#          |.....|                                            
   |.............|##         |.....|                                            
   -------|------- #         |.....|                                            
          #        ###       ---|---                                            
          ##         #       ####                                               
           ##        #      ##                                                  
            ###      #      #                                                   
          ----.--    ##-----.--------                                           
          |.....|     #|............|                                           
          |.....|     #......<......|                                           
          |.....|     #|...........@|                                           
          |.....-######.............|                                           
          -------      --------------                                           
                                                                                
                                                                                
Agent the Aspirant             St:10 Dx:14 Co:13 In:13 Wi:18 Ch:8 Neutral S:295 
Dlvl:4 $:17 HP:18(18) Pw:20(20) AC:7 Xp:2/32 T:651                              

",0.0,False
323,search,,"message:


language observation:
stairs up far westnorthwest
horizontal wall near north and northwest
horizontal wall very near south and southwest
vertical wall adjacent northeast, east, and southeast

cursor:
Yourself a priestess
(x=35, y=17)

map:
                                                                                
                                                                                
                                                                                
                             -------                                            
   ---------------           |.....|                                            
   |.............|           |.....|                                            
   |............^.#          |.....|                                            
   |.............|##         |.....|                                            
   -------|------- #         |.....|                                            
          #        ###       ---|---                                            
          ##         #       ####                                               
           ##        #      ##                                                  
            ###      #      #                                                   
          ----.--    ##-----.--------                                           
          |.....|     #|............|                                           
          |.....|     #......<......|                                           
          |.....|     #|...........@|                                           
          |.....-######.............|                                           
          -------      --------------                                           
                                                                                
                                                                                
Agent the Aspirant             St:10 Dx:14 Co:13 In:13 Wi:18 Ch:8 Neutral S:295 
Dlvl:4 $:17 HP:18(18) Pw:20(20) AC:7 Xp:2/32 T:652                              

",0.0,False
324,far west,,"message:
It's a wall.

language observation:
horizontal wall near north and northeast
gas spore near eastnortheast
stairs up near eastnortheast
dark area near northwest
horizontal wall very near southeast and south
dark area very near southwest
doorway adjacent southwest and northwest
vertical wall adjacent west

cursor:
Yourself a priestess
(x=24, y=17)

map:
                                                                                
                                                                                
                                                                                
                             -------                                            
   ---------------           |.....|                                            
   |.............|           |.....|                                            
   |............^.#          |.....|                                            
   |.............|##         |.....|                                            
   -------|------- #         |.....|                                            
          #        ###       ---|---                                            
          ##         #       ####                                               
           ##        #      ##                                                  
            ###      #      #                                                   
          ----.--    ##-----.--------                                           
          |.....|     #|...e........|                                           
          |.....|     #......<......|                                           
          |.....|     #|@...........|                                           
          |.....-######.............|                                           
          -------      --------------                                           
                                                                                
                                                                                
Agent the Aspirant             St:10 Dx:14 Co:13 In:13 Wi:18 Ch:8 Neutral S:295 
Dlvl:4 $:17 HP:18(18) Pw:20(20) AC:7 Xp:2/32 T:663                              

",0.0,False
325,northwest,,"message:


language observation:
stairs up far east
gas spore near eastnortheast
horizontal wall near southeast
dark area near southwest and northwest
horizontal wall very near northeast
dark area very near west
vertical wall adjacent north and south

cursor:
Yourself a priestess
(x=23, y=16)

map:
                                                                                
                                                                                
                                                                                
                             -------                                            
   ---------------           |.....|                                            
   |.............|           |.....|                                            
   |............^.#          |.....|                                            
   |.............|##         |.....|                                            
   -------|------- #         |.....|                                            
          #        ###       ---|---                                            
          ##         #       ####                                               
           ##        #      ##                                                  
            ###      #      #                                                   
          ----.--    ##-----.--------                                           
          |.....|     #|...e........|                                           
          |.....|     #@.....<......|                                           
          |.....|     #|............|                                           
          |.....-######.............|                                           
          -------      --------------                                           
                                                                                
                                                                                
Agent the Aspirant             St:10 Dx:14 Co:13 In:13 Wi:18 Ch:8 Neutral S:295 
Dlvl:4 $:17 HP:18(18) Pw:20(20) AC:7 Xp:2/32 T:664                              

",0.0,False
326,west,,"message:


language observation:
stairs up far east
dark area near north and south
gas spore near eastnortheast
vertical wall adjacent northeast and southeast
doorway adjacent east
dark area adjacent southwest, west, and northwest

cursor:
Yourself a priestess
(x=22, y=16)

map:
                                                                                
                                                                                
                                                                                
                             -------                                            
   ---------------           |.....|                                            
   |.............|           |.....|                                            
   |............^.#          |.....|                                            
   |.............|##         |.....|                                            
   -------|------- #         |.....|                                            
          #        ###       ---|---                                            
          ##         #       ####                                               
           ##        #      ##                                                  
            ###      #      #                                                   
          ----.--    ##-----.--------                                           
          |.....|     #|...e........|                                           
          |.....|     @......<......|                                           
          |.....|     #|............|                                           
          |.....-######.............|                                           
          -------      --------------                                           
                                                                                
                                                                                
Agent the Aspirant             St:10 Dx:14 Co:13 In:13 Wi:18 Ch:8 Neutral S:295 
Dlvl:4 $:17 HP:18(18) Pw:20(20) AC:7 Xp:2/32 T:665                              

",0.0,False
327,south,,"message:


language observation:
stairs up far eastnortheast
dark area near north
horizontal wall near northeast
horizontal wall very near southeast
dark area very near south and southwest
doorway adjacent northeast and southeast
vertical wall adjacent east
dark area adjacent west and northwest

cursor:
Yourself a priestess
(x=22, y=17)

map:
                                                                                
                                                                                
                                                                                
                             -------                                            
   ---------------           |.....|                                            
   |.............|           |.....|                                            
   |............^.#          |.....|                                            
   |.............|##         |.....|                                            
   -------|------- #         |.....|                                            
          #        ###       ---|---                                            
          ##         #       ####                                               
           ##        #      ##                                                  
            ###      #      #                                                   
          ----.--    ##-----.--------                                           
          |.....|     #|............|                                           
          |.....|     #......<......|                                           
          |.....|     @|............|                                           
          |.....-######.............|                                           
          -------      --------------                                           
                                                                                
                                                                                
Agent the Aspirant             St:10 Dx:14 Co:13 In:13 Wi:18 Ch:8 Neutral S:295 
Dlvl:4 $:17 HP:18(18) Pw:20(20) AC:7 Xp:2/32 T:666                              

",0.0,False
328,far west,,"message:
It's solid stone.

language observation:
stairs up far eastnortheast
dark area near north
horizontal wall near northeast
horizontal wall very near southeast
dark area very near south and southwest
doorway adjacent northeast and southeast
vertical wall adjacent east
dark area adjacent west and northwest

cursor:
Yourself a priestess
(x=22, y=17)

map:
                                                                                
                                                                                
                                                                                
                             -------                                            
   ---------------           |.....|                                            
   |.............|           |.....|                                            
   |............^.#          |.....|                                            
   |.............|##         |.....|                                            
   -------|------- #         |.....|                                            
          #        ###       ---|---                                            
          ##         #       ####                                               
           ##        #      ##                                                  
            ###      #      #                                                   
          ----.--    ##-----.--------                                           
          |.....|     #|............|                                           
          |.....|     #......<......|                                           
          |.....|     @|............|                                           
          |.....-######.............|                                           
          -------      --------------                                           
                                                                                
                                                                                
Agent the Aspirant             St:10 Dx:14 Co:13 In:13 Wi:18 Ch:8 Neutral S:295 
Dlvl:4 $:17 HP:18(18) Pw:20(20) AC:7 Xp:2/32 T:666                              

",0.0,False
329,southwest,,"message:


language observation:
stairs up far eastnortheast
horizontal wall near northeast
vertical open door near west
doorway very near northeast and east
dark area adjacent north, southeast, south, southwest, and northwest

cursor:
Yourself a priestess
(x=21, y=18)

map:
                                                                                
                                                                                
                                                                                
                             -------                                            
   ---------------           |.....|                                            
   |.............|           |.....|                                            
   |............^.#          |.....|                                            
   |.............|##         |.....|                                            
   -------|------- #         |.....|                                            
          #        ###       ---|---                                            
          ##         #       ####                                               
           ##        #      ##                                                  
            ###      #      #                                                   
          ----.--    ##-----.--------                                           
          |.....|     #|............|                                           
          |.....|     #......<......|                                           
          |.....|     #|............|                                           
          |.....-####@#.............|                                           
          -------      --------------                                           
                                                                                
                                                                                
Agent the Aspirant             St:10 Dx:14 Co:13 In:13 Wi:18 Ch:8 Neutral S:295 
Dlvl:4 $:17 HP:18(18) Pw:20(20) AC:7 Xp:2/32 T:667                              

",0.0,False
330,far west,,"message:


language observation:
stairs up far eastnortheast
doorway far east
vertical wall far west
horizontal wall near northwest
vertical wall adjacent north
dark area adjacent northeast and southeast
southeast corner adjacent south
horizontal wall adjacent southwest

cursor:
Yourself a priestess
(x=16, y=18)

map:
                                                                                
                                                                                
                                                                                
                             -------                                            
   ---------------           |.....|                                            
   |.............|           |.....|                                            
   |............^.#          |.....|                                            
   |.............|##         |.....|                                            
   -------|------- #         |.....|                                            
          #        ###       ---|---                                            
          ##         #       ####                                               
           ##        #      ##                                                  
            ###      #      #                                                   
          ----.--    ##-----.--------                                           
          |.....|     #|............|                                           
          |.....|     #......<......|                                           
          |.....|     #|............|                                           
          |.....@######.............|                                           
          -------      --------------                                           
                                                                                
                                                                                
Agent the Aspirant             St:10 Dx:14 Co:13 In:13 Wi:18 Ch:8 Neutral S:295 
Dlvl:4 $:17 HP:18(18) Pw:20(20) AC:7 Xp:2/32 T:672                              

",0.0,False
331,northwest,,"message:
You can't move diagonally out of an intact doorway.

language observation:
stairs up far eastnortheast
doorway far east
vertical wall far west
horizontal wall near northwest
vertical wall adjacent north
dark area adjacent northeast and southeast
southeast corner adjacent south
horizontal wall adjacent southwest

cursor:
Yourself a priestess
(x=16, y=18)

map:
                                                                                
                                                                                
                                                                                
                             -------                                            
   ---------------           |.....|                                            
   |.............|           |.....|                                            
   |............^.#          |.....|                                            
   |.............|##         |.....|                                            
   -------|------- #         |.....|                                            
          #        ###       ---|---                                            
          ##         #       ####                                               
           ##        #      ##                                                  
            ###      #      #                                                   
          ----.--    ##-----.--------                                           
          |.....|     #|............|                                           
          |.....|     #......<......|                                           
          |.....|     #|............|                                           
          |.....@######.............|                                           
          -------      --------------                                           
                                                                                
                                                                                
Agent the Aspirant             St:10 Dx:14 Co:13 In:13 Wi:18 Ch:8 Neutral S:295 
Dlvl:4 $:17 HP:18(18) Pw:20(20) AC:7 Xp:2/32 T:672                              

",0.0,False
332,west,,"message:


language observation:
stairs up far eastnortheast
doorway far east
horizontal wall near north and northwest
vertical wall near west
vertical wall adjacent northeast
vertical open door adjacent east
southeast corner adjacent southeast
horizontal wall adjacent south and southwest

cursor:
Yourself a priestess
(x=15, y=18)

map:
                                                                                
                                                                                
                                                                                
                             -------                                            
   ---------------           |.....|                                            
   |.............|           |.....|                                            
   |............^.#          |.....|                                            
   |.............|##         |.....|                                            
   -------|------- #         |.....|                                            
          #        ###       ---|---                                            
          ##         #       ####                                               
           ##        #      ##                                                  
            ###      #      #                                                   
          ----.--    ##-----.--------                                           
          |.....|     #|............|                                           
          |.....|     #......<......|                                           
          |.....|     #|............|                                           
          |....@-######.............|                                           
          -------      --------------                                           
                                                                                
                                                                                
Agent the Aspirant             St:10 Dx:14 Co:13 In:13 Wi:18 Ch:8 Neutral S:295 
Dlvl:4 $:17 HP:18(18) Pw:20(20) AC:7 Xp:2/32 T:673                              

",0.0,False
333,search,,"message:


language observation:
stairs up far eastnortheast
doorway far east
horizontal wall near north and northwest
vertical wall near west
vertical wall adjacent northeast
vertical open door adjacent east
southeast corner adjacent southeast
horizontal wall adjacent south and southwest

cursor:
Yourself a priestess
(x=15, y=18)

map:
                                                                                
                                                                                
                                                                                
                             -------                                            
   ---------------           |.....|                                            
   |.............|           |.....|                                            
   |............^.#          |.....|                                            
   |.............|##         |.....|                                            
   -------|------- #         |.....|                                            
          #        ###       ---|---                                            
          ##         #       ####                                               
           ##        #      ##                                                  
            ###      #      #                                                   
          ----.--    ##-----.--------                                           
          |.....|     #|............|                                           
          |.....|     #......<......|                                           
          |.....|     #|............|                                           
          |....@-######.............|                                           
          -------      --------------                                           
                                                                                
                                                                                
Agent the Aspirant             St:10 Dx:14 Co:13 In:13 Wi:18 Ch:8 Neutral S:295 
Dlvl:4 $:17 HP:18(18) Pw:20(20) AC:7 Xp:2/32 T:674                              

",0.0,False
334,search,,"message:


language observation:
stairs up far eastnortheast
doorway far east
horizontal wall near north and northwest
vertical wall near west
vertical wall adjacent northeast
vertical open door adjacent east
southeast corner adjacent southeast
horizontal wall adjacent south and southwest

cursor:
Yourself a priestess
(x=15, y=18)

map:
                                                                                
                                                                                
                                                                                
                             -------                                            
   ---------------           |.....|                                            
   |.............|           |.....|                                            
   |............^.#          |.....|                                            
   |.............|##         |.....|                                            
   -------|------- #         |.....|                                            
          #        ###       ---|---                                            
          ##         #       ####                                               
           ##        #      ##                                                  
            ###      #      #                                                   
          ----.--    ##-----.--------                                           
          |.....|     #|............|                                           
          |.....|     #......<......|                                           
          |.....|     #|............|                                           
          |....@-######.............|                                           
          -------      --------------                                           
                                                                                
                                                                                
Agent the Aspirant             St:10 Dx:14 Co:13 In:13 Wi:18 Ch:8 Neutral S:295 
Dlvl:4 $:17 HP:18(18) Pw:20(20) AC:7 Xp:2/32 T:675                              

",0.0,False
335,search,,"message:


language observation:
stairs up far eastnortheast
doorway far east
horizontal wall near north and northwest
vertical wall near west
vertical wall adjacent northeast
vertical open door adjacent east
southeast corner adjacent southeast
horizontal wall adjacent south and southwest

cursor:
Yourself a priestess
(x=15, y=18)

map:
                                                                                
                                                                                
                                                                                
                             -------                                            
   ---------------           |.....|                                            
   |.............|           |.....|                                            
   |............^.#          |.....|                                            
   |.............|##         |.....|                                            
   -------|------- #         |.....|                                            
          #        ###       ---|---                                            
          ##         #       ####                                               
           ##        #      ##                                                  
            ###      #      #                                                   
          ----.--    ##-----.--------                                           
          |.....|     #|............|                                           
          |.....|     #......<......|                                           
          |.....|     #|............|                                           
          |....@-######.............|                                           
          -------      --------------                                           
                                                                                
                                                                                
Agent the Aspirant             St:10 Dx:14 Co:13 In:13 Wi:18 Ch:8 Neutral S:295 
Dlvl:4 $:17 HP:18(18) Pw:20(20) AC:7 Xp:2/32 T:676                              

",0.0,False
336,west,,"message:


language observation:
dark area far north
stairs up far eastnortheast
doorway far east
doorway near north
vertical wall near west
northwest room corner near northwest
vertical wall very near northeast
vertical open door very near east
horizontal wall adjacent southeast, south, and southwest

cursor:
Yourself a priestess
(x=14, y=18)

map:
                                                                                
                                                                                
                                                                                
                             -------                                            
   ---------------           |.....|                                            
   |.............|           |.....|                                            
   |............^.#          |.....|                                            
   |.............|##         |.....|                                            
   -------|------- #         |.....|                                            
          #        ###       ---|---                                            
          ##         #       ####                                               
           ##        #      ##                                                  
            ###      #      #                                                   
          ----.--    ##-----.--------                                           
          |.....|     #|............|                                           
          |.....|     #......<......|                                           
          |.....|     #|............|                                           
          |...@.-######.............|                                           
          -------      --------------                                           
                                                                                
                                                                                
Agent the Aspirant             St:10 Dx:14 Co:13 In:13 Wi:18 Ch:8 Neutral S:295 
Dlvl:4 $:17 HP:18(18) Pw:20(20) AC:7 Xp:2/32 T:677                              

",0.0,False
337,search,,"message:


language observation:
dark area far north
stairs up far eastnortheast
doorway far east
doorway near north
vertical wall near west
northwest room corner near northwest
vertical wall very near northeast
vertical open door very near east
horizontal wall adjacent southeast, south, and southwest

cursor:
Yourself a priestess
(x=14, y=18)

map:
                                                                                
                                                                                
                                                                                
                             -------                                            
   ---------------           |.....|                                            
   |.............|           |.....|                                            
   |............^.#          |.....|                                            
   |.............|##         |.....|                                            
   -------|------- #         |.....|                                            
          #        ###       ---|---                                            
          ##         #       ####                                               
           ##        #      ##                                                  
            ###      #      #                                                   
          ----.--    ##-----.--------                                           
          |.....|     #|............|                                           
          |.....|     #......<......|                                           
          |.....|     #|............|                                           
          |...@.-######.............|                                           
          -------      --------------                                           
                                                                                
                                                                                
Agent the Aspirant             St:10 Dx:14 Co:13 In:13 Wi:18 Ch:8 Neutral S:295 
Dlvl:4 $:17 HP:18(18) Pw:20(20) AC:7 Xp:2/32 T:678                              

",0.0,False
338,overview,,"

Your previous output did not contain a valid action. Defaulted to action: esc

Observation:
message:


language observation:
dark area far north
stairs up far eastnortheast
doorway far east
doorway near north
vertical wall near west
northwest room corner near northwest
vertical wall very near northeast
vertical open door very near east
horizontal wall adjacent southeast, south, and southwest

cursor:
Yourself a priestess
(x=14, y=18)

map:
                                                                                
                                                                                
                                                                                
                             -------                                            
   ---------------           |.....|                                            
   |.............|           |.....|                                            
   |............^.#          |.....|                                            
   |.............|##         |.....|                                            
   -------|------- #         |.....|                                            
          #        ###       ---|---                                            
          ##         #       ####                                               
           ##        #      ##                                                  
            ###      #      #                                                   
          ----.--    ##-----.--------                                           
          |.....|     #|............|                                           
          |.....|     #......<......|                                           
          |.....|     #|............|                                           
          |...@.-######.............|                                           
          -------      --------------                                           
                                                                                
                                                                                
Agent the Aspirant             St:10 Dx:14 Co:13 In:13 Wi:18 Ch:8 Neutral S:295 
Dlvl:4 $:17 HP:18(18) Pw:20(20) AC:7 Xp:2/32 T:678                              

",0.0,False
339,far north,,"message:


language observation:
stairs up far eastsoutheast
horizontal wall near south and northwest
vertical wall near southwest
dark area very near north
vertical wall very near southeast
dark area adjacent northeast
horizontal wall adjacent east and west

cursor:
Yourself a priestess
(x=14, y=14)

map:
                                                                                
                                                                                
                                                                                
                             -------                                            
   ---------------           |.....|                                            
   |.............|           |.....|                                            
   |............^.#          |.....|                                            
   |.............|##         |.....|                                            
   -------|------- #         |.....|                                            
          #        ###       ---|---                                            
          ##         #       ####                                               
           ##        #      ##                                                  
            ###      #      #                                                   
          ----@--    ##-----.--------                                           
          |.....|     #|............|                                           
          |.....|     #......<......|                                           
          |.....|     #|............|                                           
          |.....-######.............|                                           
          -------      --------------                                           
                                                                                
                                                                                
Agent the Aspirant             St:10 Dx:14 Co:13 In:13 Wi:18 Ch:8 Neutral S:295 
Dlvl:4 $:17 HP:18(18) Pw:20(20) AC:7 Xp:2/32 T:682                              

",0.0,False
340,far north,,"message:


language observation:
stairs up far eastsoutheast
horizontal wall near north, northeast, and northwest
dark area near south
large kobold adjacent north
horizontal wall adjacent east and west
dark area adjacent southeast and southwest

cursor:
Yourself a priestess
(x=10, y=9)

map:
                                                                                
                                                                                
                                                                                
                             -------                                            
   ---------------           |.....|                                            
   |.............|           |.....|                                            
   |............^.#          |.....|                                            
   |......k......|##         |.....|                                            
   -------@------- #         |.....|                                            
          #        ###       ---|---                                            
          ##         #       ####                                               
           ##        #      ##                                                  
            ###      #      #                                                   
          ----.--    ##-----.--------                                           
          |.....|     #|............|                                           
          |.....|     #......<......|                                           
          |.....|     #|............|                                           
          |.....-######.............|                                           
          -------      --------------                                           
                                                                                
                                                                                
Agent the Aspirant             St:10 Dx:14 Co:13 In:13 Wi:18 Ch:8 Neutral S:295 
Dlvl:4 $:17 HP:18(18) Pw:20(20) AC:7 Xp:2/32 T:689                              

",0.0,False
341,north,,"message:
You kill the large kobold!

language observation:
stairs up far eastsoutheast
little dog far westnorthwest
horizontal wall near north, northeast, and northwest
dark area near south
horizontal wall adjacent east and west
dark area adjacent southeast and southwest

cursor:
Yourself a priestess
(x=10, y=9)

map:
                                                                                
                                                                                
                                                                                
                             -------                                            
   ---------------           |.....|                                            
   |d............|           |.....|                                            
   |............^.#          |.....|                                            
   |.............|##         |.....|                                            
   -------@------- #         |.....|                                            
          #        ###       ---|---                                            
          ##         #       ####                                               
           ##        #      ##                                                  
            ###      #      #                                                   
          ----.--    ##-----.--------                                           
          |.....|     #|............|                                           
          |.....|     #......<......|                                           
          |.....|     #|............|                                           
          |.....-######.............|                                           
          -------      --------------                                           
                                                                                
                                                                                
Agent the Aspirant             St:10 Dx:14 Co:13 In:13 Wi:18 Ch:8 Neutral S:323 
Dlvl:4 $:17 HP:18(18) Pw:20(20) AC:7 Xp:2/39 T:690                              

",28.0,False
342,northwestnorth,,"

Your previous output did not contain a valid action. Defaulted to action: esc

Observation:
message:


language observation:
stairs up far eastsoutheast
little dog far westnorthwest
horizontal wall near north, northeast, and northwest
dark area near south
horizontal wall adjacent east and west
dark area adjacent southeast and southwest

cursor:
Yourself a priestess
(x=10, y=9)

map:
                                                                                
                                                                                
                                                                                
                             -------                                            
   ---------------           |.....|                                            
   |d............|           |.....|                                            
   |............^.#          |.....|                                            
   |.............|##         |.....|                                            
   -------@------- #         |.....|                                            
          #        ###       ---|---                                            
          ##         #       ####                                               
           ##        #      ##                                                  
            ###      #      #                                                   
          ----.--    ##-----.--------                                           
          |.....|     #|............|                                           
          |.....|     #......<......|                                           
          |.....|     #|............|                                           
          |.....-######.............|                                           
          -------      --------------                                           
                                                                                
                                                                                
Agent the Aspirant             St:10 Dx:14 Co:13 In:13 Wi:18 Ch:8 Neutral S:323 
Dlvl:4 $:17 HP:18(18) Pw:20(20) AC:7 Xp:2/39 T:690                              

",0.0,False
343,north,,"message:


language observation:
vertical wall far east and west
stairs up far eastsoutheast
little dog far west
horizontal wall near north, northeast, and northwest
dark area near south
horizontal wall adjacent southeast and southwest
horizontal open door adjacent south

cursor:
Yourself a priestess
(x=10, y=8)

map:
                                                                                
                                                                                
                                                                                
                             -------                                            
   ---------------           |.....|                                            
   |.............|           |.....|                                            
   |............^.#          |.....|                                            
   |d.....@......|##         |.....|                                            
   -------|------- #         |.....|                                            
          #        ###       ---|---                                            
          ##         #       ####                                               
           ##        #      ##                                                  
            ###      #      #                                                   
          ----.--    ##-----.--------                                           
          |.....|     #|............|                                           
          |.....|     #......<......|                                           
          |.....|     #|............|                                           
          |.....-######.............|                                           
          -------      --------------                                           
                                                                                
                                                                                
Agent the Aspirant             St:10 Dx:14 Co:13 In:13 Wi:18 Ch:8 Neutral S:323 
Dlvl:4 $:17 HP:18(18) Pw:20(20) AC:7 Xp:2/39 T:691                              

",0.0,False
344,north,,"message:


language observation:
anti magic trap far east
doorway far east
dark area far east
stairs up far eastsoutheast
little dog far west
vertical wall far west
dark area near south
horizontal wall very near north, northeast, southeast, southwest, and northwest
horizontal open door very near south

cursor:
Yourself a priestess
(x=10, y=7)

map:
                                                                                
                                                                                
                                                                                
                             -------                                            
   ---------------           |.....|                                            
   |.............|           |.....|                                            
   |d.....@.....^.#          |.....|                                            
   |.............|##         |.....|                                            
   -------|------- #         |.....|                                            
          #        ###       ---|---                                            
          ##         #       ####                                               
           ##        #      ##                                                  
            ###      #      #                                                   
          ----.--    ##-----.--------                                           
          |.....|     #|............|                                           
          |.....|     #......<......|                                           
          |.....|     #|............|                                           
          |.....-######.............|                                           
          -------      --------------                                           
                                                                                
                                                                                
Agent the Aspirant             St:10 Dx:14 Co:13 In:13 Wi:18 Ch:8 Neutral S:323 
Dlvl:4 $:17 HP:18(18) Pw:20(20) AC:7 Xp:2/39 T:692                              

",0.0,False
345,north,,"message:


language observation:
vertical wall far east and west
stairs up far eastsoutheast
dark area far south
little dog far west
horizontal wall near southeast and southwest
horizontal open door near south
horizontal wall adjacent north, northeast, and northwest

cursor:
Yourself a priestess
(x=10, y=6)

map:
                                                                                
                                                                                
                                                                                
                             -------                                            
   ---------------           |.....|                                            
   |d.....@......|           |.....|                                            
   |............^.#          |.....|                                            
   |.............|##         |.....|                                            
   -------|------- #         |.....|                                            
          #        ###       ---|---                                            
          ##         #       ####                                               
           ##        #      ##                                                  
            ###      #      #                                                   
          ----.--    ##-----.--------                                           
          |.....|     #|............|                                           
          |.....|     #......<......|                                           
          |.....|     #|............|                                           
          |.....-######.............|                                           
          -------      --------------                                           
                                                                                
                                                                                
Agent the Aspirant             St:10 Dx:14 Co:13 In:13 Wi:18 Ch:8 Neutral S:323 
Dlvl:4 $:17 HP:18(18) Pw:20(20) AC:7 Xp:2/39 T:693                              

",0.0,False
346,far east,,"message:
It's a wall.

language observation:
stairs up far eastsoutheast
dark area far southeast
little dog far westsouthwest
horizontal wall near south and southwest
horizontal wall adjacent north and northwest
northeast room corner adjacent northeast
vertical wall adjacent east
doorway adjacent southeast
anti magic trap adjacent south

cursor:
Yourself a priestess
(x=16, y=6)

map:
                                                                                
                                                                                
                                                                                
                             -------                                            
   ---------------           |.....|                                            
   |............@|           |.....|                                            
   |....d.......^.#          |.....|                                            
   |.............|##         |.....|                                            
   -------|------- #         |.....|                                            
          #        ###       ---|---                                            
          ##         #       ####                                               
           ##        #      ##                                                  
            ###      #      #                                                   
          ----.--    ##-----.--------                                           
          |.....|     #|............|                                           
          |.....|     #......<......|                                           
          |.....|     #|............|                                           
          |.....-######.............|                                           
          -------      --------------                                           
                                                                                
                                                                                
Agent the Aspirant             St:10 Dx:14 Co:13 In:13 Wi:18 Ch:8 Neutral S:323 
Dlvl:4 $:17 HP:18(18) Pw:20(20) AC:7 Xp:2/39 T:699                              

",0.0,False
347,south,,"message:
You feel your magical energy drain away.

language observation:
stairs up far eastsoutheast
little dog far westsouthwest
dark area near east
horizontal wall very near north, south, southwest, and northwest
vertical wall adjacent northeast and southeast
doorway adjacent east

cursor:
Yourself a priestess
(x=16, y=7)

map:
                                                                                
                                                                                
                                                                                
                             -------                                            
   ---------------           |.....|                                            
   |.............|           |.....|                                            
   |............@.#          |.....|                                            
   |.....d.......|##         |.....|                                            
   -------|------- #         |.....|                                            
          #        ###       ---|---                                            
          ##         #       ####                                               
           ##        #      ##                                                  
            ###      #      #                                                   
          ----.--    ##-----.--------                                           
          |.....|     #|............|                                           
          |.....|     #......<......|                                           
          |.....|     #|............|                                           
          |.....-######.............|                                           
          -------      --------------                                           
                                                                                
                                                                                
Agent the Aspirant             St:10 Dx:14 Co:13 In:13 Wi:18 Ch:8 Neutral S:323 
Dlvl:4 $:17 HP:18(18) Pw:17(20) AC:7 Xp:2/39 T:700                              

",0.0,False
348,east,,"message:


language observation:
stairs up far eastsoutheast
little dog far west
dark area near southeast
dark area very near east
horizontal wall very near southwest and northwest
vertical wall adjacent north and south
dark area adjacent northeast
anti magic trap adjacent west

cursor:
Yourself a priestess
(x=17, y=7)

map:
                                                                                
                                                                                
                                                                                
                             -------                                            
   ---------------           |.....|                                            
   |.............|           |.....|                                            
   |.....d......^@#          |.....|                                            
   |.............|##         |.....|                                            
   -------|------- #         |.....|                                            
          #        ###       ---|---                                            
          ##         #       ####                                               
           ##        #      ##                                                  
            ###      #      #                                                   
          ----.--    ##-----.--------                                           
          |.....|     #|............|                                           
          |.....|     #......<......|                                           
          |.....|     #|............|                                           
          |.....-######.............|                                           
          -------      --------------                                           
                                                                                
                                                                                
Agent the Aspirant             St:10 Dx:14 Co:13 In:13 Wi:18 Ch:8 Neutral S:323 
Dlvl:4 $:17 HP:18(18) Pw:17(20) AC:7 Xp:2/39 T:701                              

",0.0,False
349,east,,"message:


language observation:
stairs up far eastsoutheast
little dog far west
dark area very near southeast and south
anti magic trap very near west
dark area adjacent north, northeast, and east
vertical wall adjacent southwest and northwest
doorway adjacent west

cursor:
Yourself a priestess
(x=18, y=7)

map:
                                                                                
                                                                                
                                                                                
                             -------                                            
   ---------------           |.....|                                            
   |.............|           |.....|                                            
   |......d.....^.@          |.....|                                            
   |.............|##         |.....|                                            
   -------|------- #         |.....|                                            
          #        ###       ---|---                                            
          ##         #       ####                                               
           ##        #      ##                                                  
            ###      #      #                                                   
          ----.--    ##-----.--------                                           
          |.....|     #|............|                                           
          |.....|     #......<......|                                           
          |.....|     #|............|                                           
          |.....-######.............|                                           
          -------      --------------                                           
                                                                                
                                                                                
Agent the Aspirant             St:10 Dx:14 Co:13 In:13 Wi:18 Ch:8 Neutral S:323 
Dlvl:4 $:17 HP:18(18) Pw:17(20) AC:7 Xp:2/39 T:702                              

",0.0,False
350,far east,,"message:
It's solid stone.

language observation:
stairs up far eastsoutheast
little dog far west
dark area very near southeast and south
anti magic trap very near west
dark area adjacent north, northeast, and east
vertical wall adjacent southwest and northwest
doorway adjacent west

cursor:
Yourself a priestess
(x=18, y=7)

map:
                                                                                
                                                                                
                                                                                
                             -------                                            
   ---------------           |.....|                                            
   |.............|           |.....|                                            
   |......d.....^.@          |.....|                                            
   |.............|##         |.....|                                            
   -------|------- #         |.....|                                            
          #        ###       ---|---                                            
          ##         #       ####                                               
           ##        #      ##                                                  
            ###      #      #                                                   
          ----.--    ##-----.--------                                           
          |.....|     #|............|                                           
          |.....|     #......<......|                                           
          |.....|     #|............|                                           
          |.....-######.............|                                           
          -------      --------------                                           
                                                                                
                                                                                
Agent the Aspirant             St:10 Dx:14 Co:13 In:13 Wi:18 Ch:8 Neutral S:323 
Dlvl:4 $:17 HP:18(18) Pw:17(20) AC:7 Xp:2/39 T:702                              

",0.0,False
351,south,,"message:


language observation:
stairs up far eastsoutheast
dark area near southeast
horizontal wall near northwest
dark area very near north and east
dark area adjacent northeast and south
southeast corner adjacent southwest
vertical wall adjacent west
doorway adjacent northwest

cursor:
Yourself a priestess
(x=18, y=8)

map:
                                                                                
                                                                                
                                                                                
                             -------                                            
   ---------------           |.....|                                            
   |.............|           |.....|                                            
   |............^.#          |.....|                                            
   |.............|@#         |.....|                                            
   -------|------- #         |.....|                                            
          #        ###       ---|---                                            
          ##         #       ####                                               
           ##        #      ##                                                  
            ###      #      #                                                   
          ----.--    ##-----.--------                                           
          |.....|     #|............|                                           
          |.....|     #......<......|                                           
          |.....|     #|............|                                           
          |.....-######.............|                                           
          -------      --------------                                           
                                                                                
                                                                                
Agent the Aspirant             St:10 Dx:14 Co:13 In:13 Wi:18 Ch:8 Neutral S:323 
Dlvl:4 $:17 HP:18(18) Pw:17(20) AC:7 Xp:2/39 T:703                              

",0.0,False
352,southeast,,"message:


language observation:
stairs up far eastsoutheast
dark area near southeast
horizontal wall near northwest
dark area very near north and south
doorway very near northwest
dark area adjacent northeast, east, southwest, and west

cursor:
Yourself a priestess
(x=19, y=9)

map:
                                                                                
                                                                                
                                                                                
                             -------                                            
   ---------------           |.....|                                            
   |.............|           |.....|                                            
   |............^.#          |.....|                                            
   |.............|##         |.....|                                            
   -------|------- @         |.....|                                            
          #        ###       ---|---                                            
          ##         #       ####                                               
           ##        #      ##                                                  
            ###      #      #                                                   
          ----.--    ##-----.--------                                           
          |.....|     #|............|                                           
          |.....|     #......<......|                                           
          |.....|     #|............|                                           
          |.....-######.............|                                           
          -------      --------------                                           
                                                                                
                                                                                
Agent the Aspirant             St:10 Dx:14 Co:13 In:13 Wi:18 Ch:8 Neutral S:323 
Dlvl:4 $:17 HP:18(18) Pw:17(20) AC:7 Xp:2/39 T:704                              

",0.0,False
353,southeast,,"message:


language observation:
stairs up far eastsoutheast
doorway near northwest
horizontal wall near northwest
dark area very near east, southeast, and west
dark area adjacent north, northeast, south, and southwest

cursor:
Yourself a priestess
(x=20, y=10)

map:
                                                                                
                                                                                
                                                                                
                             -------                                            
   ---------------           |.....|                                            
   |.............|           |.....|                                            
   |............^.#          |.....|                                            
   |.............|##         |.....|                                            
   -------|------- #         |.....|                                            
          #        #@#       ---|---                                            
          ##         #       ####                                               
           ##        #      ##                                                  
            ###      #      #                                                   
          ----.--    ##-----.--------                                           
          |.....|     #|............|                                           
          |.....|     #......<......|                                           
          |.....|     #|............|                                           
          |.....-######.............|                                           
          -------      --------------                                           
                                                                                
                                                                                
Agent the Aspirant             St:10 Dx:14 Co:13 In:13 Wi:18 Ch:8 Neutral S:323 
Dlvl:4 $:17 HP:18(18) Pw:17(20) AC:7 Xp:2/39 T:705                              

",0.0,False
354,far southeast,,"message:


language observation:
stairs up far east
gas spore far east
horizontal wall near southeast
dark area near southwest and northwest
horizontal wall very near northeast
dark area very near west
vertical wall adjacent north and south

cursor:
Yourself a priestess
(x=23, y=16)

map:
                                                                                
                                                                                
                                                                                
                             -------                                            
   ---------------           |.....|                                            
   |.............|           |.....|                                            
   |............^.#          |.....|                                            
   |.............|##         |.....|                                            
   -------|------- #         |.....|                                            
          #        ###       ---|---                                            
          ##         #       ####                                               
           ##        #      ##                                                  
            ###      #      #                                                   
          ----.--    ##-----.--------                                           
          |.....|     #|............|                                           
          |.....|     #@.....<..e...|                                           
          |.....|     #|............|                                           
          |.....-######.............|                                           
          -------      --------------                                           
                                                                                
                                                                                
Agent the Aspirant             St:10 Dx:14 Co:13 In:13 Wi:18 Ch:8 Neutral S:323 
Dlvl:4 $:17 HP:18(18) Pw:17(20) AC:7 Xp:2/39 T:711                              

",0.0,False
355,far south,,"message:
It's a wall.

language observation:
stairs up far east
gas spore far east
horizontal wall near southeast
dark area near southwest and northwest
horizontal wall very near northeast
dark area very near west
vertical wall adjacent north and south

cursor:
Yourself a priestess
(x=23, y=16)

map:
                                                                                
                                                                                
                                                                                
                             -------                                            
   ---------------           |.....|                                            
   |.............|           |.....|                                            
   |............^.#          |.....|                                            
   |.............|##         |.....|                                            
   -------|------- #         |.....|                                            
          #        ###       ---|---                                            
          ##         #       ####                                               
           ##        #      ##                                                  
            ###      #      #                                                   
          ----.--    ##-----.--------                                           
          |.....|     #|............|                                           
          |.....|     #@.....<..e...|                                           
          |.....|     #|............|                                           
          |.....-######.............|                                           
          -------      --------------                                           
                                                                                
                                                                                
Agent the Aspirant             St:10 Dx:14 Co:13 In:13 Wi:18 Ch:8 Neutral S:323 
Dlvl:4 $:17 HP:18(18) Pw:17(20) AC:7 Xp:2/39 T:711                              

",0.0,False
356,east,,"message:


language observation:
gas spore far east
stairs up near east
horizontal wall near southeast and south
dark area near west
horizontal wall very near north and northeast
vertical wall adjacent southwest and northwest
doorway adjacent west

cursor:
Yourself a priestess
(x=24, y=16)

map:
                                                                                
                                                                                
                                                                                
                             -------                                            
   ---------------           |.....|                                            
   |.............|           |.....|                                            
   |............^.#          |.....|                                            
   |.............|##         |.....|                                            
   -------|------- #         |.....|                                            
          #        ###       ---|---                                            
          ##         #       ####                                               
           ##        #      ##                                                  
            ###      #      #                                                   
          ----.--    ##-----.--------                                           
          |.....|     #|............|                                           
          |.....|     #.@....<..e...|                                           
          |.....|     #|............|                                           
          |.....-######.............|                                           
          -------      --------------                                           
                                                                                
                                                                                
Agent the Aspirant             St:10 Dx:14 Co:13 In:13 Wi:18 Ch:8 Neutral S:323 
Dlvl:4 $:17 HP:18(18) Pw:17(20) AC:7 Xp:2/39 T:712                              

",0.0,False
357,south,,"message:


language observation:
gas spore far east
horizontal wall near north and northeast
stairs up near eastnortheast
dark area near northwest
horizontal wall very near southeast and south
dark area very near southwest
doorway adjacent southwest and northwest
vertical wall adjacent west

cursor:
Yourself a priestess
(x=24, y=17)

map:
                                                                                
                                                                                
                                                                                
                             -------                                            
   ---------------           |.....|                                            
   |.............|           |.....|                                            
   |............^.#          |.....|                                            
   |.............|##         |.....|                                            
   -------|------- #         |.....|                                            
          #        ###       ---|---                                            
          ##         #       ####                                               
           ##        #      ##                                                  
            ###      #      #                                                   
          ----.--    ##-----.--------                                           
          |.....|     #|............|                                           
          |.....|     #......<......|                                           
          |.....|     #|@......e....|                                           
          |.....-######.............|                                           
          -------      --------------                                           
                                                                                
                                                                                
Agent the Aspirant             St:10 Dx:14 Co:13 In:13 Wi:18 Ch:8 Neutral S:323 
Dlvl:4 $:17 HP:18(18) Pw:17(20) AC:7 Xp:2/39 T:713                              

",0.0,False
358,northeast,,"message:


language observation:
stairs up near east
gas spore near east
horizontal wall near southeast and south
dark area near southwest and west
horizontal wall very near north and northeast
doorway very near southwest and west
northwest room corner very near northwest

cursor:
Yourself a priestess
(x=25, y=16)

map:
                                                                                
                                                                                
                                                                                
                             -------                                            
   ---------------           |.....|                                            
   |.............|           |.....|                                            
   |............^.#          |.....|                                            
   |.............|##         |.....|                                            
   -------|------- #         |.....|                                            
          #        ###       ---|---                                            
          ##         #       ####                                               
           ##        #      ##                                                  
            ###      #      #                                                   
          ----.--    ##-----.--------                                           
          |.....|     #|............|                                           
          |.....|     #..@...<e.....|                                           
          |.....|     #|............|                                           
          |.....-######.............|                                           
          -------      --------------                                           
                                                                                
                                                                                
Agent the Aspirant             St:10 Dx:14 Co:13 In:13 Wi:18 Ch:8 Neutral S:323 
Dlvl:4 $:17 HP:18(18) Pw:17(20) AC:7 Xp:2/39 T:714                              

",0.0,False
359,throw,,"message:
What do you want to throw? [$a or ?*]

language observation:
stairs up near east
gas spore near east
horizontal wall near southeast and south
dark area near southwest and west
horizontal wall very near north and northeast
doorway very near southwest and west
northwest room corner very near northwest

cursor:

(x=38, y=0)

map:
                                                                                
                                                                                
                                                                                
                             -------                                            
   ---------------           |.....|                                            
   |.............|           |.....|                                            
   |............^.#          |.....|                                            
   |.............|##         |.....|                                            
   -------|------- #         |.....|                                            
          #        ###       ---|---                                            
          ##         #       ####                                               
           ##        #      ##                                                  
            ###      #      #                                                   
          ----.--    ##-----.--------                                           
          |.....|     #|............|                                           
          |.....|     #..@...<e.....|                                           
          |.....|     #|............|                                           
          |.....-######.............|                                           
          -------      --------------                                           
                                                                                
                                                                                
Agent the Aspirant             St:10 Dx:14 Co:13 In:13 Wi:18 Ch:8 Neutral S:323 
Dlvl:4 $:17 HP:18(18) Pw:17(20) AC:7 Xp:2/39 T:714                              

",0.0,False
360,esc,,"message:
Never mind.

language observation:
stairs up near east
gas spore near east
horizontal wall near southeast and south
dark area near southwest and west
horizontal wall very near north and northeast
doorway very near southwest and west
northwest room corner very near northwest

cursor:
Yourself a priestess
(x=25, y=16)

map:
                                                                                
                                                                                
                                                                                
                             -------                                            
   ---------------           |.....|                                            
   |.............|           |.....|                                            
   |............^.#          |.....|                                            
   |.............|##         |.....|                                            
   -------|------- #         |.....|                                            
          #        ###       ---|---                                            
          ##         #       ####                                               
           ##        #      ##                                                  
            ###      #      #                                                   
          ----.--    ##-----.--------                                           
          |.....|     #|............|                                           
          |.....|     #..@...<e.....|                                           
          |.....|     #|............|                                           
          |.....-######.............|                                           
          -------      --------------                                           
                                                                                
                                                                                
Agent the Aspirant             St:10 Dx:14 Co:13 In:13 Wi:18 Ch:8 Neutral S:323 
Dlvl:4 $:17 HP:18(18) Pw:17(20) AC:7 Xp:2/39 T:714                              

",0.0,False
361,east,,"message:


language observation:
dark area near northeast and west
stairs up near east
gas spore near east
horizontal wall near southeast and south
southwest corner near southwest
doorway near west
horizontal wall very near north and northwest
doorway very near northeast

cursor:
Yourself a priestess
(x=26, y=16)

map:
                                                                                
                                                                                
                                                                                
                             -------                                            
   ---------------           |.....|                                            
   |.............|           |.....|                                            
   |............^.#          |.....|                                            
   |.............|##         |.....|                                            
   -------|------- #         |.....|                                            
          #        ###       ---|---                                            
          ##         #       ####                                               
           ##        #      ##                                                  
            ###      #      #                                                   
          ----.--    ##-----.--------                                           
          |.....|     #|............|                                           
          |.....|     #...@..<e.....|                                           
          |.....|     #|............|                                           
          |.....-######.............|                                           
          -------      --------------                                           
                                                                                
                                                                                
Agent the Aspirant             St:10 Dx:14 Co:13 In:13 Wi:18 Ch:8 Neutral S:323 
Dlvl:4 $:17 HP:18(18) Pw:17(20) AC:7 Xp:2/39 T:715                              

",0.0,False
362,north,,"message:


language observation:
stairs up near eastsoutheast
gas spore near eastsoutheast
horizontal wall near southeast and south
doorway near southwest
dark area near southwest
vertical wall near west
horizontal wall adjacent north, northeast, and northwest

cursor:
Yourself a priestess
(x=26, y=15)

map:
                                                                                
                                                                                
                                                                                
                             -------                                            
   ---------------           |.....|                                            
   |.............|           |.....|                                            
   |............^.#          |.....|                                            
   |.............|##         |.....|                                            
   -------|------- #         |.....|                                            
          #        ###       ---|---                                            
          ##         #       ####                                               
           ##        #      ##                                                  
            ###      #      #                                                   
          ----.--    ##-----.--------                                           
          |.....|     #|..@.........|                                           
          |.....|     #......<e.....|                                           
          |.....|     #|............|                                           
          |.....-######.............|                                           
          -------      --------------                                           
                                                                                
                                                                                
Agent the Aspirant             St:10 Dx:14 Co:13 In:13 Wi:18 Ch:8 Neutral S:323 
Dlvl:4 $:17 HP:18(18) Pw:17(20) AC:7 Xp:2/39 T:716                              

",0.0,False
363,east,,"message:


language observation:
vertical wall far east
gas spore near eastsoutheast
horizontal wall near southeast and south
southwest corner near southwest
vertical wall near west
dark area very near northeast
stairs up very near eastsoutheast
horizontal wall adjacent north and northwest
doorway adjacent northeast

cursor:
Yourself a priestess
(x=27, y=15)

map:
                                                                                
                                                                                
                                                                                
                             -------                                            
   ---------------           |.....|                                            
   |.............|           |.....|                                            
   |............^.#          |.....|                                            
   |.............|##         |.....|                                            
   -------|------- #         |.....|                                            
          #        ###       ---|---                                            
          ##         #       ####                                               
           ##        #      ##                                                  
            ###      #      #                                                   
          ----.--    ##-----.--------                                           
          |.....|     #|...@........|                                           
          |.....|     #......<e.....|                                           
          |.....|     #|............|                                           
          |.....-######.............|                                           
          -------      --------------                                           
                                                                                
                                                                                
Agent the Aspirant             St:10 Dx:14 Co:13 In:13 Wi:18 Ch:8 Neutral S:323 
Dlvl:4 $:17 HP:18(18) Pw:17(20) AC:7 Xp:2/39 T:717                              

",0.0,False
364,northeast,,"message:


language observation:
dark area near north
horizontal wall near southeast and south
southwest corner near southwest
gas spore very near southeast
stairs up very near southsoutheast
dark area adjacent northeast and northwest
horizontal wall adjacent east and west

cursor:
Yourself a priestess
(x=28, y=14)

map:
                                                                                
                                                                                
                                                                                
                             -------                                            
   ---------------           |.....|                                            
   |.............|           |.....|                                            
   |............^.#          |.....|                                            
   |.............|##         |.....|                                            
   -------|------- #         |.....|                                            
          #        ###       ---|---                                            
          ##         #       ####                                               
           ##        #      ##                                                  
            ###      #      #                                                   
          ----.--    ##-----@--------                                           
          |.....|     #|............|                                           
          |.....|     #......<e.....|                                           
          |.....|     #|............|                                           
          |.....-######.............|                                           
          -------      --------------                                           
                                                                                
                                                                                
Agent the Aspirant             St:10 Dx:14 Co:13 In:13 Wi:18 Ch:8 Neutral S:323 
Dlvl:4 $:17 HP:18(18) Pw:17(20) AC:7 Xp:2/39 T:718                              

",0.0,False
365,far north,,"message:


language observation:
horizontal wall far north
stairs up far southsouthwest
vertical wall near northeast and northwest
dark area very near south and southwest
horizontal wall adjacent east and west
dark area adjacent southeast

cursor:
Yourself a priestess
(x=32, y=10)

map:
                                                                                
                                                                                
                                                                                
                             -------                                            
   ---------------           |.....|                                            
   |.............|           |.....|                                            
   |............^.#          |.....|                                            
   |.............|##         |.....|                                            
   -------|------- #         |.....|                                            
          #        ###       ---@---                                            
          ##         #       ####                                               
           ##        #      ##                                                  
            ###      #      #                                                   
          ----.--    ##-----.--------                                           
          |.....|     #|............|                                           
          |.....|     #......<......|                                           
          |.....|     #|............|                                           
          |.....-######.............|                                           
          -------      --------------                                           
                                                                                
                                                                                
Agent the Aspirant             St:10 Dx:14 Co:13 In:13 Wi:18 Ch:8 Neutral S:323 
Dlvl:4 $:17 HP:18(18) Pw:20(20) AC:7 Xp:2/39 T:725                              

",0.0,False
366,north,,"message:


language observation:
stairs up far southsouthwest
horizontal wall near north
vertical wall near northeast, east, west, and northwest
dark area near south
horizontal wall adjacent southeast and southwest
horizontal open door adjacent south

cursor:
Yourself a priestess
(x=32, y=9)

map:
                                                                                
                                                                                
                                                                                
                             -------                                            
   ---------------           |.....|                                            
   |.............|           |.....|                                            
   |............^.#          |.....|                                            
   |.............|##         |.....|                                            
   -------|------- #         |..@..|                                            
          #        ###       ---|---                                            
          ##         #       ####                                               
           ##        #      ##                                                  
            ###      #      #                                                   
          ----.--    ##-----.--------                                           
          |.....|     #|............|                                           
          |.....|     #......<......|                                           
          |.....|     #|............|                                           
          |.....-######.............|                                           
          -------      --------------                                           
                                                                                
                                                                                
Agent the Aspirant             St:10 Dx:14 Co:13 In:13 Wi:18 Ch:8 Neutral S:323 
Dlvl:4 $:17 HP:18(18) Pw:20(20) AC:7 Xp:2/39 T:726                              

",0.0,False
367,north,,"message:


language observation:
stairs up far southsouthwest
horizontal wall near north
vertical wall near northeast, east, west, and northwest
dark area near south
horizontal wall very near southeast and southwest
horizontal open door very near south

cursor:
Yourself a priestess
(x=32, y=8)

map:
                                                                                
                                                                                
                                                                                
                             -------                                            
   ---------------           |.....|                                            
   |.............|           |.....|                                            
   |............^.#          |.....|                                            
   |.............|##         |..@..|                                            
   -------|------- #         |.....|                                            
          #        ###       ---|---                                            
          ##         #       ####                                               
           ##        #      ##                                                  
            ###      #      #                                                   
          ----.--    ##-----.--------                                           
          |.....|     #|............|                                           
          |.....|     #......<......|                                           
          |.....|     #|............|                                           
          |.....-######.............|                                           
          -------      --------------                                           
                                                                                
                                                                                
Agent the Aspirant             St:10 Dx:14 Co:13 In:13 Wi:18 Ch:8 Neutral S:323 
Dlvl:4 $:17 HP:18(18) Pw:20(20) AC:7 Xp:2/39 T:727                              

",0.0,False
368,far north,,"message:
It's a wall.

language observation:
dark area far south
stairs up far southsouthwest
vertical wall near east, southeast, southwest, and west
horizontal open door near south
horizontal wall adjacent north, northeast, and northwest

cursor:
Yourself a priestess
(x=32, y=5)

map:
                                                                                
                                                                                
                                                                                
                             -------                                            
   ---------------           |..@..|                                            
   |.............|           |.....|                                            
   |............^.#          |.....|                                            
   |.............|##         |.....|                                            
   -------|------- #         |.....|                                            
          #        ###       ---|---                                            
          ##         #       ####                                               
           ##        #      ##                                                  
            ###      #      #                                                   
          ----.--    ##-----.--------                                           
          |.....|     #|............|                                           
          |.....|     #......<......|                                           
          |.....|     #|............|                                           
          |.....-######.............|                                           
          -------      --------------                                           
                                                                                
                                                                                
Agent the Aspirant             St:10 Dx:14 Co:13 In:13 Wi:18 Ch:8 Neutral S:323 
Dlvl:4 $:17 HP:18(18) Pw:20(20) AC:7 Xp:2/39 T:730                              

",0.0,False
369,far east,,"message:
It's a wall.

language observation:
stairs up far southsouthwest
horizontal wall near south
southwest corner near southwest
vertical wall near west
horizontal wall adjacent north and northwest
northeast room corner adjacent northeast
vertical wall adjacent east and southeast

cursor:
Yourself a priestess
(x=34, y=5)

map:
                                                                                
                                                                                
                                                                                
                             -------                                            
   ---------------           |....@|                                            
   |.............|           |.....|                                            
   |............^.#          |.....|                                            
   |.............|##         |.....|                                            
   -------|------- #         |.....|                                            
          #        ###       ---|---                                            
          ##         #       ####                                               
           ##        #      ##                                                  
            ###      #      #                                                   
          ----.--    ##-----.--------                                           
          |.....|     #|............|                                           
          |.....|     #......<......|                                           
          |.....|     #|............|                                           
          |.....-######.............|                                           
          -------      --------------                                           
                                                                                
                                                                                
Agent the Aspirant             St:10 Dx:14 Co:13 In:13 Wi:18 Ch:8 Neutral S:323 
Dlvl:4 $:17 HP:18(18) Pw:20(20) AC:7 Xp:2/39 T:732                              

",0.0,False
370,search,,"message:
You find a hidden door.

language observation:
stairs up far southsouthwest
horizontal wall near south
southwest corner near southwest
vertical wall near west
dark area very near southeast
horizontal wall adjacent north and northwest
northeast room corner adjacent northeast
vertical wall adjacent east
vertical closed door adjacent southeast

cursor:
Yourself a priestess
(x=34, y=5)

map:
                                                                                
                                                                                
                                                                                
                             -------                                            
   ---------------           |....@|                                            
   |.............|           |.....+                                            
   |............^.#          |.....|                                            
   |.............|##         |.....|                                            
   -------|------- #         |.....|                                            
          #        ###       ---|---                                            
          ##         #       ####                                               
           ##        #      ##                                                  
            ###      #      #                                                   
          ----.--    ##-----.--------                                           
          |.....|     #|............|                                           
          |.....|     #......<......|                                           
          |.....|     #|............|                                           
          |.....-######.............|                                           
          -------      --------------                                           
                                                                                
                                                                                
Agent the Aspirant             St:10 Dx:14 Co:13 In:13 Wi:18 Ch:8 Neutral S:323 
Dlvl:4 $:17 HP:18(18) Pw:20(20) AC:7 Xp:2/39 T:733                              

",0.0,False
371,open,,"message:
In what direction?

language observation:
stairs up far southsouthwest
horizontal wall near south
southwest corner near southwest
vertical wall near west
dark area very near southeast
horizontal wall adjacent north and northwest
northeast room corner adjacent northeast
vertical wall adjacent east
vertical closed door adjacent southeast

cursor:

(x=19, y=0)

map:
                                                                                
                                                                                
                                                                                
                             -------                                            
   ---------------           |....@|                                            
   |.............|           |.....+                                            
   |............^.#          |.....|                                            
   |.............|##         |.....|                                            
   -------|------- #         |.....|                                            
          #        ###       ---|---                                            
          ##         #       ####                                               
           ##        #      ##                                                  
            ###      #      #                                                   
          ----.--    ##-----.--------                                           
          |.....|     #|............|                                           
          |.....|     #......<......|                                           
          |.....|     #|............|                                           
          |.....-######.............|                                           
          -------      --------------                                           
                                                                                
                                                                                
Agent the Aspirant             St:10 Dx:14 Co:13 In:13 Wi:18 Ch:8 Neutral S:323 
Dlvl:4 $:17 HP:18(18) Pw:20(20) AC:7 Xp:2/39 T:733                              

",0.0,False
372,southeast,,"message:
The door opens.

language observation:
stairs up far southsouthwest
horizontal wall near south
southwest corner near southwest
vertical wall near west
dark area very near southeast
horizontal wall adjacent north and northwest
northeast room corner adjacent northeast
vertical wall adjacent east
vertical open door adjacent southeast

cursor:
Yourself a priestess
(x=34, y=5)

map:
                                                                                
                                                                                
                                                                                
                             -------                                            
   ---------------           |....@|                                            
   |.............|           |.....-                                            
   |............^.#          |.....|                                            
   |.............|##         |.....|                                            
   -------|------- #         |.....|                                            
          #        ###       ---|---                                            
          ##         #       ####                                               
           ##        #      ##                                                  
            ###      #      #                                                   
          ----.--    ##-----.--------                                           
          |.....|     #|............|                                           
          |.....|     #......<......|                                           
          |.....|     #|............|                                           
          |.....-######.............|                                           
          -------      --------------                                           
                                                                                
                                                                                
Agent the Aspirant             St:10 Dx:14 Co:13 In:13 Wi:18 Ch:8 Neutral S:323 
Dlvl:4 $:17 HP:18(18) Pw:20(20) AC:7 Xp:2/39 T:734                              

",0.0,False
373,southeast,,"message:
You can't move diagonally into an intact doorway.

language observation:
stairs up far southsouthwest
horizontal wall near south
southwest corner near southwest
vertical wall near west
dark area very near southeast
horizontal wall adjacent north and northwest
northeast room corner adjacent northeast
vertical wall adjacent east
vertical open door adjacent southeast

cursor:
Yourself a priestess
(x=34, y=5)

map:
                                                                                
                                                                                
                                                                                
                             -------                                            
   ---------------           |....@|                                            
   |.............|           |.....-                                            
   |............^.#          |.....|                                            
   |.............|##         |.....|                                            
   -------|------- #         |.....|                                            
          #        ###       ---|---                                            
          ##         #       ####                                               
           ##        #      ##                                                  
            ###      #      #                                                   
          ----.--    ##-----.--------                                           
          |.....|     #|............|                                           
          |.....|     #......<......|                                           
          |.....|     #|............|                                           
          |.....-######.............|                                           
          -------      --------------                                           
                                                                                
                                                                                
Agent the Aspirant             St:10 Dx:14 Co:13 In:13 Wi:18 Ch:8 Neutral S:323 
Dlvl:4 $:17 HP:18(18) Pw:20(20) AC:7 Xp:2/39 T:734                              

",0.0,False
374,south,,"message:


language observation:
vertical closed door very far east
stairs up far southsouthwest
horizontal wall near south and southwest
vertical wall near west
horizontal wall very near north and northwest
dark area very near east
vertical wall adjacent northeast and southeast
vertical open door adjacent east

cursor:
Yourself a priestess
(x=34, y=6)

map:
                                                                                
                                                                                
                                                                                
                             -------                                            
   ---------------           |.....|            -------------                   
   |.............|           |....@-           .............+                   
   |............^.#          |.....|                        |                   
   |.............|##         |.....|                                            
   -------|------- #         |.....|                                            
          #        ###       ---|---                                            
          ##         #       ####                                               
           ##        #      ##                                                  
            ###      #      #                                                   
          ----.--    ##-----.--------                                           
          |.....|     #|............|                                           
          |.....|     #......<......|                                           
          |.....|     #|............|                                           
          |.....-######.............|                                           
          -------      --------------                                           
                                                                                
                                                                                
Agent the Aspirant             St:10 Dx:14 Co:13 In:13 Wi:18 Ch:8 Neutral S:323 
Dlvl:4 $:17 HP:18(18) Pw:20(20) AC:7 Xp:2/39 T:735                              

",0.0,False
375,east,,"message:


language observation:
vertical closed door very far east
stairs up far southsouthwest
vertical wall far west
horizontal wall near southwest
dark area very near east
horizontal wall very near northwest
vertical wall adjacent north and south
dark area adjacent northeast and southeast

cursor:
Yourself a priestess
(x=35, y=6)

map:
                                                                                
                                                                                
                                                                                
                             -------                                            
   ---------------           |.....|            -------------                   
   |.............|           |.....@#          .............+                   
   |............^.#          |.....|                        |                   
   |.............|##         |.....|                                            
   -------|------- #         |.....|                                            
          #        ###       ---|---                                            
          ##         #       ####                                               
           ##        #      ##                                                  
            ###      #      #                                                   
          ----.--    ##-----.--------                                           
          |.....|     #|............|                                           
          |.....|     #......<......|                                           
          |.....|     #|............|                                           
          |.....-######.............|                                           
          -------      --------------                                           
                                                                                
                                                                                
Agent the Aspirant             St:10 Dx:14 Co:13 In:13 Wi:18 Ch:8 Neutral S:323 
Dlvl:4 $:17 HP:18(18) Pw:20(20) AC:7 Xp:2/39 T:736                              

",0.0,False
376,far east,,"message:


language observation:
vertical closed door far east
green mold far eastsoutheast
fountain far eastsoutheast
stairs up far westsouthwest
stairs down near eastsoutheast
horizontal wall near southeast
northwest room corner adjacent north
horizontal wall adjacent northeast
vertical wall adjacent south
dark area adjacent southwest and northwest

cursor:
Yourself a priestess
(x=47, y=6)

map:
                                                                                
                                                                                
                                                                                
                             -------                                            
   ---------------           |.....|           --------------                   
   |.............|           |.....-###########@............+                   
   |............^.#          |.....|           |............|                   
   |.............|##         |.....|            .............                   
   -------|------- #         |.....|             .........F.|                   
          #        ###       ---|---             ...>{......|                   
          ##         #       ####                ------------                   
           ##        #      ##                                                  
            ###      #      #                                                   
          ----.--    ##-----.--------                                           
          |.....|     #|............|                                           
          |.....|     #......<......|                                           
          |.....|     #|............|                                           
          |.....-######.............|                                           
          -------      --------------                                           
                                                                                
                                                                                
Agent the Aspirant             St:10 Dx:14 Co:13 In:13 Wi:18 Ch:8 Neutral S:323 
Dlvl:4 $:17 HP:18(18) Pw:20(20) AC:7 Xp:2/39 T:748                              

",0.0,False
377,southeast,,"message:


language observation:
vertical closed door far eastnortheast
green mold far eastsoutheast
stairs up far westsouthwest
stairs down near eastsoutheast
fountain near eastsoutheast
horizontal wall near southeast and south
horizontal wall very near north and northeast
gold piece very near south
dark area very near northwest
vertical wall adjacent southwest and west
doorway adjacent northwest

cursor:
Yourself a priestess
(x=48, y=7)

map:
                                                                                
                                                                                
                                                                                
                             -------                                            
   ---------------           |.....|           --------------                   
   |.............|           |.....-###########.............+                   
   |............^.#          |.....|           |@...........|                   
   |.............|##         |.....|           |.............                   
   -------|------- #         |.....|           |$.........F.|                   
          #        ###       ---|---           |....>{......|                   
          ##         #       ####              --------------                   
           ##        #      ##                                                  
            ###      #      #                                                   
          ----.--    ##-----.--------                                           
          |.....|     #|............|                                           
          |.....|     #......<......|                                           
          |.....|     #|............|                                           
          |.....-######.............|                                           
          -------      --------------                                           
                                                                                
                                                                                
Agent the Aspirant             St:10 Dx:14 Co:13 In:13 Wi:18 Ch:8 Neutral S:323 
Dlvl:4 $:17 HP:18(18) Pw:20(20) AC:7 Xp:2/39 T:749                              

",0.0,False
378,southeast,,"message:


language observation:
stairs up very far westsouthwest
vertical closed door far eastnortheast
green mold far eastsoutheast
horizontal wall near north, northeast, southeast, and south
stairs down near eastsoutheast
fountain near eastsoutheast
dark area near northwest
vertical wall very near southwest and west
doorway very near northwest
gold piece adjacent southwest

cursor:
Yourself a priestess
(x=49, y=8)

map:
                                                                                
                                                                                
                                                                                
                             -------                                            
   ---------------           |.....|           --------------                   
   |.............|           |.....-###########.............+                   
   |............^.#          |.....|           |............|                   
   |.............|##         |.....|           |.@...........                   
   -------|------- #         |.....|           |$.........F.|                   
          #        ###       ---|---           |....>{......|                   
          ##         #       ####              --------------                   
           ##        #      ##                                                  
            ###      #      #                                                   
          ----.--    ##-----.--------                                           
          |.....|     #|............|                                           
          |.....|     #......<......|                                           
          |.....|     #|............|                                           
          |.....-######.............|                                           
          -------      --------------                                           
                                                                                
                                                                                
Agent the Aspirant             St:10 Dx:14 Co:13 In:13 Wi:18 Ch:8 Neutral S:323 
Dlvl:4 $:17 HP:18(18) Pw:20(20) AC:7 Xp:2/39 T:750                              

",0.0,False
379,southeast,,"message:


language observation:
stairs up very far westsouthwest
vertical closed door far eastnortheast
green mold far east
horizontal wall near north and northeast
fountain near eastsoutheast
vertical wall near west
doorway near northwest
dark area near northwest
stairs down very near eastsoutheast
horizontal wall very near southeast, south, and southwest
gold piece very near west

cursor:
Yourself a priestess
(x=50, y=9)

map:
                                                                                
                                                                                
                                                                                
                             -------                                            
   ---------------           |.....|           --------------                   
   |.............|           |.....-###########.............+                   
   |............^.#          |.....|           |............|                   
   |.............|##         |.....|           |.............                   
   -------|------- #         |.....|           |$.@.......F.|                   
          #        ###       ---|---           |....>{......|                   
          ##         #       ####              --------------                   
           ##        #      ##                                                  
            ###      #      #                                                   
          ----.--    ##-----.--------                                           
          |.....|     #|............|                                           
          |.....|     #......<......|                                           
          |.....|     #|............|                                           
          |.....-######.............|                                           
          -------      --------------                                           
                                                                                
                                                                                
Agent the Aspirant             St:10 Dx:14 Co:13 In:13 Wi:18 Ch:8 Neutral S:323 
Dlvl:4 $:17 HP:18(18) Pw:20(20) AC:7 Xp:2/39 T:751                              

",0.0,False
380,southeast,,"message:


language observation:
stairs up very far westsouthwest
vertical closed door far eastnortheast
green mold far eastnortheast
vertical wall far east
horizontal wall near north and northeast
vertical wall near west
gold piece near westnorthwest
doorway near northwest
dark area near northwest
fountain very near east
stairs down adjacent east
horizontal wall adjacent southeast, south, and southwest

cursor:
Yourself a priestess
(x=51, y=10)

map:
                                                                                
                                                                                
                                                                                
                             -------                                            
   ---------------           |.....|           --------------                   
   |.............|           |.....-###########.............+                   
   |............^.#          |.....|           |............|                   
   |.............|##         |.....|           |.............                   
   -------|------- #         |.....|           |$.........F.|                   
          #        ###       ---|---           |...@>{......|                   
          ##         #       ####              --------------                   
           ##        #      ##                                                  
            ###      #      #                                                   
          ----.--    ##-----.--------                                           
          |.....|     #|............|                                           
          |.....|     #......<......|                                           
          |.....|     #|............|                                           
          |.....-######.............|                                           
          -------      --------------                                           
                                                                                
                                                                                
Agent the Aspirant             St:10 Dx:14 Co:13 In:13 Wi:18 Ch:8 Neutral S:323 
Dlvl:4 $:17 HP:18(18) Pw:20(20) AC:7 Xp:2/39 T:752                              

",0.0,False
381,east,,"message:


language observation:
stairs up very far westsouthwest
vertical closed door far eastnortheast
green mold far eastnortheast
vertical wall far east
horizontal wall near north and northeast
vertical wall near west
gold piece near westnorthwest
northwest room corner near northwest
fountain adjacent east
horizontal wall adjacent southeast, south, and southwest

cursor:
Yourself a priestess
(x=52, y=10)

map:
                                                                                
                                                                                
                                                                                
                             -------                                            
   ---------------           |.....|           --------------                   
   |.............|           |.....-###########.............+                   
   |............^.#          |.....|           |............|                   
   |.............|##         |.....|           |.............                   
   -------|------- #         |.....|           |$.........F.|                   
          #        ###       ---|---           |....@{......|                   
          ##         #       ####              --------------                   
           ##        #      ##                                                  
            ###      #      #                                                   
          ----.--    ##-----.--------                                           
          |.....|     #|............|                                           
          |.....|     #......<......|                                           
          |.....|     #|............|                                           
          |.....-######.............|                                           
          -------      --------------                                           
                                                                                
                                                                                
Agent the Aspirant             St:10 Dx:14 Co:13 In:13 Wi:18 Ch:8 Neutral S:323 
Dlvl:4 $:17 HP:18(18) Pw:20(20) AC:7 Xp:2/39 T:753                              

",0.0,False
382,down,,"message:
You descend the stairs.


language observation:
dark area very near north, northeast, east, southeast, south, southwest, west, and northwest

cursor:
Yourself a priestess
(x=33, y=9)

map:
                                                                                
                                                                                
                                                                                
                                                                                
                                                                                
                                                                                
                                                                                
                                ...                                             
                                .@.                                             
                                ...                                             
                                                                                
                                                                                
                                                                                
                                                                                
                                                                                
                                                                                
                                                                                
                                                                                
                                                                                
                                                                                
                                                                                
Agent the Aspirant             St:10 Dx:14 Co:13 In:13 Wi:18 Ch:8 Neutral S:373 
Dlvl:5 $:17 HP:18(18) Pw:20(20) AC:7 Xp:2/39 T:754                              

",50.0,False
383,far north,,"message:
You are beginning to feel hungry.

language observation:
stairs up far south
dark area far south
dark area very near east, southeast, and southwest
horizontal wall adjacent north and northeast
southeast corner adjacent west
northwest room corner adjacent northwest

cursor:
Yourself a priestess
(x=33, y=2)

map:
                                ---                                             
                                -@.                                             
                                ...                                             
                                ...                                             
                                ...                                             
                                ...                                             
                                ...                                             
                                ...                                             
                                .<.                                             
                                ...                                             
                                                                                
                                                                                
                                                                                
                                                                                
                                                                                
                                                                                
                                                                                
                                                                                
                                                                                
                                                                                
                                                                                
Agent the Aspirant             St:10 Dx:14 Co:13 In:13 Wi:18 Ch:8 Neutral S:373 
Dlvl:5 $:17 HP:18(18) Pw:20(20) AC:7 Xp:2/39 T:761 Hungry                       

",0.0,False
384,east,,"message:
You hear crashing rock.

language observation:
dark area far south
stairs up far southsouthwest
dark area near southwest
dark area very near southeast
southeast corner very near west
horizontal wall adjacent north and northwest
northeast room corner adjacent northeast
southwest corner adjacent east

cursor:
Yourself a priestess
(x=34, y=2)

map:
                                ----                                            
                                -.@-                                            
                                ....                                            
                                ...                                             
                                ...                                             
                                ...                                             
                                ...                                             
                                ...                                             
                                .<.                                             
                                ...                                             
                                                                                
                                                                                
                                                                                
                                                                                
                                                                                
                                                                                
                                                                                
                                                                                
                                                                                
                                                                                
                                                                                
Agent the Aspirant             St:10 Dx:14 Co:13 In:13 Wi:18 Ch:8 Neutral S:373 
Dlvl:5 $:17 HP:18(18) Pw:20(20) AC:7 Xp:2/39 T:762 Hungry                       

",0.0,False
385,eat,,"message:
What do you want to eat? [efi or ?*]

language observation:
dark area far south
stairs up far southsouthwest
dark area near southwest
dark area very near southeast
southeast corner very near west
horizontal wall adjacent north and northwest
northeast room corner adjacent northeast
southwest corner adjacent east

cursor:

(x=37, y=0)

map:
                                ----                                            
                                -.@-                                            
                                ....                                            
                                ...                                             
                                ...                                             
                                ...                                             
                                ...                                             
                                ...                                             
                                .<.                                             
                                ...                                             
                                                                                
                                                                                
                                                                                
                                                                                
                                                                                
                                                                                
                                                                                
                                                                                
                                                                                
                                                                                
                                                                                
Agent the Aspirant             St:10 Dx:14 Co:13 In:13 Wi:18 Ch:8 Neutral S:373 
Dlvl:5 $:17 HP:18(18) Pw:20(20) AC:7 Xp:2/39 T:762 Hungry                       

",0.0,False
386,i,,"message:
This food really hits the spot!  You finish eating the food ration.

language observation:
dark area far south
stairs up far southsouthwest
dark area near southwest
dark area very near southeast
southeast corner very near west
horizontal wall adjacent north and northwest
northeast room corner adjacent northeast
southwest corner adjacent east

cursor:
Yourself a priestess
(x=34, y=2)

map:
                                ----                                            
                                -.@-                                            
                                ....                                            
                                ...                                             
                                ...                                             
                                ...                                             
                                ...                                             
                                ...                                             
                                .<.                                             
                                ...                                             
                                                                                
                                                                                
                                                                                
                                                                                
                                                                                
                                                                                
                                                                                
                                                                                
                                                                                
                                                                                
                                                                                
Agent the Aspirant             St:10 Dx:14 Co:13 In:13 Wi:18 Ch:8 Neutral S:373 
Dlvl:5 $:17 HP:18(18) Pw:20(20) AC:7 Xp:2/39 T:768                              

",0.0,False
387,far south,,"message:
You hear a E note squeak in the distance.  It's a wall.

language observation:
dark area near northwest
stairs up near northnorthwest
dark area very near northeast
northwest room corner adjacent east
southeast corner adjacent southeast
horizontal wall adjacent south
southwest corner adjacent southwest
northeast room corner adjacent west

cursor:
Yourself a priestess
(x=34, y=12)

map:
                                ----                                            
                                -..-                                            
                                ....                                            
                                ....                                            
                                ....                                            
                                ....                                            
                                ....                                            
                                ...-                                            
                                .<.|                                            
                                ...-                                            
                                 ...                                            
                                 -@-                                            
                                 ---                                            
                                                                                
                                                                                
                                                                                
                                                                                
                                                                                
                                                                                
                                                                                
                                                                                
Agent the Aspirant             St:10 Dx:14 Co:13 In:13 Wi:18 Ch:8 Neutral S:373 
Dlvl:5 $:17 HP:18(18) Pw:20(20) AC:7 Xp:2/39 T:778                              

",0.0,False
388,far north,,"message:
The dwarf swings her broad pick.  The dwarf hits!

language observation:
dark area near northwest
dark area very near northeast, east, and west
horizontal wall very near south
stairs up very near northnorthwest
dwarf adjacent northeast
northwest room corner adjacent southeast
northeast room corner adjacent southwest

cursor:
Yourself a priestess
(x=34, y=11)

map:
                                ----                                            
                                -..-                                            
                                ....                                            
                                ....                                            
                                ....                                            
                                ....                                            
                                ....                                            
                                ...-                                            
                                .<.|                                            
                                ...h                                            
                                 .@.                                            
                                 -.-                                            
                                 ---                                            
                                                                                
                                                                                
                                                                                
                                                                                
                                                                                
                                                                                
                                                                                
                                                                                
Agent the Aspirant             St:10 Dx:14 Co:13 In:13 Wi:18 Ch:8 Neutral S:373 
Dlvl:5 $:17 HP:8(18) Pw:20(20) AC:7 Xp:2/39 T:779                               

",0.0,False
389,engrave,,"message:
What do you want to write with? [- a or ?*]

language observation:
dark area near northwest
dark area very near northeast, east, and west
horizontal wall very near south
stairs up very near northnorthwest
dwarf adjacent northeast
northwest room corner adjacent southeast
northeast room corner adjacent southwest

cursor:

(x=44, y=0)

map:
                                ----                                            
                                -..-                                            
                                ....                                            
                                ....                                            
                                ....                                            
                                ....                                            
                                ....                                            
                                ...-                                            
                                .<.|                                            
                                ...h                                            
                                 .@.                                            
                                 -.-                                            
                                 ---                                            
                                                                                
                                                                                
                                                                                
                                                                                
                                                                                
                                                                                
                                                                                
                                                                                
Agent the Aspirant             St:10 Dx:14 Co:13 In:13 Wi:18 Ch:8 Neutral S:373 
Dlvl:5 $:17 HP:8(18) Pw:20(20) AC:7 Xp:2/39 T:779                               

",0.0,False
390,minus,,"

Your previous output did not contain a valid action. Defaulted to action: esc

Observation:
message:
Never mind.

language observation:
dark area near northwest
dark area very near northeast, east, and west
horizontal wall very near south
stairs up very near northnorthwest
dwarf adjacent northeast
northwest room corner adjacent southeast
northeast room corner adjacent southwest

cursor:
Yourself a priestess
(x=34, y=11)

map:
                                ----                                            
                                -..-                                            
                                ....                                            
                                ....                                            
                                ....                                            
                                ....                                            
                                ....                                            
                                ...-                                            
                                .<.|                                            
                                ...h                                            
                                 .@.                                            
                                 -.-                                            
                                 ---                                            
                                                                                
                                                                                
                                                                                
                                                                                
                                                                                
                                                                                
                                                                                
                                                                                
Agent the Aspirant             St:10 Dx:14 Co:13 In:13 Wi:18 Ch:8 Neutral S:373 
Dlvl:5 $:17 HP:8(18) Pw:20(20) AC:7 Xp:2/39 T:779                               

",0.0,False
391,pray,,"message:
Are you sure you want to pray? [yn] (n)

language observation:
dark area near northwest
dark area very near northeast, east, and west
horizontal wall very near south
stairs up very near northnorthwest
dwarf adjacent northeast
northwest room corner adjacent southeast
northeast room corner adjacent southwest

cursor:

(x=40, y=0)

map:
                                ----                                            
                                -..-                                            
                                ....                                            
                                ....                                            
                                ....                                            
                                ....                                            
                                ....                                            
                                ...-                                            
                                .<.|                                            
                                ...h                                            
                                 .@.                                            
                                 -.-                                            
                                 ---                                            
                                                                                
                                                                                
                                                                                
                                                                                
                                                                                
                                                                                
                                                                                
                                                                                
Agent the Aspirant             St:10 Dx:14 Co:13 In:13 Wi:18 Ch:8 Neutral S:373 
Dlvl:5 $:17 HP:8(18) Pw:20(20) AC:7 Xp:2/39 T:779                               

",0.0,False
392,y,,"message:
You begin praying to Thoth.  You are surrounded by a shimmering light.
You finish your prayer.  You feel that Thoth is pleased.

language observation:
dark area near northwest
dark area very near northeast, east, and west
horizontal wall very near south
stairs up very near northnorthwest
dwarf adjacent northeast
northwest room corner adjacent southeast
northeast room corner adjacent southwest

cursor:
Yourself a priestess
(x=34, y=11)

map:
                                ----                                            
                                -..-                                            
                                ....                                            
                                ....                                            
                                ....                                            
                                ....                                            
                                ....                                            
                                ...-                                            
                                .<.|                                            
                                ...h                                            
                                 .@.                                            
                                 -.-                                            
                                 ---                                            
                                                                                
                                                                                
                                                                                
                                                                                
                                                                                
                                                                                
                                                                                
                                                                                
Agent the Aspirant             St:10 Dx:14 Co:13 In:13 Wi:18 Ch:8 Neutral S:373 
Dlvl:5 $:17 HP:8(18) Pw:20(20) AC:7 Xp:2/39 T:782                               

",0.0,False
393,northwest,,"message:
You hear a E note squeak in the distance.

language observation:
horizontal wall far north
dark area near east
northwest room corner very near northeast and southeast
northeast room corner very near south
dark area very near southwest, west, and northwest
stairs up adjacent north

cursor:
Yourself a priestess
(x=33, y=10)

map:
                                ----                                            
                                -..-                                            
                                ....                                            
                                ....                                            
                                ....                                            
                                ....                                            
                                ....                                            
                                ...-                                            
                                .<.|                                            
                                .@.#                                            
                                ....                                            
                                 -.-                                            
                                 ---                                            
                                                                                
                                                                                
                                                                                
                                                                                
                                                                                
                                                                                
                                                                                
                                                                                
Agent the Aspirant             St:10 Dx:14 Co:13 In:13 Wi:18 Ch:8 Neutral S:373 
Dlvl:5 $:17 HP:8(18) Pw:20(20) AC:7 Xp:2/39 T:783                               

",0.0,False
394,north,,"message:
The giant rat bites!

language observation:
horizontal wall far north
dark area near northeast and southeast
northeast room corner near south
vertical wall very near east
dark area very near southwest, west, and northwest
giant rat adjacent northeast

cursor:
Yourself a priestess
(x=33, y=9)

map:
                                ----                                            
                                -..-                                            
                                ....                                            
                                ....                                            
                                ....                                            
                                ....                                            
                                ....                                            
                                ..r-                                            
                                .@.|                                            
                                ...#                                            
                                ....                                            
                                 -.-                                            
                                 ---                                            
                                                                                
                                                                                
                                                                                
                                                                                
                                                                                
                                                                                
                                                                                
                                                                                
Agent the Aspirant             St:10 Dx:14 Co:13 In:13 Wi:18 Ch:8 Neutral S:373 
Dlvl:5 $:17 HP:6(18) Pw:20(20) AC:7 Xp:2/39 T:784                               

",0.0,False
395,up,,"message:
You climb up the stairs.


language observation:
stairs up very far westsouthwest
vertical closed door far eastnortheast
green mold far eastnortheast
vertical wall far east
horizontal wall near north and northeast
vertical wall near west
gold piece near westnorthwest
northwest room corner near northwest
fountain adjacent east
horizontal wall adjacent southeast, south, and southwest

cursor:
Yourself a priestess
(x=52, y=10)

map:
                                                                                
                                                                                
                                                                                
                             -------                                            
   ---------------           |.....|           --------------                   
   |.............|           |.....-###########.............+                   
   |............^.#          |.....|           |............|                   
   |.............|##         |.....|           |.............                   
   -------|------- #         |.....|           |$.........F.|                   
          #        ###       ---|---           |....@{......|                   
          ##         #       ####              --------------                   
           ##        #      ##                                                  
            ###      #      #                                                   
          ----.--    ##-----.--------                                           
          |.....|     #|............|                                           
          |.....|     #......<......|                                           
          |.....|     #|............|                                           
          |.....-######.............|                                           
          -------      --------------                                           
                                                                                
                                                                                
Agent the Aspirant             St:10 Dx:14 Co:13 In:13 Wi:18 Ch:8 Neutral S:373 
Dlvl:4 $:17 HP:6(18) Pw:20(20) AC:7 Xp:2/39 T:785                               

",0.0,False
396,wait,,"message:


language observation:
stairs up very far westsouthwest
vertical closed door far eastnortheast
green mold far eastnortheast
vertical wall far east
horizontal wall near north and northeast
vertical wall near west
gold piece near westnorthwest
northwest room corner near northwest
fountain adjacent east
horizontal wall adjacent southeast, south, and southwest

cursor:
Yourself a priestess
(x=52, y=10)

map:
                                                                                
                                                                                
                                                                                
                             -------                                            
   ---------------           |.....|           --------------                   
   |.............|           |.....-###########.............+                   
   |............^.#          |.....|           |............|                   
   |.............|##         |.....|           |.............                   
   -------|------- #         |.....|           |$.........F.|                   
          #        ###       ---|---           |....@{......|                   
          ##         #       ####              --------------                   
           ##        #      ##                                                  
            ###      #      #                                                   
          ----.--    ##-----.--------                                           
          |.....|     #|............|                                           
          |.....|     #......<......|                                           
          |.....|     #|............|                                           
          |.....-######.............|                                           
          -------      --------------                                           
                                                                                
                                                                                
Agent the Aspirant             St:10 Dx:14 Co:13 In:13 Wi:18 Ch:8 Neutral S:373 
Dlvl:4 $:17 HP:6(18) Pw:20(20) AC:7 Xp:2/39 T:786                               

",0.0,False
397,travel,,"

Your previous output did not contain a valid action. Defaulted to action: esc

Observation:
message:


language observation:
stairs up very far westsouthwest
vertical closed door far eastnortheast
green mold far eastnortheast
vertical wall far east
horizontal wall near north and northeast
vertical wall near west
gold piece near westnorthwest
northwest room corner near northwest
fountain adjacent east
horizontal wall adjacent southeast, south, and southwest

cursor:
Yourself a priestess
(x=52, y=10)

map:
                                                                                
                                                                                
                                                                                
                             -------                                            
   ---------------           |.....|           --------------                   
   |.............|           |.....-###########.............+                   
   |............^.#          |.....|           |............|                   
   |.............|##         |.....|           |.............                   
   -------|------- #         |.....|           |$.........F.|                   
          #        ###       ---|---           |....@{......|                   
          ##         #       ####              --------------                   
           ##        #      ##                                                  
            ###      #      #                                                   
          ----.--    ##-----.--------                                           
          |.....|     #|............|                                           
          |.....|     #......<......|                                           
          |.....|     #|............|                                           
          |.....-######.............|                                           
          -------      --------------                                           
                                                                                
                                                                                
Agent the Aspirant             St:10 Dx:14 Co:13 In:13 Wi:18 Ch:8 Neutral S:373 
Dlvl:4 $:17 HP:6(18) Pw:20(20) AC:7 Xp:2/39 T:786                               

",0.0,False
398,far north,,"message:
It's a wall.

language observation:
stairs up very far westsouthwest
vertical closed door far east
dark area far east
green mold far eastsoutheast
horizontal wall near southeast and south
fountain near southsoutheast
stairs down near south
southwest corner near southwest
gold piece near westsouthwest
doorway near west
horizontal wall adjacent north, northeast, and northwest

cursor:
Yourself a priestess
(x=52, y=6)

map:
                                                                                
                                                                                
                                                                                
                             -------                                            
   ---------------           |.....|           --------------                   
   |.............|           |.....-###########.....@.......+                   
   |............^.#          |.....|           |............|                   
   |.............|##         |.....|           |.............                   
   -------|------- #         |.....|           |$.........F.|                   
          #        ###       ---|---           |....>{......|                   
          ##         #       ####              --------------                   
           ##        #      ##                                                  
            ###      #      #                                                   
          ----.--    ##-----.--------                                           
          |.....|     #|............|                                           
          |.....|     #......<......|                                           
          |.....|     #|............|                                           
          |.....-######.............|                                           
          -------      --------------                                           
                                                                                
                                                                                
Agent the Aspirant             St:10 Dx:14 Co:13 In:13 Wi:18 Ch:8 Neutral S:373 
Dlvl:4 $:17 HP:6(18) Pw:20(20) AC:7 Xp:2/39 T:790                               

",0.0,False
399,wait,,"message:


language observation:
stairs up very far westsouthwest
vertical closed door far east
dark area far east
green mold far eastsoutheast
horizontal wall near southeast and south
fountain near southsoutheast
stairs down near south
southwest corner near southwest
gold piece near westsouthwest
doorway near west
horizontal wall adjacent north, northeast, and northwest

cursor:
Yourself a priestess
(x=52, y=6)

map:
                                                                                
                                                                                
                                                                                
                             -------                                            
   ---------------           |.....|           --------------                   
   |.............|           |.....-###########.....@.......+                   
   |............^.#          |.....|           |............|                   
   |.............|##         |.....|           |.............                   
   -------|------- #         |.....|           |$.........F.|                   
          #        ###       ---|---           |....>{......|                   
          ##         #       ####              --------------                   
           ##        #      ##                                                  
            ###      #      #                                                   
          ----.--    ##-----.--------                                           
          |.....|     #|............|                                           
          |.....|     #......<......|                                           
          |.....|     #|............|                                           
          |.....-######.............|                                           
          -------      --------------                                           
                                                                                
                                                                                
Agent the Aspirant             St:10 Dx:14 Co:13 In:13 Wi:18 Ch:8 Neutral S:373 
Dlvl:4 $:17 HP:6(18) Pw:20(20) AC:7 Xp:2/39 T:791                               

",0.0,False
400,far west,,"message:


language observation:
vertical closed door far east
green mold far eastsoutheast
fountain far eastsoutheast
stairs up far westsouthwest
stairs down near eastsoutheast
horizontal wall near southeast
gold piece near southsoutheast
northwest room corner adjacent north
horizontal wall adjacent northeast
vertical wall adjacent south
dark area adjacent southwest and northwest

cursor:
Yourself a priestess
(x=47, y=6)

map:
                                                                                
                                                                                
                                                                                
                             -------                                            
   ---------------           |.....|           --------------                   
   |.............|           |.....-###########@............+                   
   |............^.#          |.....|           |............|                   
   |.............|##         |.....|           |.............                   
   -------|------- #         |.....|           |$.........F.|                   
          #        ###       ---|---           |....>{......|                   
          ##         #       ####              --------------                   
           ##        #      ##                                                  
            ###      #      #                                                   
          ----.--    ##-----.--------                                           
          |.....|     #|............|                                           
          |.....|     #......<......|                                           
          |.....|     #|............|                                           
          |.....-######.............|                                           
          -------      --------------                                           
                                                                                
                                                                                
Agent the Aspirant             St:10 Dx:14 Co:13 In:13 Wi:18 Ch:8 Neutral S:373 
Dlvl:4 $:17 HP:7(18) Pw:20(20) AC:7 Xp:2/39 T:796                               

",0.0,False
401,far west,,"message:


language observation:
vertical closed door very far east
gold piece far eastsoutheast
stairs down far eastsoutheast
fountain far eastsoutheast
stairs up far southsouthwest
vertical wall far west
horizontal wall near southwest
horizontal wall very near northwest
vertical wall adjacent north and south
dark area adjacent northeast and southeast

cursor:
Yourself a priestess
(x=35, y=6)

map:
                                                                                
                                                                                
                                                                                
                             -------                                            
   ---------------           |.....|           --------------                   
   |.............|           |.....@###########.............+                   
   |............^.#          |.....|           |............|                   
   |.............|##         |.....|           |.............                   
   -------|------- #         |.....|           |$...........|                   
          #        ###       ---|---           |....>{......|                   
          ##         #       ####              --------------                   
           ##        #      ##                                                  
            ###      #      #                                                   
          ----.--    ##-----.--------                                           
          |.....|     #|............|                                           
          |.....|     #......<......|                                           
          |.....|     #|............|                                           
          |.....-######.............|                                           
          -------      --------------                                           
                                                                                
                                                                                
Agent the Aspirant             St:10 Dx:14 Co:13 In:13 Wi:18 Ch:8 Neutral S:373 
Dlvl:4 $:17 HP:8(18) Pw:20(20) AC:7 Xp:2/39 T:808                               

",0.0,False
402,far west,,"message:
It's a wall.

language observation:
vertical closed door very far east
stairs down very far eastsoutheast
fountain very far eastsoutheast
gold piece far eastsoutheast
stairs up far southsouthwest
vertical open door near east
horizontal wall near southeast and south
horizontal wall very near north and northeast
vertical wall adjacent southwest, west, and northwest

cursor:
Yourself a priestess
(x=30, y=6)

map:
                                                                                
                                                                                
                                                                                
                             -------                                            
   ---------------           |.....|           --------------                   
   |.............|           |@....-###########.............+                   
   |............^.#          |.....|           |............|                   
   |.............|##         |.....|           |.............                   
   -------|------- #         |.....|           |$...........|                   
          #        ###       ---|---           |....>{......|                   
          ##         #       ####              --------------                   
           ##        #      ##                                                  
            ###      #      #                                                   
          ----.--    ##-----.--------                                           
          |.....|     #|............|                                           
          |.....|     #......<......|                                           
          |.....|     #|............|                                           
          |.....-######.............|                                           
          -------      --------------                                           
                                                                                
                                                                                
Agent the Aspirant             St:10 Dx:14 Co:13 In:13 Wi:18 Ch:8 Neutral S:373 
Dlvl:4 $:17 HP:8(18) Pw:20(20) AC:7 Xp:2/39 T:813                               

",0.0,False
403,far east,,"message:


language observation:
vertical closed door very far east
gold piece far eastsoutheast
stairs down far eastsoutheast
fountain far eastsoutheast
stairs up far southsouthwest
vertical wall far west
horizontal wall near southwest
horizontal wall very near northwest
vertical wall adjacent north and south
dark area adjacent northeast and southeast

cursor:
Yourself a priestess
(x=35, y=6)

map:
                                                                                
                                                                                
                                                                                
                             -------                                            
   ---------------           |.....|           --------------                   
   |.............|           |.....@###########.............+                   
   |............^.#          |.....|           |............|                   
   |.............|##         |.....|           |.............                   
   -------|------- #         |.....|           |$...........|                   
          #        ###       ---|---           |....>{......|                   
          ##         #       ####              --------------                   
           ##        #      ##                                                  
            ###      #      #                                                   
          ----.--    ##-----.--------                                           
          |.....|     #|............|                                           
          |.....|     #......<......|                                           
          |.....|     #|............|                                           
          |.....-######.............|                                           
          -------      --------------                                           
                                                                                
                                                                                
Agent the Aspirant             St:10 Dx:14 Co:13 In:13 Wi:18 Ch:8 Neutral S:373 
Dlvl:4 $:17 HP:9(18) Pw:20(20) AC:7 Xp:2/39 T:818                               

",0.0,False
404,west,,"message:


language observation:
vertical closed door very far east
gold piece far eastsoutheast
stairs down far eastsoutheast
fountain far eastsoutheast
stairs up far southsouthwest
horizontal wall near south and southwest
vertical wall near west
horizontal wall very near north and northwest
vertical wall adjacent northeast and southeast
vertical open door adjacent east

cursor:
Yourself a priestess
(x=34, y=6)

map:
                                                                                
                                                                                
                                                                                
                             -------                                            
   ---------------           |.....|           --------------                   
   |.............|           |....@-###########.............+                   
   |............^.#          |.....|           |............|                   
   |.............|##         |.....|           |.............                   
   -------|------- #         |.....|           |$...........|                   
          #        ###       ---|---           |....>{......|                   
          ##         #       ####              --------------                   
           ##        #      ##                                                  
            ###      #      #                                                   
          ----.--    ##-----.--------                                           
          |.....|     #|............|                                           
          |.....|     #......<......|                                           
          |.....|     #|............|                                           
          |.....-######.............|                                           
          -------      --------------                                           
                                                                                
                                                                                
Agent the Aspirant             St:10 Dx:14 Co:13 In:13 Wi:18 Ch:8 Neutral S:373 
Dlvl:4 $:17 HP:9(18) Pw:20(20) AC:7 Xp:2/39 T:819                               

",0.0,False
405,read,,"message:
What do you want to read? [ghj or ?*]

language observation:
vertical closed door very far east
gold piece far eastsoutheast
stairs down far eastsoutheast
fountain far eastsoutheast
stairs up far southsouthwest
horizontal wall near south and southwest
vertical wall near west
horizontal wall very near north and northwest
vertical wall adjacent northeast and southeast
vertical open door adjacent east

cursor:

(x=38, y=0)

map:
                                                                                
                                                                                
                                                                                
                             -------                                            
   ---------------           |.....|           --------------                   
   |.............|           |....@-###########.............+                   
   |............^.#          |.....|           |............|                   
   |.............|##         |.....|           |.............                   
   -------|------- #         |.....|           |$...........|                   
          #        ###       ---|---           |....>{......|                   
          ##         #       ####              --------------                   
           ##        #      ##                                                  
            ###      #      #                                                   
          ----.--    ##-----.--------                                           
          |.....|     #|............|                                           
          |.....|     #......<......|                                           
          |.....|     #|............|                                           
          |.....-######.............|                                           
          -------      --------------                                           
                                                                                
                                                                                
Agent the Aspirant             St:10 Dx:14 Co:13 In:13 Wi:18 Ch:8 Neutral S:373 
Dlvl:4 $:17 HP:9(18) Pw:20(20) AC:7 Xp:2/39 T:819                               

",0.0,False
406,g,,"message:
You begin to memorize the runes.  You stop studying.

language observation:
vertical closed door very far east
gold piece far eastsoutheast
stairs down far eastsoutheast
fountain far eastsoutheast
stairs up far southsouthwest
horizontal wall near south and southwest
gecko near southsouthwest
vertical wall near west
horizontal wall very near north and northwest
vertical wall adjacent northeast and southeast
vertical open door adjacent east

cursor:
Yourself a priestess
(x=34, y=6)

map:
                                                                                
                                                                                
                                                                                
                             -------                                            
   ---------------           |.....|           --------------                   
   |.............|           |....@-###########.............+                   
   |............^.#          |.....|           |............|                   
   |.............|##         |.....|           |.............                   
   -------|------- #         |.....|           |$...........|                   
          #        ###       ---:---           |....>{......|                   
          ##         #       ####              --------------                   
           ##        #      ##                                                  
            ###      #      #                                                   
          ----.--    ##-----.--------                                           
          |.....|     #|............|                                           
          |.....|     #......<......|                                           
          |.....|     #|............|                                           
          |.....-######.............|                                           
          -------      --------------                                           
                                                                                
                                                                                
Agent the Aspirant             St:10 Dx:14 Co:13 In:13 Wi:18 Ch:8 Neutral S:373 
Dlvl:4 $:17 HP:9(18) Pw:20(20) AC:7 Xp:2/39 T:820                               

",0.0,False
407,southwest,,"message:


language observation:
vertical closed door very far eastnortheast
fountain very far eastsoutheast
gold piece far eastsoutheast
stairs down far eastsoutheast
stairs up far southsouthwest
horizontal wall near north, south, southwest, and northwest
gecko near southsouthwest
vertical wall near west
vertical wall very near northeast, east, and southeast

cursor:
Yourself a priestess
(x=33, y=7)

map:
                                                                                
                                                                                
                                                                                
                             -------                                            
   ---------------           |.....|           --------------                   
   |.............|           |.....-###########.............+                   
   |............^.#          |...@.|           |............|                   
   |.............|##         |.....|           |.............                   
   -------|------- #         |.....|           |$...........|                   
          #        ###       ---:---           |....>{......|                   
          ##         #       ####              --------------                   
           ##        #      ##                                                  
            ###      #      #                                                   
          ----.--    ##-----.--------                                           
          |.....|     #|............|                                           
          |.....|     #......<......|                                           
          |.....|     #|............|                                           
          |.....-######.............|                                           
          -------      --------------                                           
                                                                                
                                                                                
Agent the Aspirant             St:10 Dx:14 Co:13 In:13 Wi:18 Ch:8 Neutral S:373 
Dlvl:4 $:17 HP:9(18) Pw:20(20) AC:7 Xp:2/39 T:821                               

",0.0,False
408,south,,"message:


language observation:
vertical closed door very far eastnortheast
fountain very far eastsoutheast
gold piece far eastsoutheast
stairs down far eastsoutheast
stairs up far southsouthwest
horizontal wall near north
dark area near northeast
vertical wall near west
northwest room corner near northwest
vertical open door very near northeast
vertical wall very near east
southeast corner very near southeast
horizontal wall very near south and southwest
gecko adjacent southwest

cursor:
Yourself a priestess
(x=33, y=8)

map:
                                                                                
                                                                                
                                                                                
                             -------                                            
   ---------------           |.....|           --------------                   
   |.............|           |.....-###########.............+                   
   |............^.#          |.....|           |............|                   
   |.............|##         |...@.|           |.............                   
   -------|------- #         |..:..|           |$...........|                   
          #        ###       ---|---           |....>{......|                   
          ##         #       ####              --------------                   
           ##        #      ##                                                  
            ###      #      #                                                   
          ----.--    ##-----.--------                                           
          |.....|     #|............|                                           
          |.....|     #......<......|                                           
          |.....|     #|............|                                           
          |.....-######.............|                                           
          -------      --------------                                           
                                                                                
                                                                                
Agent the Aspirant             St:10 Dx:14 Co:13 In:13 Wi:18 Ch:8 Neutral S:373 
Dlvl:4 $:17 HP:9(18) Pw:20(20) AC:7 Xp:2/39 T:822                               

",0.0,False
409,southwest,,"message:
You miss the gecko.  The gecko bites!

language observation:
vertical closed door very far eastnortheast
fountain very far eastsoutheast
gold piece far eastsoutheast
stairs down far eastsoutheast
stairs up far southsouthwest
horizontal wall near north
dark area near northeast
vertical wall near west
northwest room corner near northwest
vertical open door very near northeast
vertical wall very near east
southeast corner very near southeast
horizontal wall very near south and southwest
gecko adjacent southwest

cursor:
Yourself a priestess
(x=33, y=8)

map:
                                                                                
                                                                                
                                                                                
                             -------                                            
   ---------------           |.....|           --------------                   
   |.............|           |.....-###########.............+                   
   |............^.#          |.....|           |............|                   
   |.............|##         |...@.|           |.............                   
   -------|------- #         |..:..|           |$...........|                   
          #        ###       ---|---           |....>{......|                   
          ##         #       ####              --------------                   
           ##        #      ##                                                  
            ###      #      #                                                   
          ----.--    ##-----.--------                                           
          |.....|     #|............|                                           
          |.....|     #......<......|                                           
          |.....|     #|............|                                           
          |.....-######.............|                                           
          -------      --------------                                           
                                                                                
                                                                                
Agent the Aspirant             St:10 Dx:14 Co:13 In:13 Wi:18 Ch:8 Neutral S:373 
Dlvl:4 $:17 HP:8(18) Pw:20(20) AC:7 Xp:2/39 T:823                               

",0.0,False
410,southwest,,"message:
You kill the gecko!  Welcome to experience level 3.

language observation:
vertical closed door very far eastnortheast
fountain very far eastsoutheast
gold piece far eastsoutheast
stairs down far eastsoutheast
stairs up far southsouthwest
horizontal wall near north
dark area near northeast
vertical wall near west
northwest room corner near northwest
vertical open door very near northeast
vertical wall very near east
southeast corner very near southeast
horizontal wall very near south and southwest

cursor:
Yourself a priestess
(x=33, y=8)

map:
                                                                                
                                                                                
                                                                                
                             -------                                            
   ---------------           |.....|           --------------                   
   |.............|           |.....-###########.............+                   
   |............^.#          |.....|           |............|                   
   |.............|##         |...@.|           |.............                   
   -------|------- #         |.....|           |$...........|                   
          #        ###       ---|---           |....>{......|                   
          ##         #       ####              --------------                   
           ##        #      ##                                                  
            ###      #      #                                                   
          ----.--    ##-----.--------                                           
          |.....|     #|............|                                           
          |.....|     #......<......|                                           
          |.....|     #|............|                                           
          |.....-######.............|                                           
          -------      --------------                                           
                                                                                
                                                                                
Agent the Acolyte              St:10 Dx:14 Co:13 In:13 Wi:18 Ch:8 Neutral S:381 
Dlvl:4 $:17 HP:10(20) Pw:36(36) AC:7 Xp:3/41 T:824                              

",8.0,False
411,northeast,,"message:


language observation:
vertical closed door very far eastnortheast
gold piece far eastsoutheast
stairs down far eastsoutheast
fountain far eastsoutheast
stairs up far southsouthwest
horizontal wall near north, south, southwest, and northwest
vertical wall near west
dark area very near northeast
vertical open door adjacent northeast
vertical wall adjacent east and southeast

cursor:
Yourself a priestess
(x=34, y=7)

map:
                                                                                
                                                                                
                                                                                
                             -------                                            
   ---------------           |.....|           --------------                   
   |.............|           |.....-###########.............+                   
   |............^.#          |....@|           |............|                   
   |.............|##         |.....|           |.............                   
   -------|------- #         |.....|           |$...........|                   
          #        ###       ---|---           |....>{......|                   
          ##         #       ####              --------------                   
           ##        #      ##                                                  
            ###      #      #                                                   
          ----.--    ##-----.--------                                           
          |.....|     #|............|                                           
          |.....|     #......<......|                                           
          |.....|     #|............|                                           
          |.....-######.............|                                           
          -------      --------------                                           
                                                                                
                                                                                
Agent the Acolyte              St:10 Dx:14 Co:13 In:13 Wi:18 Ch:8 Neutral S:381 
Dlvl:4 $:17 HP:10(20) Pw:36(36) AC:7 Xp:3/41 T:825                              

",0.0,False
412,north,,"message:


language observation:
vertical closed door very far east
gold piece far eastsoutheast
stairs down far eastsoutheast
fountain far eastsoutheast
stairs up far southsouthwest
horizontal wall near south and southwest
vertical wall near west
horizontal wall very near north and northwest
vertical wall adjacent northeast and southeast
vertical open door adjacent east

cursor:
Yourself a priestess
(x=34, y=6)

map:
                                                                                
                                                                                
                                                                                
                             -------                                            
   ---------------           |.....|           --------------                   
   |.............|           |....@-###########.............+                   
   |............^.#          |.....|           |............|                   
   |.............|##         |.....|           |.............                   
   -------|------- #         |.....|           |$...........|                   
          #        ###       ---|---           |....>{......|                   
          ##         #       ####              --------------                   
           ##        #      ##                                                  
            ###      #      #                                                   
          ----.--    ##-----.--------                                           
          |.....|     #|............|                                           
          |.....|     #......<......|                                           
          |.....|     #|............|                                           
          |.....-######.............|                                           
          -------      --------------                                           
                                                                                
                                                                                
Agent the Acolyte              St:10 Dx:14 Co:13 In:13 Wi:18 Ch:8 Neutral S:381 
Dlvl:4 $:17 HP:10(20) Pw:36(36) AC:7 Xp:3/41 T:826                              

",0.0,False
413,far east,,"message:


language observation:
vertical closed door very far east
gold piece far eastsoutheast
stairs down far eastsoutheast
fountain far eastsoutheast
stairs up far southsouthwest
vertical wall far west
horizontal wall near southwest
horizontal wall very near northwest
vertical wall adjacent north and south
dark area adjacent northeast and southeast

cursor:
Yourself a priestess
(x=35, y=6)

map:
                                                                                
                                                                                
                                                                                
                             -------                                            
   ---------------           |.....|           --------------                   
   |.............|           |.....@###########.............+                   
   |............^.#          |.....|           |............|                   
   |.............|##         |.....|           |.............                   
   -------|------- #         |.....|           |$...........|                   
          #        ###       ---|---           |....>{......|                   
          ##         #       ####              --------------                   
           ##        #      ##                                                  
            ###      #      #                                                   
          ----.--    ##-----.--------                                           
          |.....|     #|............|                                           
          |.....|     #......<......|                                           
          |.....|     #|............|                                           
          |.....-######.............|                                           
          -------      --------------                                           
                                                                                
                                                                                
Agent the Acolyte              St:10 Dx:14 Co:13 In:13 Wi:18 Ch:8 Neutral S:381 
Dlvl:4 $:17 HP:10(20) Pw:36(36) AC:7 Xp:3/41 T:827                              

",0.0,False
414,far east,,"message:
You hear a jackal howling at the moon.

language observation:
vertical closed door far east
green mold far eastsoutheast
fountain far eastsoutheast
stairs up far westsouthwest
stairs down near eastsoutheast
horizontal wall near southeast
gold piece near southsoutheast
northwest room corner adjacent north
horizontal wall adjacent northeast
vertical wall adjacent south
dark area adjacent southwest and northwest

cursor:
Yourself a priestess
(x=47, y=6)

map:
                                                                                
                                                                                
                                                                                
                             -------                                            
   ---------------           |.....|           --------------                   
   |.............|           |.....-###########@............+                   
   |............^.#          |.....|           |............|                   
   |.............|##         |.....|           |.............                   
   -------|------- #         |.....|           |$.........F.|                   
          #        ###       ---|---           |....>{......|                   
          ##         #       ####              --------------                   
           ##        #      ##                                                  
            ###      #      #                                                   
          ----.--    ##-----.--------                                           
          |.....|     #|............|                                           
          |.....|     #......<......|                                           
          |.....|     #|............|                                           
          |.....-######.............|                                           
          -------      --------------                                           
                                                                                
                                                                                
Agent the Acolyte              St:10 Dx:14 Co:13 In:13 Wi:18 Ch:8 Neutral S:381 
Dlvl:4 $:17 HP:12(20) Pw:36(36) AC:7 Xp:3/41 T:839                              

",0.0,False
415,travel,,"

Your previous output did not contain a valid action. Defaulted to action: esc

Observation:
message:


language observation:
vertical closed door far east
green mold far eastsoutheast
fountain far eastsoutheast
stairs up far westsouthwest
stairs down near eastsoutheast
horizontal wall near southeast
gold piece near southsoutheast
northwest room corner adjacent north
horizontal wall adjacent northeast
vertical wall adjacent south
dark area adjacent southwest and northwest

cursor:
Yourself a priestess
(x=47, y=6)

map:
                                                                                
                                                                                
                                                                                
                             -------                                            
   ---------------           |.....|           --------------                   
   |.............|           |.....-###########@............+                   
   |............^.#          |.....|           |............|                   
   |.............|##         |.....|           |.............                   
   -------|------- #         |.....|           |$.........F.|                   
          #        ###       ---|---           |....>{......|                   
          ##         #       ####              --------------                   
           ##        #      ##                                                  
            ###      #      #                                                   
          ----.--    ##-----.--------                                           
          |.....|     #|............|                                           
          |.....|     #......<......|                                           
          |.....|     #|............|                                           
          |.....-######.............|                                           
          -------      --------------                                           
                                                                                
                                                                                
Agent the Acolyte              St:10 Dx:14 Co:13 In:13 Wi:18 Ch:8 Neutral S:381 
Dlvl:4 $:17 HP:12(20) Pw:36(36) AC:7 Xp:3/41 T:839                              

",0.0,False
416,southeast,,"message:


language observation:
vertical closed door far eastnortheast
green mold far eastsoutheast
stairs up far westsouthwest
stairs down near eastsoutheast
fountain near eastsoutheast
horizontal wall near southeast and south
horizontal wall very near north and northeast
gold piece very near south
dark area very near northwest
vertical wall adjacent southwest and west
doorway adjacent northwest

cursor:
Yourself a priestess
(x=48, y=7)

map:
                                                                                
                                                                                
                                                                                
                             -------                                            
   ---------------           |.....|           --------------                   
   |.............|           |.....-###########.............+                   
   |............^.#          |.....|           |@...........|                   
   |.............|##         |.....|           |.............                   
   -------|------- #         |.....|           |$.........F.|                   
          #        ###       ---|---           |....>{......|                   
          ##         #       ####              --------------                   
           ##        #      ##                                                  
            ###      #      #                                                   
          ----.--    ##-----.--------                                           
          |.....|     #|............|                                           
          |.....|     #......<......|                                           
          |.....|     #|............|                                           
          |.....-######.............|                                           
          -------      --------------                                           
                                                                                
                                                                                
Agent the Acolyte              St:10 Dx:14 Co:13 In:13 Wi:18 Ch:8 Neutral S:381 
Dlvl:4 $:17 HP:12(20) Pw:36(36) AC:7 Xp:3/41 T:840                              

",0.0,False
417,southeast,,"message:


language observation:
stairs up very far westsouthwest
vertical closed door far eastnortheast
green mold far eastsoutheast
horizontal wall near north, northeast, southeast, and south
stairs down near eastsoutheast
fountain near eastsoutheast
dark area near northwest
vertical wall very near southwest and west
doorway very near northwest
gold piece adjacent southwest

cursor:
Yourself a priestess
(x=49, y=8)

map:
                                                                                
                                                                                
                                                                                
                             -------                                            
   ---------------           |.....|           --------------                   
   |.............|           |.....-###########.............+                   
   |............^.#          |.....|           |............|                   
   |.............|##         |.....|           |.@...........                   
   -------|------- #         |.....|           |$.........F.|                   
          #        ###       ---|---           |....>{......|                   
          ##         #       ####              --------------                   
           ##        #      ##                                                  
            ###      #      #                                                   
          ----.--    ##-----.--------                                           
          |.....|     #|............|                                           
          |.....|     #......<......|                                           
          |.....|     #|............|                                           
          |.....-######.............|                                           
          -------      --------------                                           
                                                                                
                                                                                
Agent the Acolyte              St:10 Dx:14 Co:13 In:13 Wi:18 Ch:8 Neutral S:381 
Dlvl:4 $:17 HP:12(20) Pw:36(36) AC:7 Xp:3/41 T:841                              

",0.0,False
418,southeast,,"message:


language observation:
stairs up very far westsouthwest
vertical closed door far eastnortheast
green mold far east
horizontal wall near north and northeast
fountain near eastsoutheast
vertical wall near west
doorway near northwest
dark area near northwest
stairs down very near eastsoutheast
horizontal wall very near southeast, south, and southwest
gold piece very near west

cursor:
Yourself a priestess
(x=50, y=9)

map:
                                                                                
                                                                                
                                                                                
                             -------                                            
   ---------------           |.....|           --------------                   
   |.............|           |.....-###########.............+                   
   |............^.#          |.....|           |............|                   
   |.............|##         |.....|           |.............                   
   -------|------- #         |.....|           |$.@.......F.|                   
          #        ###       ---|---           |....>{......|                   
          ##         #       ####              --------------                   
           ##        #      ##                                                  
            ###      #      #                                                   
          ----.--    ##-----.--------                                           
          |.....|     #|............|                                           
          |.....|     #......<......|                                           
          |.....|     #|............|                                           
          |.....-######.............|                                           
          -------      --------------                                           
                                                                                
                                                                                
Agent the Acolyte              St:10 Dx:14 Co:13 In:13 Wi:18 Ch:8 Neutral S:381 
Dlvl:4 $:17 HP:12(20) Pw:36(36) AC:7 Xp:3/41 T:842                              

",0.0,False
419,southeast,,"message:


language observation:
stairs up very far westsouthwest
vertical closed door far eastnortheast
green mold far eastnortheast
vertical wall far east
horizontal wall near north and northeast
vertical wall near west
gold piece near westnorthwest
doorway near northwest
dark area near northwest
fountain very near east
stairs down adjacent east
horizontal wall adjacent southeast, south, and southwest

cursor:
Yourself a priestess
(x=51, y=10)

map:
                                                                                
                                                                                
                                                                                
                             -------                                            
   ---------------           |.....|           --------------                   
   |.............|           |.....-###########.............+                   
   |............^.#          |.....|           |............|                   
   |.............|##         |.....|           |.............                   
   -------|------- #         |.....|           |$.........F.|                   
          #        ###       ---|---           |...@>{......|                   
          ##         #       ####              --------------                   
           ##        #      ##                                                  
            ###      #      #                                                   
          ----.--    ##-----.--------                                           
          |.....|     #|............|                                           
          |.....|     #......<......|                                           
          |.....|     #|............|                                           
          |.....-######.............|                                           
          -------      --------------                                           
                                                                                
                                                                                
Agent the Acolyte              St:10 Dx:14 Co:13 In:13 Wi:18 Ch:8 Neutral S:381 
Dlvl:4 $:17 HP:12(20) Pw:36(36) AC:7 Xp:3/41 T:843                              

",0.0,False
420,east,,"message:


language observation:
stairs up very far westsouthwest
vertical closed door far eastnortheast
green mold far eastnortheast
vertical wall far east
horizontal wall near north and northeast
vertical wall near west
gold piece near westnorthwest
northwest room corner near northwest
fountain adjacent east
horizontal wall adjacent southeast, south, and southwest

cursor:
Yourself a priestess
(x=52, y=10)

map:
                                                                                
                                                                                
                                                                                
                             -------                                            
   ---------------           |.....|           --------------                   
   |.............|           |.....-###########.............+                   
   |............^.#          |.....|           |............|                   
   |.............|##         |.....|           |.............                   
   -------|------- #         |.....|           |$.........F.|                   
          #        ###       ---|---           |....@{......|                   
          ##         #       ####              --------------                   
           ##        #      ##                                                  
            ###      #      #                                                   
          ----.--    ##-----.--------                                           
          |.....|     #|............|                                           
          |.....|     #......<......|                                           
          |.....|     #|............|                                           
          |.....-######.............|                                           
          -------      --------------                                           
                                                                                
                                                                                
Agent the Acolyte              St:10 Dx:14 Co:13 In:13 Wi:18 Ch:8 Neutral S:381 
Dlvl:4 $:17 HP:12(20) Pw:36(36) AC:7 Xp:3/41 T:844                              

",0.0,False
421,down,,"message:
You descend the stairs.
The giant rat bites!

language observation:
horizontal wall far north
dark area near northeast and southeast
northeast room corner near south
vertical wall very near east
dark area very near southwest, west, and northwest
giant rat adjacent northeast
dwarf adjacent east

cursor:
Yourself a priestess
(x=33, y=9)

map:
                                ----                                            
                                -..-                                            
                                ....                                            
                                ....                                            
                                ....                                            
                                ....                                            
                                ....                                            
                                ..r-                                            
                                .@h|                                            
                                ...#                                            
                                ....                                            
                                 -.-                                            
                                 ---                                            
                                                                                
                                                                                
                                                                                
                                                                                
                                                                                
                                                                                
                                                                                
                                                                                
Agent the Acolyte              St:10 Dx:14 Co:13 In:13 Wi:18 Ch:8 Neutral S:381 
Dlvl:5 $:17 HP:11(20) Pw:36(36) AC:7 Xp:3/41 T:845                              

",0.0,False
422,northeast,,"message:
You miss the giant rat.  The dwarf swings her broad pick.
The dwarf hits!
 
You made the top ten list!
No  Points     Name
Hp [max]
1        380  Agent-Pri-Hum-Fem-Neu died in The Gnomi
ish Mines on
level 5.  Killed by a dwarf.
-  [20]


language observation:
dark area adjacent east, southeast, and south

cursor:
very far eastsoutheast 
(x=23, y=9)

map:
You made the top ten list!                                                      
                                                                                
                           No  Points     Name                                  
                 Hp [max]                                                       
                           1        380  Agent-Pri-Hum-Fem-Neu died in The Gnomi
sh Mines on                                                                     
                                        level 5.  Killed by a dwarf.            
                -  [20]                                                         
                                                                                
                                                                                
                                                                                
                                                                                
                                                                                
                                                                                
                                                                                
                                                                                
                                                                                
                                                                                
                                                                                
                                                                                
                                                                                
                                                                                
                                                                                

",0.0,True
