Step,Action,Reasoning,Observation,Reward,Done
0,puton,,"message:
What do you want to put on? [de or ?*]

language observation:
stairs down very far eastsoutheast
lichens far eastsoutheast
lava near eastnortheast and east
area of lava near eastsoutheast
horizontal wall near southeast and south
horizontal wall very near north and northeast
vertical wall very near southwest and west
northwest room corner very near northwest

cursor:

(x=39, y=0)

map:
                                                                                
                                                                                
                                                                                
                                                                                
                                                                                
                                                                                
                                                                                
                        --------------                                          
                        |.....}......---                                        
                        |.@...}........-                                        
                        |.....}....F...............>|                           
                        |.....}.......F--------     |                           
                        |.....}......---                                        
                        --------------                                          
                                                                                
                                                                                
                                                                                
                                                                                
                                                                                
                                                                                
                                                                                
Agent the Evoker               St:11 Dx:17 Co:12 In:16 Wi:9 Ch:10 Chaotic S:0   
Dlvl:1 $:0 HP:11(11) Pw:9(9) AC:9 Xp:1/0                                        

",-0.01,False
1,eat,,"message:
Which ring-finger, Right or Left? [rl]

language observation:
stairs down very far eastsoutheast
lichens far eastsoutheast
lava near eastnortheast and east
area of lava near eastsoutheast
horizontal wall near southeast and south
horizontal wall very near north and northeast
vertical wall very near southwest and west
northwest room corner very near northwest

cursor:

(x=39, y=0)

map:
                                                                                
                                                                                
                                                                                
                                                                                
                                                                                
                                                                                
                                                                                
                        --------------                                          
                        |.....}......---                                        
                        |.@...}........-                                        
                        |.....}....F...............>|                           
                        |.....}.......F--------     |                           
                        |.....}......---                                        
                        --------------                                          
                                                                                
                                                                                
                                                                                
                                                                                
                                                                                
                                                                                
                                                                                
Agent the Evoker               St:11 Dx:17 Co:12 In:16 Wi:9 Ch:10 Chaotic S:0   
Dlvl:1 $:0 HP:11(11) Pw:9(9) AC:9 Xp:1/0                                        

",-0.01,False
2,east,,"message:
e - an uncursed ring of cold resistance (on left hand).

language observation:
stairs down very far eastsoutheast
lichens far eastsoutheast
lava near eastnortheast and east
area of lava near eastsoutheast
horizontal wall near southeast and south
horizontal wall very near north and northeast
vertical wall very near southwest and west
northwest room corner very near northwest

cursor:
Yourself a wizard
(x=26, y=10)

map:
                                                                                
                                                                                
                                                                                
                                                                                
                                                                                
                                                                                
                                                                                
                        --------------                                          
                        |.....}......---                                        
                        |.@...}........-                                        
                        |.....}....F...............>|                           
                        |.....}.......F--------     |                           
                        |.....}......---                                        
                        --------------                                          
                                                                                
                                                                                
                                                                                
                                                                                
                                                                                
                                                                                
                                                                                
Agent the Evoker               St:11 Dx:17 Co:12 In:16 Wi:9 Ch:10 Chaotic S:0   
Dlvl:1 $:0 HP:11(11) Pw:9(9) AC:9 Xp:1/0                                        

",0.0,False
3,east,,"message:


language observation:
stairs down very far eastsoutheast
lichens far eastsoutheast
lava near eastnortheast, east, and southeast
area of lava near eastsoutheast
horizontal wall near southeast and south
vertical wall near southwest and west
horizontal wall very near north, northeast, and northwest
horn adjacent west

cursor:
Yourself a wizard
(x=27, y=10)

map:
                                                                                
                                                                                
                                                                                
                                                                                
                                                                                
                                                                                
                                                                                
                        --------------                                          
                        |.....}......---                                        
                        |.(@..}........-                                        
                        |.....}....F...............>|                           
                        |.....}.......F--------     |                           
                        |.....}......---                                        
                        --------------                                          
                                                                                
                                                                                
                                                                                
                                                                                
                                                                                
                                                                                
                                                                                
Agent the Evoker               St:11 Dx:17 Co:12 In:16 Wi:9 Ch:10 Chaotic S:0   
Dlvl:1 $:0 HP:11(11) Pw:9(9) AC:9 Xp:1/0                                        

",0.0,False
4,west,,"message:


language observation:
stairs down very far eastsoutheast
lichens far eastsoutheast
lava near eastnortheast and east
area of lava near eastsoutheast
horizontal wall near southeast and south
horizontal wall very near north and northeast
vertical wall very near southwest and west
northwest room corner very near northwest

cursor:
Yourself a wizard
(x=26, y=10)

map:
                                                                                
                                                                                
                                                                                
                                                                                
                                                                                
                                                                                
                                                                                
                        --------------                                          
                        |.....}......---                                        
                        |.@...}........-                                        
                        |.....}....F...............>|                           
                        |.....}.......F--------     |                           
                        |.....}......---                                        
                        --------------                                          
                                                                                
                                                                                
                                                                                
                                                                                
                                                                                
                                                                                
                                                                                
Agent the Evoker               St:11 Dx:17 Co:12 In:16 Wi:9 Ch:10 Chaotic S:0   
Dlvl:1 $:0 HP:11(11) Pw:9(9) AC:9 Xp:1/0                                        

",0.0,False
5,pickup,,"message:


language observation:
stairs down very far eastsoutheast
lichens far eastsoutheast
lava near eastnortheast and east
area of lava near eastsoutheast
horizontal wall near southeast and south
horizontal wall very near north and northeast
vertical wall very near southwest and west
northwest room corner very near northwest

cursor:
Yourself a wizard
(x=26, y=10)

map:
                                                                                
                                                                                
                                                                                
                                                                                
                                                                                
                                                                                
                                                                                
                        --------------                                          
                        |.....}......---                                        
                        |.@...}........-                                        
                        |.....}....F...............>|                           
                        |.....}.......F--------     |                           
                        |.....}......---                                        
                        --------------                                          
                                                                                
                                                                                
                                                                                
                                                                                
                                                                                
                                                                                
                                                                                
Agent the Evoker               St:11 Dx:17 Co:12 In:16 Wi:9 Ch:10 Chaotic S:0   
Dlvl:1 $:0 HP:11(11) Pw:9(9) AC:9 Xp:1/0                                        

",-0.01,False
6,puton,,"message:
What do you want to put on? [d or ?*]

language observation:
stairs down very far eastsoutheast
lichens far eastsoutheast
lava near eastnortheast and east
area of lava near eastsoutheast
horizontal wall near southeast and south
horizontal wall very near north and northeast
vertical wall very near southwest and west
northwest room corner very near northwest

cursor:

(x=38, y=0)

map:
                                                                                
                                                                                
                                                                                
                                                                                
                                                                                
                                                                                
                                                                                
                        --------------                                          
                        |.....}......---                                        
                        |.@...}........-                                        
                        |.....}....F...............>|                           
                        |.....}.......F--------     |                           
                        |.....}......---                                        
                        --------------                                          
                                                                                
                                                                                
                                                                                
                                                                                
                                                                                
                                                                                
                                                                                
Agent the Evoker               St:11 Dx:17 Co:12 In:16 Wi:9 Ch:10 Chaotic S:0   
Dlvl:1 $:0 HP:11(11) Pw:9(9) AC:9 Xp:1/0                                        

",-0.01,False
7,down,,"message:
What do you want to put on? [d or ?*]

language observation:
stairs down very far eastsoutheast
lichens far eastsoutheast
lava near eastnortheast and east
area of lava near eastsoutheast
horizontal wall near southeast and south
horizontal wall very near north and northeast
vertical wall very near southwest and west
northwest room corner very near northwest

cursor:

(x=38, y=0)

map:
                                                                                
                                                                                
                                                                                
                                                                                
                                                                                
                                                                                
                                                                                
                        --------------                                          
                        |.....}......---                                        
                        |.@...}........-                                        
                        |.....}....F...............>|                           
                        |.....}.......F--------     |                           
                        |.....}......---                                        
                        --------------                                          
                                                                                
                                                                                
                                                                                
                                                                                
                                                                                
                                                                                
                                                                                
Agent the Evoker               St:11 Dx:17 Co:12 In:16 Wi:9 Ch:10 Chaotic S:0   
Dlvl:1 $:0 HP:11(11) Pw:9(9) AC:9 Xp:1/0                                        

",-0.01,False
8,wait,,"message:
What do you want to put on? [d or ?*]

language observation:
stairs down very far eastsoutheast
lichens far eastsoutheast
lava near eastnortheast and east
area of lava near eastsoutheast
horizontal wall near southeast and south
horizontal wall very near north and northeast
vertical wall very near southwest and west
northwest room corner very near northwest

cursor:

(x=38, y=0)

map:
                                                                                
                                                                                
                                                                                
                                                                                
                                                                                
                                                                                
                                                                                
                        --------------                                          
                        |.....}......---                                        
                        |.@...}........-                                        
                        |.....}....F...............>|                           
                        |.....}.......F--------     |                           
                        |.....}......---                                        
                        --------------                                          
                                                                                
                                                                                
                                                                                
                                                                                
                                                                                
                                                                                
                                                                                
Agent the Evoker               St:11 Dx:17 Co:12 In:16 Wi:9 Ch:10 Chaotic S:0   
Dlvl:1 $:0 HP:11(11) Pw:9(9) AC:9 Xp:1/0                                        

",-0.01,False
9,kick,,"message:
What do you want to put on? [d or ?*]

language observation:
stairs down very far eastsoutheast
lichens far eastsoutheast
lava near eastnortheast and east
area of lava near eastsoutheast
horizontal wall near southeast and south
horizontal wall very near north and northeast
vertical wall very near southwest and west
northwest room corner very near northwest

cursor:

(x=38, y=0)

map:
                                                                                
                                                                                
                                                                                
                                                                                
                                                                                
                                                                                
                                                                                
                        --------------                                          
                        |.....}......---                                        
                        |.@...}........-                                        
                        |.....}....F...............>|                           
                        |.....}.......F--------     |                           
                        |.....}......---                                        
                        --------------                                          
                                                                                
                                                                                
                                                                                
                                                                                
                                                                                
                                                                                
                                                                                
Agent the Evoker               St:11 Dx:17 Co:12 In:16 Wi:9 Ch:10 Chaotic S:0   
Dlvl:1 $:0 HP:11(11) Pw:9(9) AC:9 Xp:1/0                                        

",-0.01,False
10,more,,"message:
Never mind.

language observation:
stairs down very far eastsoutheast
lichens far eastsoutheast
lava near eastnortheast and east
area of lava near eastsoutheast
horizontal wall near southeast and south
horizontal wall very near north and northeast
vertical wall very near southwest and west
northwest room corner very near northwest

cursor:
Yourself a wizard
(x=26, y=10)

map:
                                                                                
                                                                                
                                                                                
                                                                                
                                                                                
                                                                                
                                                                                
                        --------------                                          
                        |.....}......---                                        
                        |.@...}........-                                        
                        |.....}....F...............>|                           
                        |.....}.......F--------     |                           
                        |.....}......---                                        
                        --------------                                          
                                                                                
                                                                                
                                                                                
                                                                                
                                                                                
                                                                                
                                                                                
Agent the Evoker               St:11 Dx:17 Co:12 In:16 Wi:9 Ch:10 Chaotic S:0   
Dlvl:1 $:0 HP:11(11) Pw:9(9) AC:9 Xp:1/0                                        

",-0.01,False
11,west,,"message:


language observation:
stairs down very far eastsoutheast
lichens far eastsoutheast
lava near eastnortheast and east
area of lava near eastsoutheast
horizontal wall near southeast and south
horizontal wall very near north and northeast
horn adjacent east
vertical wall adjacent southwest, west, and northwest

cursor:
Yourself a wizard
(x=25, y=10)

map:
                                                                                
                                                                                
                                                                                
                                                                                
                                                                                
                                                                                
                                                                                
                        --------------                                          
                        |.....}......---                                        
                        |@(...}........-                                        
                        |.....}....F...............>|                           
                        |.....}.......F--------     |                           
                        |.....}......---                                        
                        --------------                                          
                                                                                
                                                                                
                                                                                
                                                                                
                                                                                
                                                                                
                                                                                
Agent the Evoker               St:11 Dx:17 Co:12 In:16 Wi:9 Ch:10 Chaotic S:0   
Dlvl:1 $:0 HP:11(11) Pw:9(9) AC:9 Xp:1/0                                        

",0.0,False
12,east,,"message:


language observation:
stairs down very far eastsoutheast
lichens far eastsoutheast
lava near eastnortheast and east
area of lava near eastsoutheast
horizontal wall near southeast and south
horizontal wall very near north and northeast
vertical wall very near southwest and west
northwest room corner very near northwest

cursor:
Yourself a wizard
(x=26, y=10)

map:
                                                                                
                                                                                
                                                                                
                                                                                
                                                                                
                                                                                
                                                                                
                        --------------                                          
                        |.....}......---                                        
                        |.@...}........-                                        
                        |.....}....F.F.............>|                           
                        |.....}........--------     |                           
                        |.....}......---                                        
                        --------------                                          
                                                                                
                                                                                
                                                                                
                                                                                
                                                                                
                                                                                
                                                                                
Agent the Evoker               St:11 Dx:17 Co:12 In:16 Wi:9 Ch:10 Chaotic S:0   
Dlvl:1 $:0 HP:11(11) Pw:9(9) AC:9 Xp:1/0                                        

",0.0,False
13,east,,"message:


language observation:
stairs down very far eastsoutheast
lichens far eastsoutheast
lava near eastnortheast, east, and southeast
area of lava near eastsoutheast
horizontal wall near southeast and south
vertical wall near southwest and west
horizontal wall very near north, northeast, and northwest
horn adjacent west

cursor:
Yourself a wizard
(x=27, y=10)

map:
                                                                                
                                                                                
                                                                                
                                                                                
                                                                                
                                                                                
                                                                                
                        --------------                                          
                        |.....}......---                                        
                        |.(@..}........-                                        
                        |.....}....F.F.............>|                           
                        |.....}........--------     |                           
                        |.....}......---                                        
                        --------------                                          
                                                                                
                                                                                
                                                                                
                                                                                
                                                                                
                                                                                
                                                                                
Agent the Evoker               St:11 Dx:17 Co:12 In:16 Wi:9 Ch:10 Chaotic S:0   
Dlvl:1 $:0 HP:11(11) Pw:9(9) AC:9 Xp:1/0                                        

",0.0,False
14,west,,"message:


language observation:
stairs down very far eastsoutheast
lichens far eastsoutheast
lava near eastnortheast and east
area of lava near eastsoutheast
horizontal wall near southeast and south
horizontal wall very near north and northeast
vertical wall very near southwest and west
northwest room corner very near northwest

cursor:
Yourself a wizard
(x=26, y=10)

map:
                                                                                
                                                                                
                                                                                
                                                                                
                                                                                
                                                                                
                                                                                
                        --------------                                          
                        |.....}......---                                        
                        |.@...}........-                                        
                        |.....}....F.F.............>|                           
                        |.....}........--------     |                           
                        |.....}......---                                        
                        --------------                                          
                                                                                
                                                                                
                                                                                
                                                                                
                                                                                
                                                                                
                                                                                
Agent the Evoker               St:11 Dx:17 Co:12 In:16 Wi:9 Ch:10 Chaotic S:0   
Dlvl:1 $:0 HP:11(11) Pw:9(9) AC:9 Xp:1/0                                        

",0.0,False
15,east,,"message:


language observation:
stairs down very far eastsoutheast
lichens far eastsoutheast
lava near eastnortheast, east, and southeast
area of lava near eastsoutheast
horizontal wall near southeast and south
vertical wall near southwest and west
horizontal wall very near north, northeast, and northwest
horn adjacent west

cursor:
Yourself a wizard
(x=27, y=10)

map:
                                                                                
                                                                                
                                                                                
                                                                                
                                                                                
                                                                                
                                                                                
                        --------------                                          
                        |.....}......---                                        
                        |.(@..}........-                                        
                        |.....}....F.F.............>|                           
                        |.....}........--------     |                           
                        |.....}......---                                        
                        --------------                                          
                                                                                
                                                                                
                                                                                
                                                                                
                                                                                
                                                                                
                                                                                
Agent the Evoker               St:11 Dx:17 Co:12 In:16 Wi:9 Ch:10 Chaotic S:0   
Dlvl:1 $:0 HP:11(11) Pw:9(9) AC:9 Xp:1/0                                        

",0.0,False
16,west,,"message:


language observation:
stairs down very far eastsoutheast
lichens far eastsoutheast
lava near eastnortheast and east
area of lava near eastsoutheast
horizontal wall near southeast and south
horizontal wall very near north and northeast
vertical wall very near southwest and west
northwest room corner very near northwest

cursor:
Yourself a wizard
(x=26, y=10)

map:
                                                                                
                                                                                
                                                                                
                                                                                
                                                                                
                                                                                
                                                                                
                        --------------                                          
                        |.....}......---                                        
                        |.@...}........-                                        
                        |.....}....F.F.............>|                           
                        |.....}........--------     |                           
                        |.....}......---                                        
                        --------------                                          
                                                                                
                                                                                
                                                                                
                                                                                
                                                                                
                                                                                
                                                                                
Agent the Evoker               St:11 Dx:17 Co:12 In:16 Wi:9 Ch:10 Chaotic S:0   
Dlvl:1 $:0 HP:11(11) Pw:9(9) AC:9 Xp:1/0                                        

",0.0,False
17,north,,"message:


language observation:
stairs down very far eastsoutheast
lichens far eastsoutheast
lava near east and southeast
area of lava near eastsoutheast
horizontal wall near southeast and south
vertical wall very near southwest and west
horizontal wall adjacent north, northeast, and northwest
horn adjacent south

cursor:
Yourself a wizard
(x=26, y=9)

map:
                                                                                
                                                                                
                                                                                
                                                                                
                                                                                
                                                                                
                                                                                
                        --------------                                          
                        |.@...}......---                                        
                        |.(...}........-                                        
                        |.....}....F.F.............>|                           
                        |.....}........--------     |                           
                        |.....}......---                                        
                        --------------                                          
                                                                                
                                                                                
                                                                                
                                                                                
                                                                                
                                                                                
                                                                                
Agent the Evoker               St:11 Dx:17 Co:12 In:16 Wi:9 Ch:10 Chaotic S:0   
Dlvl:1 $:0 HP:11(11) Pw:9(9) AC:9 Xp:1/0                                        

",0.0,False
18,south,,"message:


language observation:
stairs down very far eastsoutheast
lichens far eastsoutheast
lava near eastnortheast and east
area of lava near eastsoutheast
horizontal wall near southeast and south
horizontal wall very near north and northeast
vertical wall very near southwest and west
northwest room corner very near northwest

cursor:
Yourself a wizard
(x=26, y=10)

map:
                                                                                
                                                                                
                                                                                
                                                                                
                                                                                
                                                                                
                                                                                
                        --------------                                          
                        |.....}......---                                        
                        |.@...}........-                                        
                        |.....}....F.F.............>|                           
                        |.....}........--------     |                           
                        |.....}......---                                        
                        --------------                                          
                                                                                
                                                                                
                                                                                
                                                                                
                                                                                
                                                                                
                                                                                
Agent the Evoker               St:11 Dx:17 Co:12 In:16 Wi:9 Ch:10 Chaotic S:0   
Dlvl:1 $:0 HP:11(11) Pw:9(9) AC:9 Xp:1/0                                        

",0.0,False
19,pickup,,"message:


language observation:
stairs down very far eastsoutheast
lichens far eastsoutheast
lava near eastnortheast and east
area of lava near eastsoutheast
horizontal wall near southeast and south
horizontal wall very near north and northeast
vertical wall very near southwest and west
northwest room corner very near northwest

cursor:
Yourself a wizard
(x=26, y=10)

map:
                                                                                
                                                                                
                                                                                
                                                                                
                                                                                
                                                                                
                                                                                
                        --------------                                          
                        |.....}......---                                        
                        |.@...}........-                                        
                        |.....}....F.F.............>|                           
                        |.....}........--------     |                           
                        |.....}......---                                        
                        --------------                                          
                                                                                
                                                                                
                                                                                
                                                                                
                                                                                
                                                                                
                                                                                
Agent the Evoker               St:11 Dx:17 Co:12 In:16 Wi:9 Ch:10 Chaotic S:0   
Dlvl:1 $:0 HP:11(11) Pw:9(9) AC:9 Xp:1/0                                        

",-0.01,False
20,west,,"message:


language observation:
stairs down very far eastsoutheast
lichens far eastsoutheast
lava near eastnortheast and east
area of lava near eastsoutheast
horizontal wall near southeast and south
horizontal wall very near north and northeast
horn adjacent east
vertical wall adjacent southwest, west, and northwest

cursor:
Yourself a wizard
(x=25, y=10)

map:
                                                                                
                                                                                
                                                                                
                                                                                
                                                                                
                                                                                
                                                                                
                        --------------                                          
                        |.....}......---                                        
                        |@(...}........-                                        
                        |.....}....F.F.............>|                           
                        |.....}........--------     |                           
                        |.....}......---                                        
                        --------------                                          
                                                                                
                                                                                
                                                                                
                                                                                
                                                                                
                                                                                
                                                                                
Agent the Evoker               St:11 Dx:17 Co:12 In:16 Wi:9 Ch:10 Chaotic S:0   
Dlvl:1 $:0 HP:11(11) Pw:9(9) AC:9 Xp:1/0                                        

",0.0,False
21,east,,"message:


language observation:
stairs down very far eastsoutheast
lichens far eastsoutheast
lava near eastnortheast and east
area of lava near eastsoutheast
horizontal wall near southeast and south
horizontal wall very near north and northeast
vertical wall very near southwest and west
northwest room corner very near northwest

cursor:
Yourself a wizard
(x=26, y=10)

map:
                                                                                
                                                                                
                                                                                
                                                                                
                                                                                
                                                                                
                                                                                
                        --------------                                          
                        |.....}......---                                        
                        |.@...}........-                                        
                        |.....}....F.F.............>|                           
                        |.....}........--------     |                           
                        |.....}......---                                        
                        --------------                                          
                                                                                
                                                                                
                                                                                
                                                                                
                                                                                
                                                                                
                                                                                
Agent the Evoker               St:11 Dx:17 Co:12 In:16 Wi:9 Ch:10 Chaotic S:0   
Dlvl:1 $:0 HP:11(11) Pw:9(9) AC:9 Xp:1/0                                        

",0.0,False
22,west,,"message:


language observation:
stairs down very far eastsoutheast
lichens far eastsoutheast
lava near eastnortheast and east
area of lava near eastsoutheast
horizontal wall near southeast and south
horizontal wall very near north and northeast
horn adjacent east
vertical wall adjacent southwest, west, and northwest

cursor:
Yourself a wizard
(x=25, y=10)

map:
                                                                                
                                                                                
                                                                                
                                                                                
                                                                                
                                                                                
                                                                                
                        --------------                                          
                        |.....}......---                                        
                        |@(...}........-                                        
                        |.....}....F.F.............>|                           
                        |.....}........--------     |                           
                        |.....}......---                                        
                        --------------                                          
                                                                                
                                                                                
                                                                                
                                                                                
                                                                                
                                                                                
                                                                                
Agent the Evoker               St:11 Dx:17 Co:12 In:16 Wi:9 Ch:10 Chaotic S:0   
Dlvl:1 $:0 HP:11(11) Pw:9(9) AC:9 Xp:1/0                                        

",0.0,False
23,east,,"message:


language observation:
stairs down very far eastsoutheast
lichens far eastsoutheast
lava near eastnortheast and east
area of lava near eastsoutheast
horizontal wall near southeast and south
horizontal wall very near north and northeast
vertical wall very near southwest and west
northwest room corner very near northwest

cursor:
Yourself a wizard
(x=26, y=10)

map:
                                                                                
                                                                                
                                                                                
                                                                                
                                                                                
                                                                                
                                                                                
                        --------------                                          
                        |.....}......---                                        
                        |.@...}........-                                        
                        |.....}....F.F.............>|                           
                        |.....}........--------     |                           
                        |.....}......---                                        
                        --------------                                          
                                                                                
                                                                                
                                                                                
                                                                                
                                                                                
                                                                                
                                                                                
Agent the Evoker               St:11 Dx:17 Co:12 In:16 Wi:9 Ch:10 Chaotic S:0   
Dlvl:1 $:0 HP:11(11) Pw:9(9) AC:9 Xp:1/0                                        

",0.0,False
24,pickup,,"message:


language observation:
stairs down very far eastsoutheast
lichens far eastsoutheast
lava near eastnortheast and east
area of lava near eastsoutheast
horizontal wall near southeast and south
horizontal wall very near north and northeast
vertical wall very near southwest and west
northwest room corner very near northwest

cursor:
Yourself a wizard
(x=26, y=10)

map:
                                                                                
                                                                                
                                                                                
                                                                                
                                                                                
                                                                                
                                                                                
                        --------------                                          
                        |.....}......---                                        
                        |.@...}........-                                        
                        |.....}....F.F.............>|                           
                        |.....}........--------     |                           
                        |.....}......---                                        
                        --------------                                          
                                                                                
                                                                                
                                                                                
                                                                                
                                                                                
                                                                                
                                                                                
Agent the Evoker               St:11 Dx:17 Co:12 In:16 Wi:9 Ch:10 Chaotic S:0   
Dlvl:1 $:0 HP:11(11) Pw:9(9) AC:9 Xp:1/0                                        

",-0.01,False
25,puton,,"message:
What do you want to put on? [d or ?*]

language observation:
stairs down very far eastsoutheast
lichens far eastsoutheast
lava near eastnortheast and east
area of lava near eastsoutheast
horizontal wall near southeast and south
horizontal wall very near north and northeast
vertical wall very near southwest and west
northwest room corner very near northwest

cursor:

(x=38, y=0)

map:
                                                                                
                                                                                
                                                                                
                                                                                
                                                                                
                                                                                
                                                                                
                        --------------                                          
                        |.....}......---                                        
                        |.@...}........-                                        
                        |.....}....F.F.............>|                           
                        |.....}........--------     |                           
                        |.....}......---                                        
                        --------------                                          
                                                                                
                                                                                
                                                                                
                                                                                
                                                                                
                                                                                
                                                                                
Agent the Evoker               St:11 Dx:17 Co:12 In:16 Wi:9 Ch:10 Chaotic S:0   
Dlvl:1 $:0 HP:11(11) Pw:9(9) AC:9 Xp:1/0                                        

",-0.01,False
26,more,,"message:
Never mind.

language observation:
stairs down very far eastsoutheast
lichens far eastsoutheast
lava near eastnortheast and east
area of lava near eastsoutheast
horizontal wall near southeast and south
horizontal wall very near north and northeast
vertical wall very near southwest and west
northwest room corner very near northwest

cursor:
Yourself a wizard
(x=26, y=10)

map:
                                                                                
                                                                                
                                                                                
                                                                                
                                                                                
                                                                                
                                                                                
                        --------------                                          
                        |.....}......---                                        
                        |.@...}........-                                        
                        |.....}....F.F.............>|                           
                        |.....}........--------     |                           
                        |.....}......---                                        
                        --------------                                          
                                                                                
                                                                                
                                                                                
                                                                                
                                                                                
                                                                                
                                                                                
Agent the Evoker               St:11 Dx:17 Co:12 In:16 Wi:9 Ch:10 Chaotic S:0   
Dlvl:1 $:0 HP:11(11) Pw:9(9) AC:9 Xp:1/0                                        

",-0.01,False
27,east,,"message:


language observation:
stairs down very far eastsoutheast
lichens far eastsoutheast
lava near eastnortheast, east, and southeast
area of lava near eastsoutheast
horizontal wall near southeast and south
vertical wall near southwest and west
horizontal wall very near north, northeast, and northwest
horn adjacent west

cursor:
Yourself a wizard
(x=27, y=10)

map:
                                                                                
                                                                                
                                                                                
                                                                                
                                                                                
                                                                                
                                                                                
                        --------------                                          
                        |.....}......---                                        
                        |.(@..}........-                                        
                        |.....}....F.F.............>|                           
                        |.....}........--------     |                           
                        |.....}......---                                        
                        --------------                                          
                                                                                
                                                                                
                                                                                
                                                                                
                                                                                
                                                                                
                                                                                
Agent the Evoker               St:11 Dx:17 Co:12 In:16 Wi:9 Ch:10 Chaotic S:0   
Dlvl:1 $:0 HP:11(11) Pw:9(9) AC:9 Xp:1/0                                        

",0.0,False
28,west,,"message:


language observation:
stairs down very far eastsoutheast
lichen far east and eastsoutheast
lava near eastnortheast and east
area of lava near eastsoutheast
horizontal wall near southeast and south
horizontal wall very near north and northeast
vertical wall very near southwest and west
northwest room corner very near northwest

cursor:
Yourself a wizard
(x=26, y=10)

map:
                                                                                
                                                                                
                                                                                
                                                                                
                                                                                
                                                                                
                                                                                
                        --------------                                          
                        |.....}......---                                        
                        |.@...}.....F..-                                        
                        |.....}....F...............>|                           
                        |.....}........--------     |                           
                        |.....}......---                                        
                        --------------                                          
                                                                                
                                                                                
                                                                                
                                                                                
                                                                                
                                                                                
                                                                                
Agent the Evoker               St:11 Dx:17 Co:12 In:16 Wi:9 Ch:10 Chaotic S:0   
Dlvl:1 $:0 HP:11(11) Pw:9(9) AC:9 Xp:1/0                                        

",0.0,False
29,puton,,"message:
What do you want to put on? [d or ?*]

language observation:
stairs down very far eastsoutheast
lichen far east and eastsoutheast
lava near eastnortheast and east
area of lava near eastsoutheast
horizontal wall near southeast and south
horizontal wall very near north and northeast
vertical wall very near southwest and west
northwest room corner very near northwest

cursor:

(x=38, y=0)

map:
                                                                                
                                                                                
                                                                                
                                                                                
                                                                                
                                                                                
                                                                                
                        --------------                                          
                        |.....}......---                                        
                        |.@...}.....F..-                                        
                        |.....}....F...............>|                           
                        |.....}........--------     |                           
                        |.....}......---                                        
                        --------------                                          
                                                                                
                                                                                
                                                                                
                                                                                
                                                                                
                                                                                
                                                                                
Agent the Evoker               St:11 Dx:17 Co:12 In:16 Wi:9 Ch:10 Chaotic S:0   
Dlvl:1 $:0 HP:11(11) Pw:9(9) AC:9 Xp:1/0                                        

",-0.01,False
30,more,,"message:
Never mind.

language observation:
stairs down very far eastsoutheast
lichen far east and eastsoutheast
lava near eastnortheast and east
area of lava near eastsoutheast
horizontal wall near southeast and south
horizontal wall very near north and northeast
vertical wall very near southwest and west
northwest room corner very near northwest

cursor:
Yourself a wizard
(x=26, y=10)

map:
                                                                                
                                                                                
                                                                                
                                                                                
                                                                                
                                                                                
                                                                                
                        --------------                                          
                        |.....}......---                                        
                        |.@...}.....F..-                                        
                        |.....}....F...............>|                           
                        |.....}........--------     |                           
                        |.....}......---                                        
                        --------------                                          
                                                                                
                                                                                
                                                                                
                                                                                
                                                                                
                                                                                
                                                                                
Agent the Evoker               St:11 Dx:17 Co:12 In:16 Wi:9 Ch:10 Chaotic S:0   
Dlvl:1 $:0 HP:11(11) Pw:9(9) AC:9 Xp:1/0                                        

",-0.01,False
31,loot,,"message:
You don't find anything here to loot.

language observation:
stairs down very far eastsoutheast
lichen far east and eastsoutheast
lava near eastnortheast and east
area of lava near eastsoutheast
horizontal wall near southeast and south
horizontal wall very near north and northeast
vertical wall very near southwest and west
northwest room corner very near northwest

cursor:
Yourself a wizard
(x=26, y=10)

map:
                                                                                
                                                                                
                                                                                
                                                                                
                                                                                
                                                                                
                                                                                
                        --------------                                          
                        |.....}......---                                        
                        |.@...}.....F..-                                        
                        |.....}....F...............>|                           
                        |.....}........--------     |                           
                        |.....}......---                                        
                        --------------                                          
                                                                                
                                                                                
                                                                                
                                                                                
                                                                                
                                                                                
                                                                                
Agent the Evoker               St:11 Dx:17 Co:12 In:16 Wi:9 Ch:10 Chaotic S:0   
Dlvl:1 $:0 HP:11(11) Pw:9(9) AC:9 Xp:1/0                                        

",-0.01,False
32,east,,"message:


language observation:
stairs down very far eastsoutheast
lichen far east and eastsoutheast
lava near eastnortheast, east, and southeast
area of lava near eastsoutheast
horizontal wall near southeast and south
vertical wall near southwest and west
horizontal wall very near north, northeast, and northwest
horn adjacent west

cursor:
Yourself a wizard
(x=27, y=10)

map:
                                                                                
                                                                                
                                                                                
                                                                                
                                                                                
                                                                                
                                                                                
                        --------------                                          
                        |.....}......---                                        
                        |.(@..}.....F..-                                        
                        |.....}....F...............>|                           
                        |.....}........--------     |                           
                        |.....}......---                                        
                        --------------                                          
                                                                                
                                                                                
                                                                                
                                                                                
                                                                                
                                                                                
                                                                                
Agent the Evoker               St:11 Dx:17 Co:12 In:16 Wi:9 Ch:10 Chaotic S:0   
Dlvl:1 $:0 HP:11(11) Pw:9(9) AC:9 Xp:1/0                                        

",0.0,False
33,west,,"message:


language observation:
stairs down very far eastsoutheast
lichen far east and eastsoutheast
lava near eastnortheast and east
area of lava near eastsoutheast
horizontal wall near southeast and south
horizontal wall very near north and northeast
vertical wall very near southwest and west
northwest room corner very near northwest

cursor:
Yourself a wizard
(x=26, y=10)

map:
                                                                                
                                                                                
                                                                                
                                                                                
                                                                                
                                                                                
                                                                                
                        --------------                                          
                        |.....}......---                                        
                        |.@...}.....F..-                                        
                        |.....}....F...............>|                           
                        |.....}........--------     |                           
                        |.....}......---                                        
                        --------------                                          
                                                                                
                                                                                
                                                                                
                                                                                
                                                                                
                                                                                
                                                                                
Agent the Evoker               St:11 Dx:17 Co:12 In:16 Wi:9 Ch:10 Chaotic S:0   
Dlvl:1 $:0 HP:11(11) Pw:9(9) AC:9 Xp:1/0                                        

",0.0,False
34,east,,"message:


language observation:
stairs down very far eastsoutheast
lichen far east and eastsoutheast
lava near eastnortheast, east, and southeast
area of lava near eastsoutheast
horizontal wall near southeast and south
vertical wall near southwest and west
horizontal wall very near north, northeast, and northwest
horn adjacent west

cursor:
Yourself a wizard
(x=27, y=10)

map:
                                                                                
                                                                                
                                                                                
                                                                                
                                                                                
                                                                                
                                                                                
                        --------------                                          
                        |.....}......---                                        
                        |.(@..}.....F..-                                        
                        |.....}....F...............>|                           
                        |.....}........--------     |                           
                        |.....}......---                                        
                        --------------                                          
                                                                                
                                                                                
                                                                                
                                                                                
                                                                                
                                                                                
                                                                                
Agent the Evoker               St:11 Dx:17 Co:12 In:16 Wi:9 Ch:10 Chaotic S:0   
Dlvl:1 $:0 HP:11(11) Pw:9(9) AC:9 Xp:1/0                                        

",0.0,False
35,west,,"message:


language observation:
stairs down very far eastsoutheast
lichen far east and eastsoutheast
lava near eastnortheast and east
area of lava near eastsoutheast
horizontal wall near southeast and south
horizontal wall very near north and northeast
vertical wall very near southwest and west
northwest room corner very near northwest

cursor:
Yourself a wizard
(x=26, y=10)

map:
                                                                                
                                                                                
                                                                                
                                                                                
                                                                                
                                                                                
                                                                                
                        --------------                                          
                        |.....}......---                                        
                        |.@...}.....F..-                                        
                        |.....}....F...............>|                           
                        |.....}........--------     |                           
                        |.....}......---                                        
                        --------------                                          
                                                                                
                                                                                
                                                                                
                                                                                
                                                                                
                                                                                
                                                                                
Agent the Evoker               St:11 Dx:17 Co:12 In:16 Wi:9 Ch:10 Chaotic S:0   
Dlvl:1 $:0 HP:11(11) Pw:9(9) AC:9 Xp:1/0                                        

",0.0,False
36,east,,"message:


language observation:
stairs down very far eastsoutheast
lichen far east and eastsoutheast
lava near eastnortheast, east, and southeast
area of lava near eastsoutheast
horizontal wall near southeast and south
vertical wall near southwest and west
horizontal wall very near north, northeast, and northwest
horn adjacent west

cursor:
Yourself a wizard
(x=27, y=10)

map:
                                                                                
                                                                                
                                                                                
                                                                                
                                                                                
                                                                                
                                                                                
                        --------------                                          
                        |.....}......---                                        
                        |.(@..}.....F..-                                        
                        |.....}....F...............>|                           
                        |.....}........--------     |                           
                        |.....}......---                                        
                        --------------                                          
                                                                                
                                                                                
                                                                                
                                                                                
                                                                                
                                                                                
                                                                                
Agent the Evoker               St:11 Dx:17 Co:12 In:16 Wi:9 Ch:10 Chaotic S:0   
Dlvl:1 $:0 HP:11(11) Pw:9(9) AC:9 Xp:1/0                                        

",0.0,False
37,west,,"message:


language observation:
stairs down very far eastsoutheast
lichen far east and eastsoutheast
lava near eastnortheast and east
area of lava near eastsoutheast
horizontal wall near southeast and south
horizontal wall very near north and northeast
vertical wall very near southwest and west
northwest room corner very near northwest

cursor:
Yourself a wizard
(x=26, y=10)

map:
                                                                                
                                                                                
                                                                                
                                                                                
                                                                                
                                                                                
                                                                                
                        --------------                                          
                        |.....}......---                                        
                        |.@...}.....F..-                                        
                        |.....}....F...............>|                           
                        |.....}........--------     |                           
                        |.....}......---                                        
                        --------------                                          
                                                                                
                                                                                
                                                                                
                                                                                
                                                                                
                                                                                
                                                                                
Agent the Evoker               St:11 Dx:17 Co:12 In:16 Wi:9 Ch:10 Chaotic S:0   
Dlvl:1 $:0 HP:11(11) Pw:9(9) AC:9 Xp:1/0                                        

",0.0,False
38,east,,"message:


language observation:
stairs down very far eastsoutheast
lichen far east and eastsoutheast
lava near eastnortheast, east, and southeast
area of lava near eastsoutheast
horizontal wall near southeast and south
vertical wall near southwest and west
horizontal wall very near north, northeast, and northwest
horn adjacent west

cursor:
Yourself a wizard
(x=27, y=10)

map:
                                                                                
                                                                                
                                                                                
                                                                                
                                                                                
                                                                                
                                                                                
                        --------------                                          
                        |.....}......---                                        
                        |.(@..}.....F..-                                        
                        |.....}....F...............>|                           
                        |.....}........--------     |                           
                        |.....}......---                                        
                        --------------                                          
                                                                                
                                                                                
                                                                                
                                                                                
                                                                                
                                                                                
                                                                                
Agent the Evoker               St:11 Dx:17 Co:12 In:16 Wi:9 Ch:10 Chaotic S:0   
Dlvl:1 $:0 HP:11(11) Pw:9(9) AC:9 Xp:1/0                                        

",0.0,False
39,west,,"message:


language observation:
stairs down very far eastsoutheast
lichen far east and eastsoutheast
lava near eastnortheast and east
area of lava near eastsoutheast
horizontal wall near southeast and south
horizontal wall very near north and northeast
vertical wall very near southwest and west
northwest room corner very near northwest

cursor:
Yourself a wizard
(x=26, y=10)

map:
                                                                                
                                                                                
                                                                                
                                                                                
                                                                                
                                                                                
                                                                                
                        --------------                                          
                        |.....}......---                                        
                        |.@...}.....F..-                                        
                        |.....}....F...............>|                           
                        |.....}........--------     |                           
                        |.....}......---                                        
                        --------------                                          
                                                                                
                                                                                
                                                                                
                                                                                
                                                                                
                                                                                
                                                                                
Agent the Evoker               St:11 Dx:17 Co:12 In:16 Wi:9 Ch:10 Chaotic S:0   
Dlvl:1 $:0 HP:11(11) Pw:9(9) AC:9 Xp:1/0                                        

",0.0,False
40,pickup,,"message:


language observation:
stairs down very far eastsoutheast
lichen far east and eastsoutheast
lava near eastnortheast and east
area of lava near eastsoutheast
horizontal wall near southeast and south
horizontal wall very near north and northeast
vertical wall very near southwest and west
northwest room corner very near northwest

cursor:
Yourself a wizard
(x=26, y=10)

map:
                                                                                
                                                                                
                                                                                
                                                                                
                                                                                
                                                                                
                                                                                
                        --------------                                          
                        |.....}......---                                        
                        |.@...}.....F..-                                        
                        |.....}....F...............>|                           
                        |.....}........--------     |                           
                        |.....}......---                                        
                        --------------                                          
                                                                                
                                                                                
                                                                                
                                                                                
                                                                                
                                                                                
                                                                                
Agent the Evoker               St:11 Dx:17 Co:12 In:16 Wi:9 Ch:10 Chaotic S:0   
Dlvl:1 $:0 HP:11(11) Pw:9(9) AC:9 Xp:1/0                                        

",-0.01,False
41,east,,"message:


language observation:
stairs down very far eastsoutheast
lichen far east and eastsoutheast
lava near eastnortheast, east, and southeast
area of lava near eastsoutheast
horizontal wall near southeast and south
vertical wall near southwest and west
horizontal wall very near north, northeast, and northwest
horn adjacent west

cursor:
Yourself a wizard
(x=27, y=10)

map:
                                                                                
                                                                                
                                                                                
                                                                                
                                                                                
                                                                                
                                                                                
                        --------------                                          
                        |.....}......---                                        
                        |.(@..}.....F..-                                        
                        |.....}....F...............>|                           
                        |.....}........--------     |                           
                        |.....}......---                                        
                        --------------                                          
                                                                                
                                                                                
                                                                                
                                                                                
                                                                                
                                                                                
                                                                                
Agent the Evoker               St:11 Dx:17 Co:12 In:16 Wi:9 Ch:10 Chaotic S:0   
Dlvl:1 $:0 HP:11(11) Pw:9(9) AC:9 Xp:1/0                                        

",0.0,False
42,west,,"message:


language observation:
stairs down very far eastsoutheast
lichen far east and eastsoutheast
lava near eastnortheast and east
area of lava near eastsoutheast
horizontal wall near southeast and south
horizontal wall very near north and northeast
vertical wall very near southwest and west
northwest room corner very near northwest

cursor:
Yourself a wizard
(x=26, y=10)

map:
                                                                                
                                                                                
                                                                                
                                                                                
                                                                                
                                                                                
                                                                                
                        --------------                                          
                        |.....}......---                                        
                        |.@...}.....F..-                                        
                        |.....}....F...............>|                           
                        |.....}........--------     |                           
                        |.....}......---                                        
                        --------------                                          
                                                                                
                                                                                
                                                                                
                                                                                
                                                                                
                                                                                
                                                                                
Agent the Evoker               St:11 Dx:17 Co:12 In:16 Wi:9 Ch:10 Chaotic S:0   
Dlvl:1 $:0 HP:11(11) Pw:9(9) AC:9 Xp:1/0                                        

",0.0,False
43,north,,"message:


language observation:
stairs down very far eastsoutheast
lichens far eastsoutheast
lava near east and southeast
area of lava near eastsoutheast
horizontal wall near southeast and south
vertical wall very near southwest and west
horizontal wall adjacent north, northeast, and northwest
horn adjacent south

cursor:
Yourself a wizard
(x=26, y=9)

map:
                                                                                
                                                                                
                                                                                
                                                                                
                                                                                
                                                                                
                                                                                
                        --------------                                          
                        |.@...}......---                                        
                        |.(...}.....F..-                                        
                        |.....}....F...............>|                           
                        |.....}........--------     |                           
                        |.....}......---                                        
                        --------------                                          
                                                                                
                                                                                
                                                                                
                                                                                
                                                                                
                                                                                
                                                                                
Agent the Evoker               St:11 Dx:17 Co:12 In:16 Wi:9 Ch:10 Chaotic S:0   
Dlvl:1 $:0 HP:11(11) Pw:9(9) AC:9 Xp:1/0                                        

",0.0,False
44,south,,"message:


language observation:
stairs down very far eastsoutheast
lichen far east and eastsoutheast
lava near eastnortheast and east
area of lava near eastsoutheast
horizontal wall near southeast and south
horizontal wall very near north and northeast
vertical wall very near southwest and west
northwest room corner very near northwest

cursor:
Yourself a wizard
(x=26, y=10)

map:
                                                                                
                                                                                
                                                                                
                                                                                
                                                                                
                                                                                
                                                                                
                        --------------                                          
                        |.....}......---                                        
                        |.@...}.....F..-                                        
                        |.....}....F...............>|                           
                        |.....}........--------     |                           
                        |.....}......---                                        
                        --------------                                          
                                                                                
                                                                                
                                                                                
                                                                                
                                                                                
                                                                                
                                                                                
Agent the Evoker               St:11 Dx:17 Co:12 In:16 Wi:9 Ch:10 Chaotic S:0   
Dlvl:1 $:0 HP:11(11) Pw:9(9) AC:9 Xp:1/0                                        

",0.0,False
45,puton,,"message:
What do you want to put on? [d or ?*]

language observation:
stairs down very far eastsoutheast
lichen far east and eastsoutheast
lava near eastnortheast and east
area of lava near eastsoutheast
horizontal wall near southeast and south
horizontal wall very near north and northeast
vertical wall very near southwest and west
northwest room corner very near northwest

cursor:

(x=38, y=0)

map:
                                                                                
                                                                                
                                                                                
                                                                                
                                                                                
                                                                                
                                                                                
                        --------------                                          
                        |.....}......---                                        
                        |.@...}.....F..-                                        
                        |.....}....F...............>|                           
                        |.....}........--------     |                           
                        |.....}......---                                        
                        --------------                                          
                                                                                
                                                                                
                                                                                
                                                                                
                                                                                
                                                                                
                                                                                
Agent the Evoker               St:11 Dx:17 Co:12 In:16 Wi:9 Ch:10 Chaotic S:0   
Dlvl:1 $:0 HP:11(11) Pw:9(9) AC:9 Xp:1/0                                        

",-0.01,False
46,more,,"message:
Never mind.

language observation:
stairs down very far eastsoutheast
lichen far east and eastsoutheast
lava near eastnortheast and east
area of lava near eastsoutheast
horizontal wall near southeast and south
horizontal wall very near north and northeast
vertical wall very near southwest and west
northwest room corner very near northwest

cursor:
Yourself a wizard
(x=26, y=10)

map:
                                                                                
                                                                                
                                                                                
                                                                                
                                                                                
                                                                                
                                                                                
                        --------------                                          
                        |.....}......---                                        
                        |.@...}.....F..-                                        
                        |.....}....F...............>|                           
                        |.....}........--------     |                           
                        |.....}......---                                        
                        --------------                                          
                                                                                
                                                                                
                                                                                
                                                                                
                                                                                
                                                                                
                                                                                
Agent the Evoker               St:11 Dx:17 Co:12 In:16 Wi:9 Ch:10 Chaotic S:0   
Dlvl:1 $:0 HP:11(11) Pw:9(9) AC:9 Xp:1/0                                        

",-0.01,False
47,pickup,,"message:


language observation:
stairs down very far eastsoutheast
lichen far east and eastsoutheast
lava near eastnortheast and east
area of lava near eastsoutheast
horizontal wall near southeast and south
horizontal wall very near north and northeast
vertical wall very near southwest and west
northwest room corner very near northwest

cursor:
Yourself a wizard
(x=26, y=10)

map:
                                                                                
                                                                                
                                                                                
                                                                                
                                                                                
                                                                                
                                                                                
                        --------------                                          
                        |.....}......---                                        
                        |.@...}.....F..-                                        
                        |.....}....F...............>|                           
                        |.....}........--------     |                           
                        |.....}......---                                        
                        --------------                                          
                                                                                
                                                                                
                                                                                
                                                                                
                                                                                
                                                                                
                                                                                
Agent the Evoker               St:11 Dx:17 Co:12 In:16 Wi:9 Ch:10 Chaotic S:0   
Dlvl:1 $:0 HP:11(11) Pw:9(9) AC:9 Xp:1/0                                        

",-0.01,False
48,east,,"message:


language observation:
stairs down very far eastsoutheast
lichen far east and eastsoutheast
lava near eastnortheast, east, and southeast
area of lava near eastsoutheast
horizontal wall near southeast and south
vertical wall near southwest and west
horizontal wall very near north, northeast, and northwest
horn adjacent west

cursor:
Yourself a wizard
(x=27, y=10)

map:
                                                                                
                                                                                
                                                                                
                                                                                
                                                                                
                                                                                
                                                                                
                        --------------                                          
                        |.....}......---                                        
                        |.(@..}.....F..-                                        
                        |.....}....F...............>|                           
                        |.....}........--------     |                           
                        |.....}......---                                        
                        --------------                                          
                                                                                
                                                                                
                                                                                
                                                                                
                                                                                
                                                                                
                                                                                
Agent the Evoker               St:11 Dx:17 Co:12 In:16 Wi:9 Ch:10 Chaotic S:0   
Dlvl:1 $:0 HP:11(11) Pw:9(9) AC:9 Xp:1/0                                        

",0.0,False
49,west,,"message:


language observation:
stairs down very far eastsoutheast
lichen far east and eastsoutheast
lava near eastnortheast and east
area of lava near eastsoutheast
horizontal wall near southeast and south
horizontal wall very near north and northeast
vertical wall very near southwest and west
northwest room corner very near northwest

cursor:
Yourself a wizard
(x=26, y=10)

map:
                                                                                
                                                                                
                                                                                
                                                                                
                                                                                
                                                                                
                                                                                
                        --------------                                          
                        |.....}......---                                        
                        |.@...}.....F..-                                        
                        |.....}....F...............>|                           
                        |.....}........--------     |                           
                        |.....}......---                                        
                        --------------                                          
                                                                                
                                                                                
                                                                                
                                                                                
                                                                                
                                                                                
                                                                                
Agent the Evoker               St:11 Dx:17 Co:12 In:16 Wi:9 Ch:10 Chaotic S:0   
Dlvl:1 $:0 HP:11(11) Pw:9(9) AC:9 Xp:1/0                                        

",0.0,False
50,east,,"message:


language observation:
stairs down very far eastsoutheast
lichen far east and eastsoutheast
lava near eastnortheast, east, and southeast
area of lava near eastsoutheast
horizontal wall near southeast and south
vertical wall near southwest and west
horizontal wall very near north, northeast, and northwest
horn adjacent west

cursor:
Yourself a wizard
(x=27, y=10)

map:
                                                                                
                                                                                
                                                                                
                                                                                
                                                                                
                                                                                
                                                                                
                        --------------                                          
                        |.....}......---                                        
                        |.(@..}.....F..-                                        
                        |.....}....F...............>|                           
                        |.....}........--------     |                           
                        |.....}......---                                        
                        --------------                                          
                                                                                
                                                                                
                                                                                
                                                                                
                                                                                
                                                                                
                                                                                
Agent the Evoker               St:11 Dx:17 Co:12 In:16 Wi:9 Ch:10 Chaotic S:0   
Dlvl:1 $:0 HP:11(11) Pw:9(9) AC:9 Xp:1/0                                        

",0.0,False
51,west,,"message:


language observation:
stairs down very far eastsoutheast
lichen far east and eastsoutheast
lava near eastnortheast and east
area of lava near eastsoutheast
horizontal wall near southeast and south
horizontal wall very near north and northeast
vertical wall very near southwest and west
northwest room corner very near northwest

cursor:
Yourself a wizard
(x=26, y=10)

map:
                                                                                
                                                                                
                                                                                
                                                                                
                                                                                
                                                                                
                                                                                
                        --------------                                          
                        |.....}......---                                        
                        |.@...}.....F..-                                        
                        |.....}....F...............>|                           
                        |.....}........--------     |                           
                        |.....}......---                                        
                        --------------                                          
                                                                                
                                                                                
                                                                                
                                                                                
                                                                                
                                                                                
                                                                                
Agent the Evoker               St:11 Dx:17 Co:12 In:16 Wi:9 Ch:10 Chaotic S:0   
Dlvl:1 $:0 HP:11(11) Pw:9(9) AC:9 Xp:1/0                                        

",0.0,False
52,apply,,"message:
What do you want to use or apply? [cn or ?*]

language observation:
stairs down very far eastsoutheast
lichen far east and eastsoutheast
lava near eastnortheast and east
area of lava near eastsoutheast
horizontal wall near southeast and south
horizontal wall very near north and northeast
vertical wall very near southwest and west
northwest room corner very near northwest

cursor:

(x=45, y=0)

map:
                                                                                
                                                                                
                                                                                
                                                                                
                                                                                
                                                                                
                                                                                
                        --------------                                          
                        |.....}......---                                        
                        |.@...}.....F..-                                        
                        |.....}....F...............>|                           
                        |.....}........--------     |                           
                        |.....}......---                                        
                        --------------                                          
                                                                                
                                                                                
                                                                                
                                                                                
                                                                                
                                                                                
                                                                                
Agent the Evoker               St:11 Dx:17 Co:12 In:16 Wi:9 Ch:10 Chaotic S:0   
Dlvl:1 $:0 HP:11(11) Pw:9(9) AC:9 Xp:1/0                                        

",-0.01,False
53,more,,"message:
Never mind.

language observation:
stairs down very far eastsoutheast
lichen far east and eastsoutheast
lava near eastnortheast and east
area of lava near eastsoutheast
horizontal wall near southeast and south
horizontal wall very near north and northeast
vertical wall very near southwest and west
northwest room corner very near northwest

cursor:
Yourself a wizard
(x=26, y=10)

map:
                                                                                
                                                                                
                                                                                
                                                                                
                                                                                
                                                                                
                                                                                
                        --------------                                          
                        |.....}......---                                        
                        |.@...}.....F..-                                        
                        |.....}....F...............>|                           
                        |.....}........--------     |                           
                        |.....}......---                                        
                        --------------                                          
                                                                                
                                                                                
                                                                                
                                                                                
                                                                                
                                                                                
                                                                                
Agent the Evoker               St:11 Dx:17 Co:12 In:16 Wi:9 Ch:10 Chaotic S:0   
Dlvl:1 $:0 HP:11(11) Pw:9(9) AC:9 Xp:1/0                                        

",-0.01,False
54,east,,"message:


language observation:
stairs down very far eastsoutheast
lichen far east and eastsoutheast
lava near eastnortheast, east, and southeast
area of lava near eastsoutheast
horizontal wall near southeast and south
vertical wall near southwest and west
horizontal wall very near north, northeast, and northwest
horn adjacent west

cursor:
Yourself a wizard
(x=27, y=10)

map:
                                                                                
                                                                                
                                                                                
                                                                                
                                                                                
                                                                                
                                                                                
                        --------------                                          
                        |.....}......---                                        
                        |.(@..}.....F..-                                        
                        |.....}....F...............>|                           
                        |.....}........--------     |                           
                        |.....}......---                                        
                        --------------                                          
                                                                                
                                                                                
                                                                                
                                                                                
                                                                                
                                                                                
                                                                                
Agent the Evoker               St:11 Dx:17 Co:12 In:16 Wi:9 Ch:10 Chaotic S:0   
Dlvl:1 $:0 HP:11(11) Pw:9(9) AC:9 Xp:1/0                                        

",0.0,False
55,west,,"message:


language observation:
stairs down very far eastsoutheast
lichen far east and eastsoutheast
lava near eastnortheast and east
area of lava near eastsoutheast
horizontal wall near southeast and south
horizontal wall very near north and northeast
vertical wall very near southwest and west
northwest room corner very near northwest

cursor:
Yourself a wizard
(x=26, y=10)

map:
                                                                                
                                                                                
                                                                                
                                                                                
                                                                                
                                                                                
                                                                                
                        --------------                                          
                        |.....}......---                                        
                        |.@...}.....F..-                                        
                        |.....}....F...............>|                           
                        |.....}........--------     |                           
                        |.....}......---                                        
                        --------------                                          
                                                                                
                                                                                
                                                                                
                                                                                
                                                                                
                                                                                
                                                                                
Agent the Evoker               St:11 Dx:17 Co:12 In:16 Wi:9 Ch:10 Chaotic S:0   
Dlvl:1 $:0 HP:11(11) Pw:9(9) AC:9 Xp:1/0                                        

",0.0,False
56,pickup,,"message:


language observation:
stairs down very far eastsoutheast
lichen far east and eastsoutheast
lava near eastnortheast and east
area of lava near eastsoutheast
horizontal wall near southeast and south
horizontal wall very near north and northeast
vertical wall very near southwest and west
northwest room corner very near northwest

cursor:
Yourself a wizard
(x=26, y=10)

map:
                                                                                
                                                                                
                                                                                
                                                                                
                                                                                
                                                                                
                                                                                
                        --------------                                          
                        |.....}......---                                        
                        |.@...}.....F..-                                        
                        |.....}....F...............>|                           
                        |.....}........--------     |                           
                        |.....}......---                                        
                        --------------                                          
                                                                                
                                                                                
                                                                                
                                                                                
                                                                                
                                                                                
                                                                                
Agent the Evoker               St:11 Dx:17 Co:12 In:16 Wi:9 Ch:10 Chaotic S:0   
Dlvl:1 $:0 HP:11(11) Pw:9(9) AC:9 Xp:1/0                                        

",-0.01,False
57,north,,"message:


language observation:
stairs down very far eastsoutheast
lichens far eastsoutheast
lava near east and southeast
area of lava near eastsoutheast
horizontal wall near southeast and south
vertical wall very near southwest and west
horizontal wall adjacent north, northeast, and northwest
horn adjacent south

cursor:
Yourself a wizard
(x=26, y=9)

map:
                                                                                
                                                                                
                                                                                
                                                                                
                                                                                
                                                                                
                                                                                
                        --------------                                          
                        |.@...}......---                                        
                        |.(...}.....F..-                                        
                        |.....}....F...............>|                           
                        |.....}........--------     |                           
                        |.....}......---                                        
                        --------------                                          
                                                                                
                                                                                
                                                                                
                                                                                
                                                                                
                                                                                
                                                                                
Agent the Evoker               St:11 Dx:17 Co:12 In:16 Wi:9 Ch:10 Chaotic S:0   
Dlvl:1 $:0 HP:11(11) Pw:9(9) AC:9 Xp:1/0                                        

",0.0,False
58,south,,"message:


language observation:
stairs down very far eastsoutheast
lichen far east and eastsoutheast
lava near eastnortheast and east
area of lava near eastsoutheast
horizontal wall near southeast and south
horizontal wall very near north and northeast
vertical wall very near southwest and west
northwest room corner very near northwest

cursor:
Yourself a wizard
(x=26, y=10)

map:
                                                                                
                                                                                
                                                                                
                                                                                
                                                                                
                                                                                
                                                                                
                        --------------                                          
                        |.....}......---                                        
                        |.@...}.....F..-                                        
                        |.....}....F...............>|                           
                        |.....}........--------     |                           
                        |.....}......---                                        
                        --------------                                          
                                                                                
                                                                                
                                                                                
                                                                                
                                                                                
                                                                                
                                                                                
Agent the Evoker               St:11 Dx:17 Co:12 In:16 Wi:9 Ch:10 Chaotic S:0   
Dlvl:1 $:0 HP:11(11) Pw:9(9) AC:9 Xp:1/0                                        

",0.0,False
59,north,,"message:


language observation:
stairs down very far eastsoutheast
lichens far eastsoutheast
lava near east and southeast
area of lava near eastsoutheast
horizontal wall near southeast and south
vertical wall very near southwest and west
horizontal wall adjacent north, northeast, and northwest
horn adjacent south

cursor:
Yourself a wizard
(x=26, y=9)

map:
                                                                                
                                                                                
                                                                                
                                                                                
                                                                                
                                                                                
                                                                                
                        --------------                                          
                        |.@...}......---                                        
                        |.(...}.....F..-                                        
                        |.....}....F...............>|                           
                        |.....}........--------     |                           
                        |.....}......---                                        
                        --------------                                          
                                                                                
                                                                                
                                                                                
                                                                                
                                                                                
                                                                                
                                                                                
Agent the Evoker               St:11 Dx:17 Co:12 In:16 Wi:9 Ch:10 Chaotic S:0   
Dlvl:1 $:0 HP:11(11) Pw:9(9) AC:9 Xp:1/0                                        

",0.0,False
60,south,,"message:


language observation:
stairs down very far eastsoutheast
lichens far east
lava near eastnortheast and east
area of lava near eastsoutheast
horizontal wall near southeast and south
horizontal wall very near north and northeast
vertical wall very near southwest and west
northwest room corner very near northwest

cursor:
Yourself a wizard
(x=26, y=10)

map:
                                                                                
                                                                                
                                                                                
                                                                                
                                                                                
                                                                                
                                                                                
                        --------------                                          
                        |.....}......---                                        
                        |.@...}...F.F..-                                        
                        |.....}....................>|                           
                        |.....}........--------     |                           
                        |.....}......---                                        
                        --------------                                          
                                                                                
                                                                                
                                                                                
                                                                                
                                                                                
                                                                                
                                                                                
Agent the Evoker               St:11 Dx:17 Co:12 In:16 Wi:9 Ch:10 Chaotic S:0   
Dlvl:1 $:0 HP:11(11) Pw:9(9) AC:9 Xp:1/0                                        

",0.0,False
61,puton,,"message:
What do you want to put on? [d or ?*]

language observation:
stairs down very far eastsoutheast
lichens far east
lava near eastnortheast and east
area of lava near eastsoutheast
horizontal wall near southeast and south
horizontal wall very near north and northeast
vertical wall very near southwest and west
northwest room corner very near northwest

cursor:

(x=38, y=0)

map:
                                                                                
                                                                                
                                                                                
                                                                                
                                                                                
                                                                                
                                                                                
                        --------------                                          
                        |.....}......---                                        
                        |.@...}...F.F..-                                        
                        |.....}....................>|                           
                        |.....}........--------     |                           
                        |.....}......---                                        
                        --------------                                          
                                                                                
                                                                                
                                                                                
                                                                                
                                                                                
                                                                                
                                                                                
Agent the Evoker               St:11 Dx:17 Co:12 In:16 Wi:9 Ch:10 Chaotic S:0   
Dlvl:1 $:0 HP:11(11) Pw:9(9) AC:9 Xp:1/0                                        

",-0.01,False
62,more,,"message:
Never mind.

language observation:
stairs down very far eastsoutheast
lichens far east
lava near eastnortheast and east
area of lava near eastsoutheast
horizontal wall near southeast and south
horizontal wall very near north and northeast
vertical wall very near southwest and west
northwest room corner very near northwest

cursor:
Yourself a wizard
(x=26, y=10)

map:
                                                                                
                                                                                
                                                                                
                                                                                
                                                                                
                                                                                
                                                                                
                        --------------                                          
                        |.....}......---                                        
                        |.@...}...F.F..-                                        
                        |.....}....................>|                           
                        |.....}........--------     |                           
                        |.....}......---                                        
                        --------------                                          
                                                                                
                                                                                
                                                                                
                                                                                
                                                                                
                                                                                
                                                                                
Agent the Evoker               St:11 Dx:17 Co:12 In:16 Wi:9 Ch:10 Chaotic S:0   
Dlvl:1 $:0 HP:11(11) Pw:9(9) AC:9 Xp:1/0                                        

",-0.01,False
63,puton,,"message:
What do you want to put on? [d or ?*]

language observation:
stairs down very far eastsoutheast
lichens far east
lava near eastnortheast and east
area of lava near eastsoutheast
horizontal wall near southeast and south
horizontal wall very near north and northeast
vertical wall very near southwest and west
northwest room corner very near northwest

cursor:

(x=38, y=0)

map:
                                                                                
                                                                                
                                                                                
                                                                                
                                                                                
                                                                                
                                                                                
                        --------------                                          
                        |.....}......---                                        
                        |.@...}...F.F..-                                        
                        |.....}....................>|                           
                        |.....}........--------     |                           
                        |.....}......---                                        
                        --------------                                          
                                                                                
                                                                                
                                                                                
                                                                                
                                                                                
                                                                                
                                                                                
Agent the Evoker               St:11 Dx:17 Co:12 In:16 Wi:9 Ch:10 Chaotic S:0   
Dlvl:1 $:0 HP:11(11) Pw:9(9) AC:9 Xp:1/0                                        

",-0.01,False
64,down,,"message:
What do you want to put on? [d or ?*]

language observation:
stairs down very far eastsoutheast
lichens far east
lava near eastnortheast and east
area of lava near eastsoutheast
horizontal wall near southeast and south
horizontal wall very near north and northeast
vertical wall very near southwest and west
northwest room corner very near northwest

cursor:

(x=38, y=0)

map:
                                                                                
                                                                                
                                                                                
                                                                                
                                                                                
                                                                                
                                                                                
                        --------------                                          
                        |.....}......---                                        
                        |.@...}...F.F..-                                        
                        |.....}....................>|                           
                        |.....}........--------     |                           
                        |.....}......---                                        
                        --------------                                          
                                                                                
                                                                                
                                                                                
                                                                                
                                                                                
                                                                                
                                                                                
Agent the Evoker               St:11 Dx:17 Co:12 In:16 Wi:9 Ch:10 Chaotic S:0   
Dlvl:1 $:0 HP:11(11) Pw:9(9) AC:9 Xp:1/0                                        

",-0.01,False
65,more,,"message:
Never mind.

language observation:
stairs down very far eastsoutheast
lichens far east
lava near eastnortheast and east
area of lava near eastsoutheast
horizontal wall near southeast and south
horizontal wall very near north and northeast
vertical wall very near southwest and west
northwest room corner very near northwest

cursor:
Yourself a wizard
(x=26, y=10)

map:
                                                                                
                                                                                
                                                                                
                                                                                
                                                                                
                                                                                
                                                                                
                        --------------                                          
                        |.....}......---                                        
                        |.@...}...F.F..-                                        
                        |.....}....................>|                           
                        |.....}........--------     |                           
                        |.....}......---                                        
                        --------------                                          
                                                                                
                                                                                
                                                                                
                                                                                
                                                                                
                                                                                
                                                                                
Agent the Evoker               St:11 Dx:17 Co:12 In:16 Wi:9 Ch:10 Chaotic S:0   
Dlvl:1 $:0 HP:11(11) Pw:9(9) AC:9 Xp:1/0                                        

",-0.01,False
66,puton,,"message:
What do you want to put on? [d or ?*]

language observation:
stairs down very far eastsoutheast
lichens far east
lava near eastnortheast and east
area of lava near eastsoutheast
horizontal wall near southeast and south
horizontal wall very near north and northeast
vertical wall very near southwest and west
northwest room corner very near northwest

cursor:

(x=38, y=0)

map:
                                                                                
                                                                                
                                                                                
                                                                                
                                                                                
                                                                                
                                                                                
                        --------------                                          
                        |.....}......---                                        
                        |.@...}...F.F..-                                        
                        |.....}....................>|                           
                        |.....}........--------     |                           
                        |.....}......---                                        
                        --------------                                          
                                                                                
                                                                                
                                                                                
                                                                                
                                                                                
                                                                                
                                                                                
Agent the Evoker               St:11 Dx:17 Co:12 In:16 Wi:9 Ch:10 Chaotic S:0   
Dlvl:1 $:0 HP:11(11) Pw:9(9) AC:9 Xp:1/0                                        

",-0.01,False
67,more,,"message:
Never mind.

language observation:
stairs down very far eastsoutheast
lichens far east
lava near eastnortheast and east
area of lava near eastsoutheast
horizontal wall near southeast and south
horizontal wall very near north and northeast
vertical wall very near southwest and west
northwest room corner very near northwest

cursor:
Yourself a wizard
(x=26, y=10)

map:
                                                                                
                                                                                
                                                                                
                                                                                
                                                                                
                                                                                
                                                                                
                        --------------                                          
                        |.....}......---                                        
                        |.@...}...F.F..-                                        
                        |.....}....................>|                           
                        |.....}........--------     |                           
                        |.....}......---                                        
                        --------------                                          
                                                                                
                                                                                
                                                                                
                                                                                
                                                                                
                                                                                
                                                                                
Agent the Evoker               St:11 Dx:17 Co:12 In:16 Wi:9 Ch:10 Chaotic S:0   
Dlvl:1 $:0 HP:11(11) Pw:9(9) AC:9 Xp:1/0                                        

",-0.01,False
68,east,,"message:


language observation:
stairs down very far eastsoutheast
lichens far east
lava near eastnortheast, east, and southeast
area of lava near eastsoutheast
horizontal wall near southeast and south
vertical wall near southwest and west
horizontal wall very near north, northeast, and northwest
horn adjacent west

cursor:
Yourself a wizard
(x=27, y=10)

map:
                                                                                
                                                                                
                                                                                
                                                                                
                                                                                
                                                                                
                                                                                
                        --------------                                          
                        |.....}......---                                        
                        |.(@..}...F.F..-                                        
                        |.....}....................>|                           
                        |.....}........--------     |                           
                        |.....}......---                                        
                        --------------                                          
                                                                                
                                                                                
                                                                                
                                                                                
                                                                                
                                                                                
                                                                                
Agent the Evoker               St:11 Dx:17 Co:12 In:16 Wi:9 Ch:10 Chaotic S:0   
Dlvl:1 $:0 HP:11(11) Pw:9(9) AC:9 Xp:1/0                                        

",0.0,False
69,west,,"message:


language observation:
stairs down very far eastsoutheast
lichens far east
lava near eastnortheast and east
area of lava near eastsoutheast
horizontal wall near southeast and south
horizontal wall very near north and northeast
vertical wall very near southwest and west
northwest room corner very near northwest

cursor:
Yourself a wizard
(x=26, y=10)

map:
                                                                                
                                                                                
                                                                                
                                                                                
                                                                                
                                                                                
                                                                                
                        --------------                                          
                        |.....}......---                                        
                        |.@...}...F.F..-                                        
                        |.....}....................>|                           
                        |.....}........--------     |                           
                        |.....}......---                                        
                        --------------                                          
                                                                                
                                                                                
                                                                                
                                                                                
                                                                                
                                                                                
                                                                                
Agent the Evoker               St:11 Dx:17 Co:12 In:16 Wi:9 Ch:10 Chaotic S:0   
Dlvl:1 $:0 HP:11(11) Pw:9(9) AC:9 Xp:1/0                                        

",0.0,False
70,pickup,,"message:


language observation:
stairs down very far eastsoutheast
lichens far east
lava near eastnortheast and east
area of lava near eastsoutheast
horizontal wall near southeast and south
horizontal wall very near north and northeast
vertical wall very near southwest and west
northwest room corner very near northwest

cursor:
Yourself a wizard
(x=26, y=10)

map:
                                                                                
                                                                                
                                                                                
                                                                                
                                                                                
                                                                                
                                                                                
                        --------------                                          
                        |.....}......---                                        
                        |.@...}...F.F..-                                        
                        |.....}....................>|                           
                        |.....}........--------     |                           
                        |.....}......---                                        
                        --------------                                          
                                                                                
                                                                                
                                                                                
                                                                                
                                                                                
                                                                                
                                                                                
Agent the Evoker               St:11 Dx:17 Co:12 In:16 Wi:9 Ch:10 Chaotic S:0   
Dlvl:1 $:0 HP:11(11) Pw:9(9) AC:9 Xp:1/0                                        

",-0.01,False
71,southwest,,"message:


language observation:
stairs down very far east
lichens far eastnortheast
horizontal wall near north, northeast, southeast, and south
lava near east
area of lava near eastnortheast and eastsoutheast
horn adjacent northeast
vertical wall adjacent southwest, west, and northwest

cursor:
Yourself a wizard
(x=25, y=11)

map:
                                                                                
                                                                                
                                                                                
                                                                                
                                                                                
                                                                                
                                                                                
                        --------------                                          
                        |.....}......---                                        
                        |.(...}...F.F..--------     |                           
                        |@....}....................>|                           
                        |.....}........--------     |                           
                        |.....}......---                                        
                        --------------                                          
                                                                                
                                                                                
                                                                                
                                                                                
                                                                                
                                                                                
                                                                                
Agent the Evoker               St:11 Dx:17 Co:12 In:16 Wi:9 Ch:10 Chaotic S:0   
Dlvl:1 $:0 HP:11(11) Pw:9(9) AC:9 Xp:1/0                                        

",0.0,False
72,northeast,,"message:


language observation:
stairs down very far eastsoutheast
lichens far east
lava near eastnortheast and east
area of lava near eastsoutheast
horizontal wall near southeast and south
horizontal wall very near north and northeast
vertical wall very near southwest and west
northwest room corner very near northwest

cursor:
Yourself a wizard
(x=26, y=10)

map:
                                                                                
                                                                                
                                                                                
                                                                                
                                                                                
                                                                                
                                                                                
                        --------------                                          
                        |.....}......---                                        
                        |.@...}...F.F..--------     |                           
                        |.....}....................>|                           
                        |.....}........--------     |                           
                        |.....}......---                                        
                        --------------                                          
                                                                                
                                                                                
                                                                                
                                                                                
                                                                                
                                                                                
                                                                                
Agent the Evoker               St:11 Dx:17 Co:12 In:16 Wi:9 Ch:10 Chaotic S:0   
Dlvl:1 $:0 HP:11(11) Pw:9(9) AC:9 Xp:1/0                                        

",0.0,False
73,southeast,,"message:


language observation:
stairs down very far east
lichens far eastnortheast
horizontal wall near north, northeast, southeast, and south
lava near east
area of lava near eastnortheast and eastsoutheast
southwest corner near southwest
vertical wall near west
northwest room corner near northwest
horn adjacent northwest

cursor:
Yourself a wizard
(x=27, y=11)

map:
                                                                                
                                                                                
                                                                                
                                                                                
                                                                                
                                                                                
                                                                                
                        --------------                                          
                        |.....}......---                                        
                        |.(...}...F.F..--------     |                           
                        |..@..}....................>|                           
                        |.....}........--------     |                           
                        |.....}......---                                        
                        --------------                                          
                                                                                
                                                                                
                                                                                
                                                                                
                                                                                
                                                                                
                                                                                
Agent the Evoker               St:11 Dx:17 Co:12 In:16 Wi:9 Ch:10 Chaotic S:0   
Dlvl:1 $:0 HP:11(11) Pw:9(9) AC:9 Xp:1/0                                        

",0.0,False
74,puton,,"message:
What do you want to put on? [d or ?*]

language observation:
stairs down very far east
lichens far eastnortheast
horizontal wall near north, northeast, southeast, and south
lava near east
area of lava near eastnortheast and eastsoutheast
southwest corner near southwest
vertical wall near west
northwest room corner near northwest
horn adjacent northwest

cursor:

(x=38, y=0)

map:
                                                                                
                                                                                
                                                                                
                                                                                
                                                                                
                                                                                
                                                                                
                        --------------                                          
                        |.....}......---                                        
                        |.(...}...F.F..--------     |                           
                        |..@..}....................>|                           
                        |.....}........--------     |                           
                        |.....}......---                                        
                        --------------                                          
                                                                                
                                                                                
                                                                                
                                                                                
                                                                                
                                                                                
                                                                                
Agent the Evoker               St:11 Dx:17 Co:12 In:16 Wi:9 Ch:10 Chaotic S:0   
Dlvl:1 $:0 HP:11(11) Pw:9(9) AC:9 Xp:1/0                                        

",-0.01,False
75,more,,"message:
Never mind.

language observation:
stairs down very far east
lichens far eastnortheast
horizontal wall near north, northeast, southeast, and south
lava near east
area of lava near eastnortheast and eastsoutheast
southwest corner near southwest
vertical wall near west
northwest room corner near northwest
horn adjacent northwest

cursor:
Yourself a wizard
(x=27, y=11)

map:
                                                                                
                                                                                
                                                                                
                                                                                
                                                                                
                                                                                
                                                                                
                        --------------                                          
                        |.....}......---                                        
                        |.(...}...F.F..--------     |                           
                        |..@..}....................>|                           
                        |.....}........--------     |                           
                        |.....}......---                                        
                        --------------                                          
                                                                                
                                                                                
                                                                                
                                                                                
                                                                                
                                                                                
                                                                                
Agent the Evoker               St:11 Dx:17 Co:12 In:16 Wi:9 Ch:10 Chaotic S:0   
Dlvl:1 $:0 HP:11(11) Pw:9(9) AC:9 Xp:1/0                                        

",-0.01,False
76,northwest,,"message:


language observation:
stairs down very far eastsoutheast
lichens far east
lava near eastnortheast and east
area of lava near eastsoutheast
horizontal wall near southeast and south
horizontal wall very near north and northeast
vertical wall very near southwest and west
northwest room corner very near northwest

cursor:
Yourself a wizard
(x=26, y=10)

map:
                                                                                
                                                                                
                                                                                
                                                                                
                                                                                
                                                                                
                                                                                
                        --------------                                          
                        |.....}......---                                        
                        |.@...}...F.F..--------     |                           
                        |.....}....................>|                           
                        |.....}........--------     |                           
                        |.....}......---                                        
                        --------------                                          
                                                                                
                                                                                
                                                                                
                                                                                
                                                                                
                                                                                
                                                                                
Agent the Evoker               St:11 Dx:17 Co:12 In:16 Wi:9 Ch:10 Chaotic S:0   
Dlvl:1 $:0 HP:11(11) Pw:9(9) AC:9 Xp:1/0                                        

",0.0,False
77,pickup,,"message:


language observation:
stairs down very far eastsoutheast
lichens far east
lava near eastnortheast and east
area of lava near eastsoutheast
horizontal wall near southeast and south
horizontal wall very near north and northeast
vertical wall very near southwest and west
northwest room corner very near northwest

cursor:
Yourself a wizard
(x=26, y=10)

map:
                                                                                
                                                                                
                                                                                
                                                                                
                                                                                
                                                                                
                                                                                
                        --------------                                          
                        |.....}......---                                        
                        |.@...}...F.F..--------     |                           
                        |.....}....................>|                           
                        |.....}........--------     |                           
                        |.....}......---                                        
                        --------------                                          
                                                                                
                                                                                
                                                                                
                                                                                
                                                                                
                                                                                
                                                                                
Agent the Evoker               St:11 Dx:17 Co:12 In:16 Wi:9 Ch:10 Chaotic S:0   
Dlvl:1 $:0 HP:11(11) Pw:9(9) AC:9 Xp:1/0                                        

",-0.01,False
78,puton,,"message:
What do you want to put on? [d or ?*]

language observation:
stairs down very far eastsoutheast
lichens far east
lava near eastnortheast and east
area of lava near eastsoutheast
horizontal wall near southeast and south
horizontal wall very near north and northeast
vertical wall very near southwest and west
northwest room corner very near northwest

cursor:

(x=38, y=0)

map:
                                                                                
                                                                                
                                                                                
                                                                                
                                                                                
                                                                                
                                                                                
                        --------------                                          
                        |.....}......---                                        
                        |.@...}...F.F..--------     |                           
                        |.....}....................>|                           
                        |.....}........--------     |                           
                        |.....}......---                                        
                        --------------                                          
                                                                                
                                                                                
                                                                                
                                                                                
                                                                                
                                                                                
                                                                                
Agent the Evoker               St:11 Dx:17 Co:12 In:16 Wi:9 Ch:10 Chaotic S:0   
Dlvl:1 $:0 HP:11(11) Pw:9(9) AC:9 Xp:1/0                                        

",-0.01,False
79,more,,"message:
Never mind.

language observation:
stairs down very far eastsoutheast
lichens far east
lava near eastnortheast and east
area of lava near eastsoutheast
horizontal wall near southeast and south
horizontal wall very near north and northeast
vertical wall very near southwest and west
northwest room corner very near northwest

cursor:
Yourself a wizard
(x=26, y=10)

map:
                                                                                
                                                                                
                                                                                
                                                                                
                                                                                
                                                                                
                                                                                
                        --------------                                          
                        |.....}......---                                        
                        |.@...}...F.F..--------     |                           
                        |.....}....................>|                           
                        |.....}........--------     |                           
                        |.....}......---                                        
                        --------------                                          
                                                                                
                                                                                
                                                                                
                                                                                
                                                                                
                                                                                
                                                                                
Agent the Evoker               St:11 Dx:17 Co:12 In:16 Wi:9 Ch:10 Chaotic S:0   
Dlvl:1 $:0 HP:11(11) Pw:9(9) AC:9 Xp:1/0                                        

",-0.01,False
80,north,,"message:


language observation:
stairs down very far eastsoutheast
lichens far eastsoutheast
lava near east and southeast
area of lava near eastsoutheast
horizontal wall near southeast and south
vertical wall very near southwest and west
horizontal wall adjacent north, northeast, and northwest
horn adjacent south

cursor:
Yourself a wizard
(x=26, y=9)

map:
                                                                                
                                                                                
                                                                                
                                                                                
                                                                                
                                                                                
                                                                                
                        --------------                                          
                        |.@...}......---                                        
                        |.(...}...F.F..--------     |                           
                        |.....}....................>|                           
                        |.....}........--------     |                           
                        |.....}......---                                        
                        --------------                                          
                                                                                
                                                                                
                                                                                
                                                                                
                                                                                
                                                                                
                                                                                
Agent the Evoker               St:11 Dx:17 Co:12 In:16 Wi:9 Ch:10 Chaotic S:0   
Dlvl:1 $:0 HP:11(11) Pw:9(9) AC:9 Xp:1/0                                        

",0.0,False
81,south,,"message:


language observation:
stairs down very far eastsoutheast
lichens far east
lava near eastnortheast and east
area of lava near eastsoutheast
horizontal wall near southeast and south
horizontal wall very near north and northeast
vertical wall very near southwest and west
northwest room corner very near northwest

cursor:
Yourself a wizard
(x=26, y=10)

map:
                                                                                
                                                                                
                                                                                
                                                                                
                                                                                
                                                                                
                                                                                
                        --------------                                          
                        |.....}......---                                        
                        |.@...}...F.F..--------     |                           
                        |.....}....................>|                           
                        |.....}........--------     |                           
                        |.....}......---                                        
                        --------------                                          
                                                                                
                                                                                
                                                                                
                                                                                
                                                                                
                                                                                
                                                                                
Agent the Evoker               St:11 Dx:17 Co:12 In:16 Wi:9 Ch:10 Chaotic S:0   
Dlvl:1 $:0 HP:11(11) Pw:9(9) AC:9 Xp:1/0                                        

",0.0,False
82,puton,,"message:
What do you want to put on? [d or ?*]

language observation:
stairs down very far eastsoutheast
lichens far east
lava near eastnortheast and east
area of lava near eastsoutheast
horizontal wall near southeast and south
horizontal wall very near north and northeast
vertical wall very near southwest and west
northwest room corner very near northwest

cursor:

(x=38, y=0)

map:
                                                                                
                                                                                
                                                                                
                                                                                
                                                                                
                                                                                
                                                                                
                        --------------                                          
                        |.....}......---                                        
                        |.@...}...F.F..--------     |                           
                        |.....}....................>|                           
                        |.....}........--------     |                           
                        |.....}......---                                        
                        --------------                                          
                                                                                
                                                                                
                                                                                
                                                                                
                                                                                
                                                                                
                                                                                
Agent the Evoker               St:11 Dx:17 Co:12 In:16 Wi:9 Ch:10 Chaotic S:0   
Dlvl:1 $:0 HP:11(11) Pw:9(9) AC:9 Xp:1/0                                        

",-0.01,False
83,down,,"message:
What do you want to put on? [d or ?*]

language observation:
stairs down very far eastsoutheast
lichens far east
lava near eastnortheast and east
area of lava near eastsoutheast
horizontal wall near southeast and south
horizontal wall very near north and northeast
vertical wall very near southwest and west
northwest room corner very near northwest

cursor:

(x=38, y=0)

map:
                                                                                
                                                                                
                                                                                
                                                                                
                                                                                
                                                                                
                                                                                
                        --------------                                          
                        |.....}......---                                        
                        |.@...}...F.F..--------     |                           
                        |.....}....................>|                           
                        |.....}........--------     |                           
                        |.....}......---                                        
                        --------------                                          
                                                                                
                                                                                
                                                                                
                                                                                
                                                                                
                                                                                
                                                                                
Agent the Evoker               St:11 Dx:17 Co:12 In:16 Wi:9 Ch:10 Chaotic S:0   
Dlvl:1 $:0 HP:11(11) Pw:9(9) AC:9 Xp:1/0                                        

",-0.01,False
84,more,,"message:
Never mind.

language observation:
stairs down very far eastsoutheast
lichens far east
lava near eastnortheast and east
area of lava near eastsoutheast
horizontal wall near southeast and south
horizontal wall very near north and northeast
vertical wall very near southwest and west
northwest room corner very near northwest

cursor:
Yourself a wizard
(x=26, y=10)

map:
                                                                                
                                                                                
                                                                                
                                                                                
                                                                                
                                                                                
                                                                                
                        --------------                                          
                        |.....}......---                                        
                        |.@...}...F.F..--------     |                           
                        |.....}....................>|                           
                        |.....}........--------     |                           
                        |.....}......---                                        
                        --------------                                          
                                                                                
                                                                                
                                                                                
                                                                                
                                                                                
                                                                                
                                                                                
Agent the Evoker               St:11 Dx:17 Co:12 In:16 Wi:9 Ch:10 Chaotic S:0   
Dlvl:1 $:0 HP:11(11) Pw:9(9) AC:9 Xp:1/0                                        

",-0.01,False
85,east,,"message:


language observation:
stairs down very far eastsoutheast
lichens far east
lava near eastnortheast, east, and southeast
area of lava near eastsoutheast
horizontal wall near southeast and south
vertical wall near southwest and west
horizontal wall very near north, northeast, and northwest
horn adjacent west

cursor:
Yourself a wizard
(x=27, y=10)

map:
                                                                                
                                                                                
                                                                                
                                                                                
                                                                                
                                                                                
                                                                                
                        --------------                                          
                        |.....}......---                                        
                        |.(@..}...F.F..--------     |                           
                        |.....}....................>|                           
                        |.....}........--------     |                           
                        |.....}......---                                        
                        --------------                                          
                                                                                
                                                                                
                                                                                
                                                                                
                                                                                
                                                                                
                                                                                
Agent the Evoker               St:11 Dx:17 Co:12 In:16 Wi:9 Ch:10 Chaotic S:0   
Dlvl:1 $:0 HP:11(11) Pw:9(9) AC:9 Xp:1/0                                        

",0.0,False
86,east,,"message:


language observation:
stairs down very far eastsoutheast
lichens far east
horizontal wall near southeast and south
lava near southsoutheast
southwest corner near southwest
vertical wall near west
horizontal wall very near north, northeast, and northwest
lava very near eastnortheast, east, eastsoutheast, and southeast
horn very near west

cursor:
Yourself a wizard
(x=28, y=10)

map:
                                                                                
                                                                                
                                                                                
                                                                                
                                                                                
                                                                                
                                                                                
                        --------------                                          
                        |.....}......---                                        
                        |.(.@.}...F.F..--------     |                           
                        |.....}....................>|                           
                        |.....}........--------     |                           
                        |.....}......---                                        
                        --------------                                          
                                                                                
                                                                                
                                                                                
                                                                                
                                                                                
                                                                                
                                                                                
Agent the Evoker               St:11 Dx:17 Co:12 In:16 Wi:9 Ch:10 Chaotic S:0   
Dlvl:1 $:0 HP:11(11) Pw:9(9) AC:9 Xp:1/0                                        

",0.0,False
87,west,,"message:


language observation:
stairs down very far eastsoutheast
lichens far east
lava near eastnortheast, east, and southeast
area of lava near eastsoutheast
horizontal wall near southeast and south
vertical wall near southwest and west
horizontal wall very near north, northeast, and northwest
horn adjacent west

cursor:
Yourself a wizard
(x=27, y=10)

map:
                                                                                
                                                                                
                                                                                
                                                                                
                                                                                
                                                                                
                                                                                
                        --------------                                          
                        |.....}......---                                        
                        |.(@..}...F.F..--------     |                           
                        |.....}....................>|                           
                        |.....}........--------     |                           
                        |.....}......---                                        
                        --------------                                          
                                                                                
                                                                                
                                                                                
                                                                                
                                                                                
                                                                                
                                                                                
Agent the Evoker               St:11 Dx:17 Co:12 In:16 Wi:9 Ch:10 Chaotic S:0   
Dlvl:1 $:0 HP:11(11) Pw:9(9) AC:9 Xp:1/0                                        

",0.0,False
88,puton,,"message:
What do you want to put on? [d or ?*]

language observation:
stairs down very far eastsoutheast
lichens far east
lava near eastnortheast, east, and southeast
area of lava near eastsoutheast
horizontal wall near southeast and south
vertical wall near southwest and west
horizontal wall very near north, northeast, and northwest
horn adjacent west

cursor:

(x=38, y=0)

map:
                                                                                
                                                                                
                                                                                
                                                                                
                                                                                
                                                                                
                                                                                
                        --------------                                          
                        |.....}......---                                        
                        |.(@..}...F.F..--------     |                           
                        |.....}....................>|                           
                        |.....}........--------     |                           
                        |.....}......---                                        
                        --------------                                          
                                                                                
                                                                                
                                                                                
                                                                                
                                                                                
                                                                                
                                                                                
Agent the Evoker               St:11 Dx:17 Co:12 In:16 Wi:9 Ch:10 Chaotic S:0   
Dlvl:1 $:0 HP:11(11) Pw:9(9) AC:9 Xp:1/0                                        

",-0.01,False
89,more,,"message:
Never mind.

language observation:
stairs down very far eastsoutheast
lichens far east
lava near eastnortheast, east, and southeast
area of lava near eastsoutheast
horizontal wall near southeast and south
vertical wall near southwest and west
horizontal wall very near north, northeast, and northwest
horn adjacent west

cursor:
Yourself a wizard
(x=27, y=10)

map:
                                                                                
                                                                                
                                                                                
                                                                                
                                                                                
                                                                                
                                                                                
                        --------------                                          
                        |.....}......---                                        
                        |.(@..}...F.F..--------     |                           
                        |.....}....................>|                           
                        |.....}........--------     |                           
                        |.....}......---                                        
                        --------------                                          
                                                                                
                                                                                
                                                                                
                                                                                
                                                                                
                                                                                
                                                                                
Agent the Evoker               St:11 Dx:17 Co:12 In:16 Wi:9 Ch:10 Chaotic S:0   
Dlvl:1 $:0 HP:11(11) Pw:9(9) AC:9 Xp:1/0                                        

",-0.01,False
90,west,,"message:


language observation:
stairs down very far eastsoutheast
lichens far east
lava near eastnortheast and east
area of lava near eastsoutheast
horizontal wall near southeast and south
horizontal wall very near north and northeast
vertical wall very near southwest and west
northwest room corner very near northwest

cursor:
Yourself a wizard
(x=26, y=10)

map:
                                                                                
                                                                                
                                                                                
                                                                                
                                                                                
                                                                                
                                                                                
                        --------------                                          
                        |.....}......---                                        
                        |.@...}...F.F..--------     |                           
                        |.....}....................>|                           
                        |.....}........--------     |                           
                        |.....}......---                                        
                        --------------                                          
                                                                                
                                                                                
                                                                                
                                                                                
                                                                                
                                                                                
                                                                                
Agent the Evoker               St:11 Dx:17 Co:12 In:16 Wi:9 Ch:10 Chaotic S:0   
Dlvl:1 $:0 HP:11(11) Pw:9(9) AC:9 Xp:1/0                                        

",0.0,False
91,puton,,"message:
What do you want to put on? [d or ?*]

language observation:
stairs down very far eastsoutheast
lichens far east
lava near eastnortheast and east
area of lava near eastsoutheast
horizontal wall near southeast and south
horizontal wall very near north and northeast
vertical wall very near southwest and west
northwest room corner very near northwest

cursor:

(x=38, y=0)

map:
                                                                                
                                                                                
                                                                                
                                                                                
                                                                                
                                                                                
                                                                                
                        --------------                                          
                        |.....}......---                                        
                        |.@...}...F.F..--------     |                           
                        |.....}....................>|                           
                        |.....}........--------     |                           
                        |.....}......---                                        
                        --------------                                          
                                                                                
                                                                                
                                                                                
                                                                                
                                                                                
                                                                                
                                                                                
Agent the Evoker               St:11 Dx:17 Co:12 In:16 Wi:9 Ch:10 Chaotic S:0   
Dlvl:1 $:0 HP:11(11) Pw:9(9) AC:9 Xp:1/0                                        

",-0.01,False
92,more,,"message:
Never mind.

language observation:
stairs down very far eastsoutheast
lichens far east
lava near eastnortheast and east
area of lava near eastsoutheast
horizontal wall near southeast and south
horizontal wall very near north and northeast
vertical wall very near southwest and west
northwest room corner very near northwest

cursor:
Yourself a wizard
(x=26, y=10)

map:
                                                                                
                                                                                
                                                                                
                                                                                
                                                                                
                                                                                
                                                                                
                        --------------                                          
                        |.....}......---                                        
                        |.@...}...F.F..--------     |                           
                        |.....}....................>|                           
                        |.....}........--------     |                           
                        |.....}......---                                        
                        --------------                                          
                                                                                
                                                                                
                                                                                
                                                                                
                                                                                
                                                                                
                                                                                
Agent the Evoker               St:11 Dx:17 Co:12 In:16 Wi:9 Ch:10 Chaotic S:0   
Dlvl:1 $:0 HP:11(11) Pw:9(9) AC:9 Xp:1/0                                        

",-0.01,False
93,east,,"message:


language observation:
stairs down very far eastsoutheast
lichens far east
lava near eastnortheast, east, and southeast
area of lava near eastsoutheast
horizontal wall near southeast and south
vertical wall near southwest and west
horizontal wall very near north, northeast, and northwest
horn adjacent west

cursor:
Yourself a wizard
(x=27, y=10)

map:
                                                                                
                                                                                
                                                                                
                                                                                
                                                                                
                                                                                
                                                                                
                        --------------                                          
                        |.....}......---                                        
                        |.(@..}...F.F..--------     |                           
                        |.....}....................>|                           
                        |.....}........--------     |                           
                        |.....}......---                                        
                        --------------                                          
                                                                                
                                                                                
                                                                                
                                                                                
                                                                                
                                                                                
                                                                                
Agent the Evoker               St:11 Dx:17 Co:12 In:16 Wi:9 Ch:10 Chaotic S:0   
Dlvl:1 $:0 HP:11(11) Pw:9(9) AC:9 Xp:1/0                                        

",0.0,False
94,west,,"message:


language observation:
stairs down very far eastsoutheast
lichens far east
lava near eastnortheast and east
area of lava near eastsoutheast
horizontal wall near southeast and south
horizontal wall very near north and northeast
vertical wall very near southwest and west
northwest room corner very near northwest

cursor:
Yourself a wizard
(x=26, y=10)

map:
                                                                                
                                                                                
                                                                                
                                                                                
                                                                                
                                                                                
                                                                                
                        --------------                                          
                        |.....}......---                                        
                        |.@...}...F.F..--------     |                           
                        |.....}....................>|                           
                        |.....}........--------     |                           
                        |.....}......---                                        
                        --------------                                          
                                                                                
                                                                                
                                                                                
                                                                                
                                                                                
                                                                                
                                                                                
Agent the Evoker               St:11 Dx:17 Co:12 In:16 Wi:9 Ch:10 Chaotic S:0   
Dlvl:1 $:0 HP:11(11) Pw:9(9) AC:9 Xp:1/0                                        

",0.0,False
95,apply,,"message:
What do you want to use or apply? [cn or ?*]

language observation:
stairs down very far eastsoutheast
lichens far east
lava near eastnortheast and east
area of lava near eastsoutheast
horizontal wall near southeast and south
horizontal wall very near north and northeast
vertical wall very near southwest and west
northwest room corner very near northwest

cursor:

(x=45, y=0)

map:
                                                                                
                                                                                
                                                                                
                                                                                
                                                                                
                                                                                
                                                                                
                        --------------                                          
                        |.....}......---                                        
                        |.@...}...F.F..--------     |                           
                        |.....}....................>|                           
                        |.....}........--------     |                           
                        |.....}......---                                        
                        --------------                                          
                                                                                
                                                                                
                                                                                
                                                                                
                                                                                
                                                                                
                                                                                
Agent the Evoker               St:11 Dx:17 Co:12 In:16 Wi:9 Ch:10 Chaotic S:0   
Dlvl:1 $:0 HP:11(11) Pw:9(9) AC:9 Xp:1/0                                        

",-0.01,False
96,more,,"message:
Never mind.

language observation:
stairs down very far eastsoutheast
lichens far east
lava near eastnortheast and east
area of lava near eastsoutheast
horizontal wall near southeast and south
horizontal wall very near north and northeast
vertical wall very near southwest and west
northwest room corner very near northwest

cursor:
Yourself a wizard
(x=26, y=10)

map:
                                                                                
                                                                                
                                                                                
                                                                                
                                                                                
                                                                                
                                                                                
                        --------------                                          
                        |.....}......---                                        
                        |.@...}...F.F..--------     |                           
                        |.....}....................>|                           
                        |.....}........--------     |                           
                        |.....}......---                                        
                        --------------                                          
                                                                                
                                                                                
                                                                                
                                                                                
                                                                                
                                                                                
                                                                                
Agent the Evoker               St:11 Dx:17 Co:12 In:16 Wi:9 Ch:10 Chaotic S:0   
Dlvl:1 $:0 HP:11(11) Pw:9(9) AC:9 Xp:1/0                                        

",-0.01,False
97,pickup,,"message:


language observation:
stairs down very far eastsoutheast
lichens far east
lava near eastnortheast and east
area of lava near eastsoutheast
horizontal wall near southeast and south
horizontal wall very near north and northeast
vertical wall very near southwest and west
northwest room corner very near northwest

cursor:
Yourself a wizard
(x=26, y=10)

map:
                                                                                
                                                                                
                                                                                
                                                                                
                                                                                
                                                                                
                                                                                
                        --------------                                          
                        |.....}......---                                        
                        |.@...}...F.F..--------     |                           
                        |.....}....................>|                           
                        |.....}........--------     |                           
                        |.....}......---                                        
                        --------------                                          
                                                                                
                                                                                
                                                                                
                                                                                
                                                                                
                                                                                
                                                                                
Agent the Evoker               St:11 Dx:17 Co:12 In:16 Wi:9 Ch:10 Chaotic S:0   
Dlvl:1 $:0 HP:11(11) Pw:9(9) AC:9 Xp:1/0                                        

",-0.01,False
98,south,,"message:


language observation:
stairs down very far east
lichens far eastnortheast
horizontal wall near north, northeast, southeast, and south
lava near east
area of lava near eastnortheast and eastsoutheast
vertical wall very near southwest, west, and northwest
horn adjacent north

cursor:
Yourself a wizard
(x=26, y=11)

map:
                                                                                
                                                                                
                                                                                
                                                                                
                                                                                
                                                                                
                                                                                
                        --------------                                          
                        |.....}......---                                        
                        |.(...}...F.F..--------     |                           
                        |.@...}....................>|                           
                        |.....}........--------     |                           
                        |.....}......---                                        
                        --------------                                          
                                                                                
                                                                                
                                                                                
                                                                                
                                                                                
                                                                                
                                                                                
Agent the Evoker               St:11 Dx:17 Co:12 In:16 Wi:9 Ch:10 Chaotic S:0   
Dlvl:1 $:0 HP:11(11) Pw:9(9) AC:9 Xp:1/0                                        

",0.0,False
99,north,,"message:
 
No  Points     Name                                                   Hp [max]
0  Agent-Wiz-Elf-Fem-Cha quit in The Dungeons of Doom on
level 1.                                               11  [11]


language observation:
dark area adjacent east, southeast, and south

cursor:
very far eastsoutheast 
(x=77, y=6)

map:
 No  Points     Name                                                   Hp [max] 
                                                                                
            0  Agent-Wiz-Elf-Fem-Cha quit in The Dungeons of Doom on            
                                                                                
              level 1.                                               11  [11]   
                                                                                
                                                                                
                                                                                
                                                                                
                                                                                
                                                                                
                                                                                
                                                                                
                                                                                
                                                                                
                                                                                
                                                                                
                                                                                
                                                                                
                                                                                
                                                                                
                                                                                
                                                                                

",0.0,True
