Step,Action,Reasoning,Observation,Reward,Done
0,southeast,,"message:


language observation:
stairs down very far east
lichen far eastsoutheast
horizontal wall near north, northeast, southeast, and south
lava near east
area of lava near eastnortheast and eastsoutheast
southwest corner near southwest
vertical wall near west
northwest room corner near northwest
lichen adjacent southeast
horn adjacent northwest

cursor:
Yourself a barbarian
(x=27, y=11)

map:
                                                                                
                                                                                
                                                                                
                                                                                
                                                                                
                                                                                
                                                                                
                        --------------                                          
                        |.....}......---                                        
                        |.(...}........--------     |                           
                        |..@..}...................>.|                           
                        |...F.}.....F..--------     |                           
                        |.....}......---                                        
                        --------------                                          
                                                                                
                                                                                
                                                                                
                                                                                
                                                                                
                                                                                
                                                                                
Agent the Plunderess           St:18 Dx:16 Co:18 In:7 Wi:6 Ch:8 Neutral S:0     
Dlvl:1 $:0 HP:16(16) Pw:2(2) AC:7 Xp:1/0                                        

",0.0,False
1,northwest,,"message:


language observation:
stairs down very far eastsoutheast
lichen far eastsoutheast
lava near eastnortheast and east
area of lava near eastsoutheast
horizontal wall near southeast and south
horizontal wall very near north and northeast
lichen very near southeast
vertical wall very near southwest and west
northwest room corner very near northwest

cursor:
Yourself a barbarian
(x=26, y=10)

map:
                                                                                
                                                                                
                                                                                
                                                                                
                                                                                
                                                                                
                                                                                
                        --------------                                          
                        |.....}......---                                        
                        |.@...}........--------     |                           
                        |.....}...................>.|                           
                        |...F.}.....F..--------     |                           
                        |.....}......---                                        
                        --------------                                          
                                                                                
                                                                                
                                                                                
                                                                                
                                                                                
                                                                                
                                                                                
Agent the Plunderess           St:18 Dx:16 Co:18 In:7 Wi:6 Ch:8 Neutral S:0     
Dlvl:1 $:0 HP:16(16) Pw:2(2) AC:7 Xp:1/0                                        

",0.0,False
2,pickup,,"message:


language observation:
stairs down very far eastsoutheast
lichen far eastsoutheast
lava near eastnortheast and east
area of lava near eastsoutheast
horizontal wall near southeast and south
horizontal wall very near north and northeast
lichen very near southeast
vertical wall very near southwest and west
northwest room corner very near northwest

cursor:
Yourself a barbarian
(x=26, y=10)

map:
                                                                                
                                                                                
                                                                                
                                                                                
                                                                                
                                                                                
                                                                                
                        --------------                                          
                        |.....}......---                                        
                        |.@...}........--------     |                           
                        |.....}...................>.|                           
                        |...F.}.....F..--------     |                           
                        |.....}......---                                        
                        --------------                                          
                                                                                
                                                                                
                                                                                
                                                                                
                                                                                
                                                                                
                                                                                
Agent the Plunderess           St:18 Dx:16 Co:18 In:7 Wi:6 Ch:8 Neutral S:0     
Dlvl:1 $:0 HP:16(16) Pw:2(2) AC:7 Xp:1/0                                        

",-0.01,False
3,west,,"message:


language observation:
stairs down very far eastsoutheast
lichen far eastsoutheast
lava near eastnortheast and east
area of lava near eastsoutheast
lichen near eastsoutheast
horizontal wall near southeast and south
horizontal wall very near north and northeast
horn adjacent east
vertical wall adjacent southwest, west, and northwest

cursor:
Yourself a barbarian
(x=25, y=10)

map:
                                                                                
                                                                                
                                                                                
                                                                                
                                                                                
                                                                                
                                                                                
                        --------------                                          
                        |.....}......---                                        
                        |@(...}........--------     |                           
                        |.....}...................>.|                           
                        |...F.}.....F..--------     |                           
                        |.....}......---                                        
                        --------------                                          
                                                                                
                                                                                
                                                                                
                                                                                
                                                                                
                                                                                
                                                                                
Agent the Plunderess           St:18 Dx:16 Co:18 In:7 Wi:6 Ch:8 Neutral S:0     
Dlvl:1 $:0 HP:16(16) Pw:2(2) AC:7 Xp:1/0                                        

",0.0,False
4,east,,"message:


language observation:
stairs down very far eastsoutheast
lichen far eastsoutheast
lava near eastnortheast and east
area of lava near eastsoutheast
horizontal wall near southeast and south
horizontal wall very near north and northeast
lichen very near southeast
vertical wall very near southwest and west
northwest room corner very near northwest

cursor:
Yourself a barbarian
(x=26, y=10)

map:
                                                                                
                                                                                
                                                                                
                                                                                
                                                                                
                                                                                
                                                                                
                        --------------                                          
                        |.....}......---                                        
                        |.@...}........--------     |                           
                        |.....}...................>.|                           
                        |...F.}.....F..--------     |                           
                        |.....}......---                                        
                        --------------                                          
                                                                                
                                                                                
                                                                                
                                                                                
                                                                                
                                                                                
                                                                                
Agent the Plunderess           St:18 Dx:16 Co:18 In:7 Wi:6 Ch:8 Neutral S:0     
Dlvl:1 $:0 HP:16(16) Pw:2(2) AC:7 Xp:1/0                                        

",0.0,False
5,pickup,,"message:


language observation:
stairs down very far eastsoutheast
lichen far eastsoutheast
lava near eastnortheast and east
area of lava near eastsoutheast
horizontal wall near southeast and south
horizontal wall very near north and northeast
lichen very near southeast
vertical wall very near southwest and west
northwest room corner very near northwest

cursor:
Yourself a barbarian
(x=26, y=10)

map:
                                                                                
                                                                                
                                                                                
                                                                                
                                                                                
                                                                                
                                                                                
                        --------------                                          
                        |.....}......---                                        
                        |.@...}........--------     |                           
                        |.....}...................>.|                           
                        |...F.}.....F..--------     |                           
                        |.....}......---                                        
                        --------------                                          
                                                                                
                                                                                
                                                                                
                                                                                
                                                                                
                                                                                
                                                                                
Agent the Plunderess           St:18 Dx:16 Co:18 In:7 Wi:6 Ch:8 Neutral S:0     
Dlvl:1 $:0 HP:16(16) Pw:2(2) AC:7 Xp:1/0                                        

",-0.01,False
6,pickup,,"message:


language observation:
stairs down very far eastsoutheast
lichen far eastsoutheast
lava near eastnortheast and east
area of lava near eastsoutheast
horizontal wall near southeast and south
horizontal wall very near north and northeast
lichen very near southeast
vertical wall very near southwest and west
northwest room corner very near northwest

cursor:
Yourself a barbarian
(x=26, y=10)

map:
                                                                                
                                                                                
                                                                                
                                                                                
                                                                                
                                                                                
                                                                                
                        --------------                                          
                        |.....}......---                                        
                        |.@...}........--------     |                           
                        |.....}...................>.|                           
                        |...F.}.....F..--------     |                           
                        |.....}......---                                        
                        --------------                                          
                                                                                
                                                                                
                                                                                
                                                                                
                                                                                
                                                                                
                                                                                
Agent the Plunderess           St:18 Dx:16 Co:18 In:7 Wi:6 Ch:8 Neutral S:0     
Dlvl:1 $:0 HP:16(16) Pw:2(2) AC:7 Xp:1/0                                        

",-0.01,False
7,west,,"message:


language observation:
stairs down very far eastsoutheast
lichen far eastsoutheast
lava near eastnortheast and east
area of lava near eastsoutheast
lichen near eastsoutheast
horizontal wall near southeast and south
horizontal wall very near north and northeast
horn adjacent east
vertical wall adjacent southwest, west, and northwest

cursor:
Yourself a barbarian
(x=25, y=10)

map:
                                                                                
                                                                                
                                                                                
                                                                                
                                                                                
                                                                                
                                                                                
                        --------------                                          
                        |.....}......---                                        
                        |@(...}........--------     |                           
                        |.....}...................>.|                           
                        |...F.}.....F..--------     |                           
                        |.....}......---                                        
                        --------------                                          
                                                                                
                                                                                
                                                                                
                                                                                
                                                                                
                                                                                
                                                                                
Agent the Plunderess           St:18 Dx:16 Co:18 In:7 Wi:6 Ch:8 Neutral S:0     
Dlvl:1 $:0 HP:16(16) Pw:2(2) AC:7 Xp:1/0                                        

",0.0,False
8,east,,"message:


language observation:
stairs down very far eastsoutheast
lichen far eastsoutheast
lava near eastnortheast and east
area of lava near eastsoutheast
horizontal wall near southeast and south
horizontal wall very near north and northeast
lichen very near southeast
vertical wall very near southwest and west
northwest room corner very near northwest

cursor:
Yourself a barbarian
(x=26, y=10)

map:
                                                                                
                                                                                
                                                                                
                                                                                
                                                                                
                                                                                
                                                                                
                        --------------                                          
                        |.....}......---                                        
                        |.@...}........--------     |                           
                        |.....}...................>.|                           
                        |...F.}.....F..--------     |                           
                        |.....}......---                                        
                        --------------                                          
                                                                                
                                                                                
                                                                                
                                                                                
                                                                                
                                                                                
                                                                                
Agent the Plunderess           St:18 Dx:16 Co:18 In:7 Wi:6 Ch:8 Neutral S:0     
Dlvl:1 $:0 HP:16(16) Pw:2(2) AC:7 Xp:1/0                                        

",0.0,False
9,southeast,,"message:


language observation:
stairs down very far east
lichen far eastsoutheast
horizontal wall near north, northeast, southeast, and south
lava near east
area of lava near eastnortheast and eastsoutheast
southwest corner near southwest
vertical wall near west
northwest room corner near northwest
lichen adjacent southeast
horn adjacent northwest

cursor:
Yourself a barbarian
(x=27, y=11)

map:
                                                                                
                                                                                
                                                                                
                                                                                
                                                                                
                                                                                
                                                                                
                        --------------                                          
                        |.....}......---                                        
                        |.(...}........--------     |                           
                        |..@..}...................>.|                           
                        |...F.}.....F..--------     |                           
                        |.....}......---                                        
                        --------------                                          
                                                                                
                                                                                
                                                                                
                                                                                
                                                                                
                                                                                
                                                                                
Agent the Plunderess           St:18 Dx:16 Co:18 In:7 Wi:6 Ch:8 Neutral S:0     
Dlvl:1 $:0 HP:16(16) Pw:2(2) AC:7 Xp:1/0                                        

",0.0,False
10,northwest,,"message:


language observation:
stairs down very far eastsoutheast
lichen far eastsoutheast
lava near eastnortheast and east
area of lava near eastsoutheast
horizontal wall near southeast and south
horizontal wall very near north and northeast
lichen very near southeast
vertical wall very near southwest and west
northwest room corner very near northwest

cursor:
Yourself a barbarian
(x=26, y=10)

map:
                                                                                
                                                                                
                                                                                
                                                                                
                                                                                
                                                                                
                                                                                
                        --------------                                          
                        |.....}......---                                        
                        |.@...}........--------     |                           
                        |.....}...................>.|                           
                        |...F.}.....F..--------     |                           
                        |.....}......---                                        
                        --------------                                          
                                                                                
                                                                                
                                                                                
                                                                                
                                                                                
                                                                                
                                                                                
Agent the Plunderess           St:18 Dx:16 Co:18 In:7 Wi:6 Ch:8 Neutral S:0     
Dlvl:1 $:0 HP:16(16) Pw:2(2) AC:7 Xp:1/0                                        

",0.0,False
11,southeast,,"message:


language observation:
stairs down very far east
lichen far eastsoutheast
horizontal wall near north, northeast, southeast, and south
lava near east
area of lava near eastnortheast and eastsoutheast
southwest corner near southwest
vertical wall near west
northwest room corner near northwest
lichen adjacent southeast
horn adjacent northwest

cursor:
Yourself a barbarian
(x=27, y=11)

map:
                                                                                
                                                                                
                                                                                
                                                                                
                                                                                
                                                                                
                                                                                
                        --------------                                          
                        |.....}......---                                        
                        |.(...}........--------     |                           
                        |..@..}...................>.|                           
                        |...F.}.....F..--------     |                           
                        |.....}......---                                        
                        --------------                                          
                                                                                
                                                                                
                                                                                
                                                                                
                                                                                
                                                                                
                                                                                
Agent the Plunderess           St:18 Dx:16 Co:18 In:7 Wi:6 Ch:8 Neutral S:0     
Dlvl:1 $:0 HP:16(16) Pw:2(2) AC:7 Xp:1/0                                        

",0.0,False
12,southeast,,"message:
You kill the lichen!

language observation:
stairs down very far east
lichen far eastsoutheast
horizontal wall near north, northeast, southeast, and south
lava near east
area of lava near eastnortheast and eastsoutheast
southwest corner near southwest
vertical wall near west
northwest room corner near northwest
sky blue potion adjacent southeast
horn adjacent northwest

cursor:
Yourself a barbarian
(x=27, y=11)

map:
                                                                                
                                                                                
                                                                                
                                                                                
                                                                                
                                                                                
                                                                                
                        --------------                                          
                        |.....}......---                                        
                        |.(...}........--------     |                           
                        |..@..}...................>.|                           
                        |...!.}.....F..--------     |                           
                        |.....}......---                                        
                        --------------                                          
                                                                                
                                                                                
                                                                                
                                                                                
                                                                                
                                                                                
                                                                                
Agent the Plunderess           St:18 Dx:16 Co:18 In:7 Wi:6 Ch:8 Neutral S:16    
Dlvl:1 $:0 HP:16(16) Pw:2(2) AC:7 Xp:1/4                                        

",0.0,False
13,northwest,,"message:


language observation:
stairs down very far eastsoutheast
lichen far eastsoutheast
lava near eastnortheast and east
area of lava near eastsoutheast
horizontal wall near southeast and south
horizontal wall very near north and northeast
sky blue potion very near southeast
vertical wall very near southwest and west
northwest room corner very near northwest

cursor:
Yourself a barbarian
(x=26, y=10)

map:
                                                                                
                                                                                
                                                                                
                                                                                
                                                                                
                                                                                
                                                                                
                        --------------                                          
                        |.....}......---                                        
                        |.@...}........--------     |                           
                        |.....}...................>.|                           
                        |...!.}.....F..--------     |                           
                        |.....}......---                                        
                        --------------                                          
                                                                                
                                                                                
                                                                                
                                                                                
                                                                                
                                                                                
                                                                                
Agent the Plunderess           St:18 Dx:16 Co:18 In:7 Wi:6 Ch:8 Neutral S:16    
Dlvl:1 $:0 HP:16(16) Pw:2(2) AC:7 Xp:1/4                                        

",0.0,False
14,southeast,,"message:


language observation:
stairs down very far east
lichen far eastsoutheast
horizontal wall near north, northeast, southeast, and south
lava near east
area of lava near eastnortheast and eastsoutheast
southwest corner near southwest
vertical wall near west
northwest room corner near northwest
sky blue potion adjacent southeast
horn adjacent northwest

cursor:
Yourself a barbarian
(x=27, y=11)

map:
                                                                                
                                                                                
                                                                                
                                                                                
                                                                                
                                                                                
                                                                                
                        --------------                                          
                        |.....}......---                                        
                        |.(...}........--------     |                           
                        |..@..}...................>.|                           
                        |...!.}.....F..--------     |                           
                        |.....}......---                                        
                        --------------                                          
                                                                                
                                                                                
                                                                                
                                                                                
                                                                                
                                                                                
                                                                                
Agent the Plunderess           St:18 Dx:16 Co:18 In:7 Wi:6 Ch:8 Neutral S:16    
Dlvl:1 $:0 HP:16(16) Pw:2(2) AC:7 Xp:1/4                                        

",0.0,False
15,southeast,,"message:
You see here a sky blue potion.

language observation:
stairs down very far eastnortheast
lichen far east
horizontal wall near north and northeast
lava near northnortheast
vertical wall near west
northwest room corner near northwest
lava very near northeast, eastnortheast, east, and eastsoutheast
horizontal wall very near southeast, south, and southwest
horn very near northwest

cursor:
Yourself a barbarian
(x=28, y=12)

map:
                                                                                
                                                                                
                                                                                
                                                                                
                                                                                
                                                                                
                                                                                
                        --------------                                          
                        |.....}......---                                        
                        |.(...}........--------     |                           
                        |.....}...................>.|                           
                        |...@.}.....F..--------     |                           
                        |.....}......---                                        
                        --------------                                          
                                                                                
                                                                                
                                                                                
                                                                                
                                                                                
                                                                                
                                                                                
Agent the Plunderess           St:18 Dx:16 Co:18 In:7 Wi:6 Ch:8 Neutral S:16    
Dlvl:1 $:0 HP:16(16) Pw:2(2) AC:7 Xp:1/4                                        

",0.0,False
16,pickup,,"message:
e - a sky blue potion.

language observation:
stairs down very far eastnortheast
lichen far east
horizontal wall near north and northeast
lava near northnortheast
vertical wall near west
northwest room corner near northwest
lava very near northeast, eastnortheast, east, and eastsoutheast
horizontal wall very near southeast, south, and southwest
horn very near northwest

cursor:
Yourself a barbarian
(x=28, y=12)

map:
                                                                                
                                                                                
                                                                                
                                                                                
                                                                                
                                                                                
                                                                                
                        --------------                                          
                        |.....}......---                                        
                        |.(...}........--------     |                           
                        |.....}...................>.|                           
                        |...@.}.....F..--------     |                           
                        |.....}......---                                        
                        --------------                                          
                                                                                
                                                                                
                                                                                
                                                                                
                                                                                
                                                                                
                                                                                
Agent the Plunderess           St:18 Dx:16 Co:18 In:7 Wi:6 Ch:8 Neutral S:16    
Dlvl:1 $:0 HP:16(16) Pw:2(2) AC:7 Xp:1/4                                        

",0.0,False
17,northwest,,"message:


language observation:
stairs down very far east
lichen far eastsoutheast
horizontal wall near north, northeast, southeast, and south
lava near east
area of lava near eastnortheast and eastsoutheast
southwest corner near southwest
vertical wall near west
northwest room corner near northwest
horn adjacent northwest

cursor:
Yourself a barbarian
(x=27, y=11)

map:
                                                                                
                                                                                
                                                                                
                                                                                
                                                                                
                                                                                
                                                                                
                        --------------                                          
                        |.....}......---                                        
                        |.(...}........--------     |                           
                        |..@..}...................>.|                           
                        |.....}.....F..--------     |                           
                        |.....}......---                                        
                        --------------                                          
                                                                                
                                                                                
                                                                                
                                                                                
                                                                                
                                                                                
                                                                                
Agent the Plunderess           St:18 Dx:16 Co:18 In:7 Wi:6 Ch:8 Neutral S:16    
Dlvl:1 $:0 HP:16(16) Pw:2(2) AC:7 Xp:1/4                                        

",0.0,False
18,northwest,,"message:


language observation:
stairs down very far eastsoutheast
lichen far eastsoutheast
lava near eastnortheast and east
area of lava near eastsoutheast
horizontal wall near southeast and south
horizontal wall very near north and northeast
vertical wall very near southwest and west
northwest room corner very near northwest

cursor:
Yourself a barbarian
(x=26, y=10)

map:
                                                                                
                                                                                
                                                                                
                                                                                
                                                                                
                                                                                
                                                                                
                        --------------                                          
                        |.....}......---                                        
                        |.@...}........--------     |                           
                        |.....}...................>.|                           
                        |.....}.....F..--------     |                           
                        |.....}......---                                        
                        --------------                                          
                                                                                
                                                                                
                                                                                
                                                                                
                                                                                
                                                                                
                                                                                
Agent the Plunderess           St:18 Dx:16 Co:18 In:7 Wi:6 Ch:8 Neutral S:16    
Dlvl:1 $:0 HP:16(16) Pw:2(2) AC:7 Xp:1/4                                        

",0.0,False
19,quaff,,"message:
What do you want to drink? [e or ?*]

language observation:
stairs down very far eastsoutheast
lichen far eastsoutheast
lava near eastnortheast and east
area of lava near eastsoutheast
horizontal wall near southeast and south
horizontal wall very near north and northeast
vertical wall very near southwest and west
northwest room corner very near northwest

cursor:

(x=37, y=0)

map:
                                                                                
                                                                                
                                                                                
                                                                                
                                                                                
                                                                                
                                                                                
                        --------------                                          
                        |.....}......---                                        
                        |.@...}........--------     |                           
                        |.....}...................>.|                           
                        |.....}.....F..--------     |                           
                        |.....}......---                                        
                        --------------                                          
                                                                                
                                                                                
                                                                                
                                                                                
                                                                                
                                                                                
                                                                                
Agent the Plunderess           St:18 Dx:16 Co:18 In:7 Wi:6 Ch:8 Neutral S:16    
Dlvl:1 $:0 HP:16(16) Pw:2(2) AC:7 Xp:1/4                                        

",-0.01,False
20,eat,,"message:
You feel much better.

language observation:
stairs down very far eastsoutheast
lichen far eastsoutheast
lava near eastnortheast and east
area of lava near eastsoutheast
horizontal wall near southeast and south
horizontal wall very near north and northeast
vertical wall very near southwest and west
northwest room corner very near northwest

cursor:
Yourself a barbarian
(x=26, y=10)

map:
                                                                                
                                                                                
                                                                                
                                                                                
                                                                                
                                                                                
                                                                                
                        --------------                                          
                        |.....}......---                                        
                        |.@...}........--------     |                           
                        |.....}...................>.|                           
                        |.....}.....F..--------     |                           
                        |.....}......---                                        
                        --------------                                          
                                                                                
                                                                                
                                                                                
                                                                                
                                                                                
                                                                                
                                                                                
Agent the Plunderess           St:18 Dx:16 Co:18 In:7 Wi:6 Ch:8 Neutral S:26    
Dlvl:1 $:0 HP:18(18) Pw:2(2) AC:7 Xp:1/4                                        

",0.0,False
21,northwest,,"message:


language observation:
stairs down very far eastsoutheast
lichen far eastsoutheast
lava near east
area of lava near eastsoutheast
horizontal wall near southeast and south
horizontal wall adjacent north and northeast
horn adjacent southeast
vertical wall adjacent southwest and west
northwest room corner adjacent northwest

cursor:
Yourself a barbarian
(x=25, y=9)

map:
                                                                                
                                                                                
                                                                                
                                                                                
                                                                                
                                                                                
                                                                                
                        --------------                                          
                        |@....}......---                                        
                        |.(...}........--------     |                           
                        |.....}...................>.|                           
                        |.....}.....F..--------     |                           
                        |.....}......---                                        
                        --------------                                          
                                                                                
                                                                                
                                                                                
                                                                                
                                                                                
                                                                                
                                                                                
Agent the Plunderess           St:18 Dx:16 Co:18 In:7 Wi:6 Ch:8 Neutral S:26    
Dlvl:1 $:0 HP:18(18) Pw:2(2) AC:7 Xp:1/4                                        

",0.0,False
22,southeast,,"message:


language observation:
stairs down very far eastsoutheast
lichen far eastsoutheast
lava near eastnortheast and east
area of lava near eastsoutheast
horizontal wall near southeast and south
horizontal wall very near north and northeast
vertical wall very near southwest and west
northwest room corner very near northwest

cursor:
Yourself a barbarian
(x=26, y=10)

map:
                                                                                
                                                                                
                                                                                
                                                                                
                                                                                
                                                                                
                                                                                
                        --------------                                          
                        |.....}......---                                        
                        |.@...}........--------     |                           
                        |.....}...................>.|                           
                        |.....}.....F..--------     |                           
                        |.....}......---                                        
                        --------------                                          
                                                                                
                                                                                
                                                                                
                                                                                
                                                                                
                                                                                
                                                                                
Agent the Plunderess           St:18 Dx:16 Co:18 In:7 Wi:6 Ch:8 Neutral S:26    
Dlvl:1 $:0 HP:18(18) Pw:2(2) AC:7 Xp:1/4                                        

",0.0,False
23,north,,"message:


language observation:
stairs down very far eastsoutheast
lichen far eastsoutheast
lava near east and southeast
area of lava near eastsoutheast
horizontal wall near southeast and south
vertical wall very near southwest and west
horizontal wall adjacent north, northeast, and northwest
horn adjacent south

cursor:
Yourself a barbarian
(x=26, y=9)

map:
                                                                                
                                                                                
                                                                                
                                                                                
                                                                                
                                                                                
                                                                                
                        --------------                                          
                        |.@...}......---                                        
                        |.(...}........--------     |                           
                        |.....}...................>.|                           
                        |.....}.....F..--------     |                           
                        |.....}......---                                        
                        --------------                                          
                                                                                
                                                                                
                                                                                
                                                                                
                                                                                
                                                                                
                                                                                
Agent the Plunderess           St:18 Dx:16 Co:18 In:7 Wi:6 Ch:8 Neutral S:26    
Dlvl:1 $:0 HP:18(18) Pw:2(2) AC:7 Xp:1/4                                        

",0.0,False
24,south,,"message:


language observation:
stairs down very far eastsoutheast
lichen far eastsoutheast
lava near eastnortheast and east
area of lava near eastsoutheast
horizontal wall near southeast and south
horizontal wall very near north and northeast
vertical wall very near southwest and west
northwest room corner very near northwest

cursor:
Yourself a barbarian
(x=26, y=10)

map:
                                                                                
                                                                                
                                                                                
                                                                                
                                                                                
                                                                                
                                                                                
                        --------------                                          
                        |.....}......---                                        
                        |.@...}........--------     |                           
                        |.....}...................>.|                           
                        |.....}.....F..--------     |                           
                        |.....}......---                                        
                        --------------                                          
                                                                                
                                                                                
                                                                                
                                                                                
                                                                                
                                                                                
                                                                                
Agent the Plunderess           St:18 Dx:16 Co:18 In:7 Wi:6 Ch:8 Neutral S:26    
Dlvl:1 $:0 HP:18(18) Pw:2(2) AC:7 Xp:1/4                                        

",0.0,False
25,north,,"message:


language observation:
stairs down very far eastsoutheast
lichen far eastsoutheast
lava near east and southeast
area of lava near eastsoutheast
horizontal wall near southeast and south
vertical wall very near southwest and west
horizontal wall adjacent north, northeast, and northwest
horn adjacent south

cursor:
Yourself a barbarian
(x=26, y=9)

map:
                                                                                
                                                                                
                                                                                
                                                                                
                                                                                
                                                                                
                                                                                
                        --------------                                          
                        |.@...}......---                                        
                        |.(...}........--------     |                           
                        |.....}...................>.|                           
                        |.....}.....F..--------     |                           
                        |.....}......---                                        
                        --------------                                          
                                                                                
                                                                                
                                                                                
                                                                                
                                                                                
                                                                                
                                                                                
Agent the Plunderess           St:18 Dx:16 Co:18 In:7 Wi:6 Ch:8 Neutral S:26    
Dlvl:1 $:0 HP:18(18) Pw:2(2) AC:7 Xp:1/4                                        

",0.0,False
26,south,,"message:


language observation:
stairs down very far eastsoutheast
lichen far eastsoutheast
lava near eastnortheast and east
area of lava near eastsoutheast
horizontal wall near southeast and south
horizontal wall very near north and northeast
vertical wall very near southwest and west
northwest room corner very near northwest

cursor:
Yourself a barbarian
(x=26, y=10)

map:
                                                                                
                                                                                
                                                                                
                                                                                
                                                                                
                                                                                
                                                                                
                        --------------                                          
                        |.....}......---                                        
                        |.@...}........--------     |                           
                        |.....}....F..............>.|                           
                        |.....}........--------     |                           
                        |.....}......---                                        
                        --------------                                          
                                                                                
                                                                                
                                                                                
                                                                                
                                                                                
                                                                                
                                                                                
Agent the Plunderess           St:18 Dx:16 Co:18 In:7 Wi:6 Ch:8 Neutral S:26    
Dlvl:1 $:0 HP:18(18) Pw:2(2) AC:7 Xp:1/4                                        

",0.0,False
27,pickup,,"message:


language observation:
stairs down very far eastsoutheast
lichen far eastsoutheast
lava near eastnortheast and east
area of lava near eastsoutheast
horizontal wall near southeast and south
horizontal wall very near north and northeast
vertical wall very near southwest and west
northwest room corner very near northwest

cursor:
Yourself a barbarian
(x=26, y=10)

map:
                                                                                
                                                                                
                                                                                
                                                                                
                                                                                
                                                                                
                                                                                
                        --------------                                          
                        |.....}......---                                        
                        |.@...}........--------     |                           
                        |.....}....F..............>.|                           
                        |.....}........--------     |                           
                        |.....}......---                                        
                        --------------                                          
                                                                                
                                                                                
                                                                                
                                                                                
                                                                                
                                                                                
                                                                                
Agent the Plunderess           St:18 Dx:16 Co:18 In:7 Wi:6 Ch:8 Neutral S:26    
Dlvl:1 $:0 HP:18(18) Pw:2(2) AC:7 Xp:1/4                                        

",-0.01,False
28,west,,"message:


language observation:
stairs down very far eastsoutheast
lichen far eastsoutheast
lava near eastnortheast and east
area of lava near eastsoutheast
horizontal wall near southeast and south
horizontal wall very near north and northeast
horn adjacent east
vertical wall adjacent southwest, west, and northwest

cursor:
Yourself a barbarian
(x=25, y=10)

map:
                                                                                
                                                                                
                                                                                
                                                                                
                                                                                
                                                                                
                                                                                
                        --------------                                          
                        |.....}......---                                        
                        |@(...}........--------     |                           
                        |.....}....F..............>.|                           
                        |.....}........--------     |                           
                        |.....}......---                                        
                        --------------                                          
                                                                                
                                                                                
                                                                                
                                                                                
                                                                                
                                                                                
                                                                                
Agent the Plunderess           St:18 Dx:16 Co:18 In:7 Wi:6 Ch:8 Neutral S:26    
Dlvl:1 $:0 HP:18(18) Pw:2(2) AC:7 Xp:1/4                                        

",0.0,False
29,east,,"message:


language observation:
stairs down very far eastsoutheast
lichen far eastsoutheast
lava near eastnortheast and east
area of lava near eastsoutheast
horizontal wall near southeast and south
horizontal wall very near north and northeast
vertical wall very near southwest and west
northwest room corner very near northwest

cursor:
Yourself a barbarian
(x=26, y=10)

map:
                                                                                
                                                                                
                                                                                
                                                                                
                                                                                
                                                                                
                                                                                
                        --------------                                          
                        |.....}......---                                        
                        |.@...}........--------     |                           
                        |.....}....F..............>.|                           
                        |.....}........--------     |                           
                        |.....}......---                                        
                        --------------                                          
                                                                                
                                                                                
                                                                                
                                                                                
                                                                                
                                                                                
                                                                                
Agent the Plunderess           St:18 Dx:16 Co:18 In:7 Wi:6 Ch:8 Neutral S:26    
Dlvl:1 $:0 HP:18(18) Pw:2(2) AC:7 Xp:1/4                                        

",0.0,False
30,pickup,,"message:


language observation:
stairs down very far eastsoutheast
lichen far eastsoutheast
lava near eastnortheast and east
area of lava near eastsoutheast
horizontal wall near southeast and south
horizontal wall very near north and northeast
vertical wall very near southwest and west
northwest room corner very near northwest

cursor:
Yourself a barbarian
(x=26, y=10)

map:
                                                                                
                                                                                
                                                                                
                                                                                
                                                                                
                                                                                
                                                                                
                        --------------                                          
                        |.....}......---                                        
                        |.@...}........--------     |                           
                        |.....}....F..............>.|                           
                        |.....}........--------     |                           
                        |.....}......---                                        
                        --------------                                          
                                                                                
                                                                                
                                                                                
                                                                                
                                                                                
                                                                                
                                                                                
Agent the Plunderess           St:18 Dx:16 Co:18 In:7 Wi:6 Ch:8 Neutral S:26    
Dlvl:1 $:0 HP:18(18) Pw:2(2) AC:7 Xp:1/4                                        

",-0.01,False
31,south,,"message:


language observation:
stairs down very far east
lichen far east
horizontal wall near north, northeast, southeast, and south
lava near east
area of lava near eastnortheast and eastsoutheast
vertical wall very near southwest, west, and northwest
horn adjacent north

cursor:
Yourself a barbarian
(x=26, y=11)

map:
                                                                                
                                                                                
                                                                                
                                                                                
                                                                                
                                                                                
                                                                                
                        --------------                                          
                        |.....}......---                                        
                        |.(...}........--------     |                           
                        |.@...}....F..............>.|                           
                        |.....}........--------     |                           
                        |.....}......---                                        
                        --------------                                          
                                                                                
                                                                                
                                                                                
                                                                                
                                                                                
                                                                                
                                                                                
Agent the Plunderess           St:18 Dx:16 Co:18 In:7 Wi:6 Ch:8 Neutral S:26    
Dlvl:1 $:0 HP:18(18) Pw:2(2) AC:7 Xp:1/4                                        

",0.0,False
32,north,,"message:


language observation:
stairs down very far eastsoutheast
lichen far eastsoutheast
lava near eastnortheast and east
area of lava near eastsoutheast
horizontal wall near southeast and south
horizontal wall very near north and northeast
vertical wall very near southwest and west
northwest room corner very near northwest

cursor:
Yourself a barbarian
(x=26, y=10)

map:
                                                                                
                                                                                
                                                                                
                                                                                
                                                                                
                                                                                
                                                                                
                        --------------                                          
                        |.....}......---                                        
                        |.@...}........--------     |                           
                        |.....}....F..............>.|                           
                        |.....}........--------     |                           
                        |.....}......---                                        
                        --------------                                          
                                                                                
                                                                                
                                                                                
                                                                                
                                                                                
                                                                                
                                                                                
Agent the Plunderess           St:18 Dx:16 Co:18 In:7 Wi:6 Ch:8 Neutral S:26    
Dlvl:1 $:0 HP:18(18) Pw:2(2) AC:7 Xp:1/4                                        

",0.0,False
33,pickup,,"message:


language observation:
stairs down very far eastsoutheast
lichen far eastsoutheast
lava near eastnortheast and east
area of lava near eastsoutheast
horizontal wall near southeast and south
horizontal wall very near north and northeast
vertical wall very near southwest and west
northwest room corner very near northwest

cursor:
Yourself a barbarian
(x=26, y=10)

map:
                                                                                
                                                                                
                                                                                
                                                                                
                                                                                
                                                                                
                                                                                
                        --------------                                          
                        |.....}......---                                        
                        |.@...}........--------     |                           
                        |.....}....F..............>.|                           
                        |.....}........--------     |                           
                        |.....}......---                                        
                        --------------                                          
                                                                                
                                                                                
                                                                                
                                                                                
                                                                                
                                                                                
                                                                                
Agent the Plunderess           St:18 Dx:16 Co:18 In:7 Wi:6 Ch:8 Neutral S:26    
Dlvl:1 $:0 HP:18(18) Pw:2(2) AC:7 Xp:1/4                                        

",-0.01,False
34,apply,,"message:
What do you want to use or apply? [a or ?*]

language observation:
stairs down very far eastsoutheast
lichen far eastsoutheast
lava near eastnortheast and east
area of lava near eastsoutheast
horizontal wall near southeast and south
horizontal wall very near north and northeast
vertical wall very near southwest and west
northwest room corner very near northwest

cursor:

(x=44, y=0)

map:
                                                                                
                                                                                
                                                                                
                                                                                
                                                                                
                                                                                
                                                                                
                        --------------                                          
                        |.....}......---                                        
                        |.@...}........--------     |                           
                        |.....}....F..............>.|                           
                        |.....}........--------     |                           
                        |.....}......---                                        
                        --------------                                          
                                                                                
                                                                                
                                                                                
                                                                                
                                                                                
                                                                                
                                                                                
Agent the Plunderess           St:18 Dx:16 Co:18 In:7 Wi:6 Ch:8 Neutral S:26    
Dlvl:1 $:0 HP:18(18) Pw:2(2) AC:7 Xp:1/4                                        

",-0.01,False
35,apply,,"message:
In what direction do you want to chop? [>]

language observation:
stairs down very far eastsoutheast
lichen far eastsoutheast
lava near eastnortheast and east
area of lava near eastsoutheast
horizontal wall near southeast and south
horizontal wall very near north and northeast
vertical wall very near southwest and west
northwest room corner very near northwest

cursor:

(x=43, y=0)

map:
                                                                                
                                                                                
                                                                                
                                                                                
                                                                                
                                                                                
                                                                                
                        --------------                                          
                        |.....}......---                                        
                        |.@...}........--------     |                           
                        |.....}....F..............>.|                           
                        |.....}........--------     |                           
                        |.....}......---                                        
                        --------------                                          
                                                                                
                                                                                
                                                                                
                                                                                
                                                                                
                                                                                
                                                                                
Agent the Plunderess           St:18 Dx:16 Co:18 In:7 Wi:6 Ch:8 Neutral S:26    
Dlvl:1 $:0 HP:18(18) Pw:2(2) AC:7 Xp:1/4                                        

",-0.01,False
36,east,,"message:
You swing your battle-axe through thin air.

language observation:
stairs down very far eastsoutheast
lichen far eastsoutheast
lava near eastnortheast and east
area of lava near eastsoutheast
horizontal wall near southeast and south
horizontal wall very near north and northeast
vertical wall very near southwest and west
northwest room corner very near northwest

cursor:
Yourself a barbarian
(x=26, y=10)

map:
                                                                                
                                                                                
                                                                                
                                                                                
                                                                                
                                                                                
                                                                                
                        --------------                                          
                        |.....}......---                                        
                        |.@...}........--------     |                           
                        |.....}....F..............>.|                           
                        |.....}........--------     |                           
                        |.....}......---                                        
                        --------------                                          
                                                                                
                                                                                
                                                                                
                                                                                
                                                                                
                                                                                
                                                                                
Agent the Plunderess           St:18 Dx:16 Co:18 In:7 Wi:6 Ch:8 Neutral S:26    
Dlvl:1 $:0 HP:18(18) Pw:2(2) AC:7 Xp:1/4                                        

",0.0,False
37,east,,"message:


language observation:
stairs down very far eastsoutheast
lichen far eastsoutheast
lava near eastnortheast, east, and southeast
area of lava near eastsoutheast
horizontal wall near southeast and south
vertical wall near southwest and west
horizontal wall very near north, northeast, and northwest
horn adjacent west

cursor:
Yourself a barbarian
(x=27, y=10)

map:
                                                                                
                                                                                
                                                                                
                                                                                
                                                                                
                                                                                
                                                                                
                        --------------                                          
                        |.....}......---                                        
                        |.(@..}........--------     |                           
                        |.....}....F..............>.|                           
                        |.....}........--------     |                           
                        |.....}......---                                        
                        --------------                                          
                                                                                
                                                                                
                                                                                
                                                                                
                                                                                
                                                                                
                                                                                
Agent the Plunderess           St:18 Dx:16 Co:18 In:7 Wi:6 Ch:8 Neutral S:26    
Dlvl:1 $:0 HP:18(18) Pw:2(2) AC:7 Xp:1/4                                        

",0.0,False
38,west,,"message:


language observation:
stairs down very far eastsoutheast
lichen far eastsoutheast
lava near eastnortheast and east
area of lava near eastsoutheast
horizontal wall near southeast and south
horizontal wall very near north and northeast
vertical wall very near southwest and west
northwest room corner very near northwest

cursor:
Yourself a barbarian
(x=26, y=10)

map:
                                                                                
                                                                                
                                                                                
                                                                                
                                                                                
                                                                                
                                                                                
                        --------------                                          
                        |.....}......---                                        
                        |.@...}........--------     |                           
                        |.....}....F..............>.|                           
                        |.....}........--------     |                           
                        |.....}......---                                        
                        --------------                                          
                                                                                
                                                                                
                                                                                
                                                                                
                                                                                
                                                                                
                                                                                
Agent the Plunderess           St:18 Dx:16 Co:18 In:7 Wi:6 Ch:8 Neutral S:26    
Dlvl:1 $:0 HP:18(18) Pw:2(2) AC:7 Xp:1/4                                        

",0.0,False
39,north,,"message:


language observation:
stairs down very far eastsoutheast
lichen far eastsoutheast
lava near east and southeast
area of lava near eastsoutheast
horizontal wall near southeast and south
vertical wall very near southwest and west
horizontal wall adjacent north, northeast, and northwest
horn adjacent south

cursor:
Yourself a barbarian
(x=26, y=9)

map:
                                                                                
                                                                                
                                                                                
                                                                                
                                                                                
                                                                                
                                                                                
                        --------------                                          
                        |.@...}......---                                        
                        |.(...}........--------     |                           
                        |.....}....F..............>.|                           
                        |.....}........--------     |                           
                        |.....}......---                                        
                        --------------                                          
                                                                                
                                                                                
                                                                                
                                                                                
                                                                                
                                                                                
                                                                                
Agent the Plunderess           St:18 Dx:16 Co:18 In:7 Wi:6 Ch:8 Neutral S:26    
Dlvl:1 $:0 HP:18(18) Pw:2(2) AC:7 Xp:1/4                                        

",0.0,False
40,south,,"message:


language observation:
stairs down very far eastsoutheast
lichen far eastsoutheast
lava near eastnortheast and east
area of lava near eastsoutheast
horizontal wall near southeast and south
horizontal wall very near north and northeast
vertical wall very near southwest and west
northwest room corner very near northwest

cursor:
Yourself a barbarian
(x=26, y=10)

map:
                                                                                
                                                                                
                                                                                
                                                                                
                                                                                
                                                                                
                                                                                
                        --------------                                          
                        |.....}......---                                        
                        |.@...}........--------     |                           
                        |.....}....F..............>.|                           
                        |.....}........--------     |                           
                        |.....}......---                                        
                        --------------                                          
                                                                                
                                                                                
                                                                                
                                                                                
                                                                                
                                                                                
                                                                                
Agent the Plunderess           St:18 Dx:16 Co:18 In:7 Wi:6 Ch:8 Neutral S:26    
Dlvl:1 $:0 HP:18(18) Pw:2(2) AC:7 Xp:1/4                                        

",0.0,False
41,loot,,"message:
You don't find anything here to loot.

language observation:
stairs down very far eastsoutheast
lichen far eastsoutheast
lava near eastnortheast and east
area of lava near eastsoutheast
horizontal wall near southeast and south
horizontal wall very near north and northeast
vertical wall very near southwest and west
northwest room corner very near northwest

cursor:
Yourself a barbarian
(x=26, y=10)

map:
                                                                                
                                                                                
                                                                                
                                                                                
                                                                                
                                                                                
                                                                                
                        --------------                                          
                        |.....}......---                                        
                        |.@...}........--------     |                           
                        |.....}....F..............>.|                           
                        |.....}........--------     |                           
                        |.....}......---                                        
                        --------------                                          
                                                                                
                                                                                
                                                                                
                                                                                
                                                                                
                                                                                
                                                                                
Agent the Plunderess           St:18 Dx:16 Co:18 In:7 Wi:6 Ch:8 Neutral S:26    
Dlvl:1 $:0 HP:18(18) Pw:2(2) AC:7 Xp:1/4                                        

",-0.01,False
42,west,,"message:


language observation:
stairs down very far eastsoutheast
lichen far eastsoutheast
lava near eastnortheast and east
area of lava near eastsoutheast
horizontal wall near southeast and south
horizontal wall very near north and northeast
horn adjacent east
vertical wall adjacent southwest, west, and northwest

cursor:
Yourself a barbarian
(x=25, y=10)

map:
                                                                                
                                                                                
                                                                                
                                                                                
                                                                                
                                                                                
                                                                                
                        --------------                                          
                        |.....}......---                                        
                        |@(...}........--------     |                           
                        |.....}....F..............>.|                           
                        |.....}........--------     |                           
                        |.....}......---                                        
                        --------------                                          
                                                                                
                                                                                
                                                                                
                                                                                
                                                                                
                                                                                
                                                                                
Agent the Plunderess           St:18 Dx:16 Co:18 In:7 Wi:6 Ch:8 Neutral S:26    
Dlvl:1 $:0 HP:18(18) Pw:2(2) AC:7 Xp:1/4                                        

",0.0,False
43,east,,"message:


language observation:
stairs down very far eastsoutheast
lichen far eastsoutheast
lava near eastnortheast and east
area of lava near eastsoutheast
horizontal wall near southeast and south
horizontal wall very near north and northeast
vertical wall very near southwest and west
northwest room corner very near northwest

cursor:
Yourself a barbarian
(x=26, y=10)

map:
                                                                                
                                                                                
                                                                                
                                                                                
                                                                                
                                                                                
                                                                                
                        --------------                                          
                        |.....}......---                                        
                        |.@...}........--------     |                           
                        |.....}....F..............>.|                           
                        |.....}........--------     |                           
                        |.....}......---                                        
                        --------------                                          
                                                                                
                                                                                
                                                                                
                                                                                
                                                                                
                                                                                
                                                                                
Agent the Plunderess           St:18 Dx:16 Co:18 In:7 Wi:6 Ch:8 Neutral S:26    
Dlvl:1 $:0 HP:18(18) Pw:2(2) AC:7 Xp:1/4                                        

",0.0,False
44,pickup,,"message:


language observation:
stairs down very far eastsoutheast
lichen far eastsoutheast
lava near eastnortheast and east
area of lava near eastsoutheast
horizontal wall near southeast and south
horizontal wall very near north and northeast
vertical wall very near southwest and west
northwest room corner very near northwest

cursor:
Yourself a barbarian
(x=26, y=10)

map:
                                                                                
                                                                                
                                                                                
                                                                                
                                                                                
                                                                                
                                                                                
                        --------------                                          
                        |.....}......---                                        
                        |.@...}........--------     |                           
                        |.....}....F..............>.|                           
                        |.....}........--------     |                           
                        |.....}......---                                        
                        --------------                                          
                                                                                
                                                                                
                                                                                
                                                                                
                                                                                
                                                                                
                                                                                
Agent the Plunderess           St:18 Dx:16 Co:18 In:7 Wi:6 Ch:8 Neutral S:26    
Dlvl:1 $:0 HP:18(18) Pw:2(2) AC:7 Xp:1/4                                        

",-0.01,False
45,pickup,,"message:


language observation:
stairs down very far eastsoutheast
lichen far eastsoutheast
lava near eastnortheast and east
area of lava near eastsoutheast
horizontal wall near southeast and south
horizontal wall very near north and northeast
vertical wall very near southwest and west
northwest room corner very near northwest

cursor:
Yourself a barbarian
(x=26, y=10)

map:
                                                                                
                                                                                
                                                                                
                                                                                
                                                                                
                                                                                
                                                                                
                        --------------                                          
                        |.....}......---                                        
                        |.@...}........--------     |                           
                        |.....}....F..............>.|                           
                        |.....}........--------     |                           
                        |.....}......---                                        
                        --------------                                          
                                                                                
                                                                                
                                                                                
                                                                                
                                                                                
                                                                                
                                                                                
Agent the Plunderess           St:18 Dx:16 Co:18 In:7 Wi:6 Ch:8 Neutral S:26    
Dlvl:1 $:0 HP:18(18) Pw:2(2) AC:7 Xp:1/4                                        

",-0.01,False
46,west,,"message:


language observation:
stairs down very far eastsoutheast
lichen far east
lava near eastnortheast and east
area of lava near eastsoutheast
horizontal wall near southeast and south
horizontal wall very near north and northeast
horn adjacent east
vertical wall adjacent southwest, west, and northwest

cursor:
Yourself a barbarian
(x=25, y=10)

map:
                                                                                
                                                                                
                                                                                
                                                                                
                                                                                
                                                                                
                                                                                
                        --------------                                          
                        |.....}......---                                        
                        |@(...}...F....--------     |                           
                        |.....}...................>.|                           
                        |.....}........--------     |                           
                        |.....}......---                                        
                        --------------                                          
                                                                                
                                                                                
                                                                                
                                                                                
                                                                                
                                                                                
                                                                                
Agent the Plunderess           St:18 Dx:16 Co:18 In:7 Wi:6 Ch:8 Neutral S:26    
Dlvl:1 $:0 HP:18(18) Pw:2(2) AC:7 Xp:1/4                                        

",0.0,False
47,east,,"message:


language observation:
stairs down very far eastsoutheast
lichen far east
lava near eastnortheast and east
area of lava near eastsoutheast
horizontal wall near southeast and south
horizontal wall very near north and northeast
vertical wall very near southwest and west
northwest room corner very near northwest

cursor:
Yourself a barbarian
(x=26, y=10)

map:
                                                                                
                                                                                
                                                                                
                                                                                
                                                                                
                                                                                
                                                                                
                        --------------                                          
                        |.....}......---                                        
                        |.@...}...F....--------     |                           
                        |.....}...................>.|                           
                        |.....}........--------     |                           
                        |.....}......---                                        
                        --------------                                          
                                                                                
                                                                                
                                                                                
                                                                                
                                                                                
                                                                                
                                                                                
Agent the Plunderess           St:18 Dx:16 Co:18 In:7 Wi:6 Ch:8 Neutral S:26    
Dlvl:1 $:0 HP:18(18) Pw:2(2) AC:7 Xp:1/4                                        

",0.0,False
48,west,,"message:


language observation:
stairs down very far eastsoutheast
lichen far east
lava near eastnortheast and east
area of lava near eastsoutheast
horizontal wall near southeast and south
horizontal wall very near north and northeast
horn adjacent east
vertical wall adjacent southwest, west, and northwest

cursor:
Yourself a barbarian
(x=25, y=10)

map:
                                                                                
                                                                                
                                                                                
                                                                                
                                                                                
                                                                                
                                                                                
                        --------------                                          
                        |.....}......---                                        
                        |@(...}...F....--------     |                           
                        |.....}...................>.|                           
                        |.....}........--------     |                           
                        |.....}......---                                        
                        --------------                                          
                                                                                
                                                                                
                                                                                
                                                                                
                                                                                
                                                                                
                                                                                
Agent the Plunderess           St:18 Dx:16 Co:18 In:7 Wi:6 Ch:8 Neutral S:26    
Dlvl:1 $:0 HP:18(18) Pw:2(2) AC:7 Xp:1/4                                        

",0.0,False
49,east,,"message:


language observation:
stairs down very far eastsoutheast
lichen far east
lava near eastnortheast and east
area of lava near eastsoutheast
horizontal wall near southeast and south
horizontal wall very near north and northeast
vertical wall very near southwest and west
northwest room corner very near northwest

cursor:
Yourself a barbarian
(x=26, y=10)

map:
                                                                                
                                                                                
                                                                                
                                                                                
                                                                                
                                                                                
                                                                                
                        --------------                                          
                        |.....}......---                                        
                        |.@...}...F....--------     |                           
                        |.....}...................>.|                           
                        |.....}........--------     |                           
                        |.....}......---                                        
                        --------------                                          
                                                                                
                                                                                
                                                                                
                                                                                
                                                                                
                                                                                
                                                                                
Agent the Plunderess           St:18 Dx:16 Co:18 In:7 Wi:6 Ch:8 Neutral S:26    
Dlvl:1 $:0 HP:18(18) Pw:2(2) AC:7 Xp:1/4                                        

",0.0,False
50,pickup,,"message:


language observation:
stairs down very far eastsoutheast
lichen far east
lava near eastnortheast and east
area of lava near eastsoutheast
horizontal wall near southeast and south
horizontal wall very near north and northeast
vertical wall very near southwest and west
northwest room corner very near northwest

cursor:
Yourself a barbarian
(x=26, y=10)

map:
                                                                                
                                                                                
                                                                                
                                                                                
                                                                                
                                                                                
                                                                                
                        --------------                                          
                        |.....}......---                                        
                        |.@...}...F....--------     |                           
                        |.....}...................>.|                           
                        |.....}........--------     |                           
                        |.....}......---                                        
                        --------------                                          
                                                                                
                                                                                
                                                                                
                                                                                
                                                                                
                                                                                
                                                                                
Agent the Plunderess           St:18 Dx:16 Co:18 In:7 Wi:6 Ch:8 Neutral S:26    
Dlvl:1 $:0 HP:18(18) Pw:2(2) AC:7 Xp:1/4                                        

",-0.01,False
51,east,,"message:


language observation:
stairs down very far eastsoutheast
lichen far east
lava near eastnortheast, east, and southeast
area of lava near eastsoutheast
horizontal wall near southeast and south
vertical wall near southwest and west
horizontal wall very near north, northeast, and northwest
horn adjacent west

cursor:
Yourself a barbarian
(x=27, y=10)

map:
                                                                                
                                                                                
                                                                                
                                                                                
                                                                                
                                                                                
                                                                                
                        --------------                                          
                        |.....}......---                                        
                        |.(@..}..F.....--------     |                           
                        |.....}...................>.|                           
                        |.....}........--------     |                           
                        |.....}......---                                        
                        --------------                                          
                                                                                
                                                                                
                                                                                
                                                                                
                                                                                
                                                                                
                                                                                
Agent the Plunderess           St:18 Dx:16 Co:18 In:7 Wi:6 Ch:8 Neutral S:26    
Dlvl:1 $:0 HP:18(18) Pw:2(2) AC:7 Xp:1/4                                        

",0.0,False
52,west,,"message:


language observation:
stairs down very far eastsoutheast
lichen far east
lava near eastnortheast and east
area of lava near eastsoutheast
horizontal wall near southeast and south
horizontal wall very near north and northeast
vertical wall very near southwest and west
northwest room corner very near northwest

cursor:
Yourself a barbarian
(x=26, y=10)

map:
                                                                                
                                                                                
                                                                                
                                                                                
                                                                                
                                                                                
                                                                                
                        --------------                                          
                        |.....}......---                                        
                        |.@...}..F.....--------     |                           
                        |.....}...................>.|                           
                        |.....}........--------     |                           
                        |.....}......---                                        
                        --------------                                          
                                                                                
                                                                                
                                                                                
                                                                                
                                                                                
                                                                                
                                                                                
Agent the Plunderess           St:18 Dx:16 Co:18 In:7 Wi:6 Ch:8 Neutral S:26    
Dlvl:1 $:0 HP:18(18) Pw:2(2) AC:7 Xp:1/4                                        

",0.0,False
53,apply,,"message:
What do you want to use or apply? [a or ?*]

language observation:
stairs down very far eastsoutheast
lichen far east
lava near eastnortheast and east
area of lava near eastsoutheast
horizontal wall near southeast and south
horizontal wall very near north and northeast
vertical wall very near southwest and west
northwest room corner very near northwest

cursor:

(x=44, y=0)

map:
                                                                                
                                                                                
                                                                                
                                                                                
                                                                                
                                                                                
                                                                                
                        --------------                                          
                        |.....}......---                                        
                        |.@...}..F.....--------     |                           
                        |.....}...................>.|                           
                        |.....}........--------     |                           
                        |.....}......---                                        
                        --------------                                          
                                                                                
                                                                                
                                                                                
                                                                                
                                                                                
                                                                                
                                                                                
Agent the Plunderess           St:18 Dx:16 Co:18 In:7 Wi:6 Ch:8 Neutral S:26    
Dlvl:1 $:0 HP:18(18) Pw:2(2) AC:7 Xp:1/4                                        

",-0.01,False
54,apply,,"message:
In what direction do you want to chop? [>]

language observation:
stairs down very far eastsoutheast
lichen far east
lava near eastnortheast and east
area of lava near eastsoutheast
horizontal wall near southeast and south
horizontal wall very near north and northeast
vertical wall very near southwest and west
northwest room corner very near northwest

cursor:

(x=43, y=0)

map:
                                                                                
                                                                                
                                                                                
                                                                                
                                                                                
                                                                                
                                                                                
                        --------------                                          
                        |.....}......---                                        
                        |.@...}..F.....--------     |                           
                        |.....}...................>.|                           
                        |.....}........--------     |                           
                        |.....}......---                                        
                        --------------                                          
                                                                                
                                                                                
                                                                                
                                                                                
                                                                                
                                                                                
                                                                                
Agent the Plunderess           St:18 Dx:16 Co:18 In:7 Wi:6 Ch:8 Neutral S:26    
Dlvl:1 $:0 HP:18(18) Pw:2(2) AC:7 Xp:1/4                                        

",-0.01,False
55,west,,"message:
You swing your battle-axe through thin air.

language observation:
stairs down very far eastsoutheast
lichen far east
lava near eastnortheast and east
area of lava near eastsoutheast
horizontal wall near southeast and south
horizontal wall very near north and northeast
vertical wall very near southwest and west
northwest room corner very near northwest

cursor:
Yourself a barbarian
(x=26, y=10)

map:
                                                                                
                                                                                
                                                                                
                                                                                
                                                                                
                                                                                
                                                                                
                        --------------                                          
                        |.....}......---                                        
                        |.@...}..F.....--------     |                           
                        |.....}...................>.|                           
                        |.....}........--------     |                           
                        |.....}......---                                        
                        --------------                                          
                                                                                
                                                                                
                                                                                
                                                                                
                                                                                
                                                                                
                                                                                
Agent the Plunderess           St:18 Dx:16 Co:18 In:7 Wi:6 Ch:8 Neutral S:26    
Dlvl:1 $:0 HP:18(18) Pw:2(2) AC:7 Xp:1/4                                        

",0.0,False
56,north,,"message:


language observation:
stairs down very far eastsoutheast
lichen far eastsoutheast
lava near east and southeast
area of lava near eastsoutheast
horizontal wall near southeast and south
vertical wall very near southwest and west
horizontal wall adjacent north, northeast, and northwest
horn adjacent south

cursor:
Yourself a barbarian
(x=26, y=9)

map:
                                                                                
                                                                                
                                                                                
                                                                                
                                                                                
                                                                                
                                                                                
                        --------------                                          
                        |.@...}......---                                        
                        |.(...}..F.....--------     |                           
                        |.....}...................>.|                           
                        |.....}........--------     |                           
                        |.....}......---                                        
                        --------------                                          
                                                                                
                                                                                
                                                                                
                                                                                
                                                                                
                                                                                
                                                                                
Agent the Plunderess           St:18 Dx:16 Co:18 In:7 Wi:6 Ch:8 Neutral S:26    
Dlvl:1 $:0 HP:18(18) Pw:2(2) AC:7 Xp:1/4                                        

",0.0,False
57,south,,"message:


language observation:
stairs down very far eastsoutheast
lichen far east
lava near eastnortheast and east
area of lava near eastsoutheast
horizontal wall near southeast and south
horizontal wall very near north and northeast
vertical wall very near southwest and west
northwest room corner very near northwest

cursor:
Yourself a barbarian
(x=26, y=10)

map:
                                                                                
                                                                                
                                                                                
                                                                                
                                                                                
                                                                                
                                                                                
                        --------------                                          
                        |.....}......---                                        
                        |.@...}..F.....--------     |                           
                        |.....}...................>.|                           
                        |.....}........--------     |                           
                        |.....}......---                                        
                        --------------                                          
                                                                                
                                                                                
                                                                                
                                                                                
                                                                                
                                                                                
                                                                                
Agent the Plunderess           St:18 Dx:16 Co:18 In:7 Wi:6 Ch:8 Neutral S:26    
Dlvl:1 $:0 HP:18(18) Pw:2(2) AC:7 Xp:1/4                                        

",0.0,False
58,loot,,"message:
You don't find anything here to loot.

language observation:
stairs down very far eastsoutheast
lichen far east
lava near eastnortheast and east
area of lava near eastsoutheast
horizontal wall near southeast and south
horizontal wall very near north and northeast
vertical wall very near southwest and west
northwest room corner very near northwest

cursor:
Yourself a barbarian
(x=26, y=10)

map:
                                                                                
                                                                                
                                                                                
                                                                                
                                                                                
                                                                                
                                                                                
                        --------------                                          
                        |.....}......---                                        
                        |.@...}..F.....--------     |                           
                        |.....}...................>.|                           
                        |.....}........--------     |                           
                        |.....}......---                                        
                        --------------                                          
                                                                                
                                                                                
                                                                                
                                                                                
                                                                                
                                                                                
                                                                                
Agent the Plunderess           St:18 Dx:16 Co:18 In:7 Wi:6 Ch:8 Neutral S:26    
Dlvl:1 $:0 HP:18(18) Pw:2(2) AC:7 Xp:1/4                                        

",-0.01,False
59,west,,"message:


language observation:
stairs down very far eastsoutheast
lichen far east
lava near eastnortheast and east
area of lava near eastsoutheast
horizontal wall near southeast and south
horizontal wall very near north and northeast
horn adjacent east
vertical wall adjacent southwest, west, and northwest

cursor:
Yourself a barbarian
(x=25, y=10)

map:
                                                                                
                                                                                
                                                                                
                                                                                
                                                                                
                                                                                
                                                                                
                        --------------                                          
                        |.....}......---                                        
                        |@(...}..F.....--------     |                           
                        |.....}...................>.|                           
                        |.....}........--------     |                           
                        |.....}......---                                        
                        --------------                                          
                                                                                
                                                                                
                                                                                
                                                                                
                                                                                
                                                                                
                                                                                
Agent the Plunderess           St:18 Dx:16 Co:18 In:7 Wi:6 Ch:8 Neutral S:26    
Dlvl:1 $:0 HP:18(18) Pw:2(2) AC:7 Xp:1/4                                        

",0.0,False
60,east,,"message:


language observation:
stairs down very far eastsoutheast
lichen far east
lava near eastnortheast and east
area of lava near eastsoutheast
horizontal wall near southeast and south
horizontal wall very near north and northeast
vertical wall very near southwest and west
northwest room corner very near northwest

cursor:
Yourself a barbarian
(x=26, y=10)

map:
                                                                                
                                                                                
                                                                                
                                                                                
                                                                                
                                                                                
                                                                                
                        --------------                                          
                        |.....}......---                                        
                        |.@...}..F.....--------     |                           
                        |.....}...................>.|                           
                        |.....}........--------     |                           
                        |.....}......---                                        
                        --------------                                          
                                                                                
                                                                                
                                                                                
                                                                                
                                                                                
                                                                                
                                                                                
Agent the Plunderess           St:18 Dx:16 Co:18 In:7 Wi:6 Ch:8 Neutral S:26    
Dlvl:1 $:0 HP:18(18) Pw:2(2) AC:7 Xp:1/4                                        

",0.0,False
61,pickup,,"message:


language observation:
stairs down very far eastsoutheast
lichen far east
lava near eastnortheast and east
area of lava near eastsoutheast
horizontal wall near southeast and south
horizontal wall very near north and northeast
vertical wall very near southwest and west
northwest room corner very near northwest

cursor:
Yourself a barbarian
(x=26, y=10)

map:
                                                                                
                                                                                
                                                                                
                                                                                
                                                                                
                                                                                
                                                                                
                        --------------                                          
                        |.....}......---                                        
                        |.@...}..F.....--------     |                           
                        |.....}...................>.|                           
                        |.....}........--------     |                           
                        |.....}......---                                        
                        --------------                                          
                                                                                
                                                                                
                                                                                
                                                                                
                                                                                
                                                                                
                                                                                
Agent the Plunderess           St:18 Dx:16 Co:18 In:7 Wi:6 Ch:8 Neutral S:26    
Dlvl:1 $:0 HP:18(18) Pw:2(2) AC:7 Xp:1/4                                        

",-0.01,False
62,pickup,,"message:


language observation:
stairs down very far eastsoutheast
lichen far east
lava near eastnortheast and east
area of lava near eastsoutheast
horizontal wall near southeast and south
horizontal wall very near north and northeast
vertical wall very near southwest and west
northwest room corner very near northwest

cursor:
Yourself a barbarian
(x=26, y=10)

map:
                                                                                
                                                                                
                                                                                
                                                                                
                                                                                
                                                                                
                                                                                
                        --------------                                          
                        |.....}......---                                        
                        |.@...}..F.....--------     |                           
                        |.....}...................>.|                           
                        |.....}........--------     |                           
                        |.....}......---                                        
                        --------------                                          
                                                                                
                                                                                
                                                                                
                                                                                
                                                                                
                                                                                
                                                                                
Agent the Plunderess           St:18 Dx:16 Co:18 In:7 Wi:6 Ch:8 Neutral S:26    
Dlvl:1 $:0 HP:18(18) Pw:2(2) AC:7 Xp:1/4                                        

",-0.01,False
63,east,,"message:


language observation:
stairs down very far eastsoutheast
lava near eastnortheast, east, and southeast
area of lava near eastsoutheast
lichen near east
horizontal wall near southeast and south
vertical wall near southwest and west
horizontal wall very near north, northeast, and northwest
horn adjacent west

cursor:
Yourself a barbarian
(x=27, y=10)

map:
                                                                                
                                                                                
                                                                                
                                                                                
                                                                                
                                                                                
                                                                                
                        --------------                                          
                        |.....}......---                                        
                        |.(@..}.F......--------     |                           
                        |.....}...................>.|                           
                        |.....}........--------     |                           
                        |.....}......---                                        
                        --------------                                          
                                                                                
                                                                                
                                                                                
                                                                                
                                                                                
                                                                                
                                                                                
Agent the Plunderess           St:18 Dx:16 Co:18 In:7 Wi:6 Ch:8 Neutral S:26    
Dlvl:1 $:0 HP:18(18) Pw:2(2) AC:7 Xp:1/4                                        

",0.0,False
64,kick,,"message:
In what direction?

language observation:
stairs down very far eastsoutheast
lava near eastnortheast, east, and southeast
area of lava near eastsoutheast
lichen near east
horizontal wall near southeast and south
vertical wall near southwest and west
horizontal wall very near north, northeast, and northwest
horn adjacent west

cursor:

(x=19, y=0)

map:
                                                                                
                                                                                
                                                                                
                                                                                
                                                                                
                                                                                
                                                                                
                        --------------                                          
                        |.....}......---                                        
                        |.(@..}.F......--------     |                           
                        |.....}...................>.|                           
                        |.....}........--------     |                           
                        |.....}......---                                        
                        --------------                                          
                                                                                
                                                                                
                                                                                
                                                                                
                                                                                
                                                                                
                                                                                
Agent the Plunderess           St:18 Dx:16 Co:18 In:7 Wi:6 Ch:8 Neutral S:26    
Dlvl:1 $:0 HP:18(18) Pw:2(2) AC:7 Xp:1/4                                        

",-0.01,False
65,east,,"message:
You kick at empty space.

language observation:
stairs down very far eastsoutheast
lava near eastnortheast, east, and southeast
area of lava near eastsoutheast
lichen near east
horizontal wall near southeast and south
vertical wall near southwest and west
horizontal wall very near north, northeast, and northwest
horn adjacent west

cursor:
Yourself a barbarian
(x=27, y=10)

map:
                                                                                
                                                                                
                                                                                
                                                                                
                                                                                
                                                                                
                                                                                
                        --------------                                          
                        |.....}......---                                        
                        |.(@..}.F......--------     |                           
                        |.....}...................>.|                           
                        |.....}........--------     |                           
                        |.....}......---                                        
                        --------------                                          
                                                                                
                                                                                
                                                                                
                                                                                
                                                                                
                                                                                
                                                                                
Agent the Plunderess           St:18 Dx:16 Co:18 In:7 Wi:6 Ch:8 Neutral S:26    
Dlvl:1 $:0 HP:18(18) Pw:2(2) AC:7 Xp:1/4                                        

",0.0,False
66,west,,"message:


language observation:
stairs down very far eastsoutheast
lichen far east
lava near eastnortheast and east
area of lava near eastsoutheast
horizontal wall near southeast and south
horizontal wall very near north and northeast
vertical wall very near southwest and west
northwest room corner very near northwest

cursor:
Yourself a barbarian
(x=26, y=10)

map:
                                                                                
                                                                                
                                                                                
                                                                                
                                                                                
                                                                                
                                                                                
                        --------------                                          
                        |.....}......---                                        
                        |.@...}.F......--------     |                           
                        |.....}...................>.|                           
                        |.....}........--------     |                           
                        |.....}......---                                        
                        --------------                                          
                                                                                
                                                                                
                                                                                
                                                                                
                                                                                
                                                                                
                                                                                
Agent the Plunderess           St:18 Dx:16 Co:18 In:7 Wi:6 Ch:8 Neutral S:26    
Dlvl:1 $:0 HP:18(18) Pw:2(2) AC:7 Xp:1/4                                        

",0.0,False
67,east,,"message:


language observation:
stairs down very far eastsoutheast
lava near eastnortheast, east, and southeast
area of lava near eastsoutheast
lichen near east
horizontal wall near southeast and south
vertical wall near southwest and west
horizontal wall very near north, northeast, and northwest
horn adjacent west

cursor:
Yourself a barbarian
(x=27, y=10)

map:
                                                                                
                                                                                
                                                                                
                                                                                
                                                                                
                                                                                
                                                                                
                        --------------                                          
                        |.....}......---                                        
                        |.(@..}.F......--------     |                           
                        |.....}...................>.|                           
                        |.....}........--------     |                           
                        |.....}......---                                        
                        --------------                                          
                                                                                
                                                                                
                                                                                
                                                                                
                                                                                
                                                                                
                                                                                
Agent the Plunderess           St:18 Dx:16 Co:18 In:7 Wi:6 Ch:8 Neutral S:26    
Dlvl:1 $:0 HP:18(18) Pw:2(2) AC:7 Xp:1/4                                        

",0.0,False
68,west,,"message:


language observation:
stairs down very far eastsoutheast
lichen far east
lava near eastnortheast and east
area of lava near eastsoutheast
horizontal wall near southeast and south
horizontal wall very near north and northeast
vertical wall very near southwest and west
northwest room corner very near northwest

cursor:
Yourself a barbarian
(x=26, y=10)

map:
                                                                                
                                                                                
                                                                                
                                                                                
                                                                                
                                                                                
                                                                                
                        --------------                                          
                        |.....}......---                                        
                        |.@...}.F......--------     |                           
                        |.....}...................>.|                           
                        |.....}........--------     |                           
                        |.....}......---                                        
                        --------------                                          
                                                                                
                                                                                
                                                                                
                                                                                
                                                                                
                                                                                
                                                                                
Agent the Plunderess           St:18 Dx:16 Co:18 In:7 Wi:6 Ch:8 Neutral S:26    
Dlvl:1 $:0 HP:18(18) Pw:2(2) AC:7 Xp:1/4                                        

",0.0,False
69,east,,"message:


language observation:
stairs down very far eastsoutheast
lava near eastnortheast, east, and southeast
area of lava near eastsoutheast
lichen near east
horizontal wall near southeast and south
vertical wall near southwest and west
horizontal wall very near north, northeast, and northwest
horn adjacent west

cursor:
Yourself a barbarian
(x=27, y=10)

map:
                                                                                
                                                                                
                                                                                
                                                                                
                                                                                
                                                                                
                                                                                
                        --------------                                          
                        |.....}......---                                        
                        |.(@..}.F......--------     |                           
                        |.....}...................>.|                           
                        |.....}........--------     |                           
                        |.....}......---                                        
                        --------------                                          
                                                                                
                                                                                
                                                                                
                                                                                
                                                                                
                                                                                
                                                                                
Agent the Plunderess           St:18 Dx:16 Co:18 In:7 Wi:6 Ch:8 Neutral S:26    
Dlvl:1 $:0 HP:18(18) Pw:2(2) AC:7 Xp:1/4                                        

",0.0,False
70,west,,"message:


language observation:
stairs down very far eastsoutheast
lichen far east
lava near eastnortheast and east
area of lava near eastsoutheast
horizontal wall near southeast and south
horizontal wall very near north and northeast
vertical wall very near southwest and west
northwest room corner very near northwest

cursor:
Yourself a barbarian
(x=26, y=10)

map:
                                                                                
                                                                                
                                                                                
                                                                                
                                                                                
                                                                                
                                                                                
                        --------------                                          
                        |.....}......---                                        
                        |.@...}.F......--------     |                           
                        |.....}...................>.|                           
                        |.....}........--------     |                           
                        |.....}......---                                        
                        --------------                                          
                                                                                
                                                                                
                                                                                
                                                                                
                                                                                
                                                                                
                                                                                
Agent the Plunderess           St:18 Dx:16 Co:18 In:7 Wi:6 Ch:8 Neutral S:26    
Dlvl:1 $:0 HP:18(18) Pw:2(2) AC:7 Xp:1/4                                        

",0.0,False
71,south,,"message:


language observation:
stairs down very far east
lichen far eastnortheast
horizontal wall near north, northeast, southeast, and south
lava near east
area of lava near eastnortheast and eastsoutheast
vertical wall very near southwest, west, and northwest
horn adjacent north

cursor:
Yourself a barbarian
(x=26, y=11)

map:
                                                                                
                                                                                
                                                                                
                                                                                
                                                                                
                                                                                
                                                                                
                        --------------                                          
                        |.....}......---                                        
                        |.(...}.F......--------     |                           
                        |.@...}...................>.|                           
                        |.....}........--------     |                           
                        |.....}......---                                        
                        --------------                                          
                                                                                
                                                                                
                                                                                
                                                                                
                                                                                
                                                                                
                                                                                
Agent the Plunderess           St:18 Dx:16 Co:18 In:7 Wi:6 Ch:8 Neutral S:26    
Dlvl:1 $:0 HP:18(18) Pw:2(2) AC:7 Xp:1/4                                        

",0.0,False
72,north,,"message:


language observation:
stairs down very far eastsoutheast
lichen far east
lava near eastnortheast and east
area of lava near eastsoutheast
horizontal wall near southeast and south
horizontal wall very near north and northeast
vertical wall very near southwest and west
northwest room corner very near northwest

cursor:
Yourself a barbarian
(x=26, y=10)

map:
                                                                                
                                                                                
                                                                                
                                                                                
                                                                                
                                                                                
                                                                                
                        --------------                                          
                        |.....}......---                                        
                        |.@...}.F......--------     |                           
                        |.....}...................>.|                           
                        |.....}........--------     |                           
                        |.....}......---                                        
                        --------------                                          
                                                                                
                                                                                
                                                                                
                                                                                
                                                                                
                                                                                
                                                                                
Agent the Plunderess           St:18 Dx:16 Co:18 In:7 Wi:6 Ch:8 Neutral S:26    
Dlvl:1 $:0 HP:18(18) Pw:2(2) AC:7 Xp:1/4                                        

",0.0,False
73,pickup,,"message:


language observation:
stairs down very far eastsoutheast
lichen far east
lava near eastnortheast and east
area of lava near eastsoutheast
horizontal wall near southeast and south
horizontal wall very near north and northeast
vertical wall very near southwest and west
northwest room corner very near northwest

cursor:
Yourself a barbarian
(x=26, y=10)

map:
                                                                                
                                                                                
                                                                                
                                                                                
                                                                                
                                                                                
                                                                                
                        --------------                                          
                        |.....}......---                                        
                        |.@...}.F......--------     |                           
                        |.....}...................>.|                           
                        |.....}........--------     |                           
                        |.....}......---                                        
                        --------------                                          
                                                                                
                                                                                
                                                                                
                                                                                
                                                                                
                                                                                
                                                                                
Agent the Plunderess           St:18 Dx:16 Co:18 In:7 Wi:6 Ch:8 Neutral S:26    
Dlvl:1 $:0 HP:18(18) Pw:2(2) AC:7 Xp:1/4                                        

",-0.01,False
74,northwest,,"message:


language observation:
stairs down very far eastsoutheast
lichen far eastsoutheast
lava near east
area of lava near eastsoutheast
horizontal wall near southeast and south
horizontal wall adjacent north and northeast
horn adjacent southeast
vertical wall adjacent southwest and west
northwest room corner adjacent northwest

cursor:
Yourself a barbarian
(x=25, y=9)

map:
                                                                                
                                                                                
                                                                                
                                                                                
                                                                                
                                                                                
                                                                                
                        --------------                                          
                        |@....}......---                                        
                        |.(...}.F......--------     |                           
                        |.....}...................>.|                           
                        |.....}........--------     |                           
                        |.....}......---                                        
                        --------------                                          
                                                                                
                                                                                
                                                                                
                                                                                
                                                                                
                                                                                
                                                                                
Agent the Plunderess           St:18 Dx:16 Co:18 In:7 Wi:6 Ch:8 Neutral S:26    
Dlvl:1 $:0 HP:18(18) Pw:2(2) AC:7 Xp:1/4                                        

",0.0,False
75,southeast,,"message:


language observation:
stairs down very far eastsoutheast
lava near eastnortheast and east
area of lava near eastsoutheast
lichen near east
horizontal wall near southeast and south
horizontal wall very near north and northeast
vertical wall very near southwest and west
northwest room corner very near northwest

cursor:
Yourself a barbarian
(x=26, y=10)

map:
                                                                                
                                                                                
                                                                                
                                                                                
                                                                                
                                                                                
                                                                                
                        --------------                                          
                        |.....}......---                                        
                        |.@...}F.......--------     |                           
                        |.....}...................>.|                           
                        |.....}........--------     |                           
                        |.....}......---                                        
                        --------------                                          
                                                                                
                                                                                
                                                                                
                                                                                
                                                                                
                                                                                
                                                                                
Agent the Plunderess           St:18 Dx:16 Co:18 In:7 Wi:6 Ch:8 Neutral S:26    
Dlvl:1 $:0 HP:18(18) Pw:2(2) AC:7 Xp:1/4                                        

",0.0,False
76,east,,"message:


language observation:
stairs down very far eastsoutheast
lava near eastnortheast, east, and southeast
area of lava near eastsoutheast
lichen near east
horizontal wall near southeast and south
vertical wall near southwest and west
horizontal wall very near north, northeast, and northwest
horn adjacent west

cursor:
Yourself a barbarian
(x=27, y=10)

map:
                                                                                
                                                                                
                                                                                
                                                                                
                                                                                
                                                                                
                                                                                
                        --------------                                          
                        |.....}......---                                        
                        |.(@..}F.......--------     |                           
                        |.....}...................>.|                           
                        |.....}........--------     |                           
                        |.....}......---                                        
                        --------------                                          
                                                                                
                                                                                
                                                                                
                                                                                
                                                                                
                                                                                
                                                                                
Agent the Plunderess           St:18 Dx:16 Co:18 In:7 Wi:6 Ch:8 Neutral S:26    
Dlvl:1 $:0 HP:18(18) Pw:2(2) AC:7 Xp:1/4                                        

",0.0,False
77,west,,"message:


language observation:
stairs down very far eastsoutheast
lava near eastnortheast and east
area of lava near eastsoutheast
lichen near east
horizontal wall near southeast and south
horizontal wall very near north and northeast
vertical wall very near southwest and west
northwest room corner very near northwest

cursor:
Yourself a barbarian
(x=26, y=10)

map:
                                                                                
                                                                                
                                                                                
                                                                                
                                                                                
                                                                                
                                                                                
                        --------------                                          
                        |.....}......---                                        
                        |.@...}F.......--------     |                           
                        |.....}...................>.|                           
                        |.....}........--------     |                           
                        |.....}......---                                        
                        --------------                                          
                                                                                
                                                                                
                                                                                
                                                                                
                                                                                
                                                                                
                                                                                
Agent the Plunderess           St:18 Dx:16 Co:18 In:7 Wi:6 Ch:8 Neutral S:26    
Dlvl:1 $:0 HP:18(18) Pw:2(2) AC:7 Xp:1/4                                        

",0.0,False
78,pickup,,"message:


language observation:
stairs down very far eastsoutheast
lava near eastnortheast and east
area of lava near eastsoutheast
lichen near east
horizontal wall near southeast and south
horizontal wall very near north and northeast
vertical wall very near southwest and west
northwest room corner very near northwest

cursor:
Yourself a barbarian
(x=26, y=10)

map:
                                                                                
                                                                                
                                                                                
                                                                                
                                                                                
                                                                                
                                                                                
                        --------------                                          
                        |.....}......---                                        
                        |.@...}F.......--------     |                           
                        |.....}...................>.|                           
                        |.....}........--------     |                           
                        |.....}......---                                        
                        --------------                                          
                                                                                
                                                                                
                                                                                
                                                                                
                                                                                
                                                                                
                                                                                
Agent the Plunderess           St:18 Dx:16 Co:18 In:7 Wi:6 Ch:8 Neutral S:26    
Dlvl:1 $:0 HP:18(18) Pw:2(2) AC:7 Xp:1/4                                        

",-0.01,False
79,west,,"message:


language observation:
stairs down very far eastsoutheast
lichen far east
lava near eastnortheast and east
area of lava near eastsoutheast
horizontal wall near southeast and south
horizontal wall very near north and northeast
horn adjacent east
vertical wall adjacent southwest, west, and northwest

cursor:
Yourself a barbarian
(x=25, y=10)

map:
                                                                                
                                                                                
                                                                                
                                                                                
                                                                                
                                                                                
                                                                                
                        --------------                                          
                        |.....}......---                                        
                        |@(...}F.......--------     |                           
                        |.....}...................>.|                           
                        |.....}........--------     |                           
                        |.....}......---                                        
                        --------------                                          
                                                                                
                                                                                
                                                                                
                                                                                
                                                                                
                                                                                
                                                                                
Agent the Plunderess           St:18 Dx:16 Co:18 In:7 Wi:6 Ch:8 Neutral S:26    
Dlvl:1 $:0 HP:18(18) Pw:2(2) AC:7 Xp:1/4                                        

",0.0,False
80,east,,"message:


language observation:
stairs down very far eastsoutheast
lava near eastnortheast and east
area of lava near eastsoutheast
lichen near east
horizontal wall near southeast and south
horizontal wall very near north and northeast
vertical wall very near southwest and west
northwest room corner very near northwest

cursor:
Yourself a barbarian
(x=26, y=10)

map:
                                                                                
                                                                                
                                                                                
                                                                                
                                                                                
                                                                                
                                                                                
                        --------------                                          
                        |.....}......---                                        
                        |.@...}F.......--------     |                           
                        |.....}...................>.|                           
                        |.....}........--------     |                           
                        |.....}......---                                        
                        --------------                                          
                                                                                
                                                                                
                                                                                
                                                                                
                                                                                
                                                                                
                                                                                
Agent the Plunderess           St:18 Dx:16 Co:18 In:7 Wi:6 Ch:8 Neutral S:26    
Dlvl:1 $:0 HP:18(18) Pw:2(2) AC:7 Xp:1/4                                        

",0.0,False
81,pickup,,"message:


language observation:
stairs down very far eastsoutheast
lava near eastnortheast and east
area of lava near eastsoutheast
lichen near east
horizontal wall near southeast and south
horizontal wall very near north and northeast
vertical wall very near southwest and west
northwest room corner very near northwest

cursor:
Yourself a barbarian
(x=26, y=10)

map:
                                                                                
                                                                                
                                                                                
                                                                                
                                                                                
                                                                                
                                                                                
                        --------------                                          
                        |.....}......---                                        
                        |.@...}F.......--------     |                           
                        |.....}...................>.|                           
                        |.....}........--------     |                           
                        |.....}......---                                        
                        --------------                                          
                                                                                
                                                                                
                                                                                
                                                                                
                                                                                
                                                                                
                                                                                
Agent the Plunderess           St:18 Dx:16 Co:18 In:7 Wi:6 Ch:8 Neutral S:26    
Dlvl:1 $:0 HP:18(18) Pw:2(2) AC:7 Xp:1/4                                        

",-0.01,False
82,pickup,,"message:


language observation:
stairs down very far eastsoutheast
lava near eastnortheast and east
area of lava near eastsoutheast
lichen near east
horizontal wall near southeast and south
horizontal wall very near north and northeast
vertical wall very near southwest and west
northwest room corner very near northwest

cursor:
Yourself a barbarian
(x=26, y=10)

map:
                                                                                
                                                                                
                                                                                
                                                                                
                                                                                
                                                                                
                                                                                
                        --------------                                          
                        |.....}......---                                        
                        |.@...}F.......--------     |                           
                        |.....}...................>.|                           
                        |.....}........--------     |                           
                        |.....}......---                                        
                        --------------                                          
                                                                                
                                                                                
                                                                                
                                                                                
                                                                                
                                                                                
                                                                                
Agent the Plunderess           St:18 Dx:16 Co:18 In:7 Wi:6 Ch:8 Neutral S:26    
Dlvl:1 $:0 HP:18(18) Pw:2(2) AC:7 Xp:1/4                                        

",-0.01,False
83,north,,"message:


language observation:
stairs down very far eastsoutheast
lava near east and southeast
area of lava near eastsoutheast
lichen near eastsoutheast
horizontal wall near southeast and south
vertical wall very near southwest and west
horizontal wall adjacent north, northeast, and northwest
horn adjacent south

cursor:
Yourself a barbarian
(x=26, y=9)

map:
                                                                                
                                                                                
                                                                                
                                                                                
                                                                                
                                                                                
                                                                                
                        --------------                                          
                        |.@...}......---                                        
                        |.(...}F.......--------     |                           
                        |.....}...................>.|                           
                        |.....}........--------     |                           
                        |.....}......---                                        
                        --------------                                          
                                                                                
                                                                                
                                                                                
                                                                                
                                                                                
                                                                                
                                                                                
Agent the Plunderess           St:18 Dx:16 Co:18 In:7 Wi:6 Ch:8 Neutral S:26    
Dlvl:1 $:0 HP:18(18) Pw:2(2) AC:7 Xp:1/4                                        

",0.0,False
84,south,,"message:


language observation:
stairs down very far eastsoutheast
lava near eastnortheast and east
area of lava near eastsoutheast
lichen near eastnortheast
horizontal wall near southeast and south
horizontal wall very near north and northeast
vertical wall very near southwest and west
northwest room corner very near northwest

cursor:
Yourself a barbarian
(x=26, y=10)

map:
                                                                                
                                                                                
                                                                                
                                                                                
                                                                                
                                                                                
                                                                                
                        --------------                                          
                        |.....}F.....---                                        
                        |.@...}........--------     |                           
                        |.....}...................>.|                           
                        |.....}........--------     |                           
                        |.....}......---                                        
                        --------------                                          
                                                                                
                                                                                
                                                                                
                                                                                
                                                                                
                                                                                
                                                                                
Agent the Plunderess           St:18 Dx:16 Co:18 In:7 Wi:6 Ch:8 Neutral S:26    
Dlvl:1 $:0 HP:18(18) Pw:2(2) AC:7 Xp:1/4                                        

",0.0,False
85,loot,,"message:
You don't find anything here to loot.

language observation:
stairs down very far eastsoutheast
lava near eastnortheast and east
area of lava near eastsoutheast
lichen near eastnortheast
horizontal wall near southeast and south
horizontal wall very near north and northeast
vertical wall very near southwest and west
northwest room corner very near northwest

cursor:
Yourself a barbarian
(x=26, y=10)

map:
                                                                                
                                                                                
                                                                                
                                                                                
                                                                                
                                                                                
                                                                                
                        --------------                                          
                        |.....}F.....---                                        
                        |.@...}........--------     |                           
                        |.....}...................>.|                           
                        |.....}........--------     |                           
                        |.....}......---                                        
                        --------------                                          
                                                                                
                                                                                
                                                                                
                                                                                
                                                                                
                                                                                
                                                                                
Agent the Plunderess           St:18 Dx:16 Co:18 In:7 Wi:6 Ch:8 Neutral S:26    
Dlvl:1 $:0 HP:18(18) Pw:2(2) AC:7 Xp:1/4                                        

",-0.01,False
86,apply,,"message:
What do you want to use or apply? [a or ?*]

language observation:
stairs down very far eastsoutheast
lava near eastnortheast and east
area of lava near eastsoutheast
lichen near eastnortheast
horizontal wall near southeast and south
horizontal wall very near north and northeast
vertical wall very near southwest and west
northwest room corner very near northwest

cursor:

(x=44, y=0)

map:
                                                                                
                                                                                
                                                                                
                                                                                
                                                                                
                                                                                
                                                                                
                        --------------                                          
                        |.....}F.....---                                        
                        |.@...}........--------     |                           
                        |.....}...................>.|                           
                        |.....}........--------     |                           
                        |.....}......---                                        
                        --------------                                          
                                                                                
                                                                                
                                                                                
                                                                                
                                                                                
                                                                                
                                                                                
Agent the Plunderess           St:18 Dx:16 Co:18 In:7 Wi:6 Ch:8 Neutral S:26    
Dlvl:1 $:0 HP:18(18) Pw:2(2) AC:7 Xp:1/4                                        

",-0.01,False
87,north,,"message:
What do you want to use or apply? [a or ?*]

language observation:
stairs down very far eastsoutheast
lava near eastnortheast and east
area of lava near eastsoutheast
lichen near eastnortheast
horizontal wall near southeast and south
horizontal wall very near north and northeast
vertical wall very near southwest and west
northwest room corner very near northwest

cursor:

(x=44, y=0)

map:
                                                                                
                                                                                
                                                                                
                                                                                
                                                                                
                                                                                
                                                                                
                        --------------                                          
                        |.....}F.....---                                        
                        |.@...}........--------     |                           
                        |.....}...................>.|                           
                        |.....}........--------     |                           
                        |.....}......---                                        
                        --------------                                          
                                                                                
                                                                                
                                                                                
                                                                                
                                                                                
                                                                                
                                                                                
Agent the Plunderess           St:18 Dx:16 Co:18 In:7 Wi:6 Ch:8 Neutral S:26    
Dlvl:1 $:0 HP:18(18) Pw:2(2) AC:7 Xp:1/4                                        

",-0.01,False
88,apply,,"message:
In what direction do you want to chop? [>]

language observation:
stairs down very far eastsoutheast
lava near eastnortheast and east
area of lava near eastsoutheast
lichen near eastnortheast
horizontal wall near southeast and south
horizontal wall very near north and northeast
vertical wall very near southwest and west
northwest room corner very near northwest

cursor:

(x=43, y=0)

map:
                                                                                
                                                                                
                                                                                
                                                                                
                                                                                
                                                                                
                                                                                
                        --------------                                          
                        |.....}F.....---                                        
                        |.@...}........--------     |                           
                        |.....}...................>.|                           
                        |.....}........--------     |                           
                        |.....}......---                                        
                        --------------                                          
                                                                                
                                                                                
                                                                                
                                                                                
                                                                                
                                                                                
                                                                                
Agent the Plunderess           St:18 Dx:16 Co:18 In:7 Wi:6 Ch:8 Neutral S:26    
Dlvl:1 $:0 HP:18(18) Pw:2(2) AC:7 Xp:1/4                                        

",-0.01,False
89,east,,"message:
You swing your battle-axe through thin air.

language observation:
stairs down very far eastsoutheast
lava near eastnortheast and east
area of lava near eastsoutheast
lichen near eastnortheast
horizontal wall near southeast and south
horizontal wall very near north and northeast
vertical wall very near southwest and west
northwest room corner very near northwest

cursor:
Yourself a barbarian
(x=26, y=10)

map:
                                                                                
                                                                                
                                                                                
                                                                                
                                                                                
                                                                                
                                                                                
                        --------------                                          
                        |.....}F.....---                                        
                        |.@...}........--------     |                           
                        |.....}...................>.|                           
                        |.....}........--------     |                           
                        |.....}......---                                        
                        --------------                                          
                                                                                
                                                                                
                                                                                
                                                                                
                                                                                
                                                                                
                                                                                
Agent the Plunderess           St:18 Dx:16 Co:18 In:7 Wi:6 Ch:8 Neutral S:26    
Dlvl:1 $:0 HP:18(18) Pw:2(2) AC:7 Xp:1/4                                        

",0.0,False
90,pickup,,"message:


language observation:
stairs down very far eastsoutheast
lava near eastnortheast and east
area of lava near eastsoutheast
lichen near eastnortheast
horizontal wall near southeast and south
horizontal wall very near north and northeast
vertical wall very near southwest and west
northwest room corner very near northwest

cursor:
Yourself a barbarian
(x=26, y=10)

map:
                                                                                
                                                                                
                                                                                
                                                                                
                                                                                
                                                                                
                                                                                
                        --------------                                          
                        |.....}F.....---                                        
                        |.@...}........--------     |                           
                        |.....}...................>.|                           
                        |.....}........--------     |                           
                        |.....}......---                                        
                        --------------                                          
                                                                                
                                                                                
                                                                                
                                                                                
                                                                                
                                                                                
                                                                                
Agent the Plunderess           St:18 Dx:16 Co:18 In:7 Wi:6 Ch:8 Neutral S:26    
Dlvl:1 $:0 HP:18(18) Pw:2(2) AC:7 Xp:1/4                                        

",-0.01,False
91,west,,"message:


language observation:
stairs down very far eastsoutheast
lichen far eastnortheast
lava near eastnortheast and east
area of lava near eastsoutheast
horizontal wall near southeast and south
horizontal wall very near north and northeast
horn adjacent east
vertical wall adjacent southwest, west, and northwest

cursor:
Yourself a barbarian
(x=25, y=10)

map:
                                                                                
                                                                                
                                                                                
                                                                                
                                                                                
                                                                                
                                                                                
                        --------------                                          
                        |.....}F.....---                                        
                        |@(...}........--------     |                           
                        |.....}...................>.|                           
                        |.....}........--------     |                           
                        |.....}......---                                        
                        --------------                                          
                                                                                
                                                                                
                                                                                
                                                                                
                                                                                
                                                                                
                                                                                
Agent the Plunderess           St:18 Dx:16 Co:18 In:7 Wi:6 Ch:8 Neutral S:26    
Dlvl:1 $:0 HP:18(18) Pw:2(2) AC:7 Xp:1/4                                        

",0.0,False
92,east,,"message:


language observation:
stairs down very far eastsoutheast
lava near eastnortheast and east
area of lava near eastsoutheast
lichen near eastnortheast
horizontal wall near southeast and south
horizontal wall very near north and northeast
vertical wall very near southwest and west
northwest room corner very near northwest

cursor:
Yourself a barbarian
(x=26, y=10)

map:
                                                                                
                                                                                
                                                                                
                                                                                
                                                                                
                                                                                
                                                                                
                        --------------                                          
                        |.....}F.....---                                        
                        |.@...}........--------     |                           
                        |.....}...................>.|                           
                        |.....}........--------     |                           
                        |.....}......---                                        
                        --------------                                          
                                                                                
                                                                                
                                                                                
                                                                                
                                                                                
                                                                                
                                                                                
Agent the Plunderess           St:18 Dx:16 Co:18 In:7 Wi:6 Ch:8 Neutral S:26    
Dlvl:1 $:0 HP:18(18) Pw:2(2) AC:7 Xp:1/4                                        

",0.0,False
93,east,,"message:


language observation:
stairs down very far eastsoutheast
lava near eastnortheast, east, and southeast
area of lava near eastsoutheast
lichen near eastnortheast
horizontal wall near southeast and south
vertical wall near southwest and west
horizontal wall very near north, northeast, and northwest
horn adjacent west

cursor:
Yourself a barbarian
(x=27, y=10)

map:
                                                                                
                                                                                
                                                                                
                                                                                
                                                                                
                                                                                
                                                                                
                        --------------                                          
                        |.....}F.....---                                        
                        |.(@..}........--------     |                           
                        |.....}...................>.|                           
                        |.....}........--------     |                           
                        |.....}......---                                        
                        --------------                                          
                                                                                
                                                                                
                                                                                
                                                                                
                                                                                
                                                                                
                                                                                
Agent the Plunderess           St:18 Dx:16 Co:18 In:7 Wi:6 Ch:8 Neutral S:26    
Dlvl:1 $:0 HP:18(18) Pw:2(2) AC:7 Xp:1/4                                        

",0.0,False
94,west,,"message:


language observation:
stairs down very far eastsoutheast
lava near eastnortheast and east
area of lava near eastsoutheast
lichen near eastnortheast
horizontal wall near southeast and south
horizontal wall very near north and northeast
vertical wall very near southwest and west
northwest room corner very near northwest

cursor:
Yourself a barbarian
(x=26, y=10)

map:
                                                                                
                                                                                
                                                                                
                                                                                
                                                                                
                                                                                
                                                                                
                        --------------                                          
                        |.....}F.....---                                        
                        |.@...}........--------     |                           
                        |.....}...................>.|                           
                        |.....}........--------     |                           
                        |.....}......---                                        
                        --------------                                          
                                                                                
                                                                                
                                                                                
                                                                                
                                                                                
                                                                                
                                                                                
Agent the Plunderess           St:18 Dx:16 Co:18 In:7 Wi:6 Ch:8 Neutral S:26    
Dlvl:1 $:0 HP:18(18) Pw:2(2) AC:7 Xp:1/4                                        

",0.0,False
95,east,,"message:


language observation:
stairs down very far eastsoutheast
lava near eastnortheast, east, and southeast
area of lava near eastsoutheast
lichen near eastnortheast
horizontal wall near southeast and south
vertical wall near southwest and west
horizontal wall very near north, northeast, and northwest
horn adjacent west

cursor:
Yourself a barbarian
(x=27, y=10)

map:
                                                                                
                                                                                
                                                                                
                                                                                
                                                                                
                                                                                
                                                                                
                        --------------                                          
                        |.....}F.....---                                        
                        |.(@..}........--------     |                           
                        |.....}...................>.|                           
                        |.....}........--------     |                           
                        |.....}......---                                        
                        --------------                                          
                                                                                
                                                                                
                                                                                
                                                                                
                                                                                
                                                                                
                                                                                
Agent the Plunderess           St:18 Dx:16 Co:18 In:7 Wi:6 Ch:8 Neutral S:26    
Dlvl:1 $:0 HP:18(18) Pw:2(2) AC:7 Xp:1/4                                        

",0.0,False
96,west,,"message:


language observation:
stairs down very far eastsoutheast
lichen far eastnortheast
lava near eastnortheast and east
area of lava near eastsoutheast
horizontal wall near southeast and south
horizontal wall very near north and northeast
vertical wall very near southwest and west
northwest room corner very near northwest

cursor:
Yourself a barbarian
(x=26, y=10)

map:
                                                                                
                                                                                
                                                                                
                                                                                
                                                                                
                                                                                
                                                                                
                        --------------                                          
                        |.....}.F....---                                        
                        |.@...}........--------     |                           
                        |.....}...................>.|                           
                        |.....}........--------     |                           
                        |.....}......---                                        
                        --------------                                          
                                                                                
                                                                                
                                                                                
                                                                                
                                                                                
                                                                                
                                                                                
Agent the Plunderess           St:18 Dx:16 Co:18 In:7 Wi:6 Ch:8 Neutral S:26    
Dlvl:1 $:0 HP:18(18) Pw:2(2) AC:7 Xp:1/4                                        

",0.0,False
97,pickup,,"message:


language observation:
stairs down very far eastsoutheast
lichen far eastnortheast
lava near eastnortheast and east
area of lava near eastsoutheast
horizontal wall near southeast and south
horizontal wall very near north and northeast
vertical wall very near southwest and west
northwest room corner very near northwest

cursor:
Yourself a barbarian
(x=26, y=10)

map:
                                                                                
                                                                                
                                                                                
                                                                                
                                                                                
                                                                                
                                                                                
                        --------------                                          
                        |.....}.F....---                                        
                        |.@...}........--------     |                           
                        |.....}...................>.|                           
                        |.....}........--------     |                           
                        |.....}......---                                        
                        --------------                                          
                                                                                
                                                                                
                                                                                
                                                                                
                                                                                
                                                                                
                                                                                
Agent the Plunderess           St:18 Dx:16 Co:18 In:7 Wi:6 Ch:8 Neutral S:26    
Dlvl:1 $:0 HP:18(18) Pw:2(2) AC:7 Xp:1/4                                        

",-0.01,False
98,south,,"message:


language observation:
stairs down very far east
lichen far eastnortheast
horizontal wall near north, northeast, southeast, and south
lava near east
area of lava near eastnortheast and eastsoutheast
vertical wall very near southwest, west, and northwest
horn adjacent north

cursor:
Yourself a barbarian
(x=26, y=11)

map:
                                                                                
                                                                                
                                                                                
                                                                                
                                                                                
                                                                                
                                                                                
                        --------------                                          
                        |.....}.F....---                                        
                        |.(...}........--------     |                           
                        |.@...}...................>.|                           
                        |.....}........--------     |                           
                        |.....}......---                                        
                        --------------                                          
                                                                                
                                                                                
                                                                                
                                                                                
                                                                                
                                                                                
                                                                                
Agent the Plunderess           St:18 Dx:16 Co:18 In:7 Wi:6 Ch:8 Neutral S:26    
Dlvl:1 $:0 HP:18(18) Pw:2(2) AC:7 Xp:1/4                                        

",0.0,False
99,north,,"message:
 
You made the top ten list!
No  Points     Name
Hp [max]
1         26  Agent-Bar-Hum-Fem-Neu quit in The Dunge
eons of Doom on
level 1.
18  [18]


language observation:
dark area adjacent east, southeast, and south

cursor:
very far eastsoutheast 
(x=23, y=9)

map:
You made the top ten list!                                                      
                                                                                
                           No  Points     Name                                  
                 Hp [max]                                                       
                           1         26  Agent-Bar-Hum-Fem-Neu quit in The Dunge
ons of Doom on                                                                  
                                        level 1.                                
               18  [18]                                                         
                                                                                
                                                                                
                                                                                
                                                                                
                                                                                
                                                                                
                                                                                
                                                                                
                                                                                
                                                                                
                                                                                
                                                                                
                                                                                
                                                                                
                                                                                

",0.0,True
