Step,Action,Reasoning,Observation,Reward,Done
0,apply,,"message:
What do you want to use or apply? [i or ?*]

language observation:
stairs down very far eastsoutheast
jackal far eastsoutheast
fox far eastsoutheast
lava near eastnortheast and east
area of lava near eastsoutheast
horizontal wall near southeast and south
horizontal wall very near north and northeast
vertical wall very near southwest and west
northwest room corner very near northwest

cursor:

(x=44, y=0)

map:
                                                                                
                                                                                
                                                                                
                                                                                
                                                                                
                                                                                
                                                                                
                        --------------                                          
                        |.....}......---                                        
                        |.@...}........-                                        
                        |.....}.......d...d......>..|                           
                        |.....}........--------     |                           
                        |.....}......---                                        
                        --------------                                          
                                                                                
                                                                                
                                                                                
                                                                                
                                                                                
                                                                                
                                                                                
Agent the Aspirant             St:15 Dx:8 Co:16 In:7 Wi:20 Ch:9 Chaotic S:0     
Dlvl:1 $:0 HP:13(13) Pw:7(7) AC:7 Xp:1/0                                        

",-0.01,False
1,more,,"message:
Never mind.

language observation:
stairs down very far eastsoutheast
jackal far eastsoutheast
fox far eastsoutheast
lava near eastnortheast and east
area of lava near eastsoutheast
horizontal wall near southeast and south
horizontal wall very near north and northeast
vertical wall very near southwest and west
northwest room corner very near northwest

cursor:
Yourself a priest
(x=26, y=10)

map:
                                                                                
                                                                                
                                                                                
                                                                                
                                                                                
                                                                                
                                                                                
                        --------------                                          
                        |.....}......---                                        
                        |.@...}........-                                        
                        |.....}.......d...d......>..|                           
                        |.....}........--------     |                           
                        |.....}......---                                        
                        --------------                                          
                                                                                
                                                                                
                                                                                
                                                                                
                                                                                
                                                                                
                                                                                
Agent the Aspirant             St:15 Dx:8 Co:16 In:7 Wi:20 Ch:9 Chaotic S:0     
Dlvl:1 $:0 HP:13(13) Pw:7(7) AC:7 Xp:1/0                                        

",-0.01,False
2,east,,"message:


language observation:
stairs down very far eastsoutheast
jackal far eastsoutheast
fox far eastsoutheast
lava near eastnortheast, east, and southeast
area of lava near eastsoutheast
horizontal wall near southeast and south
vertical wall near southwest and west
horizontal wall very near north, northeast, and northwest
horn adjacent west

cursor:
Yourself a priest
(x=27, y=10)

map:
                                                                                
                                                                                
                                                                                
                                                                                
                                                                                
                                                                                
                                                                                
                        --------------                                          
                        |.....}......---                                        
                        |.(@..}........-                                        
                        |.....}.......d...d......>..|                           
                        |.....}........--------     |                           
                        |.....}......---                                        
                        --------------                                          
                                                                                
                                                                                
                                                                                
                                                                                
                                                                                
                                                                                
                                                                                
Agent the Aspirant             St:15 Dx:8 Co:16 In:7 Wi:20 Ch:9 Chaotic S:0     
Dlvl:1 $:0 HP:13(13) Pw:7(7) AC:7 Xp:1/0                                        

",0.0,False
3,west,,"message:


language observation:
stairs down very far eastsoutheast
jackal far east
fox far eastsoutheast
lava near eastnortheast and east
area of lava near eastsoutheast
horizontal wall near southeast and south
horizontal wall very near north and northeast
vertical wall very near southwest and west
northwest room corner very near northwest

cursor:
Yourself a priest
(x=26, y=10)

map:
                                                                                
                                                                                
                                                                                
                                                                                
                                                                                
                                                                                
                                                                                
                        --------------                                          
                        |.....}......---                                        
                        |.@...}......d.-                                        
                        |.....}..........d.......>..|                           
                        |.....}........--------     |                           
                        |.....}......---                                        
                        --------------                                          
                                                                                
                                                                                
                                                                                
                                                                                
                                                                                
                                                                                
                                                                                
Agent the Aspirant             St:15 Dx:8 Co:16 In:7 Wi:20 Ch:9 Chaotic S:0     
Dlvl:1 $:0 HP:13(13) Pw:7(7) AC:7 Xp:1/0                                        

",0.0,False
4,pickup,,"message:


language observation:
stairs down very far eastsoutheast
jackal far east
fox far eastsoutheast
lava near eastnortheast and east
area of lava near eastsoutheast
horizontal wall near southeast and south
horizontal wall very near north and northeast
vertical wall very near southwest and west
northwest room corner very near northwest

cursor:
Yourself a priest
(x=26, y=10)

map:
                                                                                
                                                                                
                                                                                
                                                                                
                                                                                
                                                                                
                                                                                
                        --------------                                          
                        |.....}......---                                        
                        |.@...}......d.-                                        
                        |.....}..........d.......>..|                           
                        |.....}........--------     |                           
                        |.....}......---                                        
                        --------------                                          
                                                                                
                                                                                
                                                                                
                                                                                
                                                                                
                                                                                
                                                                                
Agent the Aspirant             St:15 Dx:8 Co:16 In:7 Wi:20 Ch:9 Chaotic S:0     
Dlvl:1 $:0 HP:13(13) Pw:7(7) AC:7 Xp:1/0                                        

",-0.01,False
5,pickup,,"message:


language observation:
stairs down very far eastsoutheast
jackal far east
fox far eastsoutheast
lava near eastnortheast and east
area of lava near eastsoutheast
horizontal wall near southeast and south
horizontal wall very near north and northeast
vertical wall very near southwest and west
northwest room corner very near northwest

cursor:
Yourself a priest
(x=26, y=10)

map:
                                                                                
                                                                                
                                                                                
                                                                                
                                                                                
                                                                                
                                                                                
                        --------------                                          
                        |.....}......---                                        
                        |.@...}......d.-                                        
                        |.....}..........d.......>..|                           
                        |.....}........--------     |                           
                        |.....}......---                                        
                        --------------                                          
                                                                                
                                                                                
                                                                                
                                                                                
                                                                                
                                                                                
                                                                                
Agent the Aspirant             St:15 Dx:8 Co:16 In:7 Wi:20 Ch:9 Chaotic S:0     
Dlvl:1 $:0 HP:13(13) Pw:7(7) AC:7 Xp:1/0                                        

",-0.01,False
6,apply,,"message:
What do you want to use or apply? [i or ?*]

language observation:
stairs down very far eastsoutheast
jackal far east
fox far eastsoutheast
lava near eastnortheast and east
area of lava near eastsoutheast
horizontal wall near southeast and south
horizontal wall very near north and northeast
vertical wall very near southwest and west
northwest room corner very near northwest

cursor:

(x=44, y=0)

map:
                                                                                
                                                                                
                                                                                
                                                                                
                                                                                
                                                                                
                                                                                
                        --------------                                          
                        |.....}......---                                        
                        |.@...}......d.-                                        
                        |.....}..........d.......>..|                           
                        |.....}........--------     |                           
                        |.....}......---                                        
                        --------------                                          
                                                                                
                                                                                
                                                                                
                                                                                
                                                                                
                                                                                
                                                                                
Agent the Aspirant             St:15 Dx:8 Co:16 In:7 Wi:20 Ch:9 Chaotic S:0     
Dlvl:1 $:0 HP:13(13) Pw:7(7) AC:7 Xp:1/0                                        

",-0.01,False
7,more,,"message:
Never mind.

language observation:
stairs down very far eastsoutheast
jackal far east
fox far eastsoutheast
lava near eastnortheast and east
area of lava near eastsoutheast
horizontal wall near southeast and south
horizontal wall very near north and northeast
vertical wall very near southwest and west
northwest room corner very near northwest

cursor:
Yourself a priest
(x=26, y=10)

map:
                                                                                
                                                                                
                                                                                
                                                                                
                                                                                
                                                                                
                                                                                
                        --------------                                          
                        |.....}......---                                        
                        |.@...}......d.-                                        
                        |.....}..........d.......>..|                           
                        |.....}........--------     |                           
                        |.....}......---                                        
                        --------------                                          
                                                                                
                                                                                
                                                                                
                                                                                
                                                                                
                                                                                
                                                                                
Agent the Aspirant             St:15 Dx:8 Co:16 In:7 Wi:20 Ch:9 Chaotic S:0     
Dlvl:1 $:0 HP:13(13) Pw:7(7) AC:7 Xp:1/0                                        

",-0.01,False
8,pickup,,"message:


language observation:
stairs down very far eastsoutheast
jackal far east
fox far eastsoutheast
lava near eastnortheast and east
area of lava near eastsoutheast
horizontal wall near southeast and south
horizontal wall very near north and northeast
vertical wall very near southwest and west
northwest room corner very near northwest

cursor:
Yourself a priest
(x=26, y=10)

map:
                                                                                
                                                                                
                                                                                
                                                                                
                                                                                
                                                                                
                                                                                
                        --------------                                          
                        |.....}......---                                        
                        |.@...}......d.-                                        
                        |.....}..........d.......>..|                           
                        |.....}........--------     |                           
                        |.....}......---                                        
                        --------------                                          
                                                                                
                                                                                
                                                                                
                                                                                
                                                                                
                                                                                
                                                                                
Agent the Aspirant             St:15 Dx:8 Co:16 In:7 Wi:20 Ch:9 Chaotic S:0     
Dlvl:1 $:0 HP:13(13) Pw:7(7) AC:7 Xp:1/0                                        

",-0.01,False
9,apply,,"message:
What do you want to use or apply? [i or ?*]

language observation:
stairs down very far eastsoutheast
jackal far east
fox far eastsoutheast
lava near eastnortheast and east
area of lava near eastsoutheast
horizontal wall near southeast and south
horizontal wall very near north and northeast
vertical wall very near southwest and west
northwest room corner very near northwest

cursor:

(x=44, y=0)

map:
                                                                                
                                                                                
                                                                                
                                                                                
                                                                                
                                                                                
                                                                                
                        --------------                                          
                        |.....}......---                                        
                        |.@...}......d.-                                        
                        |.....}..........d.......>..|                           
                        |.....}........--------     |                           
                        |.....}......---                                        
                        --------------                                          
                                                                                
                                                                                
                                                                                
                                                                                
                                                                                
                                                                                
                                                                                
Agent the Aspirant             St:15 Dx:8 Co:16 In:7 Wi:20 Ch:9 Chaotic S:0     
Dlvl:1 $:0 HP:13(13) Pw:7(7) AC:7 Xp:1/0                                        

",-0.01,False
10,more,,"message:
Never mind.

language observation:
stairs down very far eastsoutheast
jackal far east
fox far eastsoutheast
lava near eastnortheast and east
area of lava near eastsoutheast
horizontal wall near southeast and south
horizontal wall very near north and northeast
vertical wall very near southwest and west
northwest room corner very near northwest

cursor:
Yourself a priest
(x=26, y=10)

map:
                                                                                
                                                                                
                                                                                
                                                                                
                                                                                
                                                                                
                                                                                
                        --------------                                          
                        |.....}......---                                        
                        |.@...}......d.-                                        
                        |.....}..........d.......>..|                           
                        |.....}........--------     |                           
                        |.....}......---                                        
                        --------------                                          
                                                                                
                                                                                
                                                                                
                                                                                
                                                                                
                                                                                
                                                                                
Agent the Aspirant             St:15 Dx:8 Co:16 In:7 Wi:20 Ch:9 Chaotic S:0     
Dlvl:1 $:0 HP:13(13) Pw:7(7) AC:7 Xp:1/0                                        

",-0.01,False
11,pickup,,"message:


language observation:
stairs down very far eastsoutheast
jackal far east
fox far eastsoutheast
lava near eastnortheast and east
area of lava near eastsoutheast
horizontal wall near southeast and south
horizontal wall very near north and northeast
vertical wall very near southwest and west
northwest room corner very near northwest

cursor:
Yourself a priest
(x=26, y=10)

map:
                                                                                
                                                                                
                                                                                
                                                                                
                                                                                
                                                                                
                                                                                
                        --------------                                          
                        |.....}......---                                        
                        |.@...}......d.-                                        
                        |.....}..........d.......>..|                           
                        |.....}........--------     |                           
                        |.....}......---                                        
                        --------------                                          
                                                                                
                                                                                
                                                                                
                                                                                
                                                                                
                                                                                
                                                                                
Agent the Aspirant             St:15 Dx:8 Co:16 In:7 Wi:20 Ch:9 Chaotic S:0     
Dlvl:1 $:0 HP:13(13) Pw:7(7) AC:7 Xp:1/0                                        

",-0.01,False
12,east,,"message:


language observation:
stairs down very far eastsoutheast
jackal far east
fox far eastsoutheast
lava near eastnortheast, east, and southeast
area of lava near eastsoutheast
horizontal wall near southeast and south
vertical wall near southwest and west
horizontal wall very near north, northeast, and northwest
horn adjacent west

cursor:
Yourself a priest
(x=27, y=10)

map:
                                                                                
                                                                                
                                                                                
                                                                                
                                                                                
                                                                                
                                                                                
                        --------------                                          
                        |.....}......---                                        
                        |.(@..}.....d..-                                        
                        |.....}.........d........>..|                           
                        |.....}........--------     |                           
                        |.....}......---                                        
                        --------------                                          
                                                                                
                                                                                
                                                                                
                                                                                
                                                                                
                                                                                
                                                                                
Agent the Aspirant             St:15 Dx:8 Co:16 In:7 Wi:20 Ch:9 Chaotic S:0     
Dlvl:1 $:0 HP:13(13) Pw:7(7) AC:7 Xp:1/0                                        

",0.0,False
13,west,,"message:


language observation:
stairs down very far eastsoutheast
jackal far east
fox far eastsoutheast
lava near eastnortheast and east
area of lava near eastsoutheast
horizontal wall near southeast and south
horizontal wall very near north and northeast
vertical wall very near southwest and west
northwest room corner very near northwest

cursor:
Yourself a priest
(x=26, y=10)

map:
                                                                                
                                                                                
                                                                                
                                                                                
                                                                                
                                                                                
                                                                                
                        --------------                                          
                        |.....}......---                                        
                        |.@...}....d...-                                        
                        |.....}........d.........>..|                           
                        |.....}........--------     |                           
                        |.....}......---                                        
                        --------------                                          
                                                                                
                                                                                
                                                                                
                                                                                
                                                                                
                                                                                
                                                                                
Agent the Aspirant             St:15 Dx:8 Co:16 In:7 Wi:20 Ch:9 Chaotic S:0     
Dlvl:1 $:0 HP:13(13) Pw:7(7) AC:7 Xp:1/0                                        

",0.0,False
14,pickup,,"message:


language observation:
stairs down very far eastsoutheast
jackal far east
fox far eastsoutheast
lava near eastnortheast and east
area of lava near eastsoutheast
horizontal wall near southeast and south
horizontal wall very near north and northeast
vertical wall very near southwest and west
northwest room corner very near northwest

cursor:
Yourself a priest
(x=26, y=10)

map:
                                                                                
                                                                                
                                                                                
                                                                                
                                                                                
                                                                                
                                                                                
                        --------------                                          
                        |.....}......---                                        
                        |.@...}....d...-                                        
                        |.....}........d.........>..|                           
                        |.....}........--------     |                           
                        |.....}......---                                        
                        --------------                                          
                                                                                
                                                                                
                                                                                
                                                                                
                                                                                
                                                                                
                                                                                
Agent the Aspirant             St:15 Dx:8 Co:16 In:7 Wi:20 Ch:9 Chaotic S:0     
Dlvl:1 $:0 HP:13(13) Pw:7(7) AC:7 Xp:1/0                                        

",-0.01,False
15,more,,"message:
Unknown command '^M'.

language observation:
stairs down very far eastsoutheast
jackal far east
fox far eastsoutheast
lava near eastnortheast and east
area of lava near eastsoutheast
horizontal wall near southeast and south
horizontal wall very near north and northeast
vertical wall very near southwest and west
northwest room corner very near northwest

cursor:
Yourself a priest
(x=26, y=10)

map:
                                                                                
                                                                                
                                                                                
                                                                                
                                                                                
                                                                                
                                                                                
                        --------------                                          
                        |.....}......---                                        
                        |.@...}....d...-                                        
                        |.....}........d.........>..|                           
                        |.....}........--------     |                           
                        |.....}......---                                        
                        --------------                                          
                                                                                
                                                                                
                                                                                
                                                                                
                                                                                
                                                                                
                                                                                
Agent the Aspirant             St:15 Dx:8 Co:16 In:7 Wi:20 Ch:9 Chaotic S:0     
Dlvl:1 $:0 HP:13(13) Pw:7(7) AC:7 Xp:1/0                                        

",-0.01,False
16,pickup,,"message:


language observation:
stairs down very far eastsoutheast
jackal far east
fox far eastsoutheast
lava near eastnortheast and east
area of lava near eastsoutheast
horizontal wall near southeast and south
horizontal wall very near north and northeast
vertical wall very near southwest and west
northwest room corner very near northwest

cursor:
Yourself a priest
(x=26, y=10)

map:
                                                                                
                                                                                
                                                                                
                                                                                
                                                                                
                                                                                
                                                                                
                        --------------                                          
                        |.....}......---                                        
                        |.@...}....d...-                                        
                        |.....}........d.........>..|                           
                        |.....}........--------     |                           
                        |.....}......---                                        
                        --------------                                          
                                                                                
                                                                                
                                                                                
                                                                                
                                                                                
                                                                                
                                                                                
Agent the Aspirant             St:15 Dx:8 Co:16 In:7 Wi:20 Ch:9 Chaotic S:0     
Dlvl:1 $:0 HP:13(13) Pw:7(7) AC:7 Xp:1/0                                        

",-0.01,False
17,apply,,"message:
What do you want to use or apply? [i or ?*]

language observation:
stairs down very far eastsoutheast
jackal far east
fox far eastsoutheast
lava near eastnortheast and east
area of lava near eastsoutheast
horizontal wall near southeast and south
horizontal wall very near north and northeast
vertical wall very near southwest and west
northwest room corner very near northwest

cursor:

(x=44, y=0)

map:
                                                                                
                                                                                
                                                                                
                                                                                
                                                                                
                                                                                
                                                                                
                        --------------                                          
                        |.....}......---                                        
                        |.@...}....d...-                                        
                        |.....}........d.........>..|                           
                        |.....}........--------     |                           
                        |.....}......---                                        
                        --------------                                          
                                                                                
                                                                                
                                                                                
                                                                                
                                                                                
                                                                                
                                                                                
Agent the Aspirant             St:15 Dx:8 Co:16 In:7 Wi:20 Ch:9 Chaotic S:0     
Dlvl:1 $:0 HP:13(13) Pw:7(7) AC:7 Xp:1/0                                        

",-0.01,False
18,more,,"message:
Never mind.

language observation:
stairs down very far eastsoutheast
jackal far east
fox far eastsoutheast
lava near eastnortheast and east
area of lava near eastsoutheast
horizontal wall near southeast and south
horizontal wall very near north and northeast
vertical wall very near southwest and west
northwest room corner very near northwest

cursor:
Yourself a priest
(x=26, y=10)

map:
                                                                                
                                                                                
                                                                                
                                                                                
                                                                                
                                                                                
                                                                                
                        --------------                                          
                        |.....}......---                                        
                        |.@...}....d...-                                        
                        |.....}........d.........>..|                           
                        |.....}........--------     |                           
                        |.....}......---                                        
                        --------------                                          
                                                                                
                                                                                
                                                                                
                                                                                
                                                                                
                                                                                
                                                                                
Agent the Aspirant             St:15 Dx:8 Co:16 In:7 Wi:20 Ch:9 Chaotic S:0     
Dlvl:1 $:0 HP:13(13) Pw:7(7) AC:7 Xp:1/0                                        

",-0.01,False
19,pickup,,"message:


language observation:
stairs down very far eastsoutheast
jackal far east
fox far eastsoutheast
lava near eastnortheast and east
area of lava near eastsoutheast
horizontal wall near southeast and south
horizontal wall very near north and northeast
vertical wall very near southwest and west
northwest room corner very near northwest

cursor:
Yourself a priest
(x=26, y=10)

map:
                                                                                
                                                                                
                                                                                
                                                                                
                                                                                
                                                                                
                                                                                
                        --------------                                          
                        |.....}......---                                        
                        |.@...}....d...-                                        
                        |.....}........d.........>..|                           
                        |.....}........--------     |                           
                        |.....}......---                                        
                        --------------                                          
                                                                                
                                                                                
                                                                                
                                                                                
                                                                                
                                                                                
                                                                                
Agent the Aspirant             St:15 Dx:8 Co:16 In:7 Wi:20 Ch:9 Chaotic S:0     
Dlvl:1 $:0 HP:13(13) Pw:7(7) AC:7 Xp:1/0                                        

",-0.01,False
20,south,,"message:


language observation:
stairs down very far east
jackal far east
fox far east
horizontal wall near north, northeast, southeast, and south
lava near east
area of lava near eastnortheast and eastsoutheast
vertical wall very near southwest, west, and northwest
horn adjacent north

cursor:
Yourself a priest
(x=26, y=11)

map:
                                                                                
                                                                                
                                                                                
                                                                                
                                                                                
                                                                                
                                                                                
                        --------------                                          
                        |.....}......---                                        
                        |.(...}........--------     |                           
                        |.@...}...d..d...........>..|                           
                        |.....}........--------     |                           
                        |.....}......---                                        
                        --------------                                          
                                                                                
                                                                                
                                                                                
                                                                                
                                                                                
                                                                                
                                                                                
Agent the Aspirant             St:15 Dx:8 Co:16 In:7 Wi:20 Ch:9 Chaotic S:0     
Dlvl:1 $:0 HP:13(13) Pw:7(7) AC:7 Xp:1/0                                        

",0.0,False
21,north,,"message:


language observation:
stairs down very far eastsoutheast
jackal far east
fox far east
lava near eastnortheast and east
area of lava near eastsoutheast
horizontal wall near southeast and south
horizontal wall very near north and northeast
vertical wall very near southwest and west
northwest room corner very near northwest

cursor:
Yourself a priest
(x=26, y=10)

map:
                                                                                
                                                                                
                                                                                
                                                                                
                                                                                
                                                                                
                                                                                
                        --------------                                          
                        |.....}......---                                        
                        |.@...}..d..d..--------     |                           
                        |.....}..................>..|                           
                        |.....}........--------     |                           
                        |.....}......---                                        
                        --------------                                          
                                                                                
                                                                                
                                                                                
                                                                                
                                                                                
                                                                                
                                                                                
Agent the Aspirant             St:15 Dx:8 Co:16 In:7 Wi:20 Ch:9 Chaotic S:0     
Dlvl:1 $:0 HP:13(13) Pw:7(7) AC:7 Xp:1/0                                        

",0.0,False
22,pickup,,"message:


language observation:
stairs down very far eastsoutheast
jackal far east
fox far east
lava near eastnortheast and east
area of lava near eastsoutheast
horizontal wall near southeast and south
horizontal wall very near north and northeast
vertical wall very near southwest and west
northwest room corner very near northwest

cursor:
Yourself a priest
(x=26, y=10)

map:
                                                                                
                                                                                
                                                                                
                                                                                
                                                                                
                                                                                
                                                                                
                        --------------                                          
                        |.....}......---                                        
                        |.@...}..d..d..--------     |                           
                        |.....}..................>..|                           
                        |.....}........--------     |                           
                        |.....}......---                                        
                        --------------                                          
                                                                                
                                                                                
                                                                                
                                                                                
                                                                                
                                                                                
                                                                                
Agent the Aspirant             St:15 Dx:8 Co:16 In:7 Wi:20 Ch:9 Chaotic S:0     
Dlvl:1 $:0 HP:13(13) Pw:7(7) AC:7 Xp:1/0                                        

",-0.01,False
23,loot,,"message:
You don't find anything here to loot.

language observation:
stairs down very far eastsoutheast
jackal far east
fox far east
lava near eastnortheast and east
area of lava near eastsoutheast
horizontal wall near southeast and south
horizontal wall very near north and northeast
vertical wall very near southwest and west
northwest room corner very near northwest

cursor:
Yourself a priest
(x=26, y=10)

map:
                                                                                
                                                                                
                                                                                
                                                                                
                                                                                
                                                                                
                                                                                
                        --------------                                          
                        |.....}......---                                        
                        |.@...}..d..d..--------     |                           
                        |.....}..................>..|                           
                        |.....}........--------     |                           
                        |.....}......---                                        
                        --------------                                          
                                                                                
                                                                                
                                                                                
                                                                                
                                                                                
                                                                                
                                                                                
Agent the Aspirant             St:15 Dx:8 Co:16 In:7 Wi:20 Ch:9 Chaotic S:0     
Dlvl:1 $:0 HP:13(13) Pw:7(7) AC:7 Xp:1/0                                        

",-0.01,False
24,east,,"message:


language observation:
stairs down very far eastsoutheast
fox far east
lava near eastnortheast, east, and southeast
area of lava near eastsoutheast
jackal near east
horizontal wall near southeast and south
vertical wall near southwest and west
horizontal wall very near north, northeast, and northwest
horn adjacent west

cursor:
Yourself a priest
(x=27, y=10)

map:
                                                                                
                                                                                
                                                                                
                                                                                
                                                                                
                                                                                
                                                                                
                        --------------                                          
                        |.....}......---                                        
                        |.(@..}.d..d...--------     |                           
                        |.....}..................>..|                           
                        |.....}........--------     |                           
                        |.....}......---                                        
                        --------------                                          
                                                                                
                                                                                
                                                                                
                                                                                
                                                                                
                                                                                
                                                                                
Agent the Aspirant             St:15 Dx:8 Co:16 In:7 Wi:20 Ch:9 Chaotic S:0     
Dlvl:1 $:0 HP:13(13) Pw:7(7) AC:7 Xp:1/0                                        

",0.0,False
25,west,,"message:


language observation:
stairs down very far eastsoutheast
fox far east
lava near eastnortheast and east
area of lava near eastsoutheast
jackal near east
horizontal wall near southeast and south
horizontal wall very near north and northeast
vertical wall very near southwest and west
northwest room corner very near northwest

cursor:
Yourself a priest
(x=26, y=10)

map:
                                                                                
                                                                                
                                                                                
                                                                                
                                                                                
                                                                                
                                                                                
                        --------------                                          
                        |.....}......---                                        
                        |.@...}d..d....--------     |                           
                        |.....}..................>..|                           
                        |.....}........--------     |                           
                        |.....}......---                                        
                        --------------                                          
                                                                                
                                                                                
                                                                                
                                                                                
                                                                                
                                                                                
                                                                                
Agent the Aspirant             St:15 Dx:8 Co:16 In:7 Wi:20 Ch:9 Chaotic S:0     
Dlvl:1 $:0 HP:13(13) Pw:7(7) AC:7 Xp:1/0                                        

",0.0,False
26,pickup,,"message:


language observation:
stairs down very far eastsoutheast
fox far east
lava near eastnortheast and east
area of lava near eastsoutheast
jackal near east
horizontal wall near southeast and south
horizontal wall very near north and northeast
vertical wall very near southwest and west
northwest room corner very near northwest

cursor:
Yourself a priest
(x=26, y=10)

map:
                                                                                
                                                                                
                                                                                
                                                                                
                                                                                
                                                                                
                                                                                
                        --------------                                          
                        |.....}......---                                        
                        |.@...}d..d....--------     |                           
                        |.....}..................>..|                           
                        |.....}........--------     |                           
                        |.....}......---                                        
                        --------------                                          
                                                                                
                                                                                
                                                                                
                                                                                
                                                                                
                                                                                
                                                                                
Agent the Aspirant             St:15 Dx:8 Co:16 In:7 Wi:20 Ch:9 Chaotic S:0     
Dlvl:1 $:0 HP:13(13) Pw:7(7) AC:7 Xp:1/0                                        

",-0.01,False
27,east,,"message:


language observation:
stairs down very far eastsoutheast
lava near eastnortheast, east, and southeast
area of lava near eastsoutheast
jackal near eastnortheast
fox near east
horizontal wall near southeast and south
vertical wall near southwest and west
horizontal wall very near north, northeast, and northwest
horn adjacent west

cursor:
Yourself a priest
(x=27, y=10)

map:
                                                                                
                                                                                
                                                                                
                                                                                
                                                                                
                                                                                
                                                                                
                        --------------                                          
                        |.....}d.....---                                        
                        |.(@..}.d......--------     |                           
                        |.....}..................>..|                           
                        |.....}........--------     |                           
                        |.....}......---                                        
                        --------------                                          
                                                                                
                                                                                
                                                                                
                                                                                
                                                                                
                                                                                
                                                                                
Agent the Aspirant             St:15 Dx:8 Co:16 In:7 Wi:20 Ch:9 Chaotic S:0     
Dlvl:1 $:0 HP:13(13) Pw:7(7) AC:7 Xp:1/0                                        

",0.0,False
28,west,,"message:


language observation:
stairs down very far eastsoutheast
jackal far eastnortheast
lava near eastnortheast and east
area of lava near eastsoutheast
fox near east
horizontal wall near southeast and south
horizontal wall very near north and northeast
vertical wall very near southwest and west
northwest room corner very near northwest

cursor:
Yourself a priest
(x=26, y=10)

map:
                                                                                
                                                                                
                                                                                
                                                                                
                                                                                
                                                                                
                                                                                
                        --------------                                          
                        |.....}.d....---                                        
                        |.@...}d.......--------     |                           
                        |.....}..................>..|                           
                        |.....}........--------     |                           
                        |.....}......---                                        
                        --------------                                          
                                                                                
                                                                                
                                                                                
                                                                                
                                                                                
                                                                                
                                                                                
Agent the Aspirant             St:15 Dx:8 Co:16 In:7 Wi:20 Ch:9 Chaotic S:0     
Dlvl:1 $:0 HP:13(13) Pw:7(7) AC:7 Xp:1/0                                        

",0.0,False
29,pickup,,"message:


language observation:
stairs down very far eastsoutheast
jackal far eastnortheast
lava near eastnortheast and east
area of lava near eastsoutheast
fox near east
horizontal wall near southeast and south
horizontal wall very near north and northeast
vertical wall very near southwest and west
northwest room corner very near northwest

cursor:
Yourself a priest
(x=26, y=10)

map:
                                                                                
                                                                                
                                                                                
                                                                                
                                                                                
                                                                                
                                                                                
                        --------------                                          
                        |.....}.d....---                                        
                        |.@...}d.......--------     |                           
                        |.....}..................>..|                           
                        |.....}........--------     |                           
                        |.....}......---                                        
                        --------------                                          
                                                                                
                                                                                
                                                                                
                                                                                
                                                                                
                                                                                
                                                                                
Agent the Aspirant             St:15 Dx:8 Co:16 In:7 Wi:20 Ch:9 Chaotic S:0     
Dlvl:1 $:0 HP:13(13) Pw:7(7) AC:7 Xp:1/0                                        

",-0.01,False
30,apply,,"message:
What do you want to use or apply? [i or ?*]

language observation:
stairs down very far eastsoutheast
jackal far eastnortheast
lava near eastnortheast and east
area of lava near eastsoutheast
fox near east
horizontal wall near southeast and south
horizontal wall very near north and northeast
vertical wall very near southwest and west
northwest room corner very near northwest

cursor:

(x=44, y=0)

map:
                                                                                
                                                                                
                                                                                
                                                                                
                                                                                
                                                                                
                                                                                
                        --------------                                          
                        |.....}.d....---                                        
                        |.@...}d.......--------     |                           
                        |.....}..................>..|                           
                        |.....}........--------     |                           
                        |.....}......---                                        
                        --------------                                          
                                                                                
                                                                                
                                                                                
                                                                                
                                                                                
                                                                                
                                                                                
Agent the Aspirant             St:15 Dx:8 Co:16 In:7 Wi:20 Ch:9 Chaotic S:0     
Dlvl:1 $:0 HP:13(13) Pw:7(7) AC:7 Xp:1/0                                        

",-0.01,False
31,more,,"message:
Never mind.

language observation:
stairs down very far eastsoutheast
jackal far eastnortheast
lava near eastnortheast and east
area of lava near eastsoutheast
fox near east
horizontal wall near southeast and south
horizontal wall very near north and northeast
vertical wall very near southwest and west
northwest room corner very near northwest

cursor:
Yourself a priest
(x=26, y=10)

map:
                                                                                
                                                                                
                                                                                
                                                                                
                                                                                
                                                                                
                                                                                
                        --------------                                          
                        |.....}.d....---                                        
                        |.@...}d.......--------     |                           
                        |.....}..................>..|                           
                        |.....}........--------     |                           
                        |.....}......---                                        
                        --------------                                          
                                                                                
                                                                                
                                                                                
                                                                                
                                                                                
                                                                                
                                                                                
Agent the Aspirant             St:15 Dx:8 Co:16 In:7 Wi:20 Ch:9 Chaotic S:0     
Dlvl:1 $:0 HP:13(13) Pw:7(7) AC:7 Xp:1/0                                        

",-0.01,False
32,pickup,,"message:


language observation:
stairs down very far eastsoutheast
jackal far eastnortheast
lava near eastnortheast and east
area of lava near eastsoutheast
fox near east
horizontal wall near southeast and south
horizontal wall very near north and northeast
vertical wall very near southwest and west
northwest room corner very near northwest

cursor:
Yourself a priest
(x=26, y=10)

map:
                                                                                
                                                                                
                                                                                
                                                                                
                                                                                
                                                                                
                                                                                
                        --------------                                          
                        |.....}.d....---                                        
                        |.@...}d.......--------     |                           
                        |.....}..................>..|                           
                        |.....}........--------     |                           
                        |.....}......---                                        
                        --------------                                          
                                                                                
                                                                                
                                                                                
                                                                                
                                                                                
                                                                                
                                                                                
Agent the Aspirant             St:15 Dx:8 Co:16 In:7 Wi:20 Ch:9 Chaotic S:0     
Dlvl:1 $:0 HP:13(13) Pw:7(7) AC:7 Xp:1/0                                        

",-0.01,False
33,more,,"message:
Unknown command '^M'.

language observation:
stairs down very far eastsoutheast
jackal far eastnortheast
lava near eastnortheast and east
area of lava near eastsoutheast
fox near east
horizontal wall near southeast and south
horizontal wall very near north and northeast
vertical wall very near southwest and west
northwest room corner very near northwest

cursor:
Yourself a priest
(x=26, y=10)

map:
                                                                                
                                                                                
                                                                                
                                                                                
                                                                                
                                                                                
                                                                                
                        --------------                                          
                        |.....}.d....---                                        
                        |.@...}d.......--------     |                           
                        |.....}..................>..|                           
                        |.....}........--------     |                           
                        |.....}......---                                        
                        --------------                                          
                                                                                
                                                                                
                                                                                
                                                                                
                                                                                
                                                                                
                                                                                
Agent the Aspirant             St:15 Dx:8 Co:16 In:7 Wi:20 Ch:9 Chaotic S:0     
Dlvl:1 $:0 HP:13(13) Pw:7(7) AC:7 Xp:1/0                                        

",-0.01,False
34,pickup,,"message:


language observation:
stairs down very far eastsoutheast
jackal far eastnortheast
lava near eastnortheast and east
area of lava near eastsoutheast
fox near east
horizontal wall near southeast and south
horizontal wall very near north and northeast
vertical wall very near southwest and west
northwest room corner very near northwest

cursor:
Yourself a priest
(x=26, y=10)

map:
                                                                                
                                                                                
                                                                                
                                                                                
                                                                                
                                                                                
                                                                                
                        --------------                                          
                        |.....}.d....---                                        
                        |.@...}d.......--------     |                           
                        |.....}..................>..|                           
                        |.....}........--------     |                           
                        |.....}......---                                        
                        --------------                                          
                                                                                
                                                                                
                                                                                
                                                                                
                                                                                
                                                                                
                                                                                
Agent the Aspirant             St:15 Dx:8 Co:16 In:7 Wi:20 Ch:9 Chaotic S:0     
Dlvl:1 $:0 HP:13(13) Pw:7(7) AC:7 Xp:1/0                                        

",-0.01,False
35,east,,"message:


language observation:
stairs down very far eastsoutheast
lava near eastnortheast, east, and southeast
area of lava near eastsoutheast
jackal near eastnortheast
fox near eastsoutheast
horizontal wall near southeast and south
vertical wall near southwest and west
horizontal wall very near north, northeast, and northwest
horn adjacent west

cursor:
Yourself a priest
(x=27, y=10)

map:
                                                                                
                                                                                
                                                                                
                                                                                
                                                                                
                                                                                
                                                                                
                        --------------                                          
                        |.....}d.....---                                        
                        |.(@..}........--------     |                           
                        |.....}d.................>..|                           
                        |.....}........--------     |                           
                        |.....}......---                                        
                        --------------                                          
                                                                                
                                                                                
                                                                                
                                                                                
                                                                                
                                                                                
                                                                                
Agent the Aspirant             St:15 Dx:8 Co:16 In:7 Wi:20 Ch:9 Chaotic S:0     
Dlvl:1 $:0 HP:13(13) Pw:7(7) AC:7 Xp:1/0                                        

",0.0,False
36,west,,"message:


language observation:
stairs down very far eastsoutheast
lava near eastnortheast and east
area of lava near eastsoutheast
jackal near east
fox near eastsoutheast
horizontal wall near southeast and south
horizontal wall very near north and northeast
vertical wall very near southwest and west
northwest room corner very near northwest

cursor:
Yourself a priest
(x=26, y=10)

map:
                                                                                
                                                                                
                                                                                
                                                                                
                                                                                
                                                                                
                                                                                
                        --------------                                          
                        |.....}......---                                        
                        |.@...}d.......--------     |                           
                        |.....}..................>..|                           
                        |.....}........--------     |                           
                        |.....}d.....---                                        
                        --------------                                          
                                                                                
                                                                                
                                                                                
                                                                                
                                                                                
                                                                                
                                                                                
Agent the Aspirant             St:15 Dx:8 Co:16 In:7 Wi:20 Ch:9 Chaotic S:0     
Dlvl:1 $:0 HP:13(13) Pw:7(7) AC:7 Xp:1/0                                        

",0.0,False
37,pickup,,"message:


language observation:
stairs down very far eastsoutheast
lava near eastnortheast and east
area of lava near eastsoutheast
jackal near east
fox near eastsoutheast
horizontal wall near southeast and south
horizontal wall very near north and northeast
vertical wall very near southwest and west
northwest room corner very near northwest

cursor:
Yourself a priest
(x=26, y=10)

map:
                                                                                
                                                                                
                                                                                
                                                                                
                                                                                
                                                                                
                                                                                
                        --------------                                          
                        |.....}......---                                        
                        |.@...}d.......--------     |                           
                        |.....}..................>..|                           
                        |.....}........--------     |                           
                        |.....}d.....---                                        
                        --------------                                          
                                                                                
                                                                                
                                                                                
                                                                                
                                                                                
                                                                                
                                                                                
Agent the Aspirant             St:15 Dx:8 Co:16 In:7 Wi:20 Ch:9 Chaotic S:0     
Dlvl:1 $:0 HP:13(13) Pw:7(7) AC:7 Xp:1/0                                        

",-0.01,False
38,northwest,,"message:


language observation:
stairs down very far eastsoutheast
jackal far eastsoutheast
fox far eastsoutheast
lava near east
area of lava near eastsoutheast
horizontal wall near southeast and south
horizontal wall adjacent north and northeast
horn adjacent southeast
vertical wall adjacent southwest and west
northwest room corner adjacent northwest

cursor:
Yourself a priest
(x=25, y=9)

map:
                                                                                
                                                                                
                                                                                
                                                                                
                                                                                
                                                                                
                                                                                
                        --------------                                          
                        |@....}......---                                        
                        |.(...}........--------     |                           
                        |.....}dd................>..|                           
                        |.....}........--------     |                           
                        |.....}......---                                        
                        --------------                                          
                                                                                
                                                                                
                                                                                
                                                                                
                                                                                
                                                                                
                                                                                
Agent the Aspirant             St:15 Dx:8 Co:16 In:7 Wi:20 Ch:9 Chaotic S:0     
Dlvl:1 $:0 HP:13(13) Pw:7(7) AC:7 Xp:1/0                                        

",0.0,False
39,southeast,,"message:


language observation:
stairs down very far eastsoutheast
lava near eastnortheast and east
area of lava near eastsoutheast
fox near east
jackal near eastsoutheast
horizontal wall near southeast and south
horizontal wall very near north and northeast
vertical wall very near southwest and west
northwest room corner very near northwest

cursor:
Yourself a priest
(x=26, y=10)

map:
                                                                                
                                                                                
                                                                                
                                                                                
                                                                                
                                                                                
                                                                                
                        --------------                                          
                        |.....}......---                                        
                        |.@...}d.......--------     |                           
                        |.....}..................>..|                           
                        |.....}d.......--------     |                           
                        |.....}......---                                        
                        --------------                                          
                                                                                
                                                                                
                                                                                
                                                                                
                                                                                
                                                                                
                                                                                
Agent the Aspirant             St:15 Dx:8 Co:16 In:7 Wi:20 Ch:9 Chaotic S:0     
Dlvl:1 $:0 HP:13(13) Pw:7(7) AC:7 Xp:1/0                                        

",0.0,False
40,pickup,,"message:


language observation:
stairs down very far eastsoutheast
lava near eastnortheast and east
area of lava near eastsoutheast
fox near east
jackal near eastsoutheast
horizontal wall near southeast and south
horizontal wall very near north and northeast
vertical wall very near southwest and west
northwest room corner very near northwest

cursor:
Yourself a priest
(x=26, y=10)

map:
                                                                                
                                                                                
                                                                                
                                                                                
                                                                                
                                                                                
                                                                                
                        --------------                                          
                        |.....}......---                                        
                        |.@...}d.......--------     |                           
                        |.....}..................>..|                           
                        |.....}d.......--------     |                           
                        |.....}......---                                        
                        --------------                                          
                                                                                
                                                                                
                                                                                
                                                                                
                                                                                
                                                                                
                                                                                
Agent the Aspirant             St:15 Dx:8 Co:16 In:7 Wi:20 Ch:9 Chaotic S:0     
Dlvl:1 $:0 HP:13(13) Pw:7(7) AC:7 Xp:1/0                                        

",-0.01,False
41,south,,"message:


language observation:
stairs down very far east
horizontal wall near north, northeast, southeast, and south
lava near east
area of lava near eastnortheast and eastsoutheast
fox near eastsoutheast
jackal near eastsoutheast
vertical wall very near southwest, west, and northwest
horn adjacent north

cursor:
Yourself a priest
(x=26, y=11)

map:
                                                                                
                                                                                
                                                                                
                                                                                
                                                                                
                                                                                
                                                                                
                        --------------                                          
                        |.....}......---                                        
                        |.(...}........--------     |                           
                        |.@...}..................>..|                           
                        |.....}d.......--------     |                           
                        |.....}d.....---                                        
                        --------------                                          
                                                                                
                                                                                
                                                                                
                                                                                
                                                                                
                                                                                
                                                                                
Agent the Aspirant             St:15 Dx:8 Co:16 In:7 Wi:20 Ch:9 Chaotic S:0     
Dlvl:1 $:0 HP:13(13) Pw:7(7) AC:7 Xp:1/0                                        

",0.0,False
42,north,,"message:


language observation:
stairs down very far eastsoutheast
jackal far eastsoutheast
lava near eastnortheast and east
area of lava near eastsoutheast
fox near eastsoutheast
horizontal wall near southeast and south
horizontal wall very near north and northeast
vertical wall very near southwest and west
northwest room corner very near northwest

cursor:
Yourself a priest
(x=26, y=10)

map:
                                                                                
                                                                                
                                                                                
                                                                                
                                                                                
                                                                                
                                                                                
                        --------------                                          
                        |.....}......---                                        
                        |.@...}........--------     |                           
                        |.....}..................>..|                           
                        |.....}.d......--------     |                           
                        |.....}d.....---                                        
                        --------------                                          
                                                                                
                                                                                
                                                                                
                                                                                
                                                                                
                                                                                
                                                                                
Agent the Aspirant             St:15 Dx:8 Co:16 In:7 Wi:20 Ch:9 Chaotic S:0     
Dlvl:1 $:0 HP:13(13) Pw:7(7) AC:7 Xp:1/0                                        

",0.0,False
43,pickup,,"message:


language observation:
stairs down very far eastsoutheast
jackal far eastsoutheast
lava near eastnortheast and east
area of lava near eastsoutheast
fox near eastsoutheast
horizontal wall near southeast and south
horizontal wall very near north and northeast
vertical wall very near southwest and west
northwest room corner very near northwest

cursor:
Yourself a priest
(x=26, y=10)

map:
                                                                                
                                                                                
                                                                                
                                                                                
                                                                                
                                                                                
                                                                                
                        --------------                                          
                        |.....}......---                                        
                        |.@...}........--------     |                           
                        |.....}..................>..|                           
                        |.....}.d......--------     |                           
                        |.....}d.....---                                        
                        --------------                                          
                                                                                
                                                                                
                                                                                
                                                                                
                                                                                
                                                                                
                                                                                
Agent the Aspirant             St:15 Dx:8 Co:16 In:7 Wi:20 Ch:9 Chaotic S:0     
Dlvl:1 $:0 HP:13(13) Pw:7(7) AC:7 Xp:1/0                                        

",-0.01,False
44,apply,,"message:
What do you want to use or apply? [i or ?*]

language observation:
stairs down very far eastsoutheast
jackal far eastsoutheast
lava near eastnortheast and east
area of lava near eastsoutheast
fox near eastsoutheast
horizontal wall near southeast and south
horizontal wall very near north and northeast
vertical wall very near southwest and west
northwest room corner very near northwest

cursor:

(x=44, y=0)

map:
                                                                                
                                                                                
                                                                                
                                                                                
                                                                                
                                                                                
                                                                                
                        --------------                                          
                        |.....}......---                                        
                        |.@...}........--------     |                           
                        |.....}..................>..|                           
                        |.....}.d......--------     |                           
                        |.....}d.....---                                        
                        --------------                                          
                                                                                
                                                                                
                                                                                
                                                                                
                                                                                
                                                                                
                                                                                
Agent the Aspirant             St:15 Dx:8 Co:16 In:7 Wi:20 Ch:9 Chaotic S:0     
Dlvl:1 $:0 HP:13(13) Pw:7(7) AC:7 Xp:1/0                                        

",-0.01,False
45,more,,"message:
Never mind.

language observation:
stairs down very far eastsoutheast
jackal far eastsoutheast
lava near eastnortheast and east
area of lava near eastsoutheast
fox near eastsoutheast
horizontal wall near southeast and south
horizontal wall very near north and northeast
vertical wall very near southwest and west
northwest room corner very near northwest

cursor:
Yourself a priest
(x=26, y=10)

map:
                                                                                
                                                                                
                                                                                
                                                                                
                                                                                
                                                                                
                                                                                
                        --------------                                          
                        |.....}......---                                        
                        |.@...}........--------     |                           
                        |.....}..................>..|                           
                        |.....}.d......--------     |                           
                        |.....}d.....---                                        
                        --------------                                          
                                                                                
                                                                                
                                                                                
                                                                                
                                                                                
                                                                                
                                                                                
Agent the Aspirant             St:15 Dx:8 Co:16 In:7 Wi:20 Ch:9 Chaotic S:0     
Dlvl:1 $:0 HP:13(13) Pw:7(7) AC:7 Xp:1/0                                        

",-0.01,False
46,pickup,,"message:


language observation:
stairs down very far eastsoutheast
jackal far eastsoutheast
lava near eastnortheast and east
area of lava near eastsoutheast
fox near eastsoutheast
horizontal wall near southeast and south
horizontal wall very near north and northeast
vertical wall very near southwest and west
northwest room corner very near northwest

cursor:
Yourself a priest
(x=26, y=10)

map:
                                                                                
                                                                                
                                                                                
                                                                                
                                                                                
                                                                                
                                                                                
                        --------------                                          
                        |.....}......---                                        
                        |.@...}........--------     |                           
                        |.....}..................>..|                           
                        |.....}.d......--------     |                           
                        |.....}d.....---                                        
                        --------------                                          
                                                                                
                                                                                
                                                                                
                                                                                
                                                                                
                                                                                
                                                                                
Agent the Aspirant             St:15 Dx:8 Co:16 In:7 Wi:20 Ch:9 Chaotic S:0     
Dlvl:1 $:0 HP:13(13) Pw:7(7) AC:7 Xp:1/0                                        

",-0.01,False
47,apply,,"message:
What do you want to use or apply? [i or ?*]

language observation:
stairs down very far eastsoutheast
jackal far eastsoutheast
lava near eastnortheast and east
area of lava near eastsoutheast
fox near eastsoutheast
horizontal wall near southeast and south
horizontal wall very near north and northeast
vertical wall very near southwest and west
northwest room corner very near northwest

cursor:

(x=44, y=0)

map:
                                                                                
                                                                                
                                                                                
                                                                                
                                                                                
                                                                                
                                                                                
                        --------------                                          
                        |.....}......---                                        
                        |.@...}........--------     |                           
                        |.....}..................>..|                           
                        |.....}.d......--------     |                           
                        |.....}d.....---                                        
                        --------------                                          
                                                                                
                                                                                
                                                                                
                                                                                
                                                                                
                                                                                
                                                                                
Agent the Aspirant             St:15 Dx:8 Co:16 In:7 Wi:20 Ch:9 Chaotic S:0     
Dlvl:1 $:0 HP:13(13) Pw:7(7) AC:7 Xp:1/0                                        

",-0.01,False
48,more,,"message:
Never mind.

language observation:
stairs down very far eastsoutheast
jackal far eastsoutheast
lava near eastnortheast and east
area of lava near eastsoutheast
fox near eastsoutheast
horizontal wall near southeast and south
horizontal wall very near north and northeast
vertical wall very near southwest and west
northwest room corner very near northwest

cursor:
Yourself a priest
(x=26, y=10)

map:
                                                                                
                                                                                
                                                                                
                                                                                
                                                                                
                                                                                
                                                                                
                        --------------                                          
                        |.....}......---                                        
                        |.@...}........--------     |                           
                        |.....}..................>..|                           
                        |.....}.d......--------     |                           
                        |.....}d.....---                                        
                        --------------                                          
                                                                                
                                                                                
                                                                                
                                                                                
                                                                                
                                                                                
                                                                                
Agent the Aspirant             St:15 Dx:8 Co:16 In:7 Wi:20 Ch:9 Chaotic S:0     
Dlvl:1 $:0 HP:13(13) Pw:7(7) AC:7 Xp:1/0                                        

",-0.01,False
49,pickup,,"message:


language observation:
stairs down very far eastsoutheast
jackal far eastsoutheast
lava near eastnortheast and east
area of lava near eastsoutheast
fox near eastsoutheast
horizontal wall near southeast and south
horizontal wall very near north and northeast
vertical wall very near southwest and west
northwest room corner very near northwest

cursor:
Yourself a priest
(x=26, y=10)

map:
                                                                                
                                                                                
                                                                                
                                                                                
                                                                                
                                                                                
                                                                                
                        --------------                                          
                        |.....}......---                                        
                        |.@...}........--------     |                           
                        |.....}..................>..|                           
                        |.....}.d......--------     |                           
                        |.....}d.....---                                        
                        --------------                                          
                                                                                
                                                                                
                                                                                
                                                                                
                                                                                
                                                                                
                                                                                
Agent the Aspirant             St:15 Dx:8 Co:16 In:7 Wi:20 Ch:9 Chaotic S:0     
Dlvl:1 $:0 HP:13(13) Pw:7(7) AC:7 Xp:1/0                                        

",-0.01,False
50,wait,,"message:


language observation:
stairs down very far eastsoutheast
jackal far eastsoutheast
fox far eastsoutheast
lava near eastnortheast and east
area of lava near eastsoutheast
horizontal wall near southeast and south
horizontal wall very near north and northeast
vertical wall very near southwest and west
northwest room corner very near northwest

cursor:
Yourself a priest
(x=26, y=10)

map:
                                                                                
                                                                                
                                                                                
                                                                                
                                                                                
                                                                                
                                                                                
                        --------------                                          
                        |.....}......---                                        
                        |.@...}........--------     |                           
                        |.....}.d................>..|                           
                        |.....}.d......--------     |                           
                        |.....}......---                                        
                        --------------                                          
                                                                                
                                                                                
                                                                                
                                                                                
                                                                                
                                                                                
                                                                                
Agent the Aspirant             St:15 Dx:8 Co:16 In:7 Wi:20 Ch:9 Chaotic S:0     
Dlvl:1 $:0 HP:13(13) Pw:7(7) AC:7 Xp:1/0                                        

",0.0,False
51,pickup,,"message:


language observation:
stairs down very far eastsoutheast
jackal far eastsoutheast
fox far eastsoutheast
lava near eastnortheast and east
area of lava near eastsoutheast
horizontal wall near southeast and south
horizontal wall very near north and northeast
vertical wall very near southwest and west
northwest room corner very near northwest

cursor:
Yourself a priest
(x=26, y=10)

map:
                                                                                
                                                                                
                                                                                
                                                                                
                                                                                
                                                                                
                                                                                
                        --------------                                          
                        |.....}......---                                        
                        |.@...}........--------     |                           
                        |.....}.d................>..|                           
                        |.....}.d......--------     |                           
                        |.....}......---                                        
                        --------------                                          
                                                                                
                                                                                
                                                                                
                                                                                
                                                                                
                                                                                
                                                                                
Agent the Aspirant             St:15 Dx:8 Co:16 In:7 Wi:20 Ch:9 Chaotic S:0     
Dlvl:1 $:0 HP:13(13) Pw:7(7) AC:7 Xp:1/0                                        

",-0.01,False
52,more,,"message:
Unknown command '^M'.

language observation:
stairs down very far eastsoutheast
jackal far eastsoutheast
fox far eastsoutheast
lava near eastnortheast and east
area of lava near eastsoutheast
horizontal wall near southeast and south
horizontal wall very near north and northeast
vertical wall very near southwest and west
northwest room corner very near northwest

cursor:
Yourself a priest
(x=26, y=10)

map:
                                                                                
                                                                                
                                                                                
                                                                                
                                                                                
                                                                                
                                                                                
                        --------------                                          
                        |.....}......---                                        
                        |.@...}........--------     |                           
                        |.....}.d................>..|                           
                        |.....}.d......--------     |                           
                        |.....}......---                                        
                        --------------                                          
                                                                                
                                                                                
                                                                                
                                                                                
                                                                                
                                                                                
                                                                                
Agent the Aspirant             St:15 Dx:8 Co:16 In:7 Wi:20 Ch:9 Chaotic S:0     
Dlvl:1 $:0 HP:13(13) Pw:7(7) AC:7 Xp:1/0                                        

",-0.01,False
53,pickup,,"message:


language observation:
stairs down very far eastsoutheast
jackal far eastsoutheast
fox far eastsoutheast
lava near eastnortheast and east
area of lava near eastsoutheast
horizontal wall near southeast and south
horizontal wall very near north and northeast
vertical wall very near southwest and west
northwest room corner very near northwest

cursor:
Yourself a priest
(x=26, y=10)

map:
                                                                                
                                                                                
                                                                                
                                                                                
                                                                                
                                                                                
                                                                                
                        --------------                                          
                        |.....}......---                                        
                        |.@...}........--------     |                           
                        |.....}.d................>..|                           
                        |.....}.d......--------     |                           
                        |.....}......---                                        
                        --------------                                          
                                                                                
                                                                                
                                                                                
                                                                                
                                                                                
                                                                                
                                                                                
Agent the Aspirant             St:15 Dx:8 Co:16 In:7 Wi:20 Ch:9 Chaotic S:0     
Dlvl:1 $:0 HP:13(13) Pw:7(7) AC:7 Xp:1/0                                        

",-0.01,False
54,east,,"message:


language observation:
stairs down very far eastsoutheast
lava near eastnortheast, east, and southeast
area of lava near eastsoutheast
jackal near east
fox near eastsoutheast
horizontal wall near southeast and south
vertical wall near southwest and west
horizontal wall very near north, northeast, and northwest
horn adjacent west

cursor:
Yourself a priest
(x=27, y=10)

map:
                                                                                
                                                                                
                                                                                
                                                                                
                                                                                
                                                                                
                                                                                
                        --------------                                          
                        |.....}......---                                        
                        |.(@..}d.......--------     |                           
                        |.....}..................>..|                           
                        |.....}d.......--------     |                           
                        |.....}......---                                        
                        --------------                                          
                                                                                
                                                                                
                                                                                
                                                                                
                                                                                
                                                                                
                                                                                
Agent the Aspirant             St:15 Dx:8 Co:16 In:7 Wi:20 Ch:9 Chaotic S:0     
Dlvl:1 $:0 HP:13(13) Pw:7(7) AC:7 Xp:1/0                                        

",0.0,False
55,west,,"message:


language observation:
stairs down very far eastsoutheast
lava near eastnortheast and east
area of lava near eastsoutheast
jackal near eastnortheast
fox near east
horizontal wall near southeast and south
horizontal wall very near north and northeast
vertical wall very near southwest and west
northwest room corner very near northwest

cursor:
Yourself a priest
(x=26, y=10)

map:
                                                                                
                                                                                
                                                                                
                                                                                
                                                                                
                                                                                
                                                                                
                        --------------                                          
                        |.....}d.....---                                        
                        |.@...}d.......--------     |                           
                        |.....}..................>..|                           
                        |.....}........--------     |                           
                        |.....}......---                                        
                        --------------                                          
                                                                                
                                                                                
                                                                                
                                                                                
                                                                                
                                                                                
                                                                                
Agent the Aspirant             St:15 Dx:8 Co:16 In:7 Wi:20 Ch:9 Chaotic S:0     
Dlvl:1 $:0 HP:13(13) Pw:7(7) AC:7 Xp:1/0                                        

",0.0,False
56,pickup,,"message:


language observation:
stairs down very far eastsoutheast
lava near eastnortheast and east
area of lava near eastsoutheast
jackal near eastnortheast
fox near east
horizontal wall near southeast and south
horizontal wall very near north and northeast
vertical wall very near southwest and west
northwest room corner very near northwest

cursor:
Yourself a priest
(x=26, y=10)

map:
                                                                                
                                                                                
                                                                                
                                                                                
                                                                                
                                                                                
                                                                                
                        --------------                                          
                        |.....}d.....---                                        
                        |.@...}d.......--------     |                           
                        |.....}..................>..|                           
                        |.....}........--------     |                           
                        |.....}......---                                        
                        --------------                                          
                                                                                
                                                                                
                                                                                
                                                                                
                                                                                
                                                                                
                                                                                
Agent the Aspirant             St:15 Dx:8 Co:16 In:7 Wi:20 Ch:9 Chaotic S:0     
Dlvl:1 $:0 HP:13(13) Pw:7(7) AC:7 Xp:1/0                                        

",-0.01,False
57,apply,,"message:
What do you want to use or apply? [i or ?*]

language observation:
stairs down very far eastsoutheast
lava near eastnortheast and east
area of lava near eastsoutheast
jackal near eastnortheast
fox near east
horizontal wall near southeast and south
horizontal wall very near north and northeast
vertical wall very near southwest and west
northwest room corner very near northwest

cursor:

(x=44, y=0)

map:
                                                                                
                                                                                
                                                                                
                                                                                
                                                                                
                                                                                
                                                                                
                        --------------                                          
                        |.....}d.....---                                        
                        |.@...}d.......--------     |                           
                        |.....}..................>..|                           
                        |.....}........--------     |                           
                        |.....}......---                                        
                        --------------                                          
                                                                                
                                                                                
                                                                                
                                                                                
                                                                                
                                                                                
                                                                                
Agent the Aspirant             St:15 Dx:8 Co:16 In:7 Wi:20 Ch:9 Chaotic S:0     
Dlvl:1 $:0 HP:13(13) Pw:7(7) AC:7 Xp:1/0                                        

",-0.01,False
58,more,,"message:
Never mind.

language observation:
stairs down very far eastsoutheast
lava near eastnortheast and east
area of lava near eastsoutheast
jackal near eastnortheast
fox near east
horizontal wall near southeast and south
horizontal wall very near north and northeast
vertical wall very near southwest and west
northwest room corner very near northwest

cursor:
Yourself a priest
(x=26, y=10)

map:
                                                                                
                                                                                
                                                                                
                                                                                
                                                                                
                                                                                
                                                                                
                        --------------                                          
                        |.....}d.....---                                        
                        |.@...}d.......--------     |                           
                        |.....}..................>..|                           
                        |.....}........--------     |                           
                        |.....}......---                                        
                        --------------                                          
                                                                                
                                                                                
                                                                                
                                                                                
                                                                                
                                                                                
                                                                                
Agent the Aspirant             St:15 Dx:8 Co:16 In:7 Wi:20 Ch:9 Chaotic S:0     
Dlvl:1 $:0 HP:13(13) Pw:7(7) AC:7 Xp:1/0                                        

",-0.01,False
59,pickup,,"message:


language observation:
stairs down very far eastsoutheast
lava near eastnortheast and east
area of lava near eastsoutheast
jackal near eastnortheast
fox near east
horizontal wall near southeast and south
horizontal wall very near north and northeast
vertical wall very near southwest and west
northwest room corner very near northwest

cursor:
Yourself a priest
(x=26, y=10)

map:
                                                                                
                                                                                
                                                                                
                                                                                
                                                                                
                                                                                
                                                                                
                        --------------                                          
                        |.....}d.....---                                        
                        |.@...}d.......--------     |                           
                        |.....}..................>..|                           
                        |.....}........--------     |                           
                        |.....}......---                                        
                        --------------                                          
                                                                                
                                                                                
                                                                                
                                                                                
                                                                                
                                                                                
                                                                                
Agent the Aspirant             St:15 Dx:8 Co:16 In:7 Wi:20 Ch:9 Chaotic S:0     
Dlvl:1 $:0 HP:13(13) Pw:7(7) AC:7 Xp:1/0                                        

",-0.01,False
60,northeast,,"message:


language observation:
stairs down very far eastsoutheast
lava near east, southeast, and southsoutheast
area of lava near eastsoutheast
fox near east
jackal near east
horizontal wall near southeast and south
vertical wall near southwest and west
horizontal wall adjacent north, northeast, and northwest
horn adjacent southwest

cursor:
Yourself a priest
(x=27, y=9)

map:
                                                                                
                                                                                
                                                                                
                                                                                
                                                                                
                                                                                
                                                                                
                        --------------                                          
                        |..@..}dd....---                                        
                        |.(...}........--------     |                           
                        |.....}..................>..|                           
                        |.....}........--------     |                           
                        |.....}......---                                        
                        --------------                                          
                                                                                
                                                                                
                                                                                
                                                                                
                                                                                
                                                                                
                                                                                
Agent the Aspirant             St:15 Dx:8 Co:16 In:7 Wi:20 Ch:9 Chaotic S:0     
Dlvl:1 $:0 HP:13(13) Pw:7(7) AC:7 Xp:1/0                                        

",0.0,False
61,southwest,,"message:


language observation:
stairs down very far eastsoutheast
fox far eastnortheast
jackal far east
lava near eastnortheast and east
area of lava near eastsoutheast
horizontal wall near southeast and south
horizontal wall very near north and northeast
vertical wall very near southwest and west
northwest room corner very near northwest

cursor:
Yourself a priest
(x=26, y=10)

map:
                                                                                
                                                                                
                                                                                
                                                                                
                                                                                
                                                                                
                                                                                
                        --------------                                          
                        |.....}.d....---                                        
                        |.@...}.d......--------     |                           
                        |.....}..................>..|                           
                        |.....}........--------     |                           
                        |.....}......---                                        
                        --------------                                          
                                                                                
                                                                                
                                                                                
                                                                                
                                                                                
                                                                                
                                                                                
Agent the Aspirant             St:15 Dx:8 Co:16 In:7 Wi:20 Ch:9 Chaotic S:0     
Dlvl:1 $:0 HP:13(13) Pw:7(7) AC:7 Xp:1/0                                        

",0.0,False
62,pickup,,"message:


language observation:
stairs down very far eastsoutheast
fox far eastnortheast
jackal far east
lava near eastnortheast and east
area of lava near eastsoutheast
horizontal wall near southeast and south
horizontal wall very near north and northeast
vertical wall very near southwest and west
northwest room corner very near northwest

cursor:
Yourself a priest
(x=26, y=10)

map:
                                                                                
                                                                                
                                                                                
                                                                                
                                                                                
                                                                                
                                                                                
                        --------------                                          
                        |.....}.d....---                                        
                        |.@...}.d......--------     |                           
                        |.....}..................>..|                           
                        |.....}........--------     |                           
                        |.....}......---                                        
                        --------------                                          
                                                                                
                                                                                
                                                                                
                                                                                
                                                                                
                                                                                
                                                                                
Agent the Aspirant             St:15 Dx:8 Co:16 In:7 Wi:20 Ch:9 Chaotic S:0     
Dlvl:1 $:0 HP:13(13) Pw:7(7) AC:7 Xp:1/0                                        

",-0.01,False
63,south,,"message:


language observation:
stairs down very far east
fox far eastnortheast
horizontal wall near north, northeast, southeast, and south
lava near east
area of lava near eastnortheast and eastsoutheast
jackal near east
vertical wall very near southwest, west, and northwest
horn adjacent north

cursor:
Yourself a priest
(x=26, y=11)

map:
                                                                                
                                                                                
                                                                                
                                                                                
                                                                                
                                                                                
                                                                                
                        --------------                                          
                        |.....}......---                                        
                        |.(...}.d......--------     |                           
                        |.@...}d.................>..|                           
                        |.....}........--------     |                           
                        |.....}......---                                        
                        --------------                                          
                                                                                
                                                                                
                                                                                
                                                                                
                                                                                
                                                                                
                                                                                
Agent the Aspirant             St:15 Dx:8 Co:16 In:7 Wi:20 Ch:9 Chaotic S:0     
Dlvl:1 $:0 HP:13(13) Pw:7(7) AC:7 Xp:1/0                                        

",0.0,False
64,north,,"message:


language observation:
stairs down very far eastsoutheast
lava near eastnortheast and east
area of lava near eastsoutheast
jackal near east
fox near eastsoutheast
horizontal wall near southeast and south
horizontal wall very near north and northeast
vertical wall very near southwest and west
northwest room corner very near northwest

cursor:
Yourself a priest
(x=26, y=10)

map:
                                                                                
                                                                                
                                                                                
                                                                                
                                                                                
                                                                                
                                                                                
                        --------------                                          
                        |.....}......---                                        
                        |.@...}d.......--------     |                           
                        |.....}d.................>..|                           
                        |.....}........--------     |                           
                        |.....}......---                                        
                        --------------                                          
                                                                                
                                                                                
                                                                                
                                                                                
                                                                                
                                                                                
                                                                                
Agent the Aspirant             St:15 Dx:8 Co:16 In:7 Wi:20 Ch:9 Chaotic S:0     
Dlvl:1 $:0 HP:13(13) Pw:7(7) AC:7 Xp:1/0                                        

",0.0,False
65,pickup,,"message:


language observation:
stairs down very far eastsoutheast
lava near eastnortheast and east
area of lava near eastsoutheast
jackal near east
fox near eastsoutheast
horizontal wall near southeast and south
horizontal wall very near north and northeast
vertical wall very near southwest and west
northwest room corner very near northwest

cursor:
Yourself a priest
(x=26, y=10)

map:
                                                                                
                                                                                
                                                                                
                                                                                
                                                                                
                                                                                
                                                                                
                        --------------                                          
                        |.....}......---                                        
                        |.@...}d.......--------     |                           
                        |.....}d.................>..|                           
                        |.....}........--------     |                           
                        |.....}......---                                        
                        --------------                                          
                                                                                
                                                                                
                                                                                
                                                                                
                                                                                
                                                                                
                                                                                
Agent the Aspirant             St:15 Dx:8 Co:16 In:7 Wi:20 Ch:9 Chaotic S:0     
Dlvl:1 $:0 HP:13(13) Pw:7(7) AC:7 Xp:1/0                                        

",-0.01,False
66,loot,,"message:
You don't find anything here to loot.

language observation:
stairs down very far eastsoutheast
lava near eastnortheast and east
area of lava near eastsoutheast
jackal near east
fox near eastsoutheast
horizontal wall near southeast and south
horizontal wall very near north and northeast
vertical wall very near southwest and west
northwest room corner very near northwest

cursor:
Yourself a priest
(x=26, y=10)

map:
                                                                                
                                                                                
                                                                                
                                                                                
                                                                                
                                                                                
                                                                                
                        --------------                                          
                        |.....}......---                                        
                        |.@...}d.......--------     |                           
                        |.....}d.................>..|                           
                        |.....}........--------     |                           
                        |.....}......---                                        
                        --------------                                          
                                                                                
                                                                                
                                                                                
                                                                                
                                                                                
                                                                                
                                                                                
Agent the Aspirant             St:15 Dx:8 Co:16 In:7 Wi:20 Ch:9 Chaotic S:0     
Dlvl:1 $:0 HP:13(13) Pw:7(7) AC:7 Xp:1/0                                        

",-0.01,False
67,pickup,,"message:


language observation:
stairs down very far eastsoutheast
lava near eastnortheast and east
area of lava near eastsoutheast
jackal near east
fox near eastsoutheast
horizontal wall near southeast and south
horizontal wall very near north and northeast
vertical wall very near southwest and west
northwest room corner very near northwest

cursor:
Yourself a priest
(x=26, y=10)

map:
                                                                                
                                                                                
                                                                                
                                                                                
                                                                                
                                                                                
                                                                                
                        --------------                                          
                        |.....}......---                                        
                        |.@...}d.......--------     |                           
                        |.....}d.................>..|                           
                        |.....}........--------     |                           
                        |.....}......---                                        
                        --------------                                          
                                                                                
                                                                                
                                                                                
                                                                                
                                                                                
                                                                                
                                                                                
Agent the Aspirant             St:15 Dx:8 Co:16 In:7 Wi:20 Ch:9 Chaotic S:0     
Dlvl:1 $:0 HP:13(13) Pw:7(7) AC:7 Xp:1/0                                        

",-0.01,False
68,apply,,"message:
What do you want to use or apply? [i or ?*]

language observation:
stairs down very far eastsoutheast
lava near eastnortheast and east
area of lava near eastsoutheast
jackal near east
fox near eastsoutheast
horizontal wall near southeast and south
horizontal wall very near north and northeast
vertical wall very near southwest and west
northwest room corner very near northwest

cursor:

(x=44, y=0)

map:
                                                                                
                                                                                
                                                                                
                                                                                
                                                                                
                                                                                
                                                                                
                        --------------                                          
                        |.....}......---                                        
                        |.@...}d.......--------     |                           
                        |.....}d.................>..|                           
                        |.....}........--------     |                           
                        |.....}......---                                        
                        --------------                                          
                                                                                
                                                                                
                                                                                
                                                                                
                                                                                
                                                                                
                                                                                
Agent the Aspirant             St:15 Dx:8 Co:16 In:7 Wi:20 Ch:9 Chaotic S:0     
Dlvl:1 $:0 HP:13(13) Pw:7(7) AC:7 Xp:1/0                                        

",-0.01,False
69,more,,"message:
Never mind.

language observation:
stairs down very far eastsoutheast
lava near eastnortheast and east
area of lava near eastsoutheast
jackal near east
fox near eastsoutheast
horizontal wall near southeast and south
horizontal wall very near north and northeast
vertical wall very near southwest and west
northwest room corner very near northwest

cursor:
Yourself a priest
(x=26, y=10)

map:
                                                                                
                                                                                
                                                                                
                                                                                
                                                                                
                                                                                
                                                                                
                        --------------                                          
                        |.....}......---                                        
                        |.@...}d.......--------     |                           
                        |.....}d.................>..|                           
                        |.....}........--------     |                           
                        |.....}......---                                        
                        --------------                                          
                                                                                
                                                                                
                                                                                
                                                                                
                                                                                
                                                                                
                                                                                
Agent the Aspirant             St:15 Dx:8 Co:16 In:7 Wi:20 Ch:9 Chaotic S:0     
Dlvl:1 $:0 HP:13(13) Pw:7(7) AC:7 Xp:1/0                                        

",-0.01,False
70,pickup,,"message:


language observation:
stairs down very far eastsoutheast
lava near eastnortheast and east
area of lava near eastsoutheast
jackal near east
fox near eastsoutheast
horizontal wall near southeast and south
horizontal wall very near north and northeast
vertical wall very near southwest and west
northwest room corner very near northwest

cursor:
Yourself a priest
(x=26, y=10)

map:
                                                                                
                                                                                
                                                                                
                                                                                
                                                                                
                                                                                
                                                                                
                        --------------                                          
                        |.....}......---                                        
                        |.@...}d.......--------     |                           
                        |.....}d.................>..|                           
                        |.....}........--------     |                           
                        |.....}......---                                        
                        --------------                                          
                                                                                
                                                                                
                                                                                
                                                                                
                                                                                
                                                                                
                                                                                
Agent the Aspirant             St:15 Dx:8 Co:16 In:7 Wi:20 Ch:9 Chaotic S:0     
Dlvl:1 $:0 HP:13(13) Pw:7(7) AC:7 Xp:1/0                                        

",-0.01,False
71,northwest,,"message:


language observation:
stairs down very far eastsoutheast
jackal far east
fox far eastsoutheast
lava near east
area of lava near eastsoutheast
horizontal wall near southeast and south
horizontal wall adjacent north and northeast
horn adjacent southeast
vertical wall adjacent southwest and west
northwest room corner adjacent northwest

cursor:
Yourself a priest
(x=25, y=9)

map:
                                                                                
                                                                                
                                                                                
                                                                                
                                                                                
                                                                                
                                                                                
                        --------------                                          
                        |@....}d.....---                                        
                        |.(...}d.......--------     |                           
                        |.....}..................>..|                           
                        |.....}........--------     |                           
                        |.....}......---                                        
                        --------------                                          
                                                                                
                                                                                
                                                                                
                                                                                
                                                                                
                                                                                
                                                                                
Agent the Aspirant             St:15 Dx:8 Co:16 In:7 Wi:20 Ch:9 Chaotic S:0     
Dlvl:1 $:0 HP:13(13) Pw:7(7) AC:7 Xp:1/0                                        

",0.0,False
72,southeast,,"message:


language observation:
stairs down very far eastsoutheast
jackal far east
lava near eastnortheast and east
area of lava near eastsoutheast
fox near eastnortheast
horizontal wall near southeast and south
horizontal wall very near north and northeast
vertical wall very near southwest and west
northwest room corner very near northwest

cursor:
Yourself a priest
(x=26, y=10)

map:
                                                                                
                                                                                
                                                                                
                                                                                
                                                                                
                                                                                
                                                                                
                        --------------                                          
                        |.....}d.....---                                        
                        |.@...}.d......--------     |                           
                        |.....}..................>..|                           
                        |.....}........--------     |                           
                        |.....}......---                                        
                        --------------                                          
                                                                                
                                                                                
                                                                                
                                                                                
                                                                                
                                                                                
                                                                                
Agent the Aspirant             St:15 Dx:8 Co:16 In:7 Wi:20 Ch:9 Chaotic S:0     
Dlvl:1 $:0 HP:13(13) Pw:7(7) AC:7 Xp:1/0                                        

",0.0,False
73,pickup,,"message:


language observation:
stairs down very far eastsoutheast
jackal far east
lava near eastnortheast and east
area of lava near eastsoutheast
fox near eastnortheast
horizontal wall near southeast and south
horizontal wall very near north and northeast
vertical wall very near southwest and west
northwest room corner very near northwest

cursor:
Yourself a priest
(x=26, y=10)

map:
                                                                                
                                                                                
                                                                                
                                                                                
                                                                                
                                                                                
                                                                                
                        --------------                                          
                        |.....}d.....---                                        
                        |.@...}.d......--------     |                           
                        |.....}..................>..|                           
                        |.....}........--------     |                           
                        |.....}......---                                        
                        --------------                                          
                                                                                
                                                                                
                                                                                
                                                                                
                                                                                
                                                                                
                                                                                
Agent the Aspirant             St:15 Dx:8 Co:16 In:7 Wi:20 Ch:9 Chaotic S:0     
Dlvl:1 $:0 HP:13(13) Pw:7(7) AC:7 Xp:1/0                                        

",-0.01,False
74,east,,"message:


language observation:
stairs down very far eastsoutheast
lava near eastnortheast, east, and southeast
area of lava near eastsoutheast
jackal near eastnortheast
fox near east
horizontal wall near southeast and south
vertical wall near southwest and west
horizontal wall very near north, northeast, and northwest
horn adjacent west

cursor:
Yourself a priest
(x=27, y=10)

map:
                                                                                
                                                                                
                                                                                
                                                                                
                                                                                
                                                                                
                                                                                
                        --------------                                          
                        |.....}.d....---                                        
                        |.(@..}d.......--------     |                           
                        |.....}..................>..|                           
                        |.....}........--------     |                           
                        |.....}......---                                        
                        --------------                                          
                                                                                
                                                                                
                                                                                
                                                                                
                                                                                
                                                                                
                                                                                
Agent the Aspirant             St:15 Dx:8 Co:16 In:7 Wi:20 Ch:9 Chaotic S:0     
Dlvl:1 $:0 HP:13(13) Pw:7(7) AC:7 Xp:1/0                                        

",0.0,False
75,west,,"message:


language observation:
stairs down very far eastsoutheast
fox far eastnortheast
jackal far east
lava near eastnortheast and east
area of lava near eastsoutheast
horizontal wall near southeast and south
horizontal wall very near north and northeast
vertical wall very near southwest and west
northwest room corner very near northwest

cursor:
Yourself a priest
(x=26, y=10)

map:
                                                                                
                                                                                
                                                                                
                                                                                
                                                                                
                                                                                
                                                                                
                        --------------                                          
                        |.....}.d....---                                        
                        |.@...}..d.....--------     |                           
                        |.....}..................>..|                           
                        |.....}........--------     |                           
                        |.....}......---                                        
                        --------------                                          
                                                                                
                                                                                
                                                                                
                                                                                
                                                                                
                                                                                
                                                                                
Agent the Aspirant             St:15 Dx:8 Co:16 In:7 Wi:20 Ch:9 Chaotic S:0     
Dlvl:1 $:0 HP:13(13) Pw:7(7) AC:7 Xp:1/0                                        

",0.0,False
76,pickup,,"message:


language observation:
stairs down very far eastsoutheast
fox far eastnortheast
jackal far east
lava near eastnortheast and east
area of lava near eastsoutheast
horizontal wall near southeast and south
horizontal wall very near north and northeast
vertical wall very near southwest and west
northwest room corner very near northwest

cursor:
Yourself a priest
(x=26, y=10)

map:
                                                                                
                                                                                
                                                                                
                                                                                
                                                                                
                                                                                
                                                                                
                        --------------                                          
                        |.....}.d....---                                        
                        |.@...}..d.....--------     |                           
                        |.....}..................>..|                           
                        |.....}........--------     |                           
                        |.....}......---                                        
                        --------------                                          
                                                                                
                                                                                
                                                                                
                                                                                
                                                                                
                                                                                
                                                                                
Agent the Aspirant             St:15 Dx:8 Co:16 In:7 Wi:20 Ch:9 Chaotic S:0     
Dlvl:1 $:0 HP:13(13) Pw:7(7) AC:7 Xp:1/0                                        

",-0.01,False
77,apply,,"message:
What do you want to use or apply? [i or ?*]

language observation:
stairs down very far eastsoutheast
fox far eastnortheast
jackal far east
lava near eastnortheast and east
area of lava near eastsoutheast
horizontal wall near southeast and south
horizontal wall very near north and northeast
vertical wall very near southwest and west
northwest room corner very near northwest

cursor:

(x=44, y=0)

map:
                                                                                
                                                                                
                                                                                
                                                                                
                                                                                
                                                                                
                                                                                
                        --------------                                          
                        |.....}.d....---                                        
                        |.@...}..d.....--------     |                           
                        |.....}..................>..|                           
                        |.....}........--------     |                           
                        |.....}......---                                        
                        --------------                                          
                                                                                
                                                                                
                                                                                
                                                                                
                                                                                
                                                                                
                                                                                
Agent the Aspirant             St:15 Dx:8 Co:16 In:7 Wi:20 Ch:9 Chaotic S:0     
Dlvl:1 $:0 HP:13(13) Pw:7(7) AC:7 Xp:1/0                                        

",-0.01,False
78,more,,"message:
Never mind.

language observation:
stairs down very far eastsoutheast
fox far eastnortheast
jackal far east
lava near eastnortheast and east
area of lava near eastsoutheast
horizontal wall near southeast and south
horizontal wall very near north and northeast
vertical wall very near southwest and west
northwest room corner very near northwest

cursor:
Yourself a priest
(x=26, y=10)

map:
                                                                                
                                                                                
                                                                                
                                                                                
                                                                                
                                                                                
                                                                                
                        --------------                                          
                        |.....}.d....---                                        
                        |.@...}..d.....--------     |                           
                        |.....}..................>..|                           
                        |.....}........--------     |                           
                        |.....}......---                                        
                        --------------                                          
                                                                                
                                                                                
                                                                                
                                                                                
                                                                                
                                                                                
                                                                                
Agent the Aspirant             St:15 Dx:8 Co:16 In:7 Wi:20 Ch:9 Chaotic S:0     
Dlvl:1 $:0 HP:13(13) Pw:7(7) AC:7 Xp:1/0                                        

",-0.01,False
79,pickup,,"message:


language observation:
stairs down very far eastsoutheast
fox far eastnortheast
jackal far east
lava near eastnortheast and east
area of lava near eastsoutheast
horizontal wall near southeast and south
horizontal wall very near north and northeast
vertical wall very near southwest and west
northwest room corner very near northwest

cursor:
Yourself a priest
(x=26, y=10)

map:
                                                                                
                                                                                
                                                                                
                                                                                
                                                                                
                                                                                
                                                                                
                        --------------                                          
                        |.....}.d....---                                        
                        |.@...}..d.....--------     |                           
                        |.....}..................>..|                           
                        |.....}........--------     |                           
                        |.....}......---                                        
                        --------------                                          
                                                                                
                                                                                
                                                                                
                                                                                
                                                                                
                                                                                
                                                                                
Agent the Aspirant             St:15 Dx:8 Co:16 In:7 Wi:20 Ch:9 Chaotic S:0     
Dlvl:1 $:0 HP:13(13) Pw:7(7) AC:7 Xp:1/0                                        

",-0.01,False
80,east,,"message:


language observation:
stairs down very far eastsoutheast
lava near eastnortheast, east, and southeast
area of lava near eastsoutheast
fox near east
jackal near eastsoutheast
horizontal wall near southeast and south
vertical wall near southwest and west
horizontal wall very near north, northeast, and northwest
horn adjacent west

cursor:
Yourself a priest
(x=27, y=10)

map:
                                                                                
                                                                                
                                                                                
                                                                                
                                                                                
                                                                                
                                                                                
                        --------------                                          
                        |.....}......---                                        
                        |.(@..}.d......--------     |                           
                        |.....}.d................>..|                           
                        |.....}........--------     |                           
                        |.....}......---                                        
                        --------------                                          
                                                                                
                                                                                
                                                                                
                                                                                
                                                                                
                                                                                
                                                                                
Agent the Aspirant             St:15 Dx:8 Co:16 In:7 Wi:20 Ch:9 Chaotic S:0     
Dlvl:1 $:0 HP:13(13) Pw:7(7) AC:7 Xp:1/0                                        

",0.0,False
81,west,,"message:


language observation:
stairs down very far eastsoutheast
lava near eastnortheast and east
area of lava near eastsoutheast
jackal near east
fox near eastsoutheast
horizontal wall near southeast and south
horizontal wall very near north and northeast
vertical wall very near southwest and west
northwest room corner very near northwest

cursor:
Yourself a priest
(x=26, y=10)

map:
                                                                                
                                                                                
                                                                                
                                                                                
                                                                                
                                                                                
                                                                                
                        --------------                                          
                        |.....}......---                                        
                        |.@...}d.......--------     |                           
                        |.....}d.................>..|                           
                        |.....}........--------     |                           
                        |.....}......---                                        
                        --------------                                          
                                                                                
                                                                                
                                                                                
                                                                                
                                                                                
                                                                                
                                                                                
Agent the Aspirant             St:15 Dx:8 Co:16 In:7 Wi:20 Ch:9 Chaotic S:0     
Dlvl:1 $:0 HP:13(13) Pw:7(7) AC:7 Xp:1/0                                        

",0.0,False
82,pickup,,"message:


language observation:
stairs down very far eastsoutheast
lava near eastnortheast and east
area of lava near eastsoutheast
jackal near east
fox near eastsoutheast
horizontal wall near southeast and south
horizontal wall very near north and northeast
vertical wall very near southwest and west
northwest room corner very near northwest

cursor:
Yourself a priest
(x=26, y=10)

map:
                                                                                
                                                                                
                                                                                
                                                                                
                                                                                
                                                                                
                                                                                
                        --------------                                          
                        |.....}......---                                        
                        |.@...}d.......--------     |                           
                        |.....}d.................>..|                           
                        |.....}........--------     |                           
                        |.....}......---                                        
                        --------------                                          
                                                                                
                                                                                
                                                                                
                                                                                
                                                                                
                                                                                
                                                                                
Agent the Aspirant             St:15 Dx:8 Co:16 In:7 Wi:20 Ch:9 Chaotic S:0     
Dlvl:1 $:0 HP:13(13) Pw:7(7) AC:7 Xp:1/0                                        

",-0.01,False
83,more,,"message:
Unknown command '^M'.

language observation:
stairs down very far eastsoutheast
lava near eastnortheast and east
area of lava near eastsoutheast
jackal near east
fox near eastsoutheast
horizontal wall near southeast and south
horizontal wall very near north and northeast
vertical wall very near southwest and west
northwest room corner very near northwest

cursor:
Yourself a priest
(x=26, y=10)

map:
                                                                                
                                                                                
                                                                                
                                                                                
                                                                                
                                                                                
                                                                                
                        --------------                                          
                        |.....}......---                                        
                        |.@...}d.......--------     |                           
                        |.....}d.................>..|                           
                        |.....}........--------     |                           
                        |.....}......---                                        
                        --------------                                          
                                                                                
                                                                                
                                                                                
                                                                                
                                                                                
                                                                                
                                                                                
Agent the Aspirant             St:15 Dx:8 Co:16 In:7 Wi:20 Ch:9 Chaotic S:0     
Dlvl:1 $:0 HP:13(13) Pw:7(7) AC:7 Xp:1/0                                        

",-0.01,False
84,pickup,,"message:


language observation:
stairs down very far eastsoutheast
lava near eastnortheast and east
area of lava near eastsoutheast
jackal near east
fox near eastsoutheast
horizontal wall near southeast and south
horizontal wall very near north and northeast
vertical wall very near southwest and west
northwest room corner very near northwest

cursor:
Yourself a priest
(x=26, y=10)

map:
                                                                                
                                                                                
                                                                                
                                                                                
                                                                                
                                                                                
                                                                                
                        --------------                                          
                        |.....}......---                                        
                        |.@...}d.......--------     |                           
                        |.....}d.................>..|                           
                        |.....}........--------     |                           
                        |.....}......---                                        
                        --------------                                          
                                                                                
                                                                                
                                                                                
                                                                                
                                                                                
                                                                                
                                                                                
Agent the Aspirant             St:15 Dx:8 Co:16 In:7 Wi:20 Ch:9 Chaotic S:0     
Dlvl:1 $:0 HP:13(13) Pw:7(7) AC:7 Xp:1/0                                        

",-0.01,False
85,apply,,"message:
What do you want to use or apply? [i or ?*]

language observation:
stairs down very far eastsoutheast
lava near eastnortheast and east
area of lava near eastsoutheast
jackal near east
fox near eastsoutheast
horizontal wall near southeast and south
horizontal wall very near north and northeast
vertical wall very near southwest and west
northwest room corner very near northwest

cursor:

(x=44, y=0)

map:
                                                                                
                                                                                
                                                                                
                                                                                
                                                                                
                                                                                
                                                                                
                        --------------                                          
                        |.....}......---                                        
                        |.@...}d.......--------     |                           
                        |.....}d.................>..|                           
                        |.....}........--------     |                           
                        |.....}......---                                        
                        --------------                                          
                                                                                
                                                                                
                                                                                
                                                                                
                                                                                
                                                                                
                                                                                
Agent the Aspirant             St:15 Dx:8 Co:16 In:7 Wi:20 Ch:9 Chaotic S:0     
Dlvl:1 $:0 HP:13(13) Pw:7(7) AC:7 Xp:1/0                                        

",-0.01,False
86,more,,"message:
Never mind.

language observation:
stairs down very far eastsoutheast
lava near eastnortheast and east
area of lava near eastsoutheast
jackal near east
fox near eastsoutheast
horizontal wall near southeast and south
horizontal wall very near north and northeast
vertical wall very near southwest and west
northwest room corner very near northwest

cursor:
Yourself a priest
(x=26, y=10)

map:
                                                                                
                                                                                
                                                                                
                                                                                
                                                                                
                                                                                
                                                                                
                        --------------                                          
                        |.....}......---                                        
                        |.@...}d.......--------     |                           
                        |.....}d.................>..|                           
                        |.....}........--------     |                           
                        |.....}......---                                        
                        --------------                                          
                                                                                
                                                                                
                                                                                
                                                                                
                                                                                
                                                                                
                                                                                
Agent the Aspirant             St:15 Dx:8 Co:16 In:7 Wi:20 Ch:9 Chaotic S:0     
Dlvl:1 $:0 HP:13(13) Pw:7(7) AC:7 Xp:1/0                                        

",-0.01,False
87,east,,"message:


language observation:
stairs down very far eastsoutheast
lava near eastnortheast, east, and southeast
area of lava near eastsoutheast
jackal near eastnortheast
fox near eastsoutheast
horizontal wall near southeast and south
vertical wall near southwest and west
horizontal wall very near north, northeast, and northwest
horn adjacent west

cursor:
Yourself a priest
(x=27, y=10)

map:
                                                                                
                                                                                
                                                                                
                                                                                
                                                                                
                                                                                
                                                                                
                        --------------                                          
                        |.....}d.....---                                        
                        |.(@..}........--------     |                           
                        |.....}..................>..|                           
                        |.....}d.......--------     |                           
                        |.....}......---                                        
                        --------------                                          
                                                                                
                                                                                
                                                                                
                                                                                
                                                                                
                                                                                
                                                                                
Agent the Aspirant             St:15 Dx:8 Co:16 In:7 Wi:20 Ch:9 Chaotic S:0     
Dlvl:1 $:0 HP:13(13) Pw:7(7) AC:7 Xp:1/0                                        

",0.0,False
88,west,,"message:


language observation:
stairs down very far eastsoutheast
jackal far east
lava near eastnortheast and east
area of lava near eastsoutheast
fox near eastsoutheast
horizontal wall near southeast and south
horizontal wall very near north and northeast
vertical wall very near southwest and west
northwest room corner very near northwest

cursor:
Yourself a priest
(x=26, y=10)

map:
                                                                                
                                                                                
                                                                                
                                                                                
                                                                                
                                                                                
                                                                                
                        --------------                                          
                        |.....}......---                                        
                        |.@...}.d......--------     |                           
                        |.....}..................>..|                           
                        |.....}........--------     |                           
                        |.....}d.....---                                        
                        --------------                                          
                                                                                
                                                                                
                                                                                
                                                                                
                                                                                
                                                                                
                                                                                
Agent the Aspirant             St:15 Dx:8 Co:16 In:7 Wi:20 Ch:9 Chaotic S:0     
Dlvl:1 $:0 HP:13(13) Pw:7(7) AC:7 Xp:1/0                                        

",0.0,False
89,pickup,,"message:


language observation:
stairs down very far eastsoutheast
jackal far east
lava near eastnortheast and east
area of lava near eastsoutheast
fox near eastsoutheast
horizontal wall near southeast and south
horizontal wall very near north and northeast
vertical wall very near southwest and west
northwest room corner very near northwest

cursor:
Yourself a priest
(x=26, y=10)

map:
                                                                                
                                                                                
                                                                                
                                                                                
                                                                                
                                                                                
                                                                                
                        --------------                                          
                        |.....}......---                                        
                        |.@...}.d......--------     |                           
                        |.....}..................>..|                           
                        |.....}........--------     |                           
                        |.....}d.....---                                        
                        --------------                                          
                                                                                
                                                                                
                                                                                
                                                                                
                                                                                
                                                                                
                                                                                
Agent the Aspirant             St:15 Dx:8 Co:16 In:7 Wi:20 Ch:9 Chaotic S:0     
Dlvl:1 $:0 HP:13(13) Pw:7(7) AC:7 Xp:1/0                                        

",-0.01,False
90,south,,"message:


language observation:
stairs down very far east
fox far eastsoutheast
horizontal wall near north, northeast, southeast, and south
lava near east
area of lava near eastnortheast and eastsoutheast
jackal near east
vertical wall very near southwest, west, and northwest
horn adjacent north

cursor:
Yourself a priest
(x=26, y=11)

map:
                                                                                
                                                                                
                                                                                
                                                                                
                                                                                
                                                                                
                                                                                
                        --------------                                          
                        |.....}......---                                        
                        |.(...}........--------     |                           
                        |.@...}d.................>..|                           
                        |.....}.d......--------     |                           
                        |.....}......---                                        
                        --------------                                          
                                                                                
                                                                                
                                                                                
                                                                                
                                                                                
                                                                                
                                                                                
Agent the Aspirant             St:15 Dx:8 Co:16 In:7 Wi:20 Ch:9 Chaotic S:0     
Dlvl:1 $:0 HP:13(13) Pw:7(7) AC:7 Xp:1/0                                        

",0.0,False
91,north,,"message:


language observation:
stairs down very far eastsoutheast
fox far eastsoutheast
lava near eastnortheast and east
area of lava near eastsoutheast
jackal near eastsoutheast
horizontal wall near southeast and south
horizontal wall very near north and northeast
vertical wall very near southwest and west
northwest room corner very near northwest

cursor:
Yourself a priest
(x=26, y=10)

map:
                                                                                
                                                                                
                                                                                
                                                                                
                                                                                
                                                                                
                                                                                
                        --------------                                          
                        |.....}......---                                        
                        |.@...}........--------     |                           
                        |.....}.d................>..|                           
                        |.....}d.......--------     |                           
                        |.....}......---                                        
                        --------------                                          
                                                                                
                                                                                
                                                                                
                                                                                
                                                                                
                                                                                
                                                                                
Agent the Aspirant             St:15 Dx:8 Co:16 In:7 Wi:20 Ch:9 Chaotic S:0     
Dlvl:1 $:0 HP:13(13) Pw:7(7) AC:7 Xp:1/0                                        

",0.0,False
92,pickup,,"message:


language observation:
stairs down very far eastsoutheast
fox far eastsoutheast
lava near eastnortheast and east
area of lava near eastsoutheast
jackal near eastsoutheast
horizontal wall near southeast and south
horizontal wall very near north and northeast
vertical wall very near southwest and west
northwest room corner very near northwest

cursor:
Yourself a priest
(x=26, y=10)

map:
                                                                                
                                                                                
                                                                                
                                                                                
                                                                                
                                                                                
                                                                                
                        --------------                                          
                        |.....}......---                                        
                        |.@...}........--------     |                           
                        |.....}.d................>..|                           
                        |.....}d.......--------     |                           
                        |.....}......---                                        
                        --------------                                          
                                                                                
                                                                                
                                                                                
                                                                                
                                                                                
                                                                                
                                                                                
Agent the Aspirant             St:15 Dx:8 Co:16 In:7 Wi:20 Ch:9 Chaotic S:0     
Dlvl:1 $:0 HP:13(13) Pw:7(7) AC:7 Xp:1/0                                        

",-0.01,False
93,east,,"message:


language observation:
stairs down very far eastsoutheast
lava near eastnortheast, east, and southeast
area of lava near eastsoutheast
fox near east
jackal near eastsoutheast
horizontal wall near southeast and south
vertical wall near southwest and west
horizontal wall very near north, northeast, and northwest
horn adjacent west

cursor:
Yourself a priest
(x=27, y=10)

map:
                                                                                
                                                                                
                                                                                
                                                                                
                                                                                
                                                                                
                                                                                
                        --------------                                          
                        |.....}......---                                        
                        |.(@..}d.......--------     |                           
                        |.....}..................>..|                           
                        |.....}........--------     |                           
                        |.....}d.....---                                        
                        --------------                                          
                                                                                
                                                                                
                                                                                
                                                                                
                                                                                
                                                                                
                                                                                
Agent the Aspirant             St:15 Dx:8 Co:16 In:7 Wi:20 Ch:9 Chaotic S:0     
Dlvl:1 $:0 HP:13(13) Pw:7(7) AC:7 Xp:1/0                                        

",0.0,False
94,west,,"message:


language observation:
stairs down very far eastsoutheast
jackal far eastsoutheast
lava near eastnortheast and east
area of lava near eastsoutheast
fox near eastnortheast
horizontal wall near southeast and south
horizontal wall very near north and northeast
vertical wall very near southwest and west
northwest room corner very near northwest

cursor:
Yourself a priest
(x=26, y=10)

map:
                                                                                
                                                                                
                                                                                
                                                                                
                                                                                
                                                                                
                                                                                
                        --------------                                          
                        |.....}d.....---                                        
                        |.@...}........--------     |                           
                        |.....}..................>..|                           
                        |.....}.d......--------     |                           
                        |.....}......---                                        
                        --------------                                          
                                                                                
                                                                                
                                                                                
                                                                                
                                                                                
                                                                                
                                                                                
Agent the Aspirant             St:15 Dx:8 Co:16 In:7 Wi:20 Ch:9 Chaotic S:0     
Dlvl:1 $:0 HP:13(13) Pw:7(7) AC:7 Xp:1/0                                        

",0.0,False
95,pickup,,"message:


language observation:
stairs down very far eastsoutheast
jackal far eastsoutheast
lava near eastnortheast and east
area of lava near eastsoutheast
fox near eastnortheast
horizontal wall near southeast and south
horizontal wall very near north and northeast
vertical wall very near southwest and west
northwest room corner very near northwest

cursor:
Yourself a priest
(x=26, y=10)

map:
                                                                                
                                                                                
                                                                                
                                                                                
                                                                                
                                                                                
                                                                                
                        --------------                                          
                        |.....}d.....---                                        
                        |.@...}........--------     |                           
                        |.....}..................>..|                           
                        |.....}.d......--------     |                           
                        |.....}......---                                        
                        --------------                                          
                                                                                
                                                                                
                                                                                
                                                                                
                                                                                
                                                                                
                                                                                
Agent the Aspirant             St:15 Dx:8 Co:16 In:7 Wi:20 Ch:9 Chaotic S:0     
Dlvl:1 $:0 HP:13(13) Pw:7(7) AC:7 Xp:1/0                                        

",-0.01,False
96,apply,,"message:
What do you want to use or apply? [i or ?*]

language observation:
stairs down very far eastsoutheast
jackal far eastsoutheast
lava near eastnortheast and east
area of lava near eastsoutheast
fox near eastnortheast
horizontal wall near southeast and south
horizontal wall very near north and northeast
vertical wall very near southwest and west
northwest room corner very near northwest

cursor:

(x=44, y=0)

map:
                                                                                
                                                                                
                                                                                
                                                                                
                                                                                
                                                                                
                                                                                
                        --------------                                          
                        |.....}d.....---                                        
                        |.@...}........--------     |                           
                        |.....}..................>..|                           
                        |.....}.d......--------     |                           
                        |.....}......---                                        
                        --------------                                          
                                                                                
                                                                                
                                                                                
                                                                                
                                                                                
                                                                                
                                                                                
Agent the Aspirant             St:15 Dx:8 Co:16 In:7 Wi:20 Ch:9 Chaotic S:0     
Dlvl:1 $:0 HP:13(13) Pw:7(7) AC:7 Xp:1/0                                        

",-0.01,False
97,more,,"message:
Never mind.

language observation:
stairs down very far eastsoutheast
jackal far eastsoutheast
lava near eastnortheast and east
area of lava near eastsoutheast
fox near eastnortheast
horizontal wall near southeast and south
horizontal wall very near north and northeast
vertical wall very near southwest and west
northwest room corner very near northwest

cursor:
Yourself a priest
(x=26, y=10)

map:
                                                                                
                                                                                
                                                                                
                                                                                
                                                                                
                                                                                
                                                                                
                        --------------                                          
                        |.....}d.....---                                        
                        |.@...}........--------     |                           
                        |.....}..................>..|                           
                        |.....}.d......--------     |                           
                        |.....}......---                                        
                        --------------                                          
                                                                                
                                                                                
                                                                                
                                                                                
                                                                                
                                                                                
                                                                                
Agent the Aspirant             St:15 Dx:8 Co:16 In:7 Wi:20 Ch:9 Chaotic S:0     
Dlvl:1 $:0 HP:13(13) Pw:7(7) AC:7 Xp:1/0                                        

",-0.01,False
98,pickup,,"message:


language observation:
stairs down very far eastsoutheast
jackal far eastsoutheast
lava near eastnortheast and east
area of lava near eastsoutheast
fox near eastnortheast
horizontal wall near southeast and south
horizontal wall very near north and northeast
vertical wall very near southwest and west
northwest room corner very near northwest

cursor:
Yourself a priest
(x=26, y=10)

map:
                                                                                
                                                                                
                                                                                
                                                                                
                                                                                
                                                                                
                                                                                
                        --------------                                          
                        |.....}d.....---                                        
                        |.@...}........--------     |                           
                        |.....}..................>..|                           
                        |.....}.d......--------     |                           
                        |.....}......---                                        
                        --------------                                          
                                                                                
                                                                                
                                                                                
                                                                                
                                                                                
                                                                                
                                                                                
Agent the Aspirant             St:15 Dx:8 Co:16 In:7 Wi:20 Ch:9 Chaotic S:0     
Dlvl:1 $:0 HP:13(13) Pw:7(7) AC:7 Xp:1/0                                        

",-0.01,False
99,loot,,"message:
 
No  Points     Name                                                   Hp [max]
0  Agent-Pri-Elf-Mal-Cha quit in The Dungeons of Doom on
level 1.                                               13  [13]


language observation:
dark area adjacent east, southeast, and south

cursor:
very far eastsoutheast 
(x=77, y=6)

map:
 No  Points     Name                                                   Hp [max] 
                                                                                
            0  Agent-Pri-Elf-Mal-Cha quit in The Dungeons of Doom on            
                                                                                
              level 1.                                               13  [13]   
                                                                                
                                                                                
                                                                                
                                                                                
                                                                                
                                                                                
                                                                                
                                                                                
                                                                                
                                                                                
                                                                                
                                                                                
                                                                                
                                                                                
                                                                                
                                                                                
                                                                                
                                                                                

",-0.01,True
