{
    "progression_percentage": 0.30784538150722346,
    "standard_error": 0.2753452798438033,
    "average_steps": 886.6,
    "episodes_played": 5,
    "tasks": {
        "NetHackChallenge-v0": {
            "progression_percentage": 0.30784538150722346,
            "standard_error": 0.2753452798438033,
            "episodes_played": 5
        }
    },
    "input_tokens": 26452449,
    "output_tokens": 11398
}