{
    "progression_percentage": 32.72727272727273,
    "standard_error": 3.2012394293925466,
    "average_steps": 171.2,
    "episodes_played": 10,
    "tasks": {
        "default": {
            "progression_percentage": 32.72727272727273,
            "standard_error": 3.2012394293925466,
            "episodes_played": 10
        }
    },
    "input_tokens": 3102483,
    "output_tokens": 15227
}