{
    "progression_percentage": 0.6156907630144469,
    "standard_error": 0.33722771935058,
    "average_steps": 938.0,
    "episodes_played": 5,
    "tasks": {
        "NetHackChallenge-v0": {
            "progression_percentage": 0.6156907630144469,
            "standard_error": 0.33722771935058,
            "episodes_played": 5
        }
    },
    "input_tokens": 23217144,
    "output_tokens": 4029841
}