{
    "progression_percentage": 0.5821797203427749,
    "standard_error": 0.5207173719233047,
    "average_steps": 1319.8,
    "episodes_played": 5,
    "tasks": {
        "NetHackChallenge-v0": {
            "progression_percentage": 0.5821797203427749,
            "standard_error": 0.5207173719233047,
            "episodes_played": 5
        }
    },
    "input_tokens": 52288272,
    "output_tokens": 52661
}