{
    "progression_percentage": 62.941176470588225,
    "standard_error": 7.868341854361763,
    "average_steps": 60.333333333333336,
    "episodes_played": 30,
    "tasks": {
        "coin_collector": {
            "progression_percentage": 80.0,
            "standard_error": 12.649110640673516,
            "episodes_played": 10
        },
        "the_cooking_game": {
            "progression_percentage": 28.82352941176471,
            "standard_error": 7.911710036985845,
            "episodes_played": 10
        },
        "treasure_hunter": {
            "progression_percentage": 80.0,
            "standard_error": 12.64911064067352,
            "episodes_played": 10
        }
    },
    "input_tokens": 2521631,
    "output_tokens": 5163
}