{
    "progression_percentage": 28.636363636363633,
    "standard_error": 4.0681183336844455,
    "average_steps": 231.4,
    "episodes_played": 10,
    "tasks": {
        "default": {
            "progression_percentage": 28.636363636363633,
            "standard_error": 4.0681183336844455,
            "episodes_played": 10
        }
    },
    "input_tokens": 3736389,
    "output_tokens": 5755
}