{
    "progression_percentage": 21.764705882352942,
    "standard_error": 6.0508545855042115,
    "average_steps": 66.53333333333333,
    "episodes_played": 30,
    "tasks": {
        "coin_collector": {
            "progression_percentage": 0.0,
            "standard_error": 0.0,
            "episodes_played": 10
        },
        "the_cooking_game": {
            "progression_percentage": 25.294117647058822,
            "standard_error": 2.765331593774861,
            "episodes_played": 10
        },
        "treasure_hunter": {
            "progression_percentage": 40.0,
            "standard_error": 15.491933384829668,
            "episodes_played": 10
        }
    },
    "input_tokens": 2926904,
    "output_tokens": 1521783
}