{
    "progression_percentage": 49.2156862745098,
    "standard_error": 8.200127217125015,
    "average_steps": 58.833333333333336,
    "episodes_played": 30,
    "tasks": {
        "coin_collector": {
            "progression_percentage": 70.0,
            "standard_error": 14.491376746189438,
            "episodes_played": 10
        },
        "the_cooking_game": {
            "progression_percentage": 47.647058823529406,
            "standard_error": 10.237660307966603,
            "episodes_played": 10
        },
        "treasure_hunter": {
            "progression_percentage": 30.0,
            "standard_error": 14.491376746189436,
            "episodes_played": 10
        }
    },
    "input_tokens": 2324776,
    "output_tokens": 3703
}