{
    "progression_percentage": 1.3826381784167503,
    "standard_error": 0.507820604374415,
    "average_steps": 5512.8,
    "episodes_played": 5,
    "tasks": {
        "NetHackChallenge-v0": {
            "progression_percentage": 1.3826381784167503,
            "standard_error": 0.507820604374415,
            "episodes_played": 5
        }
    },
    "input_tokens": 172617181,
    "output_tokens": 41933512
}