{
    "progression_percentage": 13.636363636363635,
    "standard_error": 2.6504326794751365,
    "average_steps": 211.6,
    "episodes_played": 10,
    "tasks": {
        "default": {
            "progression_percentage": 13.636363636363635,
            "standard_error": 2.6504326794751365,
            "episodes_played": 10
        }
    },
    "input_tokens": 3884066,
    "output_tokens": 33420
}