{
    "progression_percentage": 0.7391361824690403,
    "standard_error": 0.40484156020654793,
    "average_steps": 1640.4,
    "episodes_played": 5,
    "tasks": {
        "NetHackChallenge-v0": {
            "progression_percentage": 0.7391361824690403,
            "standard_error": 0.40484156020654793,
            "episodes_played": 5
        }
    },
    "input_tokens": 44913261,
    "output_tokens": 6335050
}