{
    "progression_percentage": 25.454545454545453,
    "standard_error": 3.226952608963427,
    "average_steps": 190.7,
    "episodes_played": 10,
    "tasks": {
        "default": {
            "progression_percentage": 25.454545454545453,
            "standard_error": 3.226952608963427,
            "episodes_played": 10
        }
    },
    "input_tokens": 3183723,
    "output_tokens": 5327
}