{
    "progression_percentage": 1.638571629874851,
    "standard_error": 0.3780374377296403,
    "average_steps": 2965.8,
    "episodes_played": 5,
    "tasks": {
        "NetHackChallenge-v0": {
            "progression_percentage": 1.638571629874851,
            "standard_error": 0.3780374377296403,
            "episodes_played": 5
        }
    },
    "input_tokens": 81527812,
    "output_tokens": 32189
}