Step,Action,Reasoning,Observation,Reward,Done
0,south,,"message:


language observation:
horizontal wall very near north
dark area very near east, south, southwest, west, and northwest
stairs up adjacent north
vertical wall adjacent northeast and southeast

cursor:
Yourself a knight
(x=25, y=12)

map:
                                                                                
                                                                                
                                                                                
                                                                                
                                                                                
                                                                                
                                                                                
                                                                                
                                                                                
                        ---                                                     
                        .<|                                                     
                        .@.                                                     
                        ..|                                                     
                                                                                
                                                                                
                                                                                
                                                                                
                                                                                
                                                                                
                                                                                
                                                                                
Agent the Gallant              St:14 Dx:9 Co:10 In:9 Wi:16 Ch:17 Lawful S:0     
Dlvl:1 $:0 HP:16(16) Pw:3(3) AC:3 Xp:1/0                                        

",0.0,False
1,south,,"message:


language observation:
horizontal wall near north
stairs up very near north
dark area very near northeast, west, and northwest
vertical wall adjacent east
southeast corner adjacent southeast
horizontal wall adjacent south and southwest

cursor:
Yourself a knight
(x=25, y=13)

map:
                                                                                
                                                                                
                                                                                
                                                                                
                                                                                
                                                                                
                                                                                
                                                                                
                                                                                
                        ---                                                     
                        .<|                                                     
                        ...                                                     
                        .@|                                                     
                        ---                                                     
                                                                                
                                                                                
                                                                                
                                                                                
                                                                                
                                                                                
                                                                                
Agent the Gallant              St:14 Dx:9 Co:10 In:9 Wi:16 Ch:17 Lawful S:0     
Dlvl:1 $:0 HP:16(16) Pw:3(3) AC:3 Xp:1/0                                        

",0.0,False
2,west,,"message:


language observation:
horizontal wall near north
stairs up very near northnortheast
vertical wall very near northeast and east
dark area very near west and northwest
horizontal wall adjacent southeast, south, and southwest

cursor:
Yourself a knight
(x=24, y=13)

map:
                                                                                
                                                                                
                                                                                
                                                                                
                                                                                
                                                                                
                                                                                
                                                                                
                                                                                
                        ---                                                     
                        .<|                                                     
                       ....                                                     
                       .@.|                                                     
                       ----                                                     
                                                                                
                                                                                
                                                                                
                                                                                
                                                                                
                                                                                
                                                                                
Agent the Gallant              St:14 Dx:9 Co:10 In:9 Wi:16 Ch:17 Lawful S:0     
Dlvl:1 $:0 HP:16(16) Pw:3(3) AC:3 Xp:1/0                                        

",0.0,False
3,west,,"message:


language observation:
northeast room corner near northeast
vertical wall near east
dark area very near north
stairs up very near northeast
horizontal wall adjacent southeast and south
southwest corner adjacent southwest
vertical wall adjacent west and northwest

cursor:
Yourself a knight
(x=23, y=13)

map:
                                                                                
                                                                                
                                                                                
                                                                                
                                                                                
                                                                                
                                                                                
                                                                                
                                                                                
                        ---                                                     
                        .<|                                                     
                      |....                                                     
                      |@..|                                                     
                      -----                                                     
                                                                                
                                                                                
                                                                                
                                                                                
                                                                                
                                                                                
                                                                                
Agent the Gallant              St:14 Dx:9 Co:10 In:9 Wi:16 Ch:17 Lawful S:0     
Dlvl:1 $:0 HP:16(16) Pw:3(3) AC:3 Xp:1/0                                        

",0.0,False
4,east,,"message:


language observation:
horizontal wall near north
stairs up very near northnortheast
vertical wall very near northeast, east, and west
dark area very near northwest
horizontal wall adjacent southeast, south, and southwest

cursor:
Yourself a knight
(x=24, y=13)

map:
                                                                                
                                                                                
                                                                                
                                                                                
                                                                                
                                                                                
                                                                                
                                                                                
                                                                                
                        ---                                                     
                        .<|                                                     
                      |....                                                     
                      |.@.|                                                     
                      -----                                                     
                                                                                
                                                                                
                                                                                
                                                                                
                                                                                
                                                                                
                                                                                
Agent the Gallant              St:14 Dx:9 Co:10 In:9 Wi:16 Ch:17 Lawful S:0     
Dlvl:1 $:0 HP:16(16) Pw:3(3) AC:3 Xp:1/0                                        

",0.0,False
5,north,,"message:


language observation:
dark area near east
horizontal wall very near north and south
northeast room corner very near northeast
southeast corner very near southeast
southwest corner very near southwest
vertical wall very near west
dark area very near northwest
stairs up adjacent northeast

cursor:
Yourself a knight
(x=24, y=12)

map:
                                                                                
                                                                                
                                                                                
                                                                                
                                                                                
                                                                                
                                                                                
                                                                                
                                                                                
                        ---                                                     
                       ..<|                                                     
                      |.@..                                                     
                      |...|                                                     
                      -----                                                     
                                                                                
                                                                                
                                                                                
                                                                                
                                                                                
                                                                                
                                                                                
Agent the Gallant              St:14 Dx:9 Co:10 In:9 Wi:16 Ch:17 Lawful S:0     
Dlvl:1 $:0 HP:16(16) Pw:3(3) AC:3 Xp:1/0                                        

",0.0,False
6,west,,"message:


language observation:
dark area near east
dark area very near north
horizontal wall very near northeast, southeast, and south
stairs up very near eastnortheast
vertical wall adjacent southwest, west, and northwest

cursor:
Yourself a knight
(x=23, y=12)

map:
                                                                                
                                                                                
                                                                                
                                                                                
                                                                                
                                                                                
                                                                                
                                                                                
                                                                                
                        ---                                                     
                      |..<|                                                     
                      |@...                                                     
                      |...|                                                     
                      -----                                                     
                                                                                
                                                                                
                                                                                
                                                                                
                                                                                
                                                                                
                                                                                
Agent the Gallant              St:14 Dx:9 Co:10 In:9 Wi:16 Ch:17 Lawful S:0     
Dlvl:1 $:0 HP:16(16) Pw:3(3) AC:3 Xp:1/0                                        

",0.0,False
7,east,,"message:


language observation:
dark area near east
horizontal wall very near north and south
northeast room corner very near northeast
southeast corner very near southeast
southwest corner very near southwest
vertical wall very near west
dark area very near northwest
stairs up adjacent northeast

cursor:
Yourself a knight
(x=24, y=12)

map:
                                                                                
                                                                                
                                                                                
                                                                                
                                                                                
                                                                                
                                                                                
                                                                                
                                                                                
                        ---                                                     
                      |..<|                                                     
                      |.@..                                                     
                      |...|                                                     
                      -----                                                     
                                                                                
                                                                                
                                                                                
                                                                                
                                                                                
                                                                                
                                                                                
Agent the Gallant              St:14 Dx:9 Co:10 In:9 Wi:16 Ch:17 Lawful S:0     
Dlvl:1 $:0 HP:16(16) Pw:3(3) AC:3 Xp:1/0                                        

",0.0,False
8,east,,"message:


language observation:
vertical wall near west
horizontal wall very near north, south, and southwest
dark area very near east and northwest
stairs up adjacent north
vertical wall adjacent northeast and southeast

cursor:
Yourself a knight
(x=25, y=12)

map:
                                                                                
                                                                                
                                                                                
                                                                                
                                                                                
                                                                                
                                                                                
                                                                                
                                                                                
                        ---                                                     
                      |..<|                                                     
                      |..@.                                                     
                      |...|                                                     
                      -----                                                     
                                                                                
                                                                                
                                                                                
                                                                                
                                                                                
                                                                                
                                                                                
Agent the Gallant              St:14 Dx:9 Co:10 In:9 Wi:16 Ch:17 Lawful S:0     
Dlvl:1 $:0 HP:16(16) Pw:3(3) AC:3 Xp:1/0                                        

",0.0,False
9,east,,"message:


language observation:
vertical wall near west
dark area very near east
horizontal wall very near southwest and northwest
vertical wall adjacent north and south
dark area adjacent northeast and southeast
stairs up adjacent northwest

cursor:
Yourself a knight
(x=26, y=12)

map:
                                                                                
                                                                                
                                                                                
                                                                                
                                                                                
                                                                                
                                                                                
                                                                                
                                                                                
                        ---                                                     
                      |..<|                                                     
                      |...@#                                                    
                      |...|                                                     
                      -----                                                     
                                                                                
                                                                                
                                                                                
                                                                                
                                                                                
                                                                                
                                                                                
Agent the Gallant              St:14 Dx:9 Co:10 In:9 Wi:16 Ch:17 Lawful S:0     
Dlvl:1 $:0 HP:16(16) Pw:3(3) AC:3 Xp:1/0                                        

",0.0,False
10,east,,"message:


language observation:
vertical wall near west
dark area very near east
stairs up very near westnorthwest
dark area adjacent north, northeast, southeast, and south
vertical wall adjacent southwest and northwest

cursor:
Yourself a knight
(x=27, y=12)

map:
                                                                                
                                                                                
                                                                                
                                                                                
                                                                                
                                                                                
                                                                                
                                                                                
                                                                                
                        ---                                                     
                      |..<|                                                     
                      |....@#                                                   
                      |...|                                                     
                      -----                                                     
                                                                                
                                                                                
                                                                                
                                                                                
                                                                                
                                                                                
                                                                                
Agent the Gallant              St:14 Dx:9 Co:10 In:9 Wi:16 Ch:17 Lawful S:0     
Dlvl:1 $:0 HP:16(16) Pw:3(3) AC:3 Xp:1/0                                        

",0.0,False
11,east,,"message:


language observation:
vertical wall far west
stairs up near westnorthwest
dark area very near east
dark area adjacent north, northeast, southeast, south, southwest, and northwest

cursor:
Yourself a knight
(x=28, y=12)

map:
                                                                                
                                                                                
                                                                                
                                                                                
                                                                                
                                                                                
                                                                                
                                                                                
                                                                                
                        ---                                                     
                      |..<|                                                     
                      |....#@#                                                  
                      |...|                                                     
                      -----                                                     
                                                                                
                                                                                
                                                                                
                                                                                
                                                                                
                                                                                
                                                                                
Agent the Gallant              St:14 Dx:9 Co:10 In:9 Wi:16 Ch:17 Lawful S:0     
Dlvl:1 $:0 HP:16(16) Pw:3(3) AC:3 Xp:1/0                                        

",0.0,False
12,east,,"message:


language observation:
vertical wall far west
stairs up near westnorthwest
dark area very near east
dark area adjacent north, northeast, southeast, south, southwest, and northwest

cursor:
Yourself a knight
(x=29, y=12)

map:
                                                                                
                                                                                
                                                                                
                                                                                
                                                                                
                                                                                
                                                                                
                                                                                
                                                                                
                        ---                                                     
                      |..<|                                                     
                      |....##@#                                                 
                      |...|                                                     
                      -----                                                     
                                                                                
                                                                                
                                                                                
                                                                                
                                                                                
                                                                                
                                                                                
Agent the Gallant              St:14 Dx:9 Co:10 In:9 Wi:16 Ch:17 Lawful S:0     
Dlvl:1 $:0 HP:16(16) Pw:3(3) AC:3 Xp:1/0                                        

",0.0,False
13,east,,"message:


language observation:
vertical wall far west
stairs up near westnorthwest
dark area very near east
dark area adjacent north, northeast, southeast, south, southwest, and northwest

cursor:
Yourself a knight
(x=30, y=12)

map:
                                                                                
                                                                                
                                                                                
                                                                                
                                                                                
                                                                                
                                                                                
                                                                                
                                                                                
                        ---                                                     
                      |..<|                                                     
                      |....###@#                                                
                      |...|                                                     
                      -----                                                     
                                                                                
                                                                                
                                                                                
                                                                                
                                                                                
                                                                                
                                                                                
Agent the Gallant              St:14 Dx:9 Co:10 In:9 Wi:16 Ch:17 Lawful S:0     
Dlvl:1 $:0 HP:16(16) Pw:3(3) AC:3 Xp:1/0                                        

",0.0,False
14,east,,"message:


language observation:
vertical wall far west
stairs up far westnorthwest
dark area very near east
dark area adjacent north, northeast, southeast, south, southwest, and northwest

cursor:
Yourself a knight
(x=31, y=12)

map:
                                                                                
                                                                                
                                                                                
                                                                                
                                                                                
                                                                                
                                                                                
                                                                                
                                                                                
                        ---                                                     
                      |..<|                                                     
                      |....####@#                                               
                      |...|                                                     
                      -----                                                     
                                                                                
                                                                                
                                                                                
                                                                                
                                                                                
                                                                                
                                                                                
Agent the Gallant              St:14 Dx:9 Co:10 In:9 Wi:16 Ch:17 Lawful S:0     
Dlvl:1 $:0 HP:16(16) Pw:3(3) AC:3 Xp:1/0                                        

",0.0,False
15,east,,"message:


language observation:
stairs up far westnorthwest
dark area very near east
dark area adjacent north, northeast, southeast, south, southwest, and northwest

cursor:
Yourself a knight
(x=32, y=12)

map:
                                                                                
                                                                                
                                                                                
                                                                                
                                                                                
                                                                                
                                                                                
                                                                                
                                                                                
                        ---                                                     
                      |..<|                                                     
                      |....#####@#                                              
                      |...|                                                     
                      -----                                                     
                                                                                
                                                                                
                                                                                
                                                                                
                                                                                
                                                                                
                                                                                
Agent the Gallant              St:14 Dx:9 Co:10 In:9 Wi:16 Ch:17 Lawful S:0     
Dlvl:1 $:0 HP:16(16) Pw:3(3) AC:3 Xp:1/0                                        

",0.0,False
16,east,,"message:


language observation:
stairs up far westnorthwest
dark area very near east
dark area adjacent north, northeast, southeast, south, southwest, and northwest

cursor:
Yourself a knight
(x=33, y=12)

map:
                                                                                
                                                                                
                                                                                
                                                                                
                                                                                
                                                                                
                                                                                
                                                                                
                                                                                
                        ---                                                     
                      |..<|                                                     
                      |....######@.                                             
                      |...|                                                     
                      -----                                                     
                                                                                
                                                                                
                                                                                
                                                                                
                                                                                
                                                                                
                                                                                
Agent the Gallant              St:14 Dx:9 Co:10 In:9 Wi:16 Ch:17 Lawful S:0     
Dlvl:1 $:0 HP:16(16) Pw:3(3) AC:3 Xp:1/0                                        

",0.0,False
17,east,,"message:


language observation:
stairs up far westnorthwest
dark area very near northeast, east, and southeast
vertical wall adjacent north and south
dark area adjacent southwest and northwest

cursor:
Yourself a knight
(x=34, y=12)

map:
                                                                                
                                                                                
                                                                                
                                                                                
                                                                                
                                                                                
                                                                                
                                                                                
                                                                                
                        ---                                                     
                      |..<|       |.                                            
                      |....#######@.                                            
                      |...|       |.                                            
                      -----                                                     
                                                                                
                                                                                
                                                                                
                                                                                
                                                                                
                                                                                
                                                                                
Agent the Gallant              St:14 Dx:9 Co:10 In:9 Wi:16 Ch:17 Lawful S:0     
Dlvl:1 $:0 HP:16(16) Pw:3(3) AC:3 Xp:1/0                                        

",0.0,False
18,east,,"message:


language observation:
stairs up far westnorthwest
dark area very near north, northeast, east, southeast, and south
giant rat adjacent east
vertical wall adjacent southwest and northwest

cursor:
Yourself a knight
(x=35, y=12)

map:
                                                                                
                                                                                
                                                                                
                                                                                
                                                                                
                                                                                
                                                                                
                                                                                
                                                                                
                        ---                                                     
                      |..<|       |..                                           
                      |....#######.@r                                           
                      |...|       |..                                           
                      -----                                                     
                                                                                
                                                                                
                                                                                
                                                                                
                                                                                
                                                                                
                                                                                
Agent the Gallant              St:14 Dx:9 Co:10 In:9 Wi:16 Ch:17 Lawful S:0     
Dlvl:1 $:0 HP:16(16) Pw:3(3) AC:3 Xp:1/0                                        

",0.0,False
19,east,,"message:
You miss the giant rat.  The giant rat bites!

language observation:
stairs up far westnorthwest
dark area very near north, northeast, east, southeast, and south
giant rat adjacent east
vertical wall adjacent southwest and northwest

cursor:
Yourself a knight
(x=35, y=12)

map:
                                                                                
                                                                                
                                                                                
                                                                                
                                                                                
                                                                                
                                                                                
                                                                                
                                                                                
                        ---                                                     
                      |..<|       |..                                           
                      |....#######.@r                                           
                      |...|       |..                                           
                      -----                                                     
                                                                                
                                                                                
                                                                                
                                                                                
                                                                                
                                                                                
                                                                                
Agent the Gallant              St:14 Dx:9 Co:10 In:9 Wi:16 Ch:17 Lawful S:0     
Dlvl:1 $:0 HP:13(16) Pw:3(3) AC:3 Xp:1/0                                        

",0.0,False
20,east,,"message:
You miss the giant rat.

language observation:
stairs up far westnorthwest
dark area very near north, northeast, east, southeast, and south
giant rat adjacent east
vertical wall adjacent southwest and northwest

cursor:
Yourself a knight
(x=35, y=12)

map:
                                                                                
                                                                                
                                                                                
                                                                                
                                                                                
                                                                                
                                                                                
                                                                                
                                                                                
                        ---                                                     
                      |..<|       |..                                           
                      |....#######.@r                                           
                      |...|       |..                                           
                      -----                                                     
                                                                                
                                                                                
                                                                                
                                                                                
                                                                                
                                                                                
                                                                                
Agent the Gallant              St:14 Dx:9 Co:10 In:9 Wi:16 Ch:17 Lawful S:0     
Dlvl:1 $:0 HP:13(16) Pw:3(3) AC:3 Xp:1/0                                        

",0.0,False
21,east,,"message:
You hit the giant rat.  The giant rat bites!

language observation:
stairs up far westnorthwest
dark area very near north, northeast, east, southeast, and south
giant rat adjacent northeast and east
vertical wall adjacent southwest and northwest

cursor:
Yourself a knight
(x=35, y=12)

map:
                                                                                
                                                                                
                                                                                
                                                                                
                                                                                
                                                                                
                                                                                
                                                                                
                                                                                
                        ---                                                     
                      |..<|       |.r                                           
                      |....#######.@r                                           
                      |...|       |..                                           
                      -----                                                     
                                                                                
                                                                                
                                                                                
                                                                                
                                                                                
                                                                                
                                                                                
Agent the Gallant              St:14 Dx:9 Co:10 In:9 Wi:16 Ch:17 Lawful S:0     
Dlvl:1 $:0 HP:10(16) Pw:3(3) AC:3 Xp:1/0                                        

",0.0,False
22,east,,"message:
You miss the giant rat.  The giant rat bites!

language observation:
stairs up far westnorthwest
dark area very near north, northeast, east, southeast, and south
giant rat adjacent northeast, east, and southeast
vertical wall adjacent southwest and northwest

cursor:
Yourself a knight
(x=35, y=12)

map:
                                                                                
                                                                                
                                                                                
                                                                                
                                                                                
                                                                                
                                                                                
                                                                                
                                                                                
                        ---                                                     
                      |..<|       |.r                                           
                      |....#######.@r                                           
                      |...|       |.r                                           
                      -----                                                     
                                                                                
                                                                                
                                                                                
                                                                                
                                                                                
                                                                                
                                                                                
Agent the Gallant              St:14 Dx:9 Co:10 In:9 Wi:16 Ch:17 Lawful S:0     
Dlvl:1 $:0 HP:7(16) Pw:3(3) AC:3 Xp:1/0                                         

",0.0,False
23,west,,"message:


language observation:
stairs up far westnorthwest
dark area near east
dark area very near northeast and southeast
vertical wall adjacent north and south
giant rat adjacent northeast, east, and southeast
dark area adjacent southwest and northwest

cursor:
Yourself a knight
(x=34, y=12)

map:
                                                                                
                                                                                
                                                                                
                                                                                
                                                                                
                                                                                
                                                                                
                                                                                
                                                                                
                        ---                                                     
                      |..<|       |r.                                           
                      |....#######@r.                                           
                      |...|       |r.                                           
                      -----                                                     
                                                                                
                                                                                
                                                                                
                                                                                
                                                                                
                                                                                
                                                                                
Agent the Gallant              St:14 Dx:9 Co:10 In:9 Wi:16 Ch:17 Lawful S:0     
Dlvl:1 $:0 HP:7(16) Pw:3(3) AC:3 Xp:1/0                                         

",0.0,False
24,west,,"message:


language observation:
stairs up far westnorthwest
dark area near east
dark area adjacent north, south, southwest, and northwest
vertical wall adjacent northeast and southeast
giant rat adjacent east

cursor:
Yourself a knight
(x=33, y=12)

map:
                                                                                
                                                                                
                                                                                
                                                                                
                                                                                
                                                                                
                                                                                
                                                                                
                                                                                
                        ---                                                     
                      |..<|       |..                                           
                      |....######@r..                                           
                      |...|       |..                                           
                      -----                                                     
                                                                                
                                                                                
                                                                                
                                                                                
                                                                                
                                                                                
                                                                                
Agent the Gallant              St:14 Dx:9 Co:10 In:9 Wi:16 Ch:17 Lawful S:0     
Dlvl:1 $:0 HP:7(16) Pw:3(3) AC:3 Xp:1/0                                         

",0.0,False
25,north,,"message:
It's solid stone.

language observation:
stairs up far westnorthwest
dark area near east
dark area adjacent north, south, southwest, and northwest
vertical wall adjacent northeast and southeast
giant rat adjacent east

cursor:
Yourself a knight
(x=33, y=12)

map:
                                                                                
                                                                                
                                                                                
                                                                                
                                                                                
                                                                                
                                                                                
                                                                                
                                                                                
                        ---                                                     
                      |..<|       |..                                           
                      |....######@r..                                           
                      |...|       |..                                           
                      -----                                                     
                                                                                
                                                                                
                                                                                
                                                                                
                                                                                
                                                                                
                                                                                
Agent the Gallant              St:14 Dx:9 Co:10 In:9 Wi:16 Ch:17 Lawful S:0     
Dlvl:1 $:0 HP:7(16) Pw:3(3) AC:3 Xp:1/0                                         

",-0.01,False
26,west,,"message:


language observation:
stairs up far westnorthwest
dark area near east
dark area adjacent north, northeast, southeast, south, southwest, and northwest
giant rat adjacent east

cursor:
Yourself a knight
(x=32, y=12)

map:
                                                                                
                                                                                
                                                                                
                                                                                
                                                                                
                                                                                
                                                                                
                                                                                
                                                                                
                        ---                                                     
                      |..<|       |..                                           
                      |....#####@r...                                           
                      |...|       |..                                           
                      -----                                                     
                                                                                
                                                                                
                                                                                
                                                                                
                                                                                
                                                                                
                                                                                
Agent the Gallant              St:14 Dx:9 Co:10 In:9 Wi:16 Ch:17 Lawful S:0     
Dlvl:1 $:0 HP:7(16) Pw:3(3) AC:3 Xp:1/0                                         

",0.0,False
27,east,,"message:
You kill the giant rat!

language observation:
stairs up far westnorthwest
dark area near east
dark area adjacent north, northeast, southeast, south, southwest, and northwest

cursor:
Yourself a knight
(x=32, y=12)

map:
                                                                                
                                                                                
                                                                                
                                                                                
                                                                                
                                                                                
                                                                                
                                                                                
                                                                                
                        ---                                                     
                      |..<|       |..                                           
                      |....#####@#...                                           
                      |...|       |..                                           
                      -----                                                     
                                                                                
                                                                                
                                                                                
                                                                                
                                                                                
                                                                                
                                                                                
Agent the Gallant              St:14 Dx:9 Co:10 In:9 Wi:16 Ch:17 Lawful S:8     
Dlvl:1 $:0 HP:7(16) Pw:3(3) AC:3 Xp:1/2                                         

",0.0,False
28,east,,"message:


language observation:
stairs up far westnorthwest
dark area near east
dark area adjacent north, south, southwest, and northwest
vertical wall adjacent northeast and southeast
giant rat adjacent east

cursor:
Yourself a knight
(x=33, y=12)

map:
                                                                                
                                                                                
                                                                                
                                                                                
                                                                                
                                                                                
                                                                                
                                                                                
                                                                                
                        ---                                                     
                      |..<|       |..                                           
                      |....######@r..                                           
                      |...|       |..                                           
                      -----                                                     
                                                                                
                                                                                
                                                                                
                                                                                
                                                                                
                                                                                
                                                                                
Agent the Gallant              St:14 Dx:9 Co:10 In:9 Wi:16 Ch:17 Lawful S:8     
Dlvl:1 $:0 HP:7(16) Pw:3(3) AC:3 Xp:1/2                                         

",0.0,False
29,north,,"message:
It's solid stone.

language observation:
stairs up far westnorthwest
dark area near east
dark area adjacent north, south, southwest, and northwest
vertical wall adjacent northeast and southeast
giant rat adjacent east

cursor:
Yourself a knight
(x=33, y=12)

map:
                                                                                
                                                                                
                                                                                
                                                                                
                                                                                
                                                                                
                                                                                
                                                                                
                                                                                
                        ---                                                     
                      |..<|       |..                                           
                      |....######@r..                                           
                      |...|       |..                                           
                      -----                                                     
                                                                                
                                                                                
                                                                                
                                                                                
                                                                                
                                                                                
                                                                                
Agent the Gallant              St:14 Dx:9 Co:10 In:9 Wi:16 Ch:17 Lawful S:8     
Dlvl:1 $:0 HP:7(16) Pw:3(3) AC:3 Xp:1/2                                         

",-0.01,False
30,east,,"message:
You miss the giant rat.  The giant rat bites!

language observation:
stairs up far westnorthwest
dark area near east
dark area adjacent north, south, southwest, and northwest
vertical wall adjacent northeast and southeast
giant rat adjacent east

cursor:
Yourself a knight
(x=33, y=12)

map:
                                                                                
                                                                                
                                                                                
                                                                                
                                                                                
                                                                                
                                                                                
                                                                                
                                                                                
                        ---                                                     
                      |..<|       |..                                           
                      |....######@r..                                           
                      |...|       |..                                           
                      -----                                                     
                                                                                
                                                                                
                                                                                
                                                                                
                                                                                
                                                                                
                                                                                
Agent the Gallant              St:14 Dx:9 Co:10 In:9 Wi:16 Ch:17 Lawful S:8     
Dlvl:1 $:0 HP:7(16) Pw:3(3) AC:3 Xp:1/2                                         

",0.0,False
31,east,,"message:
You miss the giant rat.

language observation:
stairs up far westnorthwest
dark area near east
dark area adjacent north, south, southwest, and northwest
vertical wall adjacent northeast and southeast
giant rat adjacent east

cursor:
Yourself a knight
(x=33, y=12)

map:
                                                                                
                                                                                
                                                                                
                                                                                
                                                                                
                                                                                
                                                                                
                                                                                
                                                                                
                        ---                                                     
                      |..<|       |..                                           
                      |....######@r..                                           
                      |...|       |..                                           
                      -----                                                     
                                                                                
                                                                                
                                                                                
                                                                                
                                                                                
                                                                                
                                                                                
Agent the Gallant              St:14 Dx:9 Co:10 In:9 Wi:16 Ch:17 Lawful S:8     
Dlvl:1 $:0 HP:7(16) Pw:3(3) AC:3 Xp:1/2                                         

",0.0,False
32,east,,"message:
You miss the giant rat.  The giant rat bites!

language observation:
stairs up far westnorthwest
dark area near east
dark area adjacent north, south, southwest, and northwest
vertical wall adjacent northeast and southeast
giant rat adjacent east

cursor:
Yourself a knight
(x=33, y=12)

map:
                                                                                
                                                                                
                                                                                
                                                                                
                                                                                
                                                                                
                                                                                
                                                                                
                                                                                
                        ---                                                     
                      |..<|       |..                                           
                      |....######@r..                                           
                      |...|       |..                                           
                      -----                                                     
                                                                                
                                                                                
                                                                                
                                                                                
                                                                                
                                                                                
                                                                                
Agent the Gallant              St:14 Dx:9 Co:10 In:9 Wi:16 Ch:17 Lawful S:8     
Dlvl:1 $:0 HP:5(16) Pw:3(3) AC:3 Xp:1/2                                         

",0.0,False
33,west,,"message:


language observation:
stairs up far westnorthwest
dark area near east
dark area adjacent north, northeast, southeast, south, southwest, and northwest
giant rat adjacent east

cursor:
Yourself a knight
(x=32, y=12)

map:
                                                                                
                                                                                
                                                                                
                                                                                
                                                                                
                                                                                
                                                                                
                                                                                
                                                                                
                        ---                                                     
                      |..<|       |..                                           
                      |....#####@r...                                           
                      |...|       |..                                           
                      -----                                                     
                                                                                
                                                                                
                                                                                
                                                                                
                                                                                
                                                                                
                                                                                
Agent the Gallant              St:14 Dx:9 Co:10 In:9 Wi:16 Ch:17 Lawful S:8     
Dlvl:1 $:0 HP:5(16) Pw:3(3) AC:3 Xp:1/2                                         

",0.0,False
34,west,,"message:


language observation:
dark area far east
vertical wall far west
stairs up far westnorthwest
dark area adjacent north, northeast, southeast, south, southwest, and northwest
giant rat adjacent east

cursor:
Yourself a knight
(x=31, y=12)

map:
                                                                                
                                                                                
                                                                                
                                                                                
                                                                                
                                                                                
                                                                                
                                                                                
                                                                                
                        ---                                                     
                      |..<|       |..                                           
                      |....####@r#...                                           
                      |...|       |..                                           
                      -----                                                     
                                                                                
                                                                                
                                                                                
                                                                                
                                                                                
                                                                                
                                                                                
Agent the Gallant              St:14 Dx:9 Co:10 In:9 Wi:16 Ch:17 Lawful S:8     
Dlvl:1 $:0 HP:5(16) Pw:3(3) AC:3 Xp:1/2                                         

",0.0,False
35,west,,"message:


language observation:
dark area far east
vertical wall far west
stairs up near westnorthwest
dark area adjacent north, northeast, southeast, south, southwest, and northwest
giant rat adjacent east

cursor:
Yourself a knight
(x=30, y=12)

map:
                                                                                
                                                                                
                                                                                
                                                                                
                                                                                
                                                                                
                                                                                
                                                                                
                                                                                
                        ---                                                     
                      |..<|       |..                                           
                      |....###@r##...                                           
                      |...|       |..                                           
                      -----                                                     
                                                                                
                                                                                
                                                                                
                                                                                
                                                                                
                                                                                
                                                                                
Agent the Gallant              St:14 Dx:9 Co:10 In:9 Wi:16 Ch:17 Lawful S:8     
Dlvl:1 $:0 HP:5(16) Pw:3(3) AC:3 Xp:1/2                                         

",0.0,False
36,north,,"message:
It's solid stone.

language observation:
dark area far east
vertical wall far west
stairs up near westnorthwest
dark area adjacent north, northeast, southeast, south, southwest, and northwest
giant rat adjacent east

cursor:
Yourself a knight
(x=30, y=12)

map:
                                                                                
                                                                                
                                                                                
                                                                                
                                                                                
                                                                                
                                                                                
                                                                                
                                                                                
                        ---                                                     
                      |..<|       |..                                           
                      |....###@r##...                                           
                      |...|       |..                                           
                      -----                                                     
                                                                                
                                                                                
                                                                                
                                                                                
                                                                                
                                                                                
                                                                                
Agent the Gallant              St:14 Dx:9 Co:10 In:9 Wi:16 Ch:17 Lawful S:8     
Dlvl:1 $:0 HP:5(16) Pw:3(3) AC:3 Xp:1/2                                         

",-0.01,False
37,east,,"message:
You miss the giant rat.  The giant rat bites!

language observation:
dark area far east
vertical wall far west
stairs up near westnorthwest
dark area adjacent north, northeast, southeast, south, southwest, and northwest
giant rat adjacent east

cursor:
Yourself a knight
(x=30, y=12)

map:
                                                                                
                                                                                
                                                                                
                                                                                
                                                                                
                                                                                
                                                                                
                                                                                
                                                                                
                        ---                                                     
                      |..<|       |..                                           
                      |....###@r##...                                           
                      |...|       |..                                           
                      -----                                                     
                                                                                
                                                                                
                                                                                
                                                                                
                                                                                
                                                                                
                                                                                
Agent the Gallant              St:14 Dx:9 Co:10 In:9 Wi:16 Ch:17 Lawful S:8     
Dlvl:1 $:0 HP:3(16) Pw:3(3) AC:3 Xp:1/2                                         

",0.0,False
38,west,,"message:


language observation:
dark area far east
vertical wall far west
stairs up near westnorthwest
dark area adjacent north, northeast, southeast, south, southwest, and northwest

cursor:
Yourself a knight
(x=29, y=12)

map:
                                                                                
                                                                                
                                                                                
                                                                                
                                                                                
                                                                                
                                                                                
                                                                                
                                                                                
                        ---                                                     
                      |..<|       |..                                           
                      |....##@####...                                           
                      |...|       |..                                           
                      -----                                                     
                                                                                
                                                                                
                                                                                
                                                                                
                                                                                
                                                                                
                                                                                
Agent the Gallant              St:14 Dx:9 Co:10 In:9 Wi:16 Ch:17 Lawful S:8     
Dlvl:1 $:0 HP:3(16) Pw:3(3) AC:3 Xp:1/2                                         

",0.0,False
39,east,,"message:
The giant rat bites!

language observation:
dark area far east
vertical wall far west
stairs up near westnorthwest
dark area adjacent north, northeast, southeast, south, southwest, and northwest
giant rat adjacent east

cursor:
Yourself a knight
(x=30, y=12)

map:
                                                                                
                                                                                
                                                                                
                                                                                
                                                                                
                                                                                
                                                                                
                                                                                
                                                                                
                        ---                                                     
                      |..<|       |..                                           
                      |....###@r##...                                           
                      |...|       |..                                           
                      -----                                                     
                                                                                
                                                                                
                                                                                
                                                                                
                                                                                
                                                                                
                                                                                
Agent the Gallant              St:14 Dx:9 Co:10 In:9 Wi:16 Ch:17 Lawful S:8     
Dlvl:1 $:0 HP:2(16) Pw:3(3) AC:3 Xp:1/2                                         

",0.0,False
40,east,,"message:
You kill the giant rat!

language observation:
dark area far east
vertical wall far west
stairs up near westnorthwest
dark area adjacent north, northeast, southeast, south, southwest, and northwest
giant rat adjacent east

cursor:
Yourself a knight
(x=30, y=12)

map:
                                                                                
                                                                                
                                                                                
                                                                                
                                                                                
                                                                                
                                                                                
                                                                                
                                                                                
                        ---                                                     
                      |..<|       |..                                           
                      |....###@r##...                                           
                      |...|       |..                                           
                      -----                                                     
                                                                                
                                                                                
                                                                                
                                                                                
                                                                                
                                                                                
                                                                                
Agent the Gallant              St:14 Dx:9 Co:10 In:9 Wi:16 Ch:17 Lawful S:16    
Dlvl:1 $:0 HP:2(16) Pw:3(3) AC:3 Xp:1/4                                         

",0.0,False
41,east,,"message:
You kill the giant rat!

language observation:
dark area far east
vertical wall far west
stairs up near westnorthwest
dark area adjacent north, northeast, southeast, south, southwest, and northwest
scroll labeled STRC PRST SKRZ KRK adjacent east

cursor:
Yourself a knight
(x=30, y=12)

map:
                                                                                
                                                                                
                                                                                
                                                                                
                                                                                
                                                                                
                                                                                
                                                                                
                                                                                
                        ---                                                     
                      |..<|       |..                                           
                      |....###@?##...                                           
                      |...|       |..                                           
                      -----                                                     
                                                                                
                                                                                
                                                                                
                                                                                
                                                                                
                                                                                
                                                                                
Agent the Gallant              St:14 Dx:9 Co:10 In:9 Wi:16 Ch:17 Lawful S:24    
Dlvl:1 $:0 HP:2(16) Pw:3(3) AC:3 Xp:1/6                                         

",0.0,False
42,east,,"message:
You see here a scroll labeled STRC PRST SKRZ KRK.

language observation:
dark area far east
vertical wall far west
stairs up far westnorthwest
dark area adjacent north, northeast, southeast, south, southwest, and northwest

cursor:
Yourself a knight
(x=31, y=12)

map:
                                                                                
                                                                                
                                                                                
                                                                                
                                                                                
                                                                                
                                                                                
                                                                                
                                                                                
                        ---                                                     
                      |..<|       |..                                           
                      |....####@##...                                           
                      |...|       |..                                           
                      -----                                                     
                                                                                
                                                                                
                                                                                
                                                                                
                                                                                
                                                                                
                                                                                
Agent the Gallant              St:14 Dx:9 Co:10 In:9 Wi:16 Ch:17 Lawful S:24    
Dlvl:1 $:0 HP:2(16) Pw:3(3) AC:3 Xp:1/6                                         

",0.0,False
43,east,,"message:


language observation:
stairs up far westnorthwest
dark area near east
dark area adjacent north, northeast, southeast, south, southwest, and northwest
scroll labeled STRC PRST SKRZ KRK adjacent west

cursor:
Yourself a knight
(x=32, y=12)

map:
                                                                                
                                                                                
                                                                                
                                                                                
                                                                                
                                                                                
                                                                                
                                                                                
                                                                                
                        ---                                                     
                      |..<|       |..                                           
                      |....####?@#...                                           
                      |...|       |..                                           
                      -----                                                     
                                                                                
                                                                                
                                                                                
                                                                                
                                                                                
                                                                                
                                                                                
Agent the Gallant              St:14 Dx:9 Co:10 In:9 Wi:16 Ch:17 Lawful S:24    
Dlvl:1 $:0 HP:2(16) Pw:3(3) AC:3 Xp:1/6                                         

",0.0,False
44,east,,"message:


language observation:
stairs up far westnorthwest
dark area near east
scroll labeled STRC PRST SKRZ KRK very near west
dark area adjacent north, south, southwest, and northwest
vertical wall adjacent northeast and southeast

cursor:
Yourself a knight
(x=33, y=12)

map:
                                                                                
                                                                                
                                                                                
                                                                                
                                                                                
                                                                                
                                                                                
                                                                                
                                                                                
                        ---                                                     
                      |..<|       |..                                           
                      |....####?#@...                                           
                      |...|       |..                                           
                      -----                                                     
                                                                                
                                                                                
                                                                                
                                                                                
                                                                                
                                                                                
                                                                                
Agent the Gallant              St:14 Dx:9 Co:10 In:9 Wi:16 Ch:17 Lawful S:24    
Dlvl:1 $:0 HP:2(16) Pw:3(3) AC:3 Xp:1/6                                         

",0.0,False
45,east,,"message:
The giant rat misses!  The giant rat bites!

language observation:
stairs up far westnorthwest
dark area near east
scroll labeled STRC PRST SKRZ KRK near west
dark area very near northeast and southeast
vertical wall adjacent north and south
giant rat adjacent east and southeast
dark area adjacent southwest and northwest

cursor:
Yourself a knight
(x=34, y=12)

map:
                                                                                
                                                                                
                                                                                
                                                                                
                                                                                
                                                                                
                                                                                
                                                                                
                                                                                
                        ---                                                     
                      |..<|       |..                                           
                      |....####?##@r.                                           
                      |...|       |r.                                           
                      -----                                                     
                                                                                
                                                                                
                                                                                
                                                                                
                                                                                
                                                                                
                                                                                
Agent the Gallant              St:14 Dx:9 Co:10 In:9 Wi:16 Ch:17 Lawful S:24    
Dlvl:1 $:0 HP:1(16) Pw:3(3) AC:3 Xp:1/6                                         

",0.0,False
46,west,,"message:


language observation:
stairs up far westnorthwest
dark area near east
scroll labeled STRC PRST SKRZ KRK very near west
dark area adjacent north, south, southwest, and northwest
vertical wall adjacent northeast and southeast
giant rat adjacent east

cursor:
Yourself a knight
(x=33, y=12)

map:
                                                                                
                                                                                
                                                                                
                                                                                
                                                                                
                                                                                
                                                                                
                                                                                
                                                                                
                        ---                                                     
                      |..<|       |..                                           
                      |....####?#@r..                                           
                      |...|       |..                                           
                      -----                                                     
                                                                                
                                                                                
                                                                                
                                                                                
                                                                                
                                                                                
                                                                                
Agent the Gallant              St:14 Dx:9 Co:10 In:9 Wi:16 Ch:17 Lawful S:24    
Dlvl:1 $:0 HP:2(16) Pw:3(3) AC:3 Xp:1/6                                         

",0.0,False
47,north,,"message:
It's solid stone.

language observation:
stairs up far westnorthwest
dark area near east
scroll labeled STRC PRST SKRZ KRK very near west
dark area adjacent north, south, southwest, and northwest
vertical wall adjacent northeast and southeast
giant rat adjacent east

cursor:
Yourself a knight
(x=33, y=12)

map:
                                                                                
                                                                                
                                                                                
                                                                                
                                                                                
                                                                                
                                                                                
                                                                                
                                                                                
                        ---                                                     
                      |..<|       |..                                           
                      |....####?#@r..                                           
                      |...|       |..                                           
                      -----                                                     
                                                                                
                                                                                
                                                                                
                                                                                
                                                                                
                                                                                
                                                                                
Agent the Gallant              St:14 Dx:9 Co:10 In:9 Wi:16 Ch:17 Lawful S:24    
Dlvl:1 $:0 HP:2(16) Pw:3(3) AC:3 Xp:1/6                                         

",-0.01,False
48,west,,"message:


language observation:
stairs up far westnorthwest
dark area near east
dark area adjacent north, northeast, southeast, south, southwest, and northwest
giant rat adjacent east
scroll labeled STRC PRST SKRZ KRK adjacent west

cursor:
Yourself a knight
(x=32, y=12)

map:
                                                                                
                                                                                
                                                                                
                                                                                
                                                                                
                                                                                
                                                                                
                                                                                
                                                                                
                        ---                                                     
                      |..<|       |..                                           
                      |....####?@r...                                           
                      |...|       |..                                           
                      -----                                                     
                                                                                
                                                                                
                                                                                
                                                                                
                                                                                
                                                                                
                                                                                
Agent the Gallant              St:14 Dx:9 Co:10 In:9 Wi:16 Ch:17 Lawful S:24    
Dlvl:1 $:0 HP:2(16) Pw:3(3) AC:3 Xp:1/6                                         

",0.0,False
49,west,,"message:
You see here a scroll labeled STRC PRST SKRZ KRK.

language observation:
dark area far east
vertical wall far west
stairs up far westnorthwest
dark area adjacent north, northeast, southeast, south, southwest, and northwest
giant rat adjacent east

cursor:
Yourself a knight
(x=31, y=12)

map:
                                                                                
                                                                                
                                                                                
                                                                                
                                                                                
                                                                                
                                                                                
                                                                                
                                                                                
                        ---                                                     
                      |..<|       |..                                           
                      |....####@r#...                                           
                      |...|       |..                                           
                      -----                                                     
                                                                                
                                                                                
                                                                                
                                                                                
                                                                                
                                                                                
                                                                                
Agent the Gallant              St:14 Dx:9 Co:10 In:9 Wi:16 Ch:17 Lawful S:24    
Dlvl:1 $:0 HP:2(16) Pw:3(3) AC:3 Xp:1/6                                         

",0.0,False
50,east,,"message:
You hit the giant rat.  The giant rat bites!

language observation:
dark area far east
vertical wall far west
stairs up far westnorthwest
dark area adjacent north, northeast, southeast, south, southwest, and northwest
giant rat adjacent east

cursor:
Yourself a knight
(x=31, y=12)

map:
                                                                                
                                                                                
                                                                                
                                                                                
                                                                                
                                                                                
                                                                                
                                                                                
                                                                                
                        ---                                                     
                      |..<|       |..                                           
                      |....####@r#...                                           
                      |...|       |..                                           
                      -----                                                     
                                                                                
                                                                                
                                                                                
                                                                                
                                                                                
                                                                                
                                                                                
Agent the Gallant              St:14 Dx:9 Co:10 In:9 Wi:16 Ch:17 Lawful S:24    
Dlvl:1 $:0 HP:1(16) Pw:3(3) AC:3 Xp:1/6                                         

",0.0,False
51,west,,"message:


language observation:
dark area far east
vertical wall far west
stairs up near westnorthwest
dark area adjacent north, northeast, southeast, south, southwest, and northwest
giant rat adjacent east

cursor:
Yourself a knight
(x=30, y=12)

map:
                                                                                
                                                                                
                                                                                
                                                                                
                                                                                
                                                                                
                                                                                
                                                                                
                                                                                
                        ---                                                     
                      |..<|       |..                                           
                      |....###@r##...                                           
                      |...|       |..                                           
                      -----                                                     
                                                                                
                                                                                
                                                                                
                                                                                
                                                                                
                                                                                
                                                                                
Agent the Gallant              St:14 Dx:9 Co:10 In:9 Wi:16 Ch:17 Lawful S:24    
Dlvl:1 $:0 HP:1(16) Pw:3(3) AC:3 Xp:1/6                                         

",0.0,False
52,southwest,,"message:
It's solid stone.

language observation:
dark area far east
vertical wall far west
stairs up near westnorthwest
dark area adjacent north, northeast, southeast, south, southwest, and northwest
giant rat adjacent east

cursor:
Yourself a knight
(x=30, y=12)

map:
                                                                                
                                                                                
                                                                                
                                                                                
                                                                                
                                                                                
                                                                                
                                                                                
                                                                                
                        ---                                                     
                      |..<|       |..                                           
                      |....###@r##...                                           
                      |...|       |..                                           
                      -----                                                     
                                                                                
                                                                                
                                                                                
                                                                                
                                                                                
                                                                                
                                                                                
Agent the Gallant              St:14 Dx:9 Co:10 In:9 Wi:16 Ch:17 Lawful S:24    
Dlvl:1 $:0 HP:1(16) Pw:3(3) AC:3 Xp:1/6                                         

",-0.01,False
53,east,,"message:
You miss the giant rat.

language observation:
dark area far east
vertical wall far west
stairs up near westnorthwest
dark area adjacent north, northeast, southeast, south, southwest, and northwest
giant rat adjacent east

cursor:
Yourself a knight
(x=30, y=12)

map:
                                                                                
                                                                                
                                                                                
                                                                                
                                                                                
                                                                                
                                                                                
                                                                                
                                                                                
                        ---                                                     
                      |..<|       |..                                           
                      |....###@r##...                                           
                      |...|       |..                                           
                      -----                                                     
                                                                                
                                                                                
                                                                                
                                                                                
                                                                                
                                                                                
                                                                                
Agent the Gallant              St:14 Dx:9 Co:10 In:9 Wi:16 Ch:17 Lawful S:24    
Dlvl:1 $:0 HP:1(16) Pw:3(3) AC:3 Xp:1/6                                         

",0.0,False
54,east,,"message:
 
You made the top ten list!
No  Points     Name
Hp [max]
1         24  Agent-Kni-Hum-Fem-Law died in The Dunge
eons of Doom on
level 1.  Killed by a giant rat.
-  [16]


language observation:
dark area adjacent east, southeast, and south

cursor:
very far eastsoutheast 
(x=23, y=9)

map:
You made the top ten list!                                                      
                                                                                
                           No  Points     Name                                  
                 Hp [max]                                                       
                           1         24  Agent-Kni-Hum-Fem-Law died in The Dunge
ons of Doom on                                                                  
                                        level 1.  Killed by a giant rat.        
                -  [16]                                                         
                                                                                
                                                                                
                                                                                
                                                                                
                                                                                
                                                                                
                                                                                
                                                                                
                                                                                
                                                                                
                                                                                
                                                                                
                                                                                
                                                                                
                                                                                

",0.0,True
