{
    "progression_percentage": 33.63636363636363,
    "standard_error": 3.473631486280509,
    "average_steps": 194.7,
    "episodes_played": 10,
    "tasks": {
        "default": {
            "progression_percentage": 33.63636363636363,
            "standard_error": 3.473631486280509,
            "episodes_played": 10
        }
    },
    "input_tokens": 3702986,
    "output_tokens": 4202988
}