Step,Action,Reasoning,Observation,Reward,Done
0,north,,"message:


language observation:
dark area near north, south, and west
dark area adjacent northeast, east, southeast, southwest, and northwest
stairs up adjacent south

cursor:
Yourself a barbarian
(x=38, y=10)

map:
                                                                                
                                                                                
                                                                                
                                                                                
                                                                                
                                                                                
                                                                                
                                      .                                         
                                      .                                         
                                    ..@                                         
                                      <                                         
                                      .                                         
                                                                                
                                                                                
                                                                                
                                                                                
                                                                                
                                                                                
                                                                                
                                                                                
                                                                                
Agent the Plunderer            St:18/01 Dx:18 Co:18 In:7 Wi:7 Ch:6 Neutral S:0  
Dlvl:1 $:0 HP:16(16) Pw:2(2) AC:7 Xp:1/0                                        

",0.0,False
1,west,,"message:


language observation:
dark area very near northeast, east, southeast, southwest, and west
dark area adjacent north, south, and northwest
stairs up adjacent southeast

cursor:
Yourself a barbarian
(x=37, y=10)

map:
                                                                                
                                                                                
                                                                                
                                                                                
                                                                                
                                                                                
                                                                                
                                      .                                         
                                      .                                         
                                    .@.                                         
                                    . <                                         
                                    . .                                         
                                                                                
                                                                                
                                                                                
                                                                                
                                                                                
                                                                                
                                                                                
                                                                                
                                                                                
Agent the Plunderer            St:18/01 Dx:18 Co:18 In:7 Wi:7 Ch:6 Neutral S:0  
Dlvl:1 $:0 HP:16(16) Pw:2(2) AC:7 Xp:1/0                                        

",0.0,False
2,west,,"message:


language observation:
dark area near east and south
stairs up very near eastsoutheast
dark area adjacent north, northeast, southeast, southwest, west, and northwest

cursor:
Yourself a barbarian
(x=36, y=10)

map:
                                                                                
                                                                                
                                                                                
                                                                                
                                                                                
                                                                                
                                                                                
                                      .                                         
                                      .                                         
                                    @..                                         
                                    . <                                         
                                    . .                                         
                                    .                                           
                                    .                                           
                                                                                
                                                                                
                                                                                
                                                                                
                                                                                
                                                                                
                                                                                
Agent the Plunderer            St:18/01 Dx:18 Co:18 In:7 Wi:7 Ch:6 Neutral S:0  
Dlvl:1 $:0 HP:16(16) Pw:2(2) AC:7 Xp:1/0                                        

",0.0,False
3,south,,"message:


language observation:
dark area near northeast and south
dark area very near north
stairs up very near east
dark area adjacent east, southeast, southwest, west, and northwest

cursor:
Yourself a barbarian
(x=36, y=11)

map:
                                                                                
                                                                                
                                                                                
                                                                                
                                                                                
                                                                                
                                                                                
                                      .                                         
                                      .                                         
                                    ...                                         
                                    @ <                                         
                                    . .                                         
                                    .                                           
                                    .                                           
                                                                                
                                                                                
                                                                                
                                                                                
                                                                                
                                                                                
                                                                                
Agent the Plunderer            St:18/01 Dx:18 Co:18 In:7 Wi:7 Ch:6 Neutral S:0  
Dlvl:1 $:0 HP:16(16) Pw:2(2) AC:7 Xp:1/0                                        

",0.0,False
4,south,,"message:


language observation:
dark area near north and south
stairs up very near eastnortheast
dark area adjacent northeast, east, southeast, southwest, west, and northwest

cursor:
Yourself a barbarian
(x=36, y=12)

map:
                                                                                
                                                                                
                                                                                
                                                                                
                                                                                
                                                                                
                                                                                
                                      .                                         
                                      .                                         
                                    ...                                         
                                    . <                                         
                                    @ .                                         
                                    .                                           
                                    .                                           
                                                                                
                                                                                
                                                                                
                                                                                
                                                                                
                                                                                
                                                                                
Agent the Plunderer            St:18/01 Dx:18 Co:18 In:7 Wi:7 Ch:6 Neutral S:0  
Dlvl:1 $:0 HP:16(16) Pw:2(2) AC:7 Xp:1/0                                        

",0.0,False
5,south,,"message:


language observation:
dark area near north
stairs up very near northeast
dark area very near southeast and south
dark area adjacent northeast, east, southwest, west, and northwest

cursor:
Yourself a barbarian
(x=36, y=13)

map:
                                                                                
                                                                                
                                                                                
                                                                                
                                                                                
                                                                                
                                                                                
                                      .                                         
                                      .                                         
                                    ...                                         
                                    . <                                         
                                    . .                                         
                                    @                                           
                                    ...                                         
                                                                                
                                                                                
                                                                                
                                                                                
                                                                                
                                                                                
                                                                                
Agent the Plunderer            St:18/01 Dx:18 Co:18 In:7 Wi:7 Ch:6 Neutral S:0  
Dlvl:1 $:0 HP:16(16) Pw:2(2) AC:7 Xp:1/0                                        

",0.0,False
6,south,,"message:


language observation:
dark area far east
dark area near north
stairs up near northnortheast
dark area adjacent northeast, southeast, south, southwest, west, and northwest

cursor:
Yourself a barbarian
(x=36, y=14)

map:
                                                                                
                                                                                
                                                                                
                                                                                
                                                                                
                                                                                
                                                                                
                                      .                                         
                                      .                                         
                                    ...                                         
                                    . <                                         
                                    . .                                         
                                    .                                           
                                    @......                                     
                                                                                
                                                                                
                                                                                
                                                                                
                                                                                
                                                                                
                                                                                
Agent the Plunderer            St:18/01 Dx:18 Co:18 In:7 Wi:7 Ch:6 Neutral S:0  
Dlvl:1 $:0 HP:16(16) Pw:2(2) AC:7 Xp:1/0                                        

",0.0,False
7,east,,"message:


language observation:
dark area far east
stairs up near northnortheast
dark area very near west and northwest
dark area adjacent north, northeast, southeast, south, and southwest

cursor:
Yourself a barbarian
(x=37, y=14)

map:
                                                                                
                                                                                
                                                                                
                                                                                
                                                                                
                                                                                
                                                                                
                                      .                                         
                                      .                                         
                                    ...                                         
                                    . <                                         
                                    . .                                         
                                    .                                           
                                    .@.....                                     
                                                                                
                                                                                
                                                                                
                                                                                
                                                                                
                                                                                
                                                                                
Agent the Plunderer            St:18/01 Dx:18 Co:18 In:7 Wi:7 Ch:6 Neutral S:0  
Dlvl:1 $:0 HP:16(16) Pw:2(2) AC:7 Xp:1/0                                        

",0.0,False
8,east,,"message:


language observation:
stairs up near north
dark area near east and west
dark area adjacent north, northeast, southeast, south, southwest, and northwest

cursor:
Yourself a barbarian
(x=38, y=14)

map:
                                                                                
                                                                                
                                                                                
                                                                                
                                                                                
                                                                                
                                                                                
                                      .                                         
                                      .                                         
                                    ...                                         
                                    . <                                         
                                    . .                                         
                                    .                                           
                                    ..@....                                     
                                                                                
                                                                                
                                                                                
                                                                                
                                                                                
                                                                                
                                                                                
Agent the Plunderer            St:18/01 Dx:18 Co:18 In:7 Wi:7 Ch:6 Neutral S:0  
Dlvl:1 $:0 HP:16(16) Pw:2(2) AC:7 Xp:1/0                                        

",0.0,False
9,east,,"message:


language observation:
dark area near northeast, east, and west
stairs up near northnorthwest
dark area adjacent north, southeast, south, southwest, and northwest

cursor:
Yourself a barbarian
(x=39, y=14)

map:
                                                                                
                                                                                
                                                                                
                                                                                
                                                                                
                                                                                
                                                                                
                                      .                                         
                                      .                                         
                                    ...                                         
                                    . <                                         
                                    . . ..                                      
                                    .   .                                       
                                    ...@...                                     
                                                                                
                                                                                
                                                                                
                                                                                
                                                                                
                                                                                
                                                                                
Agent the Plunderer            St:18/01 Dx:18 Co:18 In:7 Wi:7 Ch:6 Neutral S:0  
Dlvl:1 $:0 HP:16(16) Pw:2(2) AC:7 Xp:1/0                                        

",0.0,False
10,east,,"message:


language observation:
dark area far north
dark area near east and west
stairs up near northnorthwest
dark area adjacent northeast, southeast, south, southwest, and northwest

cursor:
Yourself a barbarian
(x=40, y=14)

map:
                                                                                
                                                                                
                                                                                
                                                                                
                                                                                
                                                                                
                                                                                
                                      . .                                       
                                      . .                                       
                                    ... .                                       
                                    . < .                                       
                                    . . ..                                      
                                    .   .                                       
                                    ....@..                                     
                                                                                
                                                                                
                                                                                
                                                                                
                                                                                
                                                                                
                                                                                
Agent the Plunderer            St:18/01 Dx:18 Co:18 In:7 Wi:7 Ch:6 Neutral S:0  
Dlvl:1 $:0 HP:16(16) Pw:2(2) AC:7 Xp:1/0                                        

",0.0,False
11,east,,"message:


language observation:
dark area far west
stairs up near northwest
dark area very near east and northwest
dark area adjacent north, northeast, southeast, south, and southwest

cursor:
Yourself a barbarian
(x=41, y=14)

map:
                                                                                
                                                                                
                                                                                
                                                                                
                                                                                
                                                                                
                                                                                
                                      . .                                       
                                      . .                                       
                                    ... .                                       
                                    . < .                                       
                                    . . ..                                      
                                    .   .                                       
                                    .....@.                                     
                                                                                
                                                                                
                                                                                
                                                                                
                                                                                
                                                                                
                                                                                
Agent the Plunderer            St:18/01 Dx:18 Co:18 In:7 Wi:7 Ch:6 Neutral S:0  
Dlvl:1 $:0 HP:16(16) Pw:2(2) AC:7 Xp:1/0                                        

",0.0,False
12,east,,"message:


language observation:
dark area far west
stairs up near westnorthwest
dark area adjacent north, northeast, east, southeast, south, southwest, and northwest

cursor:
Yourself a barbarian
(x=42, y=14)

map:
                                                                                
                                                                                
                                                                                
                                                                                
                                                                                
                                                                                
                                                                                
                                      . .                                       
                                      . .                                       
                                    ... .                                       
                                    . < .                                       
                                    . . ..                                      
                                    .   .                                       
                                    ......@                                     
                                                                                
                                                                                
                                                                                
                                                                                
                                                                                
                                                                                
                                                                                
Agent the Plunderer            St:18/01 Dx:18 Co:18 In:7 Wi:7 Ch:6 Neutral S:0  
Dlvl:1 $:0 HP:16(16) Pw:2(2) AC:7 Xp:1/0                                        

",0.0,False
13,east,,"message:
It's solid stone.

language observation:
dark area far west
stairs up near westnorthwest
dark area adjacent north, northeast, east, southeast, south, southwest, and northwest

cursor:
Yourself a barbarian
(x=42, y=14)

map:
                                                                                
                                                                                
                                                                                
                                                                                
                                                                                
                                                                                
                                                                                
                                      . .                                       
                                      . .                                       
                                    ... .                                       
                                    . < .                                       
                                    . . ..                                      
                                    .   .                                       
                                    ......@                                     
                                                                                
                                                                                
                                                                                
                                                                                
                                                                                
                                                                                
                                                                                
Agent the Plunderer            St:18/01 Dx:18 Co:18 In:7 Wi:7 Ch:6 Neutral S:0  
Dlvl:1 $:0 HP:16(16) Pw:2(2) AC:7 Xp:1/0                                        

",-0.01,False
14,west,,"message:


language observation:
dark area far west
stairs up near northwest
dark area very near east and northwest
dark area adjacent north, northeast, southeast, south, and southwest

cursor:
Yourself a barbarian
(x=41, y=14)

map:
                                                                                
                                                                                
                                                                                
                                                                                
                                                                                
                                                                                
                                                                                
                                      . .                                       
                                      . .                                       
                                    ... .                                       
                                    . < .                                       
                                    . . ..                                      
                                    .   .                                       
                                    .....@.                                     
                                                                                
                                                                                
                                                                                
                                                                                
                                                                                
                                                                                
                                                                                
Agent the Plunderer            St:18/01 Dx:18 Co:18 In:7 Wi:7 Ch:6 Neutral S:0  
Dlvl:1 $:0 HP:16(16) Pw:2(2) AC:7 Xp:1/0                                        

",0.0,False
15,north,,"message:
It's solid stone.

language observation:
dark area far west
stairs up near northwest
dark area very near east and northwest
dark area adjacent north, northeast, southeast, south, and southwest

cursor:
Yourself a barbarian
(x=41, y=14)

map:
                                                                                
                                                                                
                                                                                
                                                                                
                                                                                
                                                                                
                                                                                
                                      . .                                       
                                      . .                                       
                                    ... .                                       
                                    . < .                                       
                                    . . ..                                      
                                    .   .                                       
                                    .....@.                                     
                                                                                
                                                                                
                                                                                
                                                                                
                                                                                
                                                                                
                                                                                
Agent the Plunderer            St:18/01 Dx:18 Co:18 In:7 Wi:7 Ch:6 Neutral S:0  
Dlvl:1 $:0 HP:16(16) Pw:2(2) AC:7 Xp:1/0                                        

",-0.01,False
16,west,,"message:


language observation:
dark area far north
dark area near east and west
stairs up near northnorthwest
dark area adjacent northeast, southeast, south, southwest, and northwest

cursor:
Yourself a barbarian
(x=40, y=14)

map:
                                                                                
                                                                                
                                                                                
                                                                                
                                                                                
                                                                                
                                                                                
                                      . .                                       
                                      . .                                       
                                    ... .                                       
                                    . < .                                       
                                    . . ..                                      
                                    .   .                                       
                                    ....@..                                     
                                                                                
                                                                                
                                                                                
                                                                                
                                                                                
                                                                                
                                                                                
Agent the Plunderer            St:18/01 Dx:18 Co:18 In:7 Wi:7 Ch:6 Neutral S:0  
Dlvl:1 $:0 HP:16(16) Pw:2(2) AC:7 Xp:1/0                                        

",0.0,False
17,south,,"message:
It's solid stone.

language observation:
dark area far north
dark area near east and west
stairs up near northnorthwest
dark area adjacent northeast, southeast, south, southwest, and northwest

cursor:
Yourself a barbarian
(x=40, y=14)

map:
                                                                                
                                                                                
                                                                                
                                                                                
                                                                                
                                                                                
                                                                                
                                      . .                                       
                                      . .                                       
                                    ... .                                       
                                    . < .                                       
                                    . . ..                                      
                                    .   .                                       
                                    ....@..                                     
                                                                                
                                                                                
                                                                                
                                                                                
                                                                                
                                                                                
                                                                                
Agent the Plunderer            St:18/01 Dx:18 Co:18 In:7 Wi:7 Ch:6 Neutral S:0  
Dlvl:1 $:0 HP:16(16) Pw:2(2) AC:7 Xp:1/0                                        

",-0.01,False
18,west,,"message:


language observation:
dark area near northeast, east, and west
stairs up near northnorthwest
dark area adjacent north, southeast, south, southwest, and northwest

cursor:
Yourself a barbarian
(x=39, y=14)

map:
                                                                                
                                                                                
                                                                                
                                                                                
                                                                                
                                                                                
                                                                                
                                      . .                                       
                                      . .                                       
                                    ... .                                       
                                    . < .                                       
                                    . . ..                                      
                                    .   .                                       
                                    ...@...                                     
                                                                                
                                                                                
                                                                                
                                                                                
                                                                                
                                                                                
                                                                                
Agent the Plunderer            St:18/01 Dx:18 Co:18 In:7 Wi:7 Ch:6 Neutral S:0  
Dlvl:1 $:0 HP:16(16) Pw:2(2) AC:7 Xp:1/0                                        

",0.0,False
19,north,,"message:
It's solid stone.

language observation:
dark area near northeast, east, and west
stairs up near northnorthwest
dark area adjacent north, southeast, south, southwest, and northwest

cursor:
Yourself a barbarian
(x=39, y=14)

map:
                                                                                
                                                                                
                                                                                
                                                                                
                                                                                
                                                                                
                                                                                
                                      . .                                       
                                      . .                                       
                                    ... .                                       
                                    . < .                                       
                                    . . ..                                      
                                    .   .                                       
                                    ...@...                                     
                                                                                
                                                                                
                                                                                
                                                                                
                                                                                
                                                                                
                                                                                
Agent the Plunderer            St:18/01 Dx:18 Co:18 In:7 Wi:7 Ch:6 Neutral S:0  
Dlvl:1 $:0 HP:16(16) Pw:2(2) AC:7 Xp:1/0                                        

",-0.01,False
20,west,,"message:


language observation:
stairs up near north
dark area near east and west
dark area adjacent north, northeast, southeast, south, southwest, and northwest

cursor:
Yourself a barbarian
(x=38, y=14)

map:
                                                                                
                                                                                
                                                                                
                                                                                
                                                                                
                                                                                
                                                                                
                                      . .                                       
                                      . .                                       
                                    ... .                                       
                                    . < .                                       
                                    . . ..                                      
                                    .   .                                       
                                    ..@....                                     
                                                                                
                                                                                
                                                                                
                                                                                
                                                                                
                                                                                
                                                                                
Agent the Plunderer            St:18/01 Dx:18 Co:18 In:7 Wi:7 Ch:6 Neutral S:0  
Dlvl:1 $:0 HP:16(16) Pw:2(2) AC:7 Xp:1/0                                        

",0.0,False
21,north,,"message:
It's solid stone.

language observation:
stairs up near north
dark area near east and west
dark area adjacent north, northeast, southeast, south, southwest, and northwest

cursor:
Yourself a barbarian
(x=38, y=14)

map:
                                                                                
                                                                                
                                                                                
                                                                                
                                                                                
                                                                                
                                                                                
                                      . .                                       
                                      . .                                       
                                    ... .                                       
                                    . < .                                       
                                    . . ..                                      
                                    .   .                                       
                                    ..@....                                     
                                                                                
                                                                                
                                                                                
                                                                                
                                                                                
                                                                                
                                                                                
Agent the Plunderer            St:18/01 Dx:18 Co:18 In:7 Wi:7 Ch:6 Neutral S:0  
Dlvl:1 $:0 HP:16(16) Pw:2(2) AC:7 Xp:1/0                                        

",-0.01,False
22,west,,"message:


language observation:
dark area far east
stairs up near northnortheast
dark area very near west and northwest
dark area adjacent north, northeast, southeast, south, and southwest

cursor:
Yourself a barbarian
(x=37, y=14)

map:
                                                                                
                                                                                
                                                                                
                                                                                
                                                                                
                                                                                
                                                                                
                                      . .                                       
                                      . .                                       
                                    ... .                                       
                                    . < .                                       
                                    . . ..                                      
                                    .   .                                       
                                    .@.....                                     
                                                                                
                                                                                
                                                                                
                                                                                
                                                                                
                                                                                
                                                                                
Agent the Plunderer            St:18/01 Dx:18 Co:18 In:7 Wi:7 Ch:6 Neutral S:0  
Dlvl:1 $:0 HP:16(16) Pw:2(2) AC:7 Xp:1/0                                        

",0.0,False
23,east,,"message:


language observation:
stairs up near north
dark area near east and west
dark area adjacent north, northeast, southeast, south, southwest, and northwest

cursor:
Yourself a barbarian
(x=38, y=14)

map:
                                                                                
                                                                                
                                                                                
                                                                                
                                                                                
                                                                                
                                                                                
                                      . .                                       
                                      . .                                       
                                    ... .                                       
                                    . < .                                       
                                    . . ..                                      
                                    .   .                                       
                                    ..@....                                     
                                                                                
                                                                                
                                                                                
                                                                                
                                                                                
                                                                                
                                                                                
Agent the Plunderer            St:18/01 Dx:18 Co:18 In:7 Wi:7 Ch:6 Neutral S:0  
Dlvl:1 $:0 HP:16(16) Pw:2(2) AC:7 Xp:1/0                                        

",0.0,False
24,west,,"message:


language observation:
dark area far east
stairs up near northnortheast
dark area very near west and northwest
dark area adjacent north, northeast, southeast, south, and southwest

cursor:
Yourself a barbarian
(x=37, y=14)

map:
                                                                                
                                                                                
                                                                                
                                                                                
                                                                                
                                                                                
                                                                                
                                      . .                                       
                                      . .                                       
                                    ... .                                       
                                    . < .                                       
                                    . . ..                                      
                                    .   .                                       
                                    .@.....                                     
                                                                                
                                                                                
                                                                                
                                                                                
                                                                                
                                                                                
                                                                                
Agent the Plunderer            St:18/01 Dx:18 Co:18 In:7 Wi:7 Ch:6 Neutral S:0  
Dlvl:1 $:0 HP:16(16) Pw:2(2) AC:7 Xp:1/0                                        

",0.0,False
25,north,,"message:
It's solid stone.

language observation:
dark area far east
stairs up near northnortheast
dark area very near west and northwest
dark area adjacent north, northeast, southeast, south, and southwest

cursor:
Yourself a barbarian
(x=37, y=14)

map:
                                                                                
                                                                                
                                                                                
                                                                                
                                                                                
                                                                                
                                                                                
                                      . .                                       
                                      . .                                       
                                    ... .                                       
                                    . < .                                       
                                    . . ..                                      
                                    .   .                                       
                                    .@.....                                     
                                                                                
                                                                                
                                                                                
                                                                                
                                                                                
                                                                                
                                                                                
Agent the Plunderer            St:18/01 Dx:18 Co:18 In:7 Wi:7 Ch:6 Neutral S:0  
Dlvl:1 $:0 HP:16(16) Pw:2(2) AC:7 Xp:1/0                                        

",-0.01,False
26,west,,"message:


language observation:
dark area far east
dark area near north
stairs up near northnortheast
dark area adjacent northeast, southeast, south, southwest, west, and northwest

cursor:
Yourself a barbarian
(x=36, y=14)

map:
                                                                                
                                                                                
                                                                                
                                                                                
                                                                                
                                                                                
                                                                                
                                      . .                                       
                                      . .                                       
                                    ... .                                       
                                    . < .                                       
                                    . . ..                                      
                                    .   .                                       
                                    @......                                     
                                                                                
                                                                                
                                                                                
                                                                                
                                                                                
                                                                                
                                                                                
Agent the Plunderer            St:18/01 Dx:18 Co:18 In:7 Wi:7 Ch:6 Neutral S:0  
Dlvl:1 $:0 HP:16(16) Pw:2(2) AC:7 Xp:1/0                                        

",0.0,False
27,north,,"message:


language observation:
dark area near north
stairs up very near northeast
dark area very near southeast and south
dark area adjacent northeast, east, southwest, west, and northwest

cursor:
Yourself a barbarian
(x=36, y=13)

map:
                                                                                
                                                                                
                                                                                
                                                                                
                                                                                
                                                                                
                                                                                
                                      . .                                       
                                      . .                                       
                                    ... .                                       
                                    . < .                                       
                                    . . ..                                      
                                    @   .                                       
                                    .......                                     
                                                                                
                                                                                
                                                                                
                                                                                
                                                                                
                                                                                
                                                                                
Agent the Plunderer            St:18/01 Dx:18 Co:18 In:7 Wi:7 Ch:6 Neutral S:0  
Dlvl:1 $:0 HP:16(16) Pw:2(2) AC:7 Xp:1/0                                        

",0.0,False
28,north,,"message:


language observation:
dark area near north and south
stairs up very near eastnortheast
dark area adjacent northeast, east, southeast, southwest, west, and northwest

cursor:
Yourself a barbarian
(x=36, y=12)

map:
                                                                                
                                                                                
                                                                                
                                                                                
                                                                                
                                                                                
                                                                                
                                      . .                                       
                                      . .                                       
                                    ... .                                       
                                    . < .                                       
                                    @ . ..                                      
                                    .   .                                       
                                    .......                                     
                                                                                
                                                                                
                                                                                
                                                                                
                                                                                
                                                                                
                                                                                
Agent the Plunderer            St:18/01 Dx:18 Co:18 In:7 Wi:7 Ch:6 Neutral S:0  
Dlvl:1 $:0 HP:16(16) Pw:2(2) AC:7 Xp:1/0                                        

",0.0,False
29,north,,"message:


language observation:
dark area near northeast and south
dark area very near north
stairs up very near east
dark area adjacent east, southeast, southwest, west, and northwest

cursor:
Yourself a barbarian
(x=36, y=11)

map:
                                                                                
                                                                                
                                                                                
                                                                                
                                                                                
                                                                                
                                                                                
                                      . .                                       
                                      . .                                       
                                    ... .                                       
                                    @ < .                                       
                                    . . ..                                      
                                    .   .                                       
                                    .......                                     
                                                                                
                                                                                
                                                                                
                                                                                
                                                                                
                                                                                
                                                                                
Agent the Plunderer            St:18/01 Dx:18 Co:18 In:7 Wi:7 Ch:6 Neutral S:0  
Dlvl:1 $:0 HP:16(16) Pw:2(2) AC:7 Xp:1/0                                        

",0.0,False
30,north,,"message:


language observation:
dark area near east and south
stairs up very near eastsoutheast
dark area adjacent north, northeast, southeast, southwest, west, and northwest

cursor:
Yourself a barbarian
(x=36, y=10)

map:
                                                                                
                                                                                
                                                                                
                                                                                
                                                                                
                                                                                
                                                                                
                                      . .                                       
                                      . .                                       
                                    @.. .                                       
                                    . < .                                       
                                    . . ..                                      
                                    .   .                                       
                                    .......                                     
                                                                                
                                                                                
                                                                                
                                                                                
                                                                                
                                                                                
                                                                                
Agent the Plunderer            St:18/01 Dx:18 Co:18 In:7 Wi:7 Ch:6 Neutral S:0  
Dlvl:1 $:0 HP:16(16) Pw:2(2) AC:7 Xp:1/0                                        

",0.0,False
31,north,,"message:
It's solid stone.

language observation:
dark area near east and south
stairs up very near eastsoutheast
dark area adjacent north, northeast, southeast, southwest, west, and northwest

cursor:
Yourself a barbarian
(x=36, y=10)

map:
                                                                                
                                                                                
                                                                                
                                                                                
                                                                                
                                                                                
                                                                                
                                      . .                                       
                                      . .                                       
                                    @.. .                                       
                                    . < .                                       
                                    . . ..                                      
                                    .   .                                       
                                    .......                                     
                                                                                
                                                                                
                                                                                
                                                                                
                                                                                
                                                                                
                                                                                
Agent the Plunderer            St:18/01 Dx:18 Co:18 In:7 Wi:7 Ch:6 Neutral S:0  
Dlvl:1 $:0 HP:16(16) Pw:2(2) AC:7 Xp:1/0                                        

",-0.01,False
32,east,,"message:


language observation:
dark area very near northeast, east, southeast, southwest, and west
dark area adjacent north, south, and northwest
stairs up adjacent southeast

cursor:
Yourself a barbarian
(x=37, y=10)

map:
                                                                                
                                                                                
                                                                                
                                                                                
                                                                                
                                                                                
                                                                                
                                      . .                                       
                                      . .                                       
                                    .@. .                                       
                                    . < .                                       
                                    . . ..                                      
                                    .   .                                       
                                    .......                                     
                                                                                
                                                                                
                                                                                
                                                                                
                                                                                
                                                                                
                                                                                
Agent the Plunderer            St:18/01 Dx:18 Co:18 In:7 Wi:7 Ch:6 Neutral S:0  
Dlvl:1 $:0 HP:16(16) Pw:2(2) AC:7 Xp:1/0                                        

",0.0,False
33,southeast,,"message:


language observation:
dark area near north
dark area very near south and northwest
dark area adjacent northeast, east, southeast, southwest, and west

cursor:
Yourself a barbarian
(x=38, y=11)

map:
                                                                                
                                                                                
                                                                                
                                                                                
                                                                                
                                                                                
                                                                                
                                      . .                                       
                                      . .                                       
                                    ... .                                       
                                    . @ .                                       
                                    . . ..                                      
                                    .   .                                       
                                    .......                                     
                                                                                
                                                                                
                                                                                
                                                                                
                                                                                
                                                                                
                                                                                
Agent the Plunderer            St:18/01 Dx:18 Co:18 In:7 Wi:7 Ch:6 Neutral S:0  
Dlvl:1 $:0 HP:16(16) Pw:2(2) AC:7 Xp:1/0                                        

",0.0,False
34,west,,"message:
It's solid stone.

language observation:
dark area near north
dark area very near south and northwest
dark area adjacent northeast, east, southeast, southwest, and west

cursor:
Yourself a barbarian
(x=38, y=11)

map:
                                                                                
                                                                                
                                                                                
                                                                                
                                                                                
                                                                                
                                                                                
                                      . .                                       
                                      . .                                       
                                    ... .                                       
                                    . @ .                                       
                                    . . ..                                      
                                    .   .                                       
                                    .......                                     
                                                                                
                                                                                
                                                                                
                                                                                
                                                                                
                                                                                
                                                                                
Agent the Plunderer            St:18/01 Dx:18 Co:18 In:7 Wi:7 Ch:6 Neutral S:0  
Dlvl:1 $:0 HP:16(16) Pw:2(2) AC:7 Xp:1/0                                        

",-0.01,False
35,east,,"message:
It's solid stone.

language observation:
dark area near north
dark area very near south and northwest
dark area adjacent northeast, east, southeast, southwest, and west

cursor:
Yourself a barbarian
(x=38, y=11)

map:
                                                                                
                                                                                
                                                                                
                                                                                
                                                                                
                                                                                
                                                                                
                                      . .                                       
                                      . .                                       
                                    ... .                                       
                                    . @ .                                       
                                    . . ..                                      
                                    .   .                                       
                                    .......                                     
                                                                                
                                                                                
                                                                                
                                                                                
                                                                                
                                                                                
                                                                                
Agent the Plunderer            St:18/01 Dx:18 Co:18 In:7 Wi:7 Ch:6 Neutral S:0  
Dlvl:1 $:0 HP:16(16) Pw:2(2) AC:7 Xp:1/0                                        

",-0.01,False
36,south,,"message:


language observation:
dark area near north
stairs up adjacent north
dark area adjacent northeast, east, southeast, south, southwest, west, and northwest

cursor:
Yourself a barbarian
(x=38, y=12)

map:
                                                                                
                                                                                
                                                                                
                                                                                
                                                                                
                                                                                
                                                                                
                                      . .                                       
                                      . .                                       
                                    ... .                                       
                                    . < .                                       
                                    . @ ..                                      
                                    .   .                                       
                                    .......                                     
                                                                                
                                                                                
                                                                                
                                                                                
                                                                                
                                                                                
                                                                                
Agent the Plunderer            St:18/01 Dx:18 Co:18 In:7 Wi:7 Ch:6 Neutral S:0  
Dlvl:1 $:0 HP:16(16) Pw:2(2) AC:7 Xp:1/0                                        

",0.0,False
37,north,,"message:


language observation:
dark area near north
dark area very near south and northwest
dark area adjacent northeast, east, southeast, southwest, and west

cursor:
Yourself a barbarian
(x=38, y=11)

map:
                                                                                
                                                                                
                                                                                
                                                                                
                                                                                
                                                                                
                                                                                
                                      . .                                       
                                      . .                                       
                                    ... .                                       
                                    . @ .                                       
                                    . . ..                                      
                                    .   .                                       
                                    .......                                     
                                                                                
                                                                                
                                                                                
                                                                                
                                                                                
                                                                                
                                                                                
Agent the Plunderer            St:18/01 Dx:18 Co:18 In:7 Wi:7 Ch:6 Neutral S:0  
Dlvl:1 $:0 HP:16(16) Pw:2(2) AC:7 Xp:1/0                                        

",0.0,False
38,south,,"message:


language observation:
dark area near north
stairs up adjacent north
dark area adjacent northeast, east, southeast, south, southwest, west, and northwest

cursor:
Yourself a barbarian
(x=38, y=12)

map:
                                                                                
                                                                                
                                                                                
                                                                                
                                                                                
                                                                                
                                                                                
                                      . .                                       
                                      . .                                       
                                    ... .                                       
                                    . < .                                       
                                    . @ ..                                      
                                    .   .                                       
                                    .......                                     
                                                                                
                                                                                
                                                                                
                                                                                
                                                                                
                                                                                
                                                                                
Agent the Plunderer            St:18/01 Dx:18 Co:18 In:7 Wi:7 Ch:6 Neutral S:0  
Dlvl:1 $:0 HP:16(16) Pw:2(2) AC:7 Xp:1/0                                        

",0.0,False
39,north,,"message:


language observation:
dark area near north
dark area very near south and northwest
dark area adjacent northeast, east, southeast, southwest, and west

cursor:
Yourself a barbarian
(x=38, y=11)

map:
                                                                                
                                                                                
                                                                                
                                                                                
                                                                                
                                                                                
                                                                                
                                      . .                                       
                                      . .                                       
                                    ... .                                       
                                    . @ .                                       
                                    . . ..                                      
                                    .   .                                       
                                    .......                                     
                                                                                
                                                                                
                                                                                
                                                                                
                                                                                
                                                                                
                                                                                
Agent the Plunderer            St:18/01 Dx:18 Co:18 In:7 Wi:7 Ch:6 Neutral S:0  
Dlvl:1 $:0 HP:16(16) Pw:2(2) AC:7 Xp:1/0                                        

",0.0,False
40,north,,"message:


language observation:
dark area near north, south, and west
dark area adjacent northeast, east, southeast, southwest, and northwest
stairs up adjacent south

cursor:
Yourself a barbarian
(x=38, y=10)

map:
                                                                                
                                                                                
                                                                                
                                                                                
                                                                                
                                                                                
                                                                                
                                      . .                                       
                                      . .                                       
                                    ..@ .                                       
                                    . < .                                       
                                    . . ..                                      
                                    .   .                                       
                                    .......                                     
                                                                                
                                                                                
                                                                                
                                                                                
                                                                                
                                                                                
                                                                                
Agent the Plunderer            St:18/01 Dx:18 Co:18 In:7 Wi:7 Ch:6 Neutral S:0  
Dlvl:1 $:0 HP:16(16) Pw:2(2) AC:7 Xp:1/0                                        

",0.0,False
41,south,,"message:


language observation:
dark area near north
dark area very near south and northwest
dark area adjacent northeast, east, southeast, southwest, and west

cursor:
Yourself a barbarian
(x=38, y=11)

map:
                                                                                
                                                                                
                                                                                
                                                                                
                                                                                
                                                                                
                                                                                
                                      . .                                       
                                      . .                                       
                                    ... .                                       
                                    . @ .                                       
                                    . . ..                                      
                                    .   .                                       
                                    .......                                     
                                                                                
                                                                                
                                                                                
                                                                                
                                                                                
                                                                                
                                                                                
Agent the Plunderer            St:18/01 Dx:18 Co:18 In:7 Wi:7 Ch:6 Neutral S:0  
Dlvl:1 $:0 HP:16(16) Pw:2(2) AC:7 Xp:1/0                                        

",0.0,False
42,north,,"message:


language observation:
dark area near north, south, and west
dark area adjacent northeast, east, southeast, southwest, and northwest
stairs up adjacent south

cursor:
Yourself a barbarian
(x=38, y=10)

map:
                                                                                
                                                                                
                                                                                
                                                                                
                                                                                
                                                                                
                                                                                
                                      . .                                       
                                      . .                                       
                                    ..@ .                                       
                                    . < .                                       
                                    . . ..                                      
                                    .   .                                       
                                    .......                                     
                                                                                
                                                                                
                                                                                
                                                                                
                                                                                
                                                                                
                                                                                
Agent the Plunderer            St:18/01 Dx:18 Co:18 In:7 Wi:7 Ch:6 Neutral S:0  
Dlvl:1 $:0 HP:16(16) Pw:2(2) AC:7 Xp:1/0                                        

",0.0,False
43,south,,"message:


language observation:
dark area near north
dark area very near south and northwest
dark area adjacent northeast, east, southeast, southwest, and west

cursor:
Yourself a barbarian
(x=38, y=11)

map:
                                                                                
                                                                                
                                                                                
                                                                                
                                                                                
                                                                                
                                                                                
                                      . .                                       
                                      . .                                       
                                    ... .                                       
                                    . @ .                                       
                                    . . ..                                      
                                    .   .                                       
                                    .......                                     
                                                                                
                                                                                
                                                                                
                                                                                
                                                                                
                                                                                
                                                                                
Agent the Plunderer            St:18/01 Dx:18 Co:18 In:7 Wi:7 Ch:6 Neutral S:0  
Dlvl:1 $:0 HP:16(16) Pw:2(2) AC:7 Xp:1/0                                        

",0.0,False
44,south,,"message:


language observation:
dark area near north
stairs up adjacent north
dark area adjacent northeast, east, southeast, south, southwest, west, and northwest

cursor:
Yourself a barbarian
(x=38, y=12)

map:
                                                                                
                                                                                
                                                                                
                                                                                
                                                                                
                                                                                
                                                                                
                                      . .                                       
                                      . .                                       
                                    ... .                                       
                                    . < .                                       
                                    . @ ..                                      
                                    .   .                                       
                                    .......                                     
                                                                                
                                                                                
                                                                                
                                                                                
                                                                                
                                                                                
                                                                                
Agent the Plunderer            St:18/01 Dx:18 Co:18 In:7 Wi:7 Ch:6 Neutral S:0  
Dlvl:1 $:0 HP:16(16) Pw:2(2) AC:7 Xp:1/0                                        

",0.0,False
45,south,,"message:
It's solid stone.

language observation:
dark area near north
stairs up adjacent north
dark area adjacent northeast, east, southeast, south, southwest, west, and northwest

cursor:
Yourself a barbarian
(x=38, y=12)

map:
                                                                                
                                                                                
                                                                                
                                                                                
                                                                                
                                                                                
                                                                                
                                      . .                                       
                                      . .                                       
                                    ... .                                       
                                    . < .                                       
                                    . @ ..                                      
                                    .   .                                       
                                    .......                                     
                                                                                
                                                                                
                                                                                
                                                                                
                                                                                
                                                                                
                                                                                
Agent the Plunderer            St:18/01 Dx:18 Co:18 In:7 Wi:7 Ch:6 Neutral S:0  
Dlvl:1 $:0 HP:16(16) Pw:2(2) AC:7 Xp:1/0                                        

",-0.01,False
46,north,,"message:


language observation:
dark area near north
dark area very near south and northwest
dark area adjacent northeast, east, southeast, southwest, and west

cursor:
Yourself a barbarian
(x=38, y=11)

map:
                                                                                
                                                                                
                                                                                
                                                                                
                                                                                
                                                                                
                                                                                
                                      . .                                       
                                      . .                                       
                                    ... .                                       
                                    . @ .                                       
                                    . . ..                                      
                                    .   .                                       
                                    .......                                     
                                                                                
                                                                                
                                                                                
                                                                                
                                                                                
                                                                                
                                                                                
Agent the Plunderer            St:18/01 Dx:18 Co:18 In:7 Wi:7 Ch:6 Neutral S:0  
Dlvl:1 $:0 HP:16(16) Pw:2(2) AC:7 Xp:1/0                                        

",0.0,False
47,north,,"message:


language observation:
dark area near north, south, and west
dark area adjacent northeast, east, southeast, southwest, and northwest
stairs up adjacent south

cursor:
Yourself a barbarian
(x=38, y=10)

map:
                                                                                
                                                                                
                                                                                
                                                                                
                                                                                
                                                                                
                                                                                
                                      . .                                       
                                      . .                                       
                                    ..@ .                                       
                                    . < .                                       
                                    . . ..                                      
                                    .   .                                       
                                    .......                                     
                                                                                
                                                                                
                                                                                
                                                                                
                                                                                
                                                                                
                                                                                
Agent the Plunderer            St:18/01 Dx:18 Co:18 In:7 Wi:7 Ch:6 Neutral S:0  
Dlvl:1 $:0 HP:16(16) Pw:2(2) AC:7 Xp:1/0                                        

",0.0,False
48,north,,"message:


language observation:
dark area near south and southwest
dark area very near north and northwest
stairs up very near south
dark area adjacent northeast, east, southeast, and west

cursor:
Yourself a barbarian
(x=38, y=9)

map:
                                                                                
                                                                                
                                                                                
                                                                                
                                                                                
                                                                                
                                                                                
                                    ... .                                       
                                      @ .                                       
                                    ... .                                       
                                    . < .                                       
                                    . . ..                                      
                                    .   .                                       
                                    .......                                     
                                                                                
                                                                                
                                                                                
                                                                                
                                                                                
                                                                                
                                                                                
Agent the Plunderer            St:18/01 Dx:18 Co:18 In:7 Wi:7 Ch:6 Neutral S:0  
Dlvl:1 $:0 HP:16(16) Pw:2(2) AC:7 Xp:1/0                                        

",0.0,False
49,north,,"message:


language observation:
stairs up near south
dark area near south and west
dark area adjacent north, northeast, east, southeast, southwest, and northwest

cursor:
Yourself a barbarian
(x=38, y=8)

map:
                                                                                
                                                                                
                                                                                
                                                                                
                                                                                
                                                                                
                                                                                
                                    ..@ .                                       
                                      . .                                       
                                    ... .                                       
                                    . < .                                       
                                    . . ..                                      
                                    .   .                                       
                                    .......                                     
                                                                                
                                                                                
                                                                                
                                                                                
                                                                                
                                                                                
                                                                                
Agent the Plunderer            St:18/01 Dx:18 Co:18 In:7 Wi:7 Ch:6 Neutral S:0  
Dlvl:1 $:0 HP:16(16) Pw:2(2) AC:7 Xp:1/0                                        

",0.0,False
50,west,,"message:


language observation:
stairs up near southsoutheast
dark area very near east, southeast, and west
dark area adjacent north, northeast, south, southwest, and northwest

cursor:
Yourself a barbarian
(x=37, y=8)

map:
                                                                                
                                                                                
                                                                                
                                                                                
                                                                                
                                                                                
                                                                                
                                    .@. .                                       
                                      . .                                       
                                    ... .                                       
                                    . < .                                       
                                    . . ..                                      
                                    .   .                                       
                                    .......                                     
                                                                                
                                                                                
                                                                                
                                                                                
                                                                                
                                                                                
                                                                                
Agent the Plunderer            St:18/01 Dx:18 Co:18 In:7 Wi:7 Ch:6 Neutral S:0  
Dlvl:1 $:0 HP:16(16) Pw:2(2) AC:7 Xp:1/0                                        

",0.0,False
51,west,,"message:


language observation:
dark area near east
stairs up near southsoutheast
dark area adjacent north, northeast, southeast, south, southwest, west, and northwest

cursor:
Yourself a barbarian
(x=36, y=8)

map:
                                                                                
                                                                                
                                                                                
                                                                                
                                                                                
                                                                                
                                                                                
                                    @.. .                                       
                                      . .                                       
                                    ... .                                       
                                    . < .                                       
                                    . . ..                                      
                                    .   .                                       
                                    .......                                     
                                                                                
                                                                                
                                                                                
                                                                                
                                                                                
                                                                                
                                                                                
Agent the Plunderer            St:18/01 Dx:18 Co:18 In:7 Wi:7 Ch:6 Neutral S:0  
Dlvl:1 $:0 HP:16(16) Pw:2(2) AC:7 Xp:1/0                                        

",0.0,False
52,west,,"message:
It's solid stone.

language observation:
dark area near east
stairs up near southsoutheast
dark area adjacent north, northeast, southeast, south, southwest, west, and northwest

cursor:
Yourself a barbarian
(x=36, y=8)

map:
                                                                                
                                                                                
                                                                                
                                                                                
                                                                                
                                                                                
                                                                                
                                    @.. .                                       
                                      . .                                       
                                    ... .                                       
                                    . < .                                       
                                    . . ..                                      
                                    .   .                                       
                                    .......                                     
                                                                                
                                                                                
                                                                                
                                                                                
                                                                                
                                                                                
                                                                                
Agent the Plunderer            St:18/01 Dx:18 Co:18 In:7 Wi:7 Ch:6 Neutral S:0  
Dlvl:1 $:0 HP:16(16) Pw:2(2) AC:7 Xp:1/0                                        

",-0.01,False
53,east,,"message:


language observation:
stairs up near southsoutheast
dark area very near east, southeast, and west
dark area adjacent north, northeast, south, southwest, and northwest

cursor:
Yourself a barbarian
(x=37, y=8)

map:
                                                                                
                                                                                
                                                                                
                                                                                
                                                                                
                                                                                
                                                                                
                                    .@. .                                       
                                      . .                                       
                                    ... .                                       
                                    . < .                                       
                                    . . ..                                      
                                    .   .                                       
                                    .......                                     
                                                                                
                                                                                
                                                                                
                                                                                
                                                                                
                                                                                
                                                                                
Agent the Plunderer            St:18/01 Dx:18 Co:18 In:7 Wi:7 Ch:6 Neutral S:0  
Dlvl:1 $:0 HP:16(16) Pw:2(2) AC:7 Xp:1/0                                        

",0.0,False
54,east,,"message:


language observation:
stairs up near south
dark area near south and west
dark area adjacent north, northeast, east, southeast, southwest, and northwest

cursor:
Yourself a barbarian
(x=38, y=8)

map:
                                                                                
                                                                                
                                                                                
                                                                                
                                                                                
                                                                                
                                                                                
                                    ..@ .                                       
                                      . .                                       
                                    ... .                                       
                                    . < .                                       
                                    . . ..                                      
                                    .   .                                       
                                    .......                                     
                                                                                
                                                                                
                                                                                
                                                                                
                                                                                
                                                                                
                                                                                
Agent the Plunderer            St:18/01 Dx:18 Co:18 In:7 Wi:7 Ch:6 Neutral S:0  
Dlvl:1 $:0 HP:16(16) Pw:2(2) AC:7 Xp:1/0                                        

",0.0,False
55,east,,"message:
It's solid stone.

language observation:
stairs up near south
dark area near south and west
dark area adjacent north, northeast, east, southeast, southwest, and northwest

cursor:
Yourself a barbarian
(x=38, y=8)

map:
                                                                                
                                                                                
                                                                                
                                                                                
                                                                                
                                                                                
                                                                                
                                    ..@ .                                       
                                      . .                                       
                                    ... .                                       
                                    . < .                                       
                                    . . ..                                      
                                    .   .                                       
                                    .......                                     
                                                                                
                                                                                
                                                                                
                                                                                
                                                                                
                                                                                
                                                                                
Agent the Plunderer            St:18/01 Dx:18 Co:18 In:7 Wi:7 Ch:6 Neutral S:0  
Dlvl:1 $:0 HP:16(16) Pw:2(2) AC:7 Xp:1/0                                        

",-0.01,False
56,north,,"message:
It's solid stone.

language observation:
stairs up near south
dark area near south and west
dark area adjacent north, northeast, east, southeast, southwest, and northwest

cursor:
Yourself a barbarian
(x=38, y=8)

map:
                                                                                
                                                                                
                                                                                
                                                                                
                                                                                
                                                                                
                                                                                
                                    ..@ .                                       
                                      . .                                       
                                    ... .                                       
                                    . < .                                       
                                    . . ..                                      
                                    .   .                                       
                                    .......                                     
                                                                                
                                                                                
                                                                                
                                                                                
                                                                                
                                                                                
                                                                                
Agent the Plunderer            St:18/01 Dx:18 Co:18 In:7 Wi:7 Ch:6 Neutral S:0  
Dlvl:1 $:0 HP:16(16) Pw:2(2) AC:7 Xp:1/0                                        

",-0.01,False
57,south,,"message:


language observation:
dark area near south and southwest
dark area very near north and northwest
stairs up very near south
dark area adjacent northeast, east, southeast, and west

cursor:
Yourself a barbarian
(x=38, y=9)

map:
                                                                                
                                                                                
                                                                                
                                                                                
                                                                                
                                                                                
                                                                                
                                    ... .                                       
                                      @ .                                       
                                    ... .                                       
                                    . < .                                       
                                    . . ..                                      
                                    .   .                                       
                                    .......                                     
                                                                                
                                                                                
                                                                                
                                                                                
                                                                                
                                                                                
                                                                                
Agent the Plunderer            St:18/01 Dx:18 Co:18 In:7 Wi:7 Ch:6 Neutral S:0  
Dlvl:1 $:0 HP:16(16) Pw:2(2) AC:7 Xp:1/0                                        

",0.0,False
58,north,,"message:


language observation:
stairs up near south
dark area near south and west
dark area adjacent north, northeast, east, southeast, southwest, and northwest

cursor:
Yourself a barbarian
(x=38, y=8)

map:
                                                                                
                                                                                
                                                                                
                                                                                
                                                                                
                                                                                
                                                                                
                                    ..@ .                                       
                                      . .                                       
                                    ... .                                       
                                    . < .                                       
                                    . . ..                                      
                                    .   .                                       
                                    .......                                     
                                                                                
                                                                                
                                                                                
                                                                                
                                                                                
                                                                                
                                                                                
Agent the Plunderer            St:18/01 Dx:18 Co:18 In:7 Wi:7 Ch:6 Neutral S:0  
Dlvl:1 $:0 HP:16(16) Pw:2(2) AC:7 Xp:1/0                                        

",0.0,False
59,northeast,,"message:
It's solid stone.

language observation:
stairs up near south
dark area near south and west
dark area adjacent north, northeast, east, southeast, southwest, and northwest

cursor:
Yourself a barbarian
(x=38, y=8)

map:
                                                                                
                                                                                
                                                                                
                                                                                
                                                                                
                                                                                
                                                                                
                                    ..@ .                                       
                                      . .                                       
                                    ... .                                       
                                    . < .                                       
                                    . . ..                                      
                                    .   .                                       
                                    .......                                     
                                                                                
                                                                                
                                                                                
                                                                                
                                                                                
                                                                                
                                                                                
Agent the Plunderer            St:18/01 Dx:18 Co:18 In:7 Wi:7 Ch:6 Neutral S:0  
Dlvl:1 $:0 HP:16(16) Pw:2(2) AC:7 Xp:1/0                                        

",-0.01,False
60,south,,"message:


language observation:
dark area near south and southwest
dark area very near north and northwest
stairs up very near south
dark area adjacent northeast, east, southeast, and west

cursor:
Yourself a barbarian
(x=38, y=9)

map:
                                                                                
                                                                                
                                                                                
                                                                                
                                                                                
                                                                                
                                                                                
                                    ... .                                       
                                      @ .                                       
                                    ... .                                       
                                    . < .                                       
                                    . . ..                                      
                                    .   .                                       
                                    .......                                     
                                                                                
                                                                                
                                                                                
                                                                                
                                                                                
                                                                                
                                                                                
Agent the Plunderer            St:18/01 Dx:18 Co:18 In:7 Wi:7 Ch:6 Neutral S:0  
Dlvl:1 $:0 HP:16(16) Pw:2(2) AC:7 Xp:1/0                                        

",0.0,False
61,south,,"message:


language observation:
dark area near north, south, and west
dark area adjacent northeast, east, southeast, southwest, and northwest
stairs up adjacent south

cursor:
Yourself a barbarian
(x=38, y=10)

map:
                                                                                
                                                                                
                                                                                
                                                                                
                                                                                
                                                                                
                                                                                
                                    ... .                                       
                                      . .                                       
                                    ..@ .                                       
                                    . < .                                       
                                    . . ..                                      
                                    .   .                                       
                                    .......                                     
                                                                                
                                                                                
                                                                                
                                                                                
                                                                                
                                                                                
                                                                                
Agent the Plunderer            St:18/01 Dx:18 Co:18 In:7 Wi:7 Ch:6 Neutral S:0  
Dlvl:1 $:0 HP:16(16) Pw:2(2) AC:7 Xp:1/0                                        

",0.0,False
62,west,,"message:


language observation:
dark area very near northeast, east, southeast, southwest, and west
dark area adjacent north, south, and northwest
stairs up adjacent southeast

cursor:
Yourself a barbarian
(x=37, y=10)

map:
                                                                                
                                                                                
                                                                                
                                                                                
                                                                                
                                                                                
                                                                                
                                    ... .                                       
                                      . .                                       
                                    .@. .                                       
                                    . < .                                       
                                    . . ..                                      
                                    .   .                                       
                                    .......                                     
                                                                                
                                                                                
                                                                                
                                                                                
                                                                                
                                                                                
                                                                                
Agent the Plunderer            St:18/01 Dx:18 Co:18 In:7 Wi:7 Ch:6 Neutral S:0  
Dlvl:1 $:0 HP:16(16) Pw:2(2) AC:7 Xp:1/0                                        

",0.0,False
63,southeast,,"message:


language observation:
dark area near north
dark area very near south and northwest
dark area adjacent northeast, east, southeast, southwest, and west

cursor:
Yourself a barbarian
(x=38, y=11)

map:
                                                                                
                                                                                
                                                                                
                                                                                
                                                                                
                                                                                
                                                                                
                                    ... .                                       
                                      . .                                       
                                    ... .                                       
                                    . @ .                                       
                                    . . ..                                      
                                    .   .                                       
                                    .......                                     
                                                                                
                                                                                
                                                                                
                                                                                
                                                                                
                                                                                
                                                                                
Agent the Plunderer            St:18/01 Dx:18 Co:18 In:7 Wi:7 Ch:6 Neutral S:0  
Dlvl:1 $:0 HP:16(16) Pw:2(2) AC:7 Xp:1/0                                        

",0.0,False
64,south,,"message:


language observation:
dark area near north
stairs up adjacent north
dark area adjacent northeast, east, southeast, south, southwest, west, and northwest

cursor:
Yourself a barbarian
(x=38, y=12)

map:
                                                                                
                                                                                
                                                                                
                                                                                
                                                                                
                                                                                
                                                                                
                                    ... .                                       
                                      . .                                       
                                    ... .                                       
                                    . < .                                       
                                    . @ ..                                      
                                    .   .                                       
                                    .......                                     
                                                                                
                                                                                
                                                                                
                                                                                
                                                                                
                                                                                
                                                                                
Agent the Plunderer            St:18/01 Dx:18 Co:18 In:7 Wi:7 Ch:6 Neutral S:0  
Dlvl:1 $:0 HP:16(16) Pw:2(2) AC:7 Xp:1/0                                        

",0.0,False
65,south,,"message:
It's solid stone.

language observation:
dark area near north
stairs up adjacent north
dark area adjacent northeast, east, southeast, south, southwest, west, and northwest

cursor:
Yourself a barbarian
(x=38, y=12)

map:
                                                                                
                                                                                
                                                                                
                                                                                
                                                                                
                                                                                
                                                                                
                                    ... .                                       
                                      . .                                       
                                    ... .                                       
                                    . < .                                       
                                    . @ ..                                      
                                    .   .                                       
                                    .......                                     
                                                                                
                                                                                
                                                                                
                                                                                
                                                                                
                                                                                
                                                                                
Agent the Plunderer            St:18/01 Dx:18 Co:18 In:7 Wi:7 Ch:6 Neutral S:0  
Dlvl:1 $:0 HP:16(16) Pw:2(2) AC:7 Xp:1/0                                        

",-0.01,False
66,east,,"message:
It's solid stone.

language observation:
dark area near north
stairs up adjacent north
dark area adjacent northeast, east, southeast, south, southwest, west, and northwest

cursor:
Yourself a barbarian
(x=38, y=12)

map:
                                                                                
                                                                                
                                                                                
                                                                                
                                                                                
                                                                                
                                                                                
                                    ... .                                       
                                      . .                                       
                                    ... .                                       
                                    . < .                                       
                                    . @ ..                                      
                                    .   .                                       
                                    .......                                     
                                                                                
                                                                                
                                                                                
                                                                                
                                                                                
                                                                                
                                                                                
Agent the Plunderer            St:18/01 Dx:18 Co:18 In:7 Wi:7 Ch:6 Neutral S:0  
Dlvl:1 $:0 HP:16(16) Pw:2(2) AC:7 Xp:1/0                                        

",-0.01,False
67,east,,"message:
It's solid stone.

language observation:
dark area near north
stairs up adjacent north
dark area adjacent northeast, east, southeast, south, southwest, west, and northwest

cursor:
Yourself a barbarian
(x=38, y=12)

map:
                                                                                
                                                                                
                                                                                
                                                                                
                                                                                
                                                                                
                                                                                
                                    ... .                                       
                                      . .                                       
                                    ... .                                       
                                    . < .                                       
                                    . @ ..                                      
                                    .   .                                       
                                    .......                                     
                                                                                
                                                                                
                                                                                
                                                                                
                                                                                
                                                                                
                                                                                
Agent the Plunderer            St:18/01 Dx:18 Co:18 In:7 Wi:7 Ch:6 Neutral S:0  
Dlvl:1 $:0 HP:16(16) Pw:2(2) AC:7 Xp:1/0                                        

",-0.01,False
68,north,,"message:


language observation:
dark area near north
dark area very near south and northwest
dark area adjacent northeast, east, southeast, southwest, and west

cursor:
Yourself a barbarian
(x=38, y=11)

map:
                                                                                
                                                                                
                                                                                
                                                                                
                                                                                
                                                                                
                                                                                
                                    ... .                                       
                                      . .                                       
                                    ... .                                       
                                    . @ .                                       
                                    . . ..                                      
                                    .   .                                       
                                    .......                                     
                                                                                
                                                                                
                                                                                
                                                                                
                                                                                
                                                                                
                                                                                
Agent the Plunderer            St:18/01 Dx:18 Co:18 In:7 Wi:7 Ch:6 Neutral S:0  
Dlvl:1 $:0 HP:16(16) Pw:2(2) AC:7 Xp:1/0                                        

",0.0,False
69,north,,"message:


language observation:
dark area near north, south, and west
dark area adjacent northeast, east, southeast, southwest, and northwest
stairs up adjacent south

cursor:
Yourself a barbarian
(x=38, y=10)

map:
                                                                                
                                                                                
                                                                                
                                                                                
                                                                                
                                                                                
                                                                                
                                    ... .                                       
                                      . .                                       
                                    ..@ .                                       
                                    . < .                                       
                                    . . ..                                      
                                    .   .                                       
                                    .......                                     
                                                                                
                                                                                
                                                                                
                                                                                
                                                                                
                                                                                
                                                                                
Agent the Plunderer            St:18/01 Dx:18 Co:18 In:7 Wi:7 Ch:6 Neutral S:0  
Dlvl:1 $:0 HP:16(16) Pw:2(2) AC:7 Xp:1/0                                        

",0.0,False
70,west,,"message:


language observation:
dark area very near northeast, east, southeast, southwest, and west
dark area adjacent north, south, and northwest
stairs up adjacent southeast

cursor:
Yourself a barbarian
(x=37, y=10)

map:
                                                                                
                                                                                
                                                                                
                                                                                
                                                                                
                                                                                
                                                                                
                                    ... .                                       
                                      . .                                       
                                    .@. .                                       
                                    . < .                                       
                                    . . ..                                      
                                    .   .                                       
                                    .......                                     
                                                                                
                                                                                
                                                                                
                                                                                
                                                                                
                                                                                
                                                                                
Agent the Plunderer            St:18/01 Dx:18 Co:18 In:7 Wi:7 Ch:6 Neutral S:0  
Dlvl:1 $:0 HP:16(16) Pw:2(2) AC:7 Xp:1/0                                        

",0.0,False
71,south,,"message:
It's solid stone.

language observation:
dark area very near northeast, east, southeast, southwest, and west
dark area adjacent north, south, and northwest
stairs up adjacent southeast

cursor:
Yourself a barbarian
(x=37, y=10)

map:
                                                                                
                                                                                
                                                                                
                                                                                
                                                                                
                                                                                
                                                                                
                                    ... .                                       
                                      . .                                       
                                    .@. .                                       
                                    . < .                                       
                                    . . ..                                      
                                    .   .                                       
                                    .......                                     
                                                                                
                                                                                
                                                                                
                                                                                
                                                                                
                                                                                
                                                                                
Agent the Plunderer            St:18/01 Dx:18 Co:18 In:7 Wi:7 Ch:6 Neutral S:0  
Dlvl:1 $:0 HP:16(16) Pw:2(2) AC:7 Xp:1/0                                        

",-0.01,False
72,southeast,,"message:


language observation:
dark area near north
dark area very near south and northwest
dark area adjacent northeast, east, southeast, southwest, and west

cursor:
Yourself a barbarian
(x=38, y=11)

map:
                                                                                
                                                                                
                                                                                
                                                                                
                                                                                
                                                                                
                                                                                
                                    ... .                                       
                                      . .                                       
                                    ... .                                       
                                    . @ .                                       
                                    . . ..                                      
                                    .   .                                       
                                    .......                                     
                                                                                
                                                                                
                                                                                
                                                                                
                                                                                
                                                                                
                                                                                
Agent the Plunderer            St:18/01 Dx:18 Co:18 In:7 Wi:7 Ch:6 Neutral S:0  
Dlvl:1 $:0 HP:16(16) Pw:2(2) AC:7 Xp:1/0                                        

",0.0,False
73,east,,"message:
It's solid stone.

language observation:
dark area near north
dark area very near south and northwest
dark area adjacent northeast, east, southeast, southwest, and west

cursor:
Yourself a barbarian
(x=38, y=11)

map:
                                                                                
                                                                                
                                                                                
                                                                                
                                                                                
                                                                                
                                                                                
                                    ... .                                       
                                      . .                                       
                                    ... .                                       
                                    . @ .                                       
                                    . . ..                                      
                                    .   .                                       
                                    .......                                     
                                                                                
                                                                                
                                                                                
                                                                                
                                                                                
                                                                                
                                                                                
Agent the Plunderer            St:18/01 Dx:18 Co:18 In:7 Wi:7 Ch:6 Neutral S:0  
Dlvl:1 $:0 HP:16(16) Pw:2(2) AC:7 Xp:1/0                                        

",-0.01,False
74,north,,"message:


language observation:
dark area near north, south, and west
dark area adjacent northeast, east, southeast, southwest, and northwest
stairs up adjacent south

cursor:
Yourself a barbarian
(x=38, y=10)

map:
                                                                                
                                                                                
                                                                                
                                                                                
                                                                                
                                                                                
                                                                                
                                    ... .                                       
                                      . .                                       
                                    ..@ .                                       
                                    . < .                                       
                                    . . ..                                      
                                    .   .                                       
                                    .......                                     
                                                                                
                                                                                
                                                                                
                                                                                
                                                                                
                                                                                
                                                                                
Agent the Plunderer            St:18/01 Dx:18 Co:18 In:7 Wi:7 Ch:6 Neutral S:0  
Dlvl:1 $:0 HP:16(16) Pw:2(2) AC:7 Xp:1/0                                        

",0.0,False
75,south,,"message:


language observation:
dark area near north
dark area very near south and northwest
dark area adjacent northeast, east, southeast, southwest, and west

cursor:
Yourself a barbarian
(x=38, y=11)

map:
                                                                                
                                                                                
                                                                                
                                                                                
                                                                                
                                                                                
                                                                                
                                    ... .                                       
                                      . .                                       
                                    ... .                                       
                                    . @ .                                       
                                    . . ..                                      
                                    .   .                                       
                                    .......                                     
                                                                                
                                                                                
                                                                                
                                                                                
                                                                                
                                                                                
                                                                                
Agent the Plunderer            St:18/01 Dx:18 Co:18 In:7 Wi:7 Ch:6 Neutral S:0  
Dlvl:1 $:0 HP:16(16) Pw:2(2) AC:7 Xp:1/0                                        

",0.0,False
76,southeast,,"message:
It's solid stone.

language observation:
dark area near north
dark area very near south and northwest
dark area adjacent northeast, east, southeast, southwest, and west

cursor:
Yourself a barbarian
(x=38, y=11)

map:
                                                                                
                                                                                
                                                                                
                                                                                
                                                                                
                                                                                
                                                                                
                                    ... .                                       
                                      . .                                       
                                    ... .                                       
                                    . @ .                                       
                                    . . ..                                      
                                    .   .                                       
                                    .......                                     
                                                                                
                                                                                
                                                                                
                                                                                
                                                                                
                                                                                
                                                                                
Agent the Plunderer            St:18/01 Dx:18 Co:18 In:7 Wi:7 Ch:6 Neutral S:0  
Dlvl:1 $:0 HP:16(16) Pw:2(2) AC:7 Xp:1/0                                        

",-0.01,False
77,south,,"message:


language observation:
dark area near north
stairs up adjacent north
dark area adjacent northeast, east, southeast, south, southwest, west, and northwest

cursor:
Yourself a barbarian
(x=38, y=12)

map:
                                                                                
                                                                                
                                                                                
                                                                                
                                                                                
                                                                                
                                                                                
                                    ... .                                       
                                      . .                                       
                                    ... .                                       
                                    . < .                                       
                                    . @ ..                                      
                                    .   .                                       
                                    .......                                     
                                                                                
                                                                                
                                                                                
                                                                                
                                                                                
                                                                                
                                                                                
Agent the Plunderer            St:18/01 Dx:18 Co:18 In:7 Wi:7 Ch:6 Neutral S:0  
Dlvl:1 $:0 HP:16(16) Pw:2(2) AC:7 Xp:1/0                                        

",0.0,False
78,north,,"message:


language observation:
dark area near north
dark area very near south and northwest
dark area adjacent northeast, east, southeast, southwest, and west

cursor:
Yourself a barbarian
(x=38, y=11)

map:
                                                                                
                                                                                
                                                                                
                                                                                
                                                                                
                                                                                
                                                                                
                                    ... .                                       
                                      . .                                       
                                    ... .                                       
                                    . @ .                                       
                                    . . ..                                      
                                    .   .                                       
                                    .......                                     
                                                                                
                                                                                
                                                                                
                                                                                
                                                                                
                                                                                
                                                                                
Agent the Plunderer            St:18/01 Dx:18 Co:18 In:7 Wi:7 Ch:6 Neutral S:0  
Dlvl:1 $:0 HP:16(16) Pw:2(2) AC:7 Xp:1/0                                        

",0.0,False
79,west,,"message:
It's solid stone.

language observation:
dark area near north
dark area very near south and northwest
dark area adjacent northeast, east, southeast, southwest, and west

cursor:
Yourself a barbarian
(x=38, y=11)

map:
                                                                                
                                                                                
                                                                                
                                                                                
                                                                                
                                                                                
                                                                                
                                    ... .                                       
                                      . .                                       
                                    ... .                                       
                                    . @ .                                       
                                    . . ..                                      
                                    .   .                                       
                                    .......                                     
                                                                                
                                                                                
                                                                                
                                                                                
                                                                                
                                                                                
                                                                                
Agent the Plunderer            St:18/01 Dx:18 Co:18 In:7 Wi:7 Ch:6 Neutral S:0  
Dlvl:1 $:0 HP:16(16) Pw:2(2) AC:7 Xp:1/0                                        

",-0.01,False
80,northwest,,"message:


language observation:
dark area very near northeast, east, southeast, southwest, and west
dark area adjacent north, south, and northwest
stairs up adjacent southeast

cursor:
Yourself a barbarian
(x=37, y=10)

map:
                                                                                
                                                                                
                                                                                
                                                                                
                                                                                
                                                                                
                                                                                
                                    ... .                                       
                                      . .                                       
                                    .@. .                                       
                                    . < .                                       
                                    . . ..                                      
                                    .   .                                       
                                    .......                                     
                                                                                
                                                                                
                                                                                
                                                                                
                                                                                
                                                                                
                                                                                
Agent the Plunderer            St:18/01 Dx:18 Co:18 In:7 Wi:7 Ch:6 Neutral S:0  
Dlvl:1 $:0 HP:16(16) Pw:2(2) AC:7 Xp:1/0                                        

",0.0,False
81,north,,"message:
It's solid stone.

language observation:
dark area very near northeast, east, southeast, southwest, and west
dark area adjacent north, south, and northwest
stairs up adjacent southeast

cursor:
Yourself a barbarian
(x=37, y=10)

map:
                                                                                
                                                                                
                                                                                
                                                                                
                                                                                
                                                                                
                                                                                
                                    ... .                                       
                                      . .                                       
                                    .@. .                                       
                                    . < .                                       
                                    . . ..                                      
                                    .   .                                       
                                    .......                                     
                                                                                
                                                                                
                                                                                
                                                                                
                                                                                
                                                                                
                                                                                
Agent the Plunderer            St:18/01 Dx:18 Co:18 In:7 Wi:7 Ch:6 Neutral S:0  
Dlvl:1 $:0 HP:16(16) Pw:2(2) AC:7 Xp:1/0                                        

",-0.01,False
82,west,,"message:


language observation:
dark area near east and south
stairs up very near eastsoutheast
dark area adjacent north, northeast, southeast, southwest, west, and northwest

cursor:
Yourself a barbarian
(x=36, y=10)

map:
                                                                                
                                                                                
                                                                                
                                                                                
                                                                                
                                                                                
                                                                                
                                    ... .                                       
                                      . .                                       
                                    @.. .                                       
                                    . < .                                       
                                    . . ..                                      
                                    .   .                                       
                                    .......                                     
                                                                                
                                                                                
                                                                                
                                                                                
                                                                                
                                                                                
                                                                                
Agent the Plunderer            St:18/01 Dx:18 Co:18 In:7 Wi:7 Ch:6 Neutral S:0  
Dlvl:1 $:0 HP:16(16) Pw:2(2) AC:7 Xp:1/0                                        

",0.0,False
83,west,,"message:
It's solid stone.

language observation:
dark area near east and south
stairs up very near eastsoutheast
dark area adjacent north, northeast, southeast, southwest, west, and northwest

cursor:
Yourself a barbarian
(x=36, y=10)

map:
                                                                                
                                                                                
                                                                                
                                                                                
                                                                                
                                                                                
                                                                                
                                    ... .                                       
                                      . .                                       
                                    @.. .                                       
                                    . < .                                       
                                    . . ..                                      
                                    .   .                                       
                                    .......                                     
                                                                                
                                                                                
                                                                                
                                                                                
                                                                                
                                                                                
                                                                                
Agent the Plunderer            St:18/01 Dx:18 Co:18 In:7 Wi:7 Ch:6 Neutral S:0  
Dlvl:1 $:0 HP:16(16) Pw:2(2) AC:7 Xp:1/0                                        

",-0.01,False
84,east,,"message:


language observation:
dark area very near northeast, east, southeast, southwest, and west
dark area adjacent north, south, and northwest
stairs up adjacent southeast

cursor:
Yourself a barbarian
(x=37, y=10)

map:
                                                                                
                                                                                
                                                                                
                                                                                
                                                                                
                                                                                
                                                                                
                                    ... .                                       
                                      . .                                       
                                    .@. .                                       
                                    . < .                                       
                                    . . ..                                      
                                    .   .                                       
                                    .......                                     
                                                                                
                                                                                
                                                                                
                                                                                
                                                                                
                                                                                
                                                                                
Agent the Plunderer            St:18/01 Dx:18 Co:18 In:7 Wi:7 Ch:6 Neutral S:0  
Dlvl:1 $:0 HP:16(16) Pw:2(2) AC:7 Xp:1/0                                        

",0.0,False
85,southeast,,"message:


language observation:
dark area near north
dark area very near south and northwest
dark area adjacent northeast, east, southeast, southwest, and west

cursor:
Yourself a barbarian
(x=38, y=11)

map:
                                                                                
                                                                                
                                                                                
                                                                                
                                                                                
                                                                                
                                                                                
                                    ... .                                       
                                      . .                                       
                                    ... .                                       
                                    . @ .                                       
                                    . . ..                                      
                                    .   .                                       
                                    .......                                     
                                                                                
                                                                                
                                                                                
                                                                                
                                                                                
                                                                                
                                                                                
Agent the Plunderer            St:18/01 Dx:18 Co:18 In:7 Wi:7 Ch:6 Neutral S:0  
Dlvl:1 $:0 HP:16(16) Pw:2(2) AC:7 Xp:1/0                                        

",0.0,False
86,southwest,,"message:
It's solid stone.

language observation:
dark area near north
dark area very near south and northwest
dark area adjacent northeast, east, southeast, southwest, and west

cursor:
Yourself a barbarian
(x=38, y=11)

map:
                                                                                
                                                                                
                                                                                
                                                                                
                                                                                
                                                                                
                                                                                
                                    ... .                                       
                                      . .                                       
                                    ... .                                       
                                    . @ .                                       
                                    . . ..                                      
                                    .   .                                       
                                    .......                                     
                                                                                
                                                                                
                                                                                
                                                                                
                                                                                
                                                                                
                                                                                
Agent the Plunderer            St:18/01 Dx:18 Co:18 In:7 Wi:7 Ch:6 Neutral S:0  
Dlvl:1 $:0 HP:16(16) Pw:2(2) AC:7 Xp:1/0                                        

",-0.01,False
87,south,,"message:


language observation:
dark area near north
stairs up adjacent north
dark area adjacent northeast, east, southeast, south, southwest, west, and northwest

cursor:
Yourself a barbarian
(x=38, y=12)

map:
                                                                                
                                                                                
                                                                                
                                                                                
                                                                                
                                                                                
                                                                                
                                    ... .                                       
                                      . .                                       
                                    ... .                                       
                                    . < .                                       
                                    . @ ..                                      
                                    .   .                                       
                                    .......                                     
                                                                                
                                                                                
                                                                                
                                                                                
                                                                                
                                                                                
                                                                                
Agent the Plunderer            St:18/01 Dx:18 Co:18 In:7 Wi:7 Ch:6 Neutral S:0  
Dlvl:1 $:0 HP:16(16) Pw:2(2) AC:7 Xp:1/0                                        

",0.0,False
88,north,,"message:


language observation:
dark area near north
dark area very near south and northwest
dark area adjacent northeast, east, southeast, southwest, and west

cursor:
Yourself a barbarian
(x=38, y=11)

map:
                                                                                
                                                                                
                                                                                
                                                                                
                                                                                
                                                                                
                                                                                
                                    ... .                                       
                                      . .                                       
                                    ... .                                       
                                    . @ .                                       
                                    . . ..                                      
                                    .   .                                       
                                    .......                                     
                                                                                
                                                                                
                                                                                
                                                                                
                                                                                
                                                                                
                                                                                
Agent the Plunderer            St:18/01 Dx:18 Co:18 In:7 Wi:7 Ch:6 Neutral S:0  
Dlvl:1 $:0 HP:16(16) Pw:2(2) AC:7 Xp:1/0                                        

",0.0,False
89,northwest,,"message:


language observation:
dark area very near northeast, east, southeast, southwest, and west
dark area adjacent north, south, and northwest
stairs up adjacent southeast

cursor:
Yourself a barbarian
(x=37, y=10)

map:
                                                                                
                                                                                
                                                                                
                                                                                
                                                                                
                                                                                
                                                                                
                                    ... .                                       
                                      . .                                       
                                    .@. .                                       
                                    . < .                                       
                                    . . ..                                      
                                    .   .                                       
                                    .......                                     
                                                                                
                                                                                
                                                                                
                                                                                
                                                                                
                                                                                
                                                                                
Agent the Plunderer            St:18/01 Dx:18 Co:18 In:7 Wi:7 Ch:6 Neutral S:0  
Dlvl:1 $:0 HP:16(16) Pw:2(2) AC:7 Xp:1/0                                        

",0.0,False
90,northeast,,"message:


language observation:
dark area near south and southwest
dark area very near north and northwest
stairs up very near south
dark area adjacent northeast, east, southeast, and west

cursor:
Yourself a barbarian
(x=38, y=9)

map:
                                                                                
                                                                                
                                                                                
                                                                                
                                                                                
                                                                                
                                                                                
                                    ... .                                       
                                      @ .                                       
                                    ... .                                       
                                    . < .                                       
                                    . . ..                                      
                                    .   .                                       
                                    .......                                     
                                                                                
                                                                                
                                                                                
                                                                                
                                                                                
                                                                                
                                                                                
Agent the Plunderer            St:18/01 Dx:18 Co:18 In:7 Wi:7 Ch:6 Neutral S:0  
Dlvl:1 $:0 HP:16(16) Pw:2(2) AC:7 Xp:1/0                                        

",0.0,False
91,north,,"message:


language observation:
stairs up near south
dark area near south and west
dark area adjacent north, northeast, east, southeast, southwest, and northwest

cursor:
Yourself a barbarian
(x=38, y=8)

map:
                                                                                
                                                                                
                                                                                
                                                                                
                                                                                
                                                                                
                                                                                
                                    ..@ .                                       
                                      . .                                       
                                    ... .                                       
                                    . < .                                       
                                    . . ..                                      
                                    .   .                                       
                                    .......                                     
                                                                                
                                                                                
                                                                                
                                                                                
                                                                                
                                                                                
                                                                                
Agent the Plunderer            St:18/01 Dx:18 Co:18 In:7 Wi:7 Ch:6 Neutral S:0  
Dlvl:1 $:0 HP:16(16) Pw:2(2) AC:7 Xp:1/0                                        

",0.0,False
92,north,,"message:
It's solid stone.

language observation:
stairs up near south
dark area near south and west
dark area adjacent north, northeast, east, southeast, southwest, and northwest

cursor:
Yourself a barbarian
(x=38, y=8)

map:
                                                                                
                                                                                
                                                                                
                                                                                
                                                                                
                                                                                
                                                                                
                                    ..@ .                                       
                                      . .                                       
                                    ... .                                       
                                    . < .                                       
                                    . . ..                                      
                                    .   .                                       
                                    .......                                     
                                                                                
                                                                                
                                                                                
                                                                                
                                                                                
                                                                                
                                                                                
Agent the Plunderer            St:18/01 Dx:18 Co:18 In:7 Wi:7 Ch:6 Neutral S:0  
Dlvl:1 $:0 HP:16(16) Pw:2(2) AC:7 Xp:1/0                                        

",-0.01,False
93,west,,"message:


language observation:
stairs up near southsoutheast
dark area very near east, southeast, and west
dark area adjacent north, northeast, south, southwest, and northwest

cursor:
Yourself a barbarian
(x=37, y=8)

map:
                                                                                
                                                                                
                                                                                
                                                                                
                                                                                
                                                                                
                                                                                
                                    .@. .                                       
                                      . .                                       
                                    ... .                                       
                                    . < .                                       
                                    . . ..                                      
                                    .   .                                       
                                    .......                                     
                                                                                
                                                                                
                                                                                
                                                                                
                                                                                
                                                                                
                                                                                
Agent the Plunderer            St:18/01 Dx:18 Co:18 In:7 Wi:7 Ch:6 Neutral S:0  
Dlvl:1 $:0 HP:16(16) Pw:2(2) AC:7 Xp:1/0                                        

",0.0,False
94,east,,"message:


language observation:
stairs up near south
dark area near south and west
dark area adjacent north, northeast, east, southeast, southwest, and northwest

cursor:
Yourself a barbarian
(x=38, y=8)

map:
                                                                                
                                                                                
                                                                                
                                                                                
                                                                                
                                                                                
                                                                                
                                    ..@ .                                       
                                      . .                                       
                                    ... .                                       
                                    . < .                                       
                                    . . ..                                      
                                    .   .                                       
                                    .......                                     
                                                                                
                                                                                
                                                                                
                                                                                
                                                                                
                                                                                
                                                                                
Agent the Plunderer            St:18/01 Dx:18 Co:18 In:7 Wi:7 Ch:6 Neutral S:0  
Dlvl:1 $:0 HP:16(16) Pw:2(2) AC:7 Xp:1/0                                        

",0.0,False
95,east,,"message:
It's solid stone.

language observation:
stairs up near south
dark area near south and west
dark area adjacent north, northeast, east, southeast, southwest, and northwest

cursor:
Yourself a barbarian
(x=38, y=8)

map:
                                                                                
                                                                                
                                                                                
                                                                                
                                                                                
                                                                                
                                                                                
                                    ..@ .                                       
                                      . .                                       
                                    ... .                                       
                                    . < .                                       
                                    . . ..                                      
                                    .   .                                       
                                    .......                                     
                                                                                
                                                                                
                                                                                
                                                                                
                                                                                
                                                                                
                                                                                
Agent the Plunderer            St:18/01 Dx:18 Co:18 In:7 Wi:7 Ch:6 Neutral S:0  
Dlvl:1 $:0 HP:16(16) Pw:2(2) AC:7 Xp:1/0                                        

",-0.01,False
96,south,,"message:


language observation:
dark area near south and southwest
dark area very near north and northwest
stairs up very near south
dark area adjacent northeast, east, southeast, and west

cursor:
Yourself a barbarian
(x=38, y=9)

map:
                                                                                
                                                                                
                                                                                
                                                                                
                                                                                
                                                                                
                                                                                
                                    ... .                                       
                                      @ .                                       
                                    ... .                                       
                                    . < .                                       
                                    . . ..                                      
                                    .   .                                       
                                    .......                                     
                                                                                
                                                                                
                                                                                
                                                                                
                                                                                
                                                                                
                                                                                
Agent the Plunderer            St:18/01 Dx:18 Co:18 In:7 Wi:7 Ch:6 Neutral S:0  
Dlvl:1 $:0 HP:16(16) Pw:2(2) AC:7 Xp:1/0                                        

",0.0,False
97,south,,"message:


language observation:
dark area near north, south, and west
dark area adjacent northeast, east, southeast, southwest, and northwest
stairs up adjacent south

cursor:
Yourself a barbarian
(x=38, y=10)

map:
                                                                                
                                                                                
                                                                                
                                                                                
                                                                                
                                                                                
                                                                                
                                    ... .                                       
                                      . .                                       
                                    ..@ .                                       
                                    . < .                                       
                                    . . ..                                      
                                    .   .                                       
                                    .......                                     
                                                                                
                                                                                
                                                                                
                                                                                
                                                                                
                                                                                
                                                                                
Agent the Plunderer            St:18/01 Dx:18 Co:18 In:7 Wi:7 Ch:6 Neutral S:0  
Dlvl:1 $:0 HP:16(16) Pw:2(2) AC:7 Xp:1/0                                        

",0.0,False
98,east,,"message:
It's solid stone.

language observation:
dark area near north, south, and west
dark area adjacent northeast, east, southeast, southwest, and northwest
stairs up adjacent south

cursor:
Yourself a barbarian
(x=38, y=10)

map:
                                                                                
                                                                                
                                                                                
                                                                                
                                                                                
                                                                                
                                                                                
                                    ... .                                       
                                      . .                                       
                                    ..@ .                                       
                                    . < .                                       
                                    . . ..                                      
                                    .   .                                       
                                    .......                                     
                                                                                
                                                                                
                                                                                
                                                                                
                                                                                
                                                                                
                                                                                
Agent the Plunderer            St:18/01 Dx:18 Co:18 In:7 Wi:7 Ch:6 Neutral S:0  
Dlvl:1 $:0 HP:16(16) Pw:2(2) AC:7 Xp:1/0                                        

",-0.01,False
99,south,,"message:
 
No  Points     Name                                                   Hp [max]
0  Agent-Bar-Hum-Mal-Neu quit in The Dungeons of Doom on
level 1.                                               16  [16]


language observation:
dark area adjacent east, southeast, and south

cursor:
very far eastsoutheast 
(x=77, y=6)

map:
 No  Points     Name                                                   Hp [max] 
                                                                                
            0  Agent-Bar-Hum-Mal-Neu quit in The Dungeons of Doom on            
                                                                                
              level 1.                                               16  [16]   
                                                                                
                                                                                
                                                                                
                                                                                
                                                                                
                                                                                
                                                                                
                                                                                
                                                                                
                                                                                
                                                                                
                                                                                
                                                                                
                                                                                
                                                                                
                                                                                
                                                                                
                                                                                

",0.0,True
