Step,Action,Reasoning,Observation,Reward,Done
0,north,,"message:
It's solid stone.

language observation:
dark area very near northeast, east, west, and northwest
dark area adjacent north, southeast, south, and southwest

cursor:
Yourself a priestess
(x=37, y=10)

map:
                                                                                
                                                                                
                                                                                
                                                                                
                                                                                
                                                                                
                                                                                
                                    . .                                         
                                    . .                                         
                                    .@.                                         
                                                                                
                                                                                
                                                                                
                                                                                
                                                                                
                                                                                
                                                                                
                                                                                
                                                                                
                                                                                
                                                                                
Agent the Aspirant             St:15 Dx:10 Co:14 In:7 Wi:20 Ch:11 Chaotic S:0   
Dlvl:1 $:0 HP:13(13) Pw:8(8) AC:7 Xp:1/0                                        

",-0.01,False
1,east,,"message:


language observation:
dark area near north and west
dark area adjacent northeast, east, southeast, south, southwest, and northwest
stairs up adjacent west

cursor:
Yourself a priestess
(x=38, y=10)

map:
                                                                                
                                                                                
                                                                                
                                                                                
                                                                                
                                      .                                         
                                      .                                         
                                    . .                                         
                                    . .                                         
                                    .<@                                         
                                                                                
                                                                                
                                                                                
                                                                                
                                                                                
                                                                                
                                                                                
                                                                                
                                                                                
                                                                                
                                                                                
Agent the Aspirant             St:15 Dx:10 Co:14 In:7 Wi:20 Ch:11 Chaotic S:0   
Dlvl:1 $:0 HP:13(13) Pw:8(8) AC:7 Xp:1/0                                        

",0.0,False
2,north,,"message:


language observation:
dark area near north
dark area very near south and southwest
dark area adjacent northeast, east, southeast, west, and northwest
stairs up adjacent southwest

cursor:
Yourself a priestess
(x=38, y=9)

map:
                                                                                
                                                                                
                                                                                
                                                                                
                                                                                
                                      .                                         
                                      .                                         
                                    . .                                         
                                    . @                                         
                                    .<.                                         
                                                                                
                                                                                
                                                                                
                                                                                
                                                                                
                                                                                
                                                                                
                                                                                
                                                                                
                                                                                
                                                                                
Agent the Aspirant             St:15 Dx:10 Co:14 In:7 Wi:20 Ch:11 Chaotic S:0   
Dlvl:1 $:0 HP:13(13) Pw:8(8) AC:7 Xp:1/0                                        

",0.0,False
3,north,,"message:


language observation:
dark area near north and south
stairs up very near southsouthwest
dark area adjacent northeast, east, southeast, southwest, west, and northwest

cursor:
Yourself a priestess
(x=38, y=8)

map:
                                                                                
                                                                                
                                                                                
                                                                                
                                                                                
                                      .                                         
                                      .                                         
                                    . @                                         
                                    . .                                         
                                    .<.                                         
                                                                                
                                                                                
                                                                                
                                                                                
                                                                                
                                                                                
                                                                                
                                                                                
                                                                                
                                                                                
                                                                                
Agent the Aspirant             St:15 Dx:10 Co:14 In:7 Wi:20 Ch:11 Chaotic S:0   
Dlvl:1 $:0 HP:13(13) Pw:8(8) AC:7 Xp:1/0                                        

",0.0,False
4,north,,"message:


language observation:
dark area near south
stairs up near southsouthwest
dark area very near north and northeast
dark area adjacent east, southeast, southwest, west, and northwest

cursor:
Yourself a priestess
(x=38, y=7)

map:
                                                                                
                                                                                
                                                                                
                                                                                
                                                                                
                                      ...                                       
                                      @                                         
                                    . .                                         
                                    . .                                         
                                    .<.                                         
                                                                                
                                                                                
                                                                                
                                                                                
                                                                                
                                                                                
                                                                                
                                                                                
                                                                                
                                                                                
                                                                                
Agent the Aspirant             St:15 Dx:10 Co:14 In:7 Wi:20 Ch:11 Chaotic S:0   
Dlvl:1 $:0 HP:13(13) Pw:8(8) AC:7 Xp:1/0                                        

",0.0,False
5,north,,"message:


language observation:
dark area far east
dark area near south
stairs up near southsouthwest
dark area adjacent north, northeast, southeast, southwest, west, and northwest

cursor:
Yourself a priestess
(x=38, y=6)

map:
                                                                                
                                                                                
                                                                                
                                                                                
                                                                                
                                      @......                                   
                                      .                                         
                                    . .                                         
                                    . .                                         
                                    .<.                                         
                                                                                
                                                                                
                                                                                
                                                                                
                                                                                
                                                                                
                                                                                
                                                                                
                                                                                
                                                                                
                                                                                
Agent the Aspirant             St:15 Dx:10 Co:14 In:7 Wi:20 Ch:11 Chaotic S:0   
Dlvl:1 $:0 HP:13(13) Pw:8(8) AC:7 Xp:1/0                                        

",0.0,False
6,east,,"message:


language observation:
dark area far east
stairs up near southsouthwest
dark area very near southwest and west
dark area adjacent north, northeast, southeast, south, and northwest

cursor:
Yourself a priestess
(x=39, y=6)

map:
                                                                                
                                                                                
                                                                                
                                                                                
                                                                                
                                      .@.....                                   
                                      .                                         
                                    . .                                         
                                    . .                                         
                                    .<.                                         
                                                                                
                                                                                
                                                                                
                                                                                
                                                                                
                                                                                
                                                                                
                                                                                
                                                                                
                                                                                
                                                                                
Agent the Aspirant             St:15 Dx:10 Co:14 In:7 Wi:20 Ch:11 Chaotic S:0   
Dlvl:1 $:0 HP:13(13) Pw:8(8) AC:7 Xp:1/0                                        

",0.0,False
7,east,,"message:


language observation:
dark area near east and west
stairs up near southsouthwest
dark area adjacent north, northeast, southeast, south, southwest, and northwest

cursor:
Yourself a priestess
(x=40, y=6)

map:
                                                                                
                                                                                
                                                                                
                                                                                
                                                                                
                                      ..@....                                   
                                      .                                         
                                    . .                                         
                                    . .                                         
                                    .<.                                         
                                                                                
                                                                                
                                                                                
                                                                                
                                                                                
                                                                                
                                                                                
                                                                                
                                                                                
                                                                                
                                                                                
Agent the Aspirant             St:15 Dx:10 Co:14 In:7 Wi:20 Ch:11 Chaotic S:0   
Dlvl:1 $:0 HP:13(13) Pw:8(8) AC:7 Xp:1/0                                        

",0.0,False
8,east,,"message:


language observation:
dark area near east and west
stairs up near southwest
dark area very near southeast
dark area adjacent north, northeast, south, southwest, and northwest

cursor:
Yourself a priestess
(x=41, y=6)

map:
                                                                                
                                                                                
                                                                                
                                                                                
                                                                                
                                      ...@...                                   
                                      .   .                                     
                                    . .   .                                     
                                    . .                                         
                                    .<.                                         
                                                                                
                                                                                
                                                                                
                                                                                
                                                                                
                                                                                
                                                                                
                                                                                
                                                                                
                                                                                
                                                                                
Agent the Aspirant             St:15 Dx:10 Co:14 In:7 Wi:20 Ch:11 Chaotic S:0   
Dlvl:1 $:0 HP:13(13) Pw:8(8) AC:7 Xp:1/0                                        

",0.0,False
9,east,,"message:


language observation:
dark area near east, south, and west
stairs up near westsouthwest
dark area adjacent north, northeast, southeast, southwest, and northwest

cursor:
Yourself a priestess
(x=42, y=6)

map:
                                                                                
                                                                                
                                                                                
                                                                                
                                                                                
                                      ....@..                                   
                                      .   .                                     
                                    . .   .                                     
                                    . .                                         
                                    .<.                                         
                                                                                
                                                                                
                                                                                
                                                                                
                                                                                
                                                                                
                                                                                
                                                                                
                                                                                
                                                                                
                                                                                
Agent the Aspirant             St:15 Dx:10 Co:14 In:7 Wi:20 Ch:11 Chaotic S:0   
Dlvl:1 $:0 HP:13(13) Pw:8(8) AC:7 Xp:1/0                                        

",0.0,False
10,east,,"message:


language observation:
stairs up far westsouthwest
dark area far west
dark area near southwest
dark area very near east and southeast
dark area adjacent north, northeast, south, and northwest

cursor:
Yourself a priestess
(x=43, y=6)

map:
                                                                                
                                                                                
                                                                                
                                                                                
                                                                                
                                      .....@.                                   
                                      .   . .                                   
                                    . .  .. .                                   
                                    . .                                         
                                    .<.                                         
                                                                                
                                                                                
                                                                                
                                                                                
                                                                                
                                                                                
                                                                                
                                                                                
                                                                                
                                                                                
                                                                                
Agent the Aspirant             St:15 Dx:10 Co:14 In:7 Wi:20 Ch:11 Chaotic S:0   
Dlvl:1 $:0 HP:13(13) Pw:8(8) AC:7 Xp:1/0                                        

",0.0,False
11,east,,"message:


language observation:
stairs up far westsouthwest
dark area far west
dark area near south
dark area adjacent north, northeast, east, southeast, southwest, and northwest

cursor:
Yourself a priestess
(x=44, y=6)

map:
                                                                                
                                                                                
                                                                                
                                                                                
                                                                                
                                      ......@                                   
                                      .   . .                                   
                                    . .  .. .                                   
                                    . .                                         
                                    .<.                                         
                                                                                
                                                                                
                                                                                
                                                                                
                                                                                
                                                                                
                                                                                
                                                                                
                                                                                
                                                                                
                                                                                
Agent the Aspirant             St:15 Dx:10 Co:14 In:7 Wi:20 Ch:11 Chaotic S:0   
Dlvl:1 $:0 HP:13(13) Pw:8(8) AC:7 Xp:1/0                                        

",0.0,False
12,east,,"message:
It's solid stone.

language observation:
stairs up far westsouthwest
dark area far west
dark area near south
dark area adjacent north, northeast, east, southeast, southwest, and northwest

cursor:
Yourself a priestess
(x=44, y=6)

map:
                                                                                
                                                                                
                                                                                
                                                                                
                                                                                
                                      ......@                                   
                                      .   . .                                   
                                    . .  .. .                                   
                                    . .                                         
                                    .<.                                         
                                                                                
                                                                                
                                                                                
                                                                                
                                                                                
                                                                                
                                                                                
                                                                                
                                                                                
                                                                                
                                                                                
Agent the Aspirant             St:15 Dx:10 Co:14 In:7 Wi:20 Ch:11 Chaotic S:0   
Dlvl:1 $:0 HP:13(13) Pw:8(8) AC:7 Xp:1/0                                        

",-0.01,False
13,south,,"message:


language observation:
stairs up far westsouthwest
dark area very near north, south, and northwest
dark area adjacent northeast, east, southeast, southwest, and west

cursor:
Yourself a priestess
(x=44, y=7)

map:
                                                                                
                                                                                
                                                                                
                                                                                
                                                                                
                                      .......                                   
                                      .   . @                                   
                                    . .  .. .                                   
                                    . .                                         
                                    .<.                                         
                                                                                
                                                                                
                                                                                
                                                                                
                                                                                
                                                                                
                                                                                
                                                                                
                                                                                
                                                                                
                                                                                
Agent the Aspirant             St:15 Dx:10 Co:14 In:7 Wi:20 Ch:11 Chaotic S:0   
Dlvl:1 $:0 HP:13(13) Pw:8(8) AC:7 Xp:1/0                                        

",0.0,False
14,south,,"message:


language observation:
stairs up far westsouthwest
dark area near north
dark area adjacent northeast, east, southeast, south, southwest, west, and northwest

cursor:
Yourself a priestess
(x=44, y=8)

map:
                                                                                
                                                                                
                                                                                
                                                                                
                                                                                
                                      .......                                   
                                      .   . .                                   
                                    . .  .. @                                   
                                    . .                                         
                                    .<.                                         
                                                                                
                                                                                
                                                                                
                                                                                
                                                                                
                                                                                
                                                                                
                                                                                
                                                                                
                                                                                
                                                                                
Agent the Aspirant             St:15 Dx:10 Co:14 In:7 Wi:20 Ch:11 Chaotic S:0   
Dlvl:1 $:0 HP:13(13) Pw:8(8) AC:7 Xp:1/0                                        

",0.0,False
15,north,,"message:


language observation:
stairs up far westsouthwest
dark area very near north, south, and northwest
dark area adjacent northeast, east, southeast, southwest, and west

cursor:
Yourself a priestess
(x=44, y=7)

map:
                                                                                
                                                                                
                                                                                
                                                                                
                                                                                
                                      .......                                   
                                      .   . @                                   
                                    . .  .. .                                   
                                    . .                                         
                                    .<.                                         
                                                                                
                                                                                
                                                                                
                                                                                
                                                                                
                                                                                
                                                                                
                                                                                
                                                                                
                                                                                
                                                                                
Agent the Aspirant             St:15 Dx:10 Co:14 In:7 Wi:20 Ch:11 Chaotic S:0   
Dlvl:1 $:0 HP:13(13) Pw:8(8) AC:7 Xp:1/0                                        

",0.0,False
16,west,,"message:
It's solid stone.

language observation:
stairs up far westsouthwest
dark area very near north, south, and northwest
dark area adjacent northeast, east, southeast, southwest, and west

cursor:
Yourself a priestess
(x=44, y=7)

map:
                                                                                
                                                                                
                                                                                
                                                                                
                                                                                
                                      .......                                   
                                      .   . @                                   
                                    . .  .. .                                   
                                    . .                                         
                                    .<.                                         
                                                                                
                                                                                
                                                                                
                                                                                
                                                                                
                                                                                
                                                                                
                                                                                
                                                                                
                                                                                
                                                                                
Agent the Aspirant             St:15 Dx:10 Co:14 In:7 Wi:20 Ch:11 Chaotic S:0   
Dlvl:1 $:0 HP:13(13) Pw:8(8) AC:7 Xp:1/0                                        

",-0.01,False
17,south,,"message:


language observation:
stairs up far westsouthwest
dark area near north
dark area adjacent northeast, east, southeast, south, southwest, west, and northwest

cursor:
Yourself a priestess
(x=44, y=8)

map:
                                                                                
                                                                                
                                                                                
                                                                                
                                                                                
                                      .......                                   
                                      .   . .                                   
                                    . .  .. @                                   
                                    . .                                         
                                    .<.                                         
                                                                                
                                                                                
                                                                                
                                                                                
                                                                                
                                                                                
                                                                                
                                                                                
                                                                                
                                                                                
                                                                                
Agent the Aspirant             St:15 Dx:10 Co:14 In:7 Wi:20 Ch:11 Chaotic S:0   
Dlvl:1 $:0 HP:13(13) Pw:8(8) AC:7 Xp:1/0                                        

",0.0,False
18,west,,"message:
It's solid stone.

language observation:
stairs up far westsouthwest
dark area near north
dark area adjacent northeast, east, southeast, south, southwest, west, and northwest

cursor:
Yourself a priestess
(x=44, y=8)

map:
                                                                                
                                                                                
                                                                                
                                                                                
                                                                                
                                      .......                                   
                                      .   . .                                   
                                    . .  .. @                                   
                                    . .                                         
                                    .<.                                         
                                                                                
                                                                                
                                                                                
                                                                                
                                                                                
                                                                                
                                                                                
                                                                                
                                                                                
                                                                                
                                                                                
Agent the Aspirant             St:15 Dx:10 Co:14 In:7 Wi:20 Ch:11 Chaotic S:0   
Dlvl:1 $:0 HP:13(13) Pw:8(8) AC:7 Xp:1/0                                        

",-0.01,False
19,east,,"message:
It's solid stone.

language observation:
stairs up far westsouthwest
dark area near north
dark area adjacent northeast, east, southeast, south, southwest, west, and northwest

cursor:
Yourself a priestess
(x=44, y=8)

map:
                                                                                
                                                                                
                                                                                
                                                                                
                                                                                
                                      .......                                   
                                      .   . .                                   
                                    . .  .. @                                   
                                    . .                                         
                                    .<.                                         
                                                                                
                                                                                
                                                                                
                                                                                
                                                                                
                                                                                
                                                                                
                                                                                
                                                                                
                                                                                
                                                                                
Agent the Aspirant             St:15 Dx:10 Co:14 In:7 Wi:20 Ch:11 Chaotic S:0   
Dlvl:1 $:0 HP:13(13) Pw:8(8) AC:7 Xp:1/0                                        

",-0.01,False
20,north,,"message:


language observation:
stairs up far westsouthwest
dark area very near north, south, and northwest
dark area adjacent northeast, east, southeast, southwest, and west

cursor:
Yourself a priestess
(x=44, y=7)

map:
                                                                                
                                                                                
                                                                                
                                                                                
                                                                                
                                      .......                                   
                                      .   . @                                   
                                    . .  .. .                                   
                                    . .                                         
                                    .<.                                         
                                                                                
                                                                                
                                                                                
                                                                                
                                                                                
                                                                                
                                                                                
                                                                                
                                                                                
                                                                                
                                                                                
Agent the Aspirant             St:15 Dx:10 Co:14 In:7 Wi:20 Ch:11 Chaotic S:0   
Dlvl:1 $:0 HP:13(13) Pw:8(8) AC:7 Xp:1/0                                        

",0.0,False
21,north,,"message:


language observation:
stairs up far westsouthwest
dark area far west
dark area near south
dark area adjacent north, northeast, east, southeast, southwest, and northwest

cursor:
Yourself a priestess
(x=44, y=6)

map:
                                                                                
                                                                                
                                                                                
                                                                                
                                                                                
                                      ......@                                   
                                      .   . .                                   
                                    . .  .. .                                   
                                    . .                                         
                                    .<.                                         
                                                                                
                                                                                
                                                                                
                                                                                
                                                                                
                                                                                
                                                                                
                                                                                
                                                                                
                                                                                
                                                                                
Agent the Aspirant             St:15 Dx:10 Co:14 In:7 Wi:20 Ch:11 Chaotic S:0   
Dlvl:1 $:0 HP:13(13) Pw:8(8) AC:7 Xp:1/0                                        

",0.0,False
22,west,,"message:


language observation:
stairs up far westsouthwest
dark area far west
dark area near southwest
dark area very near east and southeast
dark area adjacent north, northeast, south, and northwest

cursor:
Yourself a priestess
(x=43, y=6)

map:
                                                                                
                                                                                
                                                                                
                                                                                
                                                                                
                                      .....@.                                   
                                      .   . .                                   
                                    . .  .. .                                   
                                    . .                                         
                                    .<.                                         
                                                                                
                                                                                
                                                                                
                                                                                
                                                                                
                                                                                
                                                                                
                                                                                
                                                                                
                                                                                
                                                                                
Agent the Aspirant             St:15 Dx:10 Co:14 In:7 Wi:20 Ch:11 Chaotic S:0   
Dlvl:1 $:0 HP:13(13) Pw:8(8) AC:7 Xp:1/0                                        

",0.0,False
23,west,,"message:


language observation:
dark area near east, south, and west
stairs up near westsouthwest
dark area adjacent north, northeast, southeast, southwest, and northwest

cursor:
Yourself a priestess
(x=42, y=6)

map:
                                                                                
                                                                                
                                                                                
                                                                                
                                                                                
                                      ....@..                                   
                                      .   . .                                   
                                    . .  .. .                                   
                                    . .                                         
                                    .<.                                         
                                                                                
                                                                                
                                                                                
                                                                                
                                                                                
                                                                                
                                                                                
                                                                                
                                                                                
                                                                                
                                                                                
Agent the Aspirant             St:15 Dx:10 Co:14 In:7 Wi:20 Ch:11 Chaotic S:0   
Dlvl:1 $:0 HP:13(13) Pw:8(8) AC:7 Xp:1/0                                        

",0.0,False
24,west,,"message:


language observation:
dark area near east and west
stairs up near southwest
dark area very near southeast
dark area adjacent north, northeast, south, southwest, and northwest

cursor:
Yourself a priestess
(x=41, y=6)

map:
                                                                                
                                                                                
                                                                                
                                                                                
                                                                                
                                      ...@...                                   
                                      .   . .                                   
                                    . .  .. .                                   
                                    . .                                         
                                    .<.                                         
                                                                                
                                                                                
                                                                                
                                                                                
                                                                                
                                                                                
                                                                                
                                                                                
                                                                                
                                                                                
                                                                                
Agent the Aspirant             St:15 Dx:10 Co:14 In:7 Wi:20 Ch:11 Chaotic S:0   
Dlvl:1 $:0 HP:13(13) Pw:8(8) AC:7 Xp:1/0                                        

",0.0,False
25,west,,"message:


language observation:
dark area near east and west
stairs up near southsouthwest
dark area adjacent north, northeast, southeast, south, southwest, and northwest

cursor:
Yourself a priestess
(x=40, y=6)

map:
                                                                                
                                                                                
                                                                                
                                                                                
                                                                                
                                      ..@....                                   
                                      .   . .                                   
                                    . .  .. .                                   
                                    . .                                         
                                    .<.                                         
                                                                                
                                                                                
                                                                                
                                                                                
                                                                                
                                                                                
                                                                                
                                                                                
                                                                                
                                                                                
                                                                                
Agent the Aspirant             St:15 Dx:10 Co:14 In:7 Wi:20 Ch:11 Chaotic S:0   
Dlvl:1 $:0 HP:13(13) Pw:8(8) AC:7 Xp:1/0                                        

",0.0,False
26,west,,"message:


language observation:
dark area far east
stairs up near southsouthwest
dark area very near southwest and west
dark area adjacent north, northeast, southeast, south, and northwest

cursor:
Yourself a priestess
(x=39, y=6)

map:
                                                                                
                                                                                
                                                                                
                                                                                
                                                                                
                                      .@.....                                   
                                      .   . .                                   
                                    . .  .. .                                   
                                    . .                                         
                                    .<.                                         
                                                                                
                                                                                
                                                                                
                                                                                
                                                                                
                                                                                
                                                                                
                                                                                
                                                                                
                                                                                
                                                                                
Agent the Aspirant             St:15 Dx:10 Co:14 In:7 Wi:20 Ch:11 Chaotic S:0   
Dlvl:1 $:0 HP:13(13) Pw:8(8) AC:7 Xp:1/0                                        

",0.0,False
27,west,,"message:


language observation:
dark area far east
dark area near south
stairs up near southsouthwest
dark area adjacent north, northeast, southeast, southwest, west, and northwest

cursor:
Yourself a priestess
(x=38, y=6)

map:
                                                                                
                                                                                
                                                                                
                                                                                
                                                                                
                                      @......                                   
                                      .   . .                                   
                                    . .  .. .                                   
                                    . .                                         
                                    .<.                                         
                                                                                
                                                                                
                                                                                
                                                                                
                                                                                
                                                                                
                                                                                
                                                                                
                                                                                
                                                                                
                                                                                
Agent the Aspirant             St:15 Dx:10 Co:14 In:7 Wi:20 Ch:11 Chaotic S:0   
Dlvl:1 $:0 HP:13(13) Pw:8(8) AC:7 Xp:1/0                                        

",0.0,False
28,west,,"message:
It's solid stone.

language observation:
dark area far east
dark area near south
stairs up near southsouthwest
dark area adjacent north, northeast, southeast, southwest, west, and northwest

cursor:
Yourself a priestess
(x=38, y=6)

map:
                                                                                
                                                                                
                                                                                
                                                                                
                                                                                
                                      @......                                   
                                      .   . .                                   
                                    . .  .. .                                   
                                    . .                                         
                                    .<.                                         
                                                                                
                                                                                
                                                                                
                                                                                
                                                                                
                                                                                
                                                                                
                                                                                
                                                                                
                                                                                
                                                                                
Agent the Aspirant             St:15 Dx:10 Co:14 In:7 Wi:20 Ch:11 Chaotic S:0   
Dlvl:1 $:0 HP:13(13) Pw:8(8) AC:7 Xp:1/0                                        

",-0.01,False
29,south,,"message:


language observation:
dark area near south
stairs up near southsouthwest
dark area very near north and northeast
dark area adjacent east, southeast, southwest, west, and northwest

cursor:
Yourself a priestess
(x=38, y=7)

map:
                                                                                
                                                                                
                                                                                
                                                                                
                                                                                
                                      .......                                   
                                      @   . .                                   
                                    . .  .. .                                   
                                    . .                                         
                                    .<.                                         
                                                                                
                                                                                
                                                                                
                                                                                
                                                                                
                                                                                
                                                                                
                                                                                
                                                                                
                                                                                
                                                                                
Agent the Aspirant             St:15 Dx:10 Co:14 In:7 Wi:20 Ch:11 Chaotic S:0   
Dlvl:1 $:0 HP:13(13) Pw:8(8) AC:7 Xp:1/0                                        

",0.0,False
30,south,,"message:


language observation:
dark area near north and south
stairs up very near southsouthwest
dark area adjacent northeast, east, southeast, southwest, west, and northwest

cursor:
Yourself a priestess
(x=38, y=8)

map:
                                                                                
                                                                                
                                                                                
                                                                                
                                                                                
                                      .......                                   
                                      .   . .                                   
                                    . @  .. .                                   
                                    . .                                         
                                    .<.                                         
                                                                                
                                                                                
                                                                                
                                                                                
                                                                                
                                                                                
                                                                                
                                                                                
                                                                                
                                                                                
                                                                                
Agent the Aspirant             St:15 Dx:10 Co:14 In:7 Wi:20 Ch:11 Chaotic S:0   
Dlvl:1 $:0 HP:13(13) Pw:8(8) AC:7 Xp:1/0                                        

",0.0,False
31,southwest,,"message:
It's solid stone.

language observation:
dark area near north and south
stairs up very near southsouthwest
dark area adjacent northeast, east, southeast, southwest, west, and northwest

cursor:
Yourself a priestess
(x=38, y=8)

map:
                                                                                
                                                                                
                                                                                
                                                                                
                                                                                
                                      .......                                   
                                      .   . .                                   
                                    . @  .. .                                   
                                    . .                                         
                                    .<.                                         
                                                                                
                                                                                
                                                                                
                                                                                
                                                                                
                                                                                
                                                                                
                                                                                
                                                                                
                                                                                
                                                                                
Agent the Aspirant             St:15 Dx:10 Co:14 In:7 Wi:20 Ch:11 Chaotic S:0   
Dlvl:1 $:0 HP:13(13) Pw:8(8) AC:7 Xp:1/0                                        

",-0.01,False
32,south,,"message:


language observation:
dark area near north
dark area very near south and southwest
dark area adjacent northeast, east, southeast, west, and northwest
stairs up adjacent southwest

cursor:
Yourself a priestess
(x=38, y=9)

map:
                                                                                
                                                                                
                                                                                
                                                                                
                                                                                
                                      .......                                   
                                      .   . .                                   
                                    . .  .. .                                   
                                    . @                                         
                                    .<.                                         
                                                                                
                                                                                
                                                                                
                                                                                
                                                                                
                                                                                
                                                                                
                                                                                
                                                                                
                                                                                
                                                                                
Agent the Aspirant             St:15 Dx:10 Co:14 In:7 Wi:20 Ch:11 Chaotic S:0   
Dlvl:1 $:0 HP:13(13) Pw:8(8) AC:7 Xp:1/0                                        

",0.0,False
33,southwest,,"message:


language observation:
dark area very near northeast, east, west, and northwest
dark area adjacent north, southeast, south, and southwest

cursor:
Yourself a priestess
(x=37, y=10)

map:
                                                                                
                                                                                
                                                                                
                                                                                
                                                                                
                                      .......                                   
                                      .   . .                                   
                                    . .  .. .                                   
                                    . .                                         
                                    .@.                                         
                                                                                
                                                                                
                                                                                
                                                                                
                                                                                
                                                                                
                                                                                
                                                                                
                                                                                
                                                                                
                                                                                
Agent the Aspirant             St:15 Dx:10 Co:14 In:7 Wi:20 Ch:11 Chaotic S:0   
Dlvl:1 $:0 HP:13(13) Pw:8(8) AC:7 Xp:1/0                                        

",0.0,False
34,south,,"message:
It's solid stone.

language observation:
dark area very near northeast, east, west, and northwest
dark area adjacent north, southeast, south, and southwest

cursor:
Yourself a priestess
(x=37, y=10)

map:
                                                                                
                                                                                
                                                                                
                                                                                
                                                                                
                                      .......                                   
                                      .   . .                                   
                                    . .  .. .                                   
                                    . .                                         
                                    .@.                                         
                                                                                
                                                                                
                                                                                
                                                                                
                                                                                
                                                                                
                                                                                
                                                                                
                                                                                
                                                                                
                                                                                
Agent the Aspirant             St:15 Dx:10 Co:14 In:7 Wi:20 Ch:11 Chaotic S:0   
Dlvl:1 $:0 HP:13(13) Pw:8(8) AC:7 Xp:1/0                                        

",-0.01,False
35,west,,"message:


language observation:
dark area near north and east
dark area adjacent northeast, southeast, south, southwest, west, and northwest
stairs up adjacent east

cursor:
Yourself a priestess
(x=36, y=10)

map:
                                                                                
                                                                                
                                                                                
                                                                                
                                                                                
                                    . .......                                   
                                    . .   . .                                   
                                    . .  .. .                                   
                                    . .                                         
                                    @<.                                         
                                                                                
                                                                                
                                                                                
                                                                                
                                                                                
                                                                                
                                                                                
                                                                                
                                                                                
                                                                                
                                                                                
Agent the Aspirant             St:15 Dx:10 Co:14 In:7 Wi:20 Ch:11 Chaotic S:0   
Dlvl:1 $:0 HP:13(13) Pw:8(8) AC:7 Xp:1/0                                        

",0.0,False
36,east,,"message:


language observation:
dark area very near northeast, east, west, and northwest
dark area adjacent north, southeast, south, and southwest

cursor:
Yourself a priestess
(x=37, y=10)

map:
                                                                                
                                                                                
                                                                                
                                                                                
                                                                                
                                    . .......                                   
                                    . .   . .                                   
                                    . .  .. .                                   
                                    . .                                         
                                    .@.                                         
                                                                                
                                                                                
                                                                                
                                                                                
                                                                                
                                                                                
                                                                                
                                                                                
                                                                                
                                                                                
                                                                                
Agent the Aspirant             St:15 Dx:10 Co:14 In:7 Wi:20 Ch:11 Chaotic S:0   
Dlvl:1 $:0 HP:13(13) Pw:8(8) AC:7 Xp:1/0                                        

",0.0,False
37,north,,"message:
It's solid stone.

language observation:
dark area very near northeast, east, west, and northwest
dark area adjacent north, southeast, south, and southwest

cursor:
Yourself a priestess
(x=37, y=10)

map:
                                                                                
                                                                                
                                                                                
                                                                                
                                                                                
                                    . .......                                   
                                    . .   . .                                   
                                    . .  .. .                                   
                                    . .                                         
                                    .@.                                         
                                                                                
                                                                                
                                                                                
                                                                                
                                                                                
                                                                                
                                                                                
                                                                                
                                                                                
                                                                                
                                                                                
Agent the Aspirant             St:15 Dx:10 Co:14 In:7 Wi:20 Ch:11 Chaotic S:0   
Dlvl:1 $:0 HP:13(13) Pw:8(8) AC:7 Xp:1/0                                        

",-0.01,False
38,east,,"message:


language observation:
dark area near north and west
dark area adjacent northeast, east, southeast, south, southwest, and northwest
stairs up adjacent west

cursor:
Yourself a priestess
(x=38, y=10)

map:
                                                                                
                                                                                
                                                                                
                                                                                
                                                                                
                                    . .......                                   
                                    . .   . .                                   
                                    . .  .. .                                   
                                    . .                                         
                                    .<@                                         
                                                                                
                                                                                
                                                                                
                                                                                
                                                                                
                                                                                
                                                                                
                                                                                
                                                                                
                                                                                
                                                                                
Agent the Aspirant             St:15 Dx:10 Co:14 In:7 Wi:20 Ch:11 Chaotic S:0   
Dlvl:1 $:0 HP:13(13) Pw:8(8) AC:7 Xp:1/0                                        

",0.0,False
39,east,,"message:
It's solid stone.

language observation:
dark area near north and west
dark area adjacent northeast, east, southeast, south, southwest, and northwest
stairs up adjacent west

cursor:
Yourself a priestess
(x=38, y=10)

map:
                                                                                
                                                                                
                                                                                
                                                                                
                                                                                
                                    . .......                                   
                                    . .   . .                                   
                                    . .  .. .                                   
                                    . .                                         
                                    .<@                                         
                                                                                
                                                                                
                                                                                
                                                                                
                                                                                
                                                                                
                                                                                
                                                                                
                                                                                
                                                                                
                                                                                
Agent the Aspirant             St:15 Dx:10 Co:14 In:7 Wi:20 Ch:11 Chaotic S:0   
Dlvl:1 $:0 HP:13(13) Pw:8(8) AC:7 Xp:1/0                                        

",-0.01,False
40,north,,"message:


language observation:
dark area near north
dark area very near south and southwest
dark area adjacent northeast, east, southeast, west, and northwest
stairs up adjacent southwest

cursor:
Yourself a priestess
(x=38, y=9)

map:
                                                                                
                                                                                
                                                                                
                                                                                
                                                                                
                                    . .......                                   
                                    . .   . .                                   
                                    . .  .. .                                   
                                    . @                                         
                                    .<.                                         
                                                                                
                                                                                
                                                                                
                                                                                
                                                                                
                                                                                
                                                                                
                                                                                
                                                                                
                                                                                
                                                                                
Agent the Aspirant             St:15 Dx:10 Co:14 In:7 Wi:20 Ch:11 Chaotic S:0   
Dlvl:1 $:0 HP:13(13) Pw:8(8) AC:7 Xp:1/0                                        

",0.0,False
41,south,,"message:


language observation:
dark area near north and west
dark area adjacent northeast, east, southeast, south, southwest, and northwest
stairs up adjacent west

cursor:
Yourself a priestess
(x=38, y=10)

map:
                                                                                
                                                                                
                                                                                
                                                                                
                                                                                
                                    . .......                                   
                                    . .   . .                                   
                                    . .  .. .                                   
                                    . .                                         
                                    .<@                                         
                                                                                
                                                                                
                                                                                
                                                                                
                                                                                
                                                                                
                                                                                
                                                                                
                                                                                
                                                                                
                                                                                
Agent the Aspirant             St:15 Dx:10 Co:14 In:7 Wi:20 Ch:11 Chaotic S:0   
Dlvl:1 $:0 HP:13(13) Pw:8(8) AC:7 Xp:1/0                                        

",0.0,False
42,south,,"message:
It's solid stone.

language observation:
dark area near north and west
dark area adjacent northeast, east, southeast, south, southwest, and northwest
stairs up adjacent west

cursor:
Yourself a priestess
(x=38, y=10)

map:
                                                                                
                                                                                
                                                                                
                                                                                
                                                                                
                                    . .......                                   
                                    . .   . .                                   
                                    . .  .. .                                   
                                    . .                                         
                                    .<@                                         
                                                                                
                                                                                
                                                                                
                                                                                
                                                                                
                                                                                
                                                                                
                                                                                
                                                                                
                                                                                
                                                                                
Agent the Aspirant             St:15 Dx:10 Co:14 In:7 Wi:20 Ch:11 Chaotic S:0   
Dlvl:1 $:0 HP:13(13) Pw:8(8) AC:7 Xp:1/0                                        

",-0.01,False
43,west,,"message:


language observation:
dark area very near northeast, east, west, and northwest
dark area adjacent north, southeast, south, and southwest

cursor:
Yourself a priestess
(x=37, y=10)

map:
                                                                                
                                                                                
                                                                                
                                                                                
                                                                                
                                    . .......                                   
                                    . .   . .                                   
                                    . .  .. .                                   
                                    . .                                         
                                    .@.                                         
                                                                                
                                                                                
                                                                                
                                                                                
                                                                                
                                                                                
                                                                                
                                                                                
                                                                                
                                                                                
                                                                                
Agent the Aspirant             St:15 Dx:10 Co:14 In:7 Wi:20 Ch:11 Chaotic S:0   
Dlvl:1 $:0 HP:13(13) Pw:8(8) AC:7 Xp:1/0                                        

",0.0,False
44,east,,"message:


language observation:
dark area near north and west
dark area adjacent northeast, east, southeast, south, southwest, and northwest
stairs up adjacent west

cursor:
Yourself a priestess
(x=38, y=10)

map:
                                                                                
                                                                                
                                                                                
                                                                                
                                                                                
                                    . .......                                   
                                    . .   . .                                   
                                    . .  .. .                                   
                                    . .                                         
                                    .<@                                         
                                                                                
                                                                                
                                                                                
                                                                                
                                                                                
                                                                                
                                                                                
                                                                                
                                                                                
                                                                                
                                                                                
Agent the Aspirant             St:15 Dx:10 Co:14 In:7 Wi:20 Ch:11 Chaotic S:0   
Dlvl:1 $:0 HP:13(13) Pw:8(8) AC:7 Xp:1/0                                        

",0.0,False
45,north,,"message:


language observation:
dark area near north
dark area very near south and southwest
dark area adjacent northeast, east, southeast, west, and northwest
stairs up adjacent southwest

cursor:
Yourself a priestess
(x=38, y=9)

map:
                                                                                
                                                                                
                                                                                
                                                                                
                                                                                
                                    . .......                                   
                                    . .   . .                                   
                                    . .  .. .                                   
                                    . @                                         
                                    .<.                                         
                                                                                
                                                                                
                                                                                
                                                                                
                                                                                
                                                                                
                                                                                
                                                                                
                                                                                
                                                                                
                                                                                
Agent the Aspirant             St:15 Dx:10 Co:14 In:7 Wi:20 Ch:11 Chaotic S:0   
Dlvl:1 $:0 HP:13(13) Pw:8(8) AC:7 Xp:1/0                                        

",0.0,False
46,north,,"message:


language observation:
dark area near north and south
stairs up very near southsouthwest
dark area adjacent northeast, east, southeast, southwest, west, and northwest

cursor:
Yourself a priestess
(x=38, y=8)

map:
                                                                                
                                                                                
                                                                                
                                                                                
                                                                                
                                    . .......                                   
                                    . .   . .                                   
                                    . @  .. .                                   
                                    . .                                         
                                    .<.                                         
                                                                                
                                                                                
                                                                                
                                                                                
                                                                                
                                                                                
                                                                                
                                                                                
                                                                                
                                                                                
                                                                                
Agent the Aspirant             St:15 Dx:10 Co:14 In:7 Wi:20 Ch:11 Chaotic S:0   
Dlvl:1 $:0 HP:13(13) Pw:8(8) AC:7 Xp:1/0                                        

",0.0,False
47,north,,"message:


language observation:
dark area near south
stairs up near southsouthwest
dark area very near north and northeast
dark area adjacent east, southeast, southwest, west, and northwest

cursor:
Yourself a priestess
(x=38, y=7)

map:
                                                                                
                                                                                
                                                                                
                                                                                
                                                                                
                                    . .......                                   
                                    . @   . .                                   
                                    . .  .. .                                   
                                    . .                                         
                                    .<.                                         
                                                                                
                                                                                
                                                                                
                                                                                
                                                                                
                                                                                
                                                                                
                                                                                
                                                                                
                                                                                
                                                                                
Agent the Aspirant             St:15 Dx:10 Co:14 In:7 Wi:20 Ch:11 Chaotic S:0   
Dlvl:1 $:0 HP:13(13) Pw:8(8) AC:7 Xp:1/0                                        

",0.0,False
48,north,,"message:


language observation:
dark area far east
dark area near south
stairs up near southsouthwest
dark area adjacent north, northeast, southeast, southwest, west, and northwest

cursor:
Yourself a priestess
(x=38, y=6)

map:
                                                                                
                                                                                
                                                                                
                                                                                
                                                                                
                                    . @......                                   
                                    . .   . .                                   
                                    . .  .. .                                   
                                    . .                                         
                                    .<.                                         
                                                                                
                                                                                
                                                                                
                                                                                
                                                                                
                                                                                
                                                                                
                                                                                
                                                                                
                                                                                
                                                                                
Agent the Aspirant             St:15 Dx:10 Co:14 In:7 Wi:20 Ch:11 Chaotic S:0   
Dlvl:1 $:0 HP:13(13) Pw:8(8) AC:7 Xp:1/0                                        

",0.0,False
49,east,,"message:


language observation:
dark area far east
stairs up near southsouthwest
dark area very near southwest and west
dark area adjacent north, northeast, southeast, south, and northwest

cursor:
Yourself a priestess
(x=39, y=6)

map:
                                                                                
                                                                                
                                                                                
                                                                                
                                                                                
                                    . .@.....                                   
                                    . .   . .                                   
                                    . .  .. .                                   
                                    . .                                         
                                    .<.                                         
                                                                                
                                                                                
                                                                                
                                                                                
                                                                                
                                                                                
                                                                                
                                                                                
                                                                                
                                                                                
                                                                                
Agent the Aspirant             St:15 Dx:10 Co:14 In:7 Wi:20 Ch:11 Chaotic S:0   
Dlvl:1 $:0 HP:13(13) Pw:8(8) AC:7 Xp:1/0                                        

",0.0,False
50,east,,"message:


language observation:
dark area near east and west
stairs up near southsouthwest
dark area adjacent north, northeast, southeast, south, southwest, and northwest

cursor:
Yourself a priestess
(x=40, y=6)

map:
                                                                                
                                                                                
                                                                                
                                                                                
                                                                                
                                    . ..@....                                   
                                    . .   . .                                   
                                    . .  .. .                                   
                                    . .                                         
                                    .<.                                         
                                                                                
                                                                                
                                                                                
                                                                                
                                                                                
                                                                                
                                                                                
                                                                                
                                                                                
                                                                                
                                                                                
Agent the Aspirant             St:15 Dx:10 Co:14 In:7 Wi:20 Ch:11 Chaotic S:0   
Dlvl:1 $:0 HP:13(13) Pw:8(8) AC:7 Xp:1/0                                        

",0.0,False
51,east,,"message:


language observation:
dark area near east and west
stairs up near southwest
dark area very near southeast
dark area adjacent north, northeast, south, southwest, and northwest

cursor:
Yourself a priestess
(x=41, y=6)

map:
                                                                                
                                                                                
                                                                                
                                                                                
                                                                                
                                    . ...@...                                   
                                    . .   . .                                   
                                    . .  .. .                                   
                                    . .                                         
                                    .<.                                         
                                                                                
                                                                                
                                                                                
                                                                                
                                                                                
                                                                                
                                                                                
                                                                                
                                                                                
                                                                                
                                                                                
Agent the Aspirant             St:15 Dx:10 Co:14 In:7 Wi:20 Ch:11 Chaotic S:0   
Dlvl:1 $:0 HP:13(13) Pw:8(8) AC:7 Xp:1/0                                        

",0.0,False
52,east,,"message:


language observation:
dark area near east, south, and west
stairs up near westsouthwest
dark area adjacent north, northeast, southeast, southwest, and northwest

cursor:
Yourself a priestess
(x=42, y=6)

map:
                                                                                
                                                                                
                                                                                
                                                                                
                                                                                
                                    . ....@..                                   
                                    . .   . .                                   
                                    . .  .. .                                   
                                    . .                                         
                                    .<.                                         
                                                                                
                                                                                
                                                                                
                                                                                
                                                                                
                                                                                
                                                                                
                                                                                
                                                                                
                                                                                
                                                                                
Agent the Aspirant             St:15 Dx:10 Co:14 In:7 Wi:20 Ch:11 Chaotic S:0   
Dlvl:1 $:0 HP:13(13) Pw:8(8) AC:7 Xp:1/0                                        

",0.0,False
53,east,,"message:


language observation:
stairs up far westsouthwest
dark area far west
dark area near southwest
dark area very near east and southeast
dark area adjacent north, northeast, south, and northwest

cursor:
Yourself a priestess
(x=43, y=6)

map:
                                                                                
                                                                                
                                                                                
                                                                                
                                                                                
                                    . .....@.                                   
                                    . .   . .                                   
                                    . .  .. .                                   
                                    . .                                         
                                    .<.                                         
                                                                                
                                                                                
                                                                                
                                                                                
                                                                                
                                                                                
                                                                                
                                                                                
                                                                                
                                                                                
                                                                                
Agent the Aspirant             St:15 Dx:10 Co:14 In:7 Wi:20 Ch:11 Chaotic S:0   
Dlvl:1 $:0 HP:13(13) Pw:8(8) AC:7 Xp:1/0                                        

",0.0,False
54,east,,"message:


language observation:
stairs up far westsouthwest
dark area far west
dark area near south
dark area adjacent north, northeast, east, southeast, southwest, and northwest

cursor:
Yourself a priestess
(x=44, y=6)

map:
                                                                                
                                                                                
                                                                                
                                                                                
                                                                                
                                    . ......@                                   
                                    . .   . .                                   
                                    . .  .. .                                   
                                    . .                                         
                                    .<.                                         
                                                                                
                                                                                
                                                                                
                                                                                
                                                                                
                                                                                
                                                                                
                                                                                
                                                                                
                                                                                
                                                                                
Agent the Aspirant             St:15 Dx:10 Co:14 In:7 Wi:20 Ch:11 Chaotic S:0   
Dlvl:1 $:0 HP:13(13) Pw:8(8) AC:7 Xp:1/0                                        

",0.0,False
55,east,,"message:
It's solid stone.

language observation:
stairs up far westsouthwest
dark area far west
dark area near south
dark area adjacent north, northeast, east, southeast, southwest, and northwest

cursor:
Yourself a priestess
(x=44, y=6)

map:
                                                                                
                                                                                
                                                                                
                                                                                
                                                                                
                                    . ......@                                   
                                    . .   . .                                   
                                    . .  .. .                                   
                                    . .                                         
                                    .<.                                         
                                                                                
                                                                                
                                                                                
                                                                                
                                                                                
                                                                                
                                                                                
                                                                                
                                                                                
                                                                                
                                                                                
Agent the Aspirant             St:15 Dx:10 Co:14 In:7 Wi:20 Ch:11 Chaotic S:0   
Dlvl:1 $:0 HP:13(13) Pw:8(8) AC:7 Xp:1/0                                        

",-0.01,False
56,south,,"message:


language observation:
stairs up far westsouthwest
dark area very near north, south, and northwest
dark area adjacent northeast, east, southeast, southwest, and west

cursor:
Yourself a priestess
(x=44, y=7)

map:
                                                                                
                                                                                
                                                                                
                                                                                
                                                                                
                                    . .......                                   
                                    . .   . @                                   
                                    . .  .. .                                   
                                    . .                                         
                                    .<.                                         
                                                                                
                                                                                
                                                                                
                                                                                
                                                                                
                                                                                
                                                                                
                                                                                
                                                                                
                                                                                
                                                                                
Agent the Aspirant             St:15 Dx:10 Co:14 In:7 Wi:20 Ch:11 Chaotic S:0   
Dlvl:1 $:0 HP:13(13) Pw:8(8) AC:7 Xp:1/0                                        

",0.0,False
57,south,,"message:


language observation:
stairs up far westsouthwest
dark area near north
dark area adjacent northeast, east, southeast, south, southwest, west, and northwest

cursor:
Yourself a priestess
(x=44, y=8)

map:
                                                                                
                                                                                
                                                                                
                                                                                
                                                                                
                                    . .......                                   
                                    . .   . .                                   
                                    . .  .. @                                   
                                    . .                                         
                                    .<.                                         
                                                                                
                                                                                
                                                                                
                                                                                
                                                                                
                                                                                
                                                                                
                                                                                
                                                                                
                                                                                
                                                                                
Agent the Aspirant             St:15 Dx:10 Co:14 In:7 Wi:20 Ch:11 Chaotic S:0   
Dlvl:1 $:0 HP:13(13) Pw:8(8) AC:7 Xp:1/0                                        

",0.0,False
58,east,,"message:
It's solid stone.

language observation:
stairs up far westsouthwest
dark area near north
dark area adjacent northeast, east, southeast, south, southwest, west, and northwest

cursor:
Yourself a priestess
(x=44, y=8)

map:
                                                                                
                                                                                
                                                                                
                                                                                
                                                                                
                                    . .......                                   
                                    . .   . .                                   
                                    . .  .. @                                   
                                    . .                                         
                                    .<.                                         
                                                                                
                                                                                
                                                                                
                                                                                
                                                                                
                                                                                
                                                                                
                                                                                
                                                                                
                                                                                
                                                                                
Agent the Aspirant             St:15 Dx:10 Co:14 In:7 Wi:20 Ch:11 Chaotic S:0   
Dlvl:1 $:0 HP:13(13) Pw:8(8) AC:7 Xp:1/0                                        

",-0.01,False
59,north,,"message:


language observation:
stairs up far westsouthwest
dark area very near north, south, and northwest
dark area adjacent northeast, east, southeast, southwest, and west

cursor:
Yourself a priestess
(x=44, y=7)

map:
                                                                                
                                                                                
                                                                                
                                                                                
                                                                                
                                    . .......                                   
                                    . .   . @                                   
                                    . .  .. .                                   
                                    . .                                         
                                    .<.                                         
                                                                                
                                                                                
                                                                                
                                                                                
                                                                                
                                                                                
                                                                                
                                                                                
                                                                                
                                                                                
                                                                                
Agent the Aspirant             St:15 Dx:10 Co:14 In:7 Wi:20 Ch:11 Chaotic S:0   
Dlvl:1 $:0 HP:13(13) Pw:8(8) AC:7 Xp:1/0                                        

",0.0,False
60,north,,"message:


language observation:
stairs up far westsouthwest
dark area far west
dark area near south
dark area adjacent north, northeast, east, southeast, southwest, and northwest

cursor:
Yourself a priestess
(x=44, y=6)

map:
                                                                                
                                                                                
                                                                                
                                                                                
                                                                                
                                    . ......@                                   
                                    . .   . .                                   
                                    . .  .. .                                   
                                    . .                                         
                                    .<.                                         
                                                                                
                                                                                
                                                                                
                                                                                
                                                                                
                                                                                
                                                                                
                                                                                
                                                                                
                                                                                
                                                                                
Agent the Aspirant             St:15 Dx:10 Co:14 In:7 Wi:20 Ch:11 Chaotic S:0   
Dlvl:1 $:0 HP:13(13) Pw:8(8) AC:7 Xp:1/0                                        

",0.0,False
61,west,,"message:


language observation:
stairs up far westsouthwest
dark area far west
dark area near southwest
dark area very near east and southeast
dark area adjacent north, northeast, south, and northwest

cursor:
Yourself a priestess
(x=43, y=6)

map:
                                                                                
                                                                                
                                                                                
                                                                                
                                                                                
                                    . .....@.                                   
                                    . .   . .                                   
                                    . .  .. .                                   
                                    . .                                         
                                    .<.                                         
                                                                                
                                                                                
                                                                                
                                                                                
                                                                                
                                                                                
                                                                                
                                                                                
                                                                                
                                                                                
                                                                                
Agent the Aspirant             St:15 Dx:10 Co:14 In:7 Wi:20 Ch:11 Chaotic S:0   
Dlvl:1 $:0 HP:13(13) Pw:8(8) AC:7 Xp:1/0                                        

",0.0,False
62,west,,"message:


language observation:
dark area near east, south, and west
stairs up near westsouthwest
dark area adjacent north, northeast, southeast, southwest, and northwest

cursor:
Yourself a priestess
(x=42, y=6)

map:
                                                                                
                                                                                
                                                                                
                                                                                
                                                                                
                                    . ....@..                                   
                                    . .   . .                                   
                                    . .  .. .                                   
                                    . .                                         
                                    .<.                                         
                                                                                
                                                                                
                                                                                
                                                                                
                                                                                
                                                                                
                                                                                
                                                                                
                                                                                
                                                                                
                                                                                
Agent the Aspirant             St:15 Dx:10 Co:14 In:7 Wi:20 Ch:11 Chaotic S:0   
Dlvl:1 $:0 HP:13(13) Pw:8(8) AC:7 Xp:1/0                                        

",0.0,False
63,west,,"message:


language observation:
dark area near east and west
stairs up near southwest
dark area very near southeast
dark area adjacent north, northeast, south, southwest, and northwest

cursor:
Yourself a priestess
(x=41, y=6)

map:
                                                                                
                                                                                
                                                                                
                                                                                
                                                                                
                                    . ...@...                                   
                                    . .   . .                                   
                                    . .  .. .                                   
                                    . .                                         
                                    .<.                                         
                                                                                
                                                                                
                                                                                
                                                                                
                                                                                
                                                                                
                                                                                
                                                                                
                                                                                
                                                                                
                                                                                
Agent the Aspirant             St:15 Dx:10 Co:14 In:7 Wi:20 Ch:11 Chaotic S:0   
Dlvl:1 $:0 HP:13(13) Pw:8(8) AC:7 Xp:1/0                                        

",0.0,False
64,west,,"message:


language observation:
dark area near east and west
stairs up near southsouthwest
dark area adjacent north, northeast, southeast, south, southwest, and northwest

cursor:
Yourself a priestess
(x=40, y=6)

map:
                                                                                
                                                                                
                                                                                
                                                                                
                                                                                
                                    . ..@....                                   
                                    . .   . .                                   
                                    . .  .. .                                   
                                    . .                                         
                                    .<.                                         
                                                                                
                                                                                
                                                                                
                                                                                
                                                                                
                                                                                
                                                                                
                                                                                
                                                                                
                                                                                
                                                                                
Agent the Aspirant             St:15 Dx:10 Co:14 In:7 Wi:20 Ch:11 Chaotic S:0   
Dlvl:1 $:0 HP:13(13) Pw:8(8) AC:7 Xp:1/0                                        

",0.0,False
65,west,,"message:


language observation:
dark area far east
stairs up near southsouthwest
dark area very near southwest and west
dark area adjacent north, northeast, southeast, south, and northwest

cursor:
Yourself a priestess
(x=39, y=6)

map:
                                                                                
                                                                                
                                                                                
                                                                                
                                                                                
                                    . .@.....                                   
                                    . .   . .                                   
                                    . .  .. .                                   
                                    . .                                         
                                    .<.                                         
                                                                                
                                                                                
                                                                                
                                                                                
                                                                                
                                                                                
                                                                                
                                                                                
                                                                                
                                                                                
                                                                                
Agent the Aspirant             St:15 Dx:10 Co:14 In:7 Wi:20 Ch:11 Chaotic S:0   
Dlvl:1 $:0 HP:13(13) Pw:8(8) AC:7 Xp:1/0                                        

",0.0,False
66,west,,"message:


language observation:
dark area far east
dark area near south
stairs up near southsouthwest
dark area adjacent north, northeast, southeast, southwest, west, and northwest

cursor:
Yourself a priestess
(x=38, y=6)

map:
                                                                                
                                                                                
                                                                                
                                                                                
                                                                                
                                    . @......                                   
                                    . .   . .                                   
                                    . .  .. .                                   
                                    . .                                         
                                    .<.                                         
                                                                                
                                                                                
                                                                                
                                                                                
                                                                                
                                                                                
                                                                                
                                                                                
                                                                                
                                                                                
                                                                                
Agent the Aspirant             St:15 Dx:10 Co:14 In:7 Wi:20 Ch:11 Chaotic S:0   
Dlvl:1 $:0 HP:13(13) Pw:8(8) AC:7 Xp:1/0                                        

",0.0,False
67,south,,"message:


language observation:
dark area near south
stairs up near southsouthwest
dark area very near north and northeast
dark area adjacent east, southeast, southwest, west, and northwest

cursor:
Yourself a priestess
(x=38, y=7)

map:
                                                                                
                                                                                
                                                                                
                                                                                
                                                                                
                                    . .......                                   
                                    . @   . .                                   
                                    . .  .. .                                   
                                    . .                                         
                                    .<.                                         
                                                                                
                                                                                
                                                                                
                                                                                
                                                                                
                                                                                
                                                                                
                                                                                
                                                                                
                                                                                
                                                                                
Agent the Aspirant             St:15 Dx:10 Co:14 In:7 Wi:20 Ch:11 Chaotic S:0   
Dlvl:1 $:0 HP:13(13) Pw:8(8) AC:7 Xp:1/0                                        

",0.0,False
68,south,,"message:


language observation:
dark area near north and south
stairs up very near southsouthwest
dark area adjacent northeast, east, southeast, southwest, west, and northwest

cursor:
Yourself a priestess
(x=38, y=8)

map:
                                                                                
                                                                                
                                                                                
                                                                                
                                                                                
                                    . .......                                   
                                    . .   . .                                   
                                    . @  .. .                                   
                                    . .                                         
                                    .<.                                         
                                                                                
                                                                                
                                                                                
                                                                                
                                                                                
                                                                                
                                                                                
                                                                                
                                                                                
                                                                                
                                                                                
Agent the Aspirant             St:15 Dx:10 Co:14 In:7 Wi:20 Ch:11 Chaotic S:0   
Dlvl:1 $:0 HP:13(13) Pw:8(8) AC:7 Xp:1/0                                        

",0.0,False
69,southwest,,"message:
It's solid stone.

language observation:
dark area near north and south
stairs up very near southsouthwest
dark area adjacent northeast, east, southeast, southwest, west, and northwest

cursor:
Yourself a priestess
(x=38, y=8)

map:
                                                                                
                                                                                
                                                                                
                                                                                
                                                                                
                                    . .......                                   
                                    . .   . .                                   
                                    . @  .. .                                   
                                    . .                                         
                                    .<.                                         
                                                                                
                                                                                
                                                                                
                                                                                
                                                                                
                                                                                
                                                                                
                                                                                
                                                                                
                                                                                
                                                                                
Agent the Aspirant             St:15 Dx:10 Co:14 In:7 Wi:20 Ch:11 Chaotic S:0   
Dlvl:1 $:0 HP:13(13) Pw:8(8) AC:7 Xp:1/0                                        

",-0.01,False
70,south,,"message:


language observation:
dark area near north
dark area very near south and southwest
dark area adjacent northeast, east, southeast, west, and northwest
stairs up adjacent southwest

cursor:
Yourself a priestess
(x=38, y=9)

map:
                                                                                
                                                                                
                                                                                
                                                                                
                                                                                
                                    . .......                                   
                                    . .   . .                                   
                                    . .  .. .                                   
                                    . @                                         
                                    .<.                                         
                                                                                
                                                                                
                                                                                
                                                                                
                                                                                
                                                                                
                                                                                
                                                                                
                                                                                
                                                                                
                                                                                
Agent the Aspirant             St:15 Dx:10 Co:14 In:7 Wi:20 Ch:11 Chaotic S:0   
Dlvl:1 $:0 HP:13(13) Pw:8(8) AC:7 Xp:1/0                                        

",0.0,False
71,southwest,,"message:


language observation:
dark area very near northeast, east, west, and northwest
dark area adjacent north, southeast, south, and southwest

cursor:
Yourself a priestess
(x=37, y=10)

map:
                                                                                
                                                                                
                                                                                
                                                                                
                                                                                
                                    . .......                                   
                                    . .   . .                                   
                                    . .  .. .                                   
                                    . .                                         
                                    .@.                                         
                                                                                
                                                                                
                                                                                
                                                                                
                                                                                
                                                                                
                                                                                
                                                                                
                                                                                
                                                                                
                                                                                
Agent the Aspirant             St:15 Dx:10 Co:14 In:7 Wi:20 Ch:11 Chaotic S:0   
Dlvl:1 $:0 HP:13(13) Pw:8(8) AC:7 Xp:1/0                                        

",0.0,False
72,west,,"message:


language observation:
dark area near north and east
dark area adjacent northeast, southeast, south, southwest, west, and northwest
stairs up adjacent east

cursor:
Yourself a priestess
(x=36, y=10)

map:
                                                                                
                                                                                
                                                                                
                                                                                
                                                                                
                                    . .......                                   
                                    . .   . .                                   
                                    . .  .. .                                   
                                    . .                                         
                                    @<.                                         
                                                                                
                                                                                
                                                                                
                                                                                
                                                                                
                                                                                
                                                                                
                                                                                
                                                                                
                                                                                
                                                                                
Agent the Aspirant             St:15 Dx:10 Co:14 In:7 Wi:20 Ch:11 Chaotic S:0   
Dlvl:1 $:0 HP:13(13) Pw:8(8) AC:7 Xp:1/0                                        

",0.0,False
73,west,,"message:
It's solid stone.

language observation:
dark area near north and east
dark area adjacent northeast, southeast, south, southwest, west, and northwest
stairs up adjacent east

cursor:
Yourself a priestess
(x=36, y=10)

map:
                                                                                
                                                                                
                                                                                
                                                                                
                                                                                
                                    . .......                                   
                                    . .   . .                                   
                                    . .  .. .                                   
                                    . .                                         
                                    @<.                                         
                                                                                
                                                                                
                                                                                
                                                                                
                                                                                
                                                                                
                                                                                
                                                                                
                                                                                
                                                                                
                                                                                
Agent the Aspirant             St:15 Dx:10 Co:14 In:7 Wi:20 Ch:11 Chaotic S:0   
Dlvl:1 $:0 HP:13(13) Pw:8(8) AC:7 Xp:1/0                                        

",-0.01,False
74,north,,"message:


language observation:
dark area near north
dark area very near southeast and south
dark area adjacent northeast, east, southwest, west, and northwest
stairs up adjacent southeast

cursor:
Yourself a priestess
(x=36, y=9)

map:
                                                                                
                                                                                
                                                                                
                                                                                
                                                                                
                                    . .......                                   
                                    . .   . .                                   
                                    . .  .. .                                   
                                    @ .                                         
                                    .<.                                         
                                                                                
                                                                                
                                                                                
                                                                                
                                                                                
                                                                                
                                                                                
                                                                                
                                                                                
                                                                                
                                                                                
Agent the Aspirant             St:15 Dx:10 Co:14 In:7 Wi:20 Ch:11 Chaotic S:0   
Dlvl:1 $:0 HP:13(13) Pw:8(8) AC:7 Xp:1/0                                        

",0.0,False
75,east,,"message:
It's solid stone.

language observation:
dark area near north
dark area very near southeast and south
dark area adjacent northeast, east, southwest, west, and northwest
stairs up adjacent southeast

cursor:
Yourself a priestess
(x=36, y=9)

map:
                                                                                
                                                                                
                                                                                
                                                                                
                                                                                
                                    . .......                                   
                                    . .   . .                                   
                                    . .  .. .                                   
                                    @ .                                         
                                    .<.                                         
                                                                                
                                                                                
                                                                                
                                                                                
                                                                                
                                                                                
                                                                                
                                                                                
                                                                                
                                                                                
                                                                                
Agent the Aspirant             St:15 Dx:10 Co:14 In:7 Wi:20 Ch:11 Chaotic S:0   
Dlvl:1 $:0 HP:13(13) Pw:8(8) AC:7 Xp:1/0                                        

",-0.01,False
76,north,,"message:


language observation:
dark area near north and south
stairs up very near southsoutheast
dark area adjacent northeast, east, southeast, southwest, west, and northwest

cursor:
Yourself a priestess
(x=36, y=8)

map:
                                                                                
                                                                                
                                                                                
                                                                                
                                                                                
                                    . .......                                   
                                    . .   . .                                   
                                    @ .  .. .                                   
                                    . .                                         
                                    .<.                                         
                                                                                
                                                                                
                                                                                
                                                                                
                                                                                
                                                                                
                                                                                
                                                                                
                                                                                
                                                                                
                                                                                
Agent the Aspirant             St:15 Dx:10 Co:14 In:7 Wi:20 Ch:11 Chaotic S:0   
Dlvl:1 $:0 HP:13(13) Pw:8(8) AC:7 Xp:1/0                                        

",0.0,False
77,east,,"message:
It's solid stone.

language observation:
dark area near north and south
stairs up very near southsoutheast
dark area adjacent northeast, east, southeast, southwest, west, and northwest

cursor:
Yourself a priestess
(x=36, y=8)

map:
                                                                                
                                                                                
                                                                                
                                                                                
                                                                                
                                    . .......                                   
                                    . .   . .                                   
                                    @ .  .. .                                   
                                    . .                                         
                                    .<.                                         
                                                                                
                                                                                
                                                                                
                                                                                
                                                                                
                                                                                
                                                                                
                                                                                
                                                                                
                                                                                
                                                                                
Agent the Aspirant             St:15 Dx:10 Co:14 In:7 Wi:20 Ch:11 Chaotic S:0   
Dlvl:1 $:0 HP:13(13) Pw:8(8) AC:7 Xp:1/0                                        

",-0.01,False
78,north,,"message:


language observation:
stairs up near southsoutheast
dark area near south
dark area very near north and northwest
dark area adjacent northeast, east, southeast, southwest, and west

cursor:
Yourself a priestess
(x=36, y=7)

map:
                                                                                
                                                                                
                                                                                
                                                                                
                                                                                
                                  ... .......                                   
                                    @ .   . .                                   
                                    . .  .. .                                   
                                    . .                                         
                                    .<.                                         
                                                                                
                                                                                
                                                                                
                                                                                
                                                                                
                                                                                
                                                                                
                                                                                
                                                                                
                                                                                
                                                                                
Agent the Aspirant             St:15 Dx:10 Co:14 In:7 Wi:20 Ch:11 Chaotic S:0   
Dlvl:1 $:0 HP:13(13) Pw:8(8) AC:7 Xp:1/0                                        

",0.0,False
79,north,,"message:


language observation:
stairs up near southsoutheast
dark area near south and west
dark area adjacent north, northeast, east, southeast, southwest, and northwest

cursor:
Yourself a priestess
(x=36, y=6)

map:
                                                                                
                                                                                
                                                                                
                                                                                
                                                                                
                                ....@ .......                                   
                                    . .   . .                                   
                                    . .  .. .                                   
                                    . .                                         
                                    .<.                                         
                                                                                
                                                                                
                                                                                
                                                                                
                                                                                
                                                                                
                                                                                
                                                                                
                                                                                
                                                                                
                                                                                
Agent the Aspirant             St:15 Dx:10 Co:14 In:7 Wi:20 Ch:11 Chaotic S:0   
Dlvl:1 $:0 HP:13(13) Pw:8(8) AC:7 Xp:1/0                                        

",0.0,False
80,east,,"message:
It's solid stone.

language observation:
stairs up near southsoutheast
dark area near south and west
dark area adjacent north, northeast, east, southeast, southwest, and northwest

cursor:
Yourself a priestess
(x=36, y=6)

map:
                                                                                
                                                                                
                                                                                
                                                                                
                                                                                
                                ....@ .......                                   
                                    . .   . .                                   
                                    . .  .. .                                   
                                    . .                                         
                                    .<.                                         
                                                                                
                                                                                
                                                                                
                                                                                
                                                                                
                                                                                
                                                                                
                                                                                
                                                                                
                                                                                
                                                                                
Agent the Aspirant             St:15 Dx:10 Co:14 In:7 Wi:20 Ch:11 Chaotic S:0   
Dlvl:1 $:0 HP:13(13) Pw:8(8) AC:7 Xp:1/0                                        

",-0.01,False
81,west,,"message:


language observation:
stairs up near southsoutheast
dark area near west
dark area very near east and southeast
dark area adjacent north, northeast, south, southwest, and northwest

cursor:
Yourself a priestess
(x=35, y=6)

map:
                                                                                
                                                                                
                                                                                
                                                                                
                                                                                
                                ...@. .......                                   
                                    . .   . .                                   
                                    . .  .. .                                   
                                    . .                                         
                                    .<.                                         
                                                                                
                                                                                
                                                                                
                                                                                
                                                                                
                                                                                
                                                                                
                                                                                
                                                                                
                                                                                
                                                                                
Agent the Aspirant             St:15 Dx:10 Co:14 In:7 Wi:20 Ch:11 Chaotic S:0   
Dlvl:1 $:0 HP:13(13) Pw:8(8) AC:7 Xp:1/0                                        

",0.0,False
82,west,,"message:


language observation:
dark area near east and west
stairs up near southsoutheast
dark area adjacent north, northeast, southeast, south, southwest, and northwest

cursor:
Yourself a priestess
(x=34, y=6)

map:
                                                                                
                                                                                
                                                                                
                                                                                
                                                                                
                                ..@.. .......                                   
                                    . .   . .                                   
                                    . .  .. .                                   
                                    . .                                         
                                    .<.                                         
                                                                                
                                                                                
                                                                                
                                                                                
                                                                                
                                                                                
                                                                                
                                                                                
                                                                                
                                                                                
                                                                                
Agent the Aspirant             St:15 Dx:10 Co:14 In:7 Wi:20 Ch:11 Chaotic S:0   
Dlvl:1 $:0 HP:13(13) Pw:8(8) AC:7 Xp:1/0                                        

",0.0,False
83,west,,"message:


language observation:
dark area near east
stairs up near southeast
dark area very near southwest and west
dark area adjacent north, northeast, southeast, south, and northwest

cursor:
Yourself a priestess
(x=33, y=6)

map:
                                                                                
                                                                                
                                                                                
                                                                                
                                                                                
                                .@... .......                                   
                                .   . .   . .                                   
                                .   . .  .. .                                   
                                    . .                                         
                                    .<.                                         
                                                                                
                                                                                
                                                                                
                                                                                
                                                                                
                                                                                
                                                                                
                                                                                
                                                                                
                                                                                
                                                                                
Agent the Aspirant             St:15 Dx:10 Co:14 In:7 Wi:20 Ch:11 Chaotic S:0   
Dlvl:1 $:0 HP:13(13) Pw:8(8) AC:7 Xp:1/0                                        

",0.0,False
84,west,,"message:


language observation:
dark area near east and south
stairs up near eastsoutheast
dark area adjacent north, northeast, southeast, southwest, west, and northwest

cursor:
Yourself a priestess
(x=32, y=6)

map:
                                                                                
                                                                                
                                                                                
                                                                                
                                                                                
                                @.... .......                                   
                                .   . .   . .                                   
                                .   . .  .. .                                   
                                .   . .                                         
                                .   .<.                                         
                                                                                
                                                                                
                                                                                
                                                                                
                                                                                
                                                                                
                                                                                
                                                                                
                                                                                
                                                                                
                                                                                
Agent the Aspirant             St:15 Dx:10 Co:14 In:7 Wi:20 Ch:11 Chaotic S:0   
Dlvl:1 $:0 HP:13(13) Pw:8(8) AC:7 Xp:1/0                                        

",0.0,False
85,west,,"message:
It's solid stone.

language observation:
dark area near east and south
stairs up near eastsoutheast
dark area adjacent north, northeast, southeast, southwest, west, and northwest

cursor:
Yourself a priestess
(x=32, y=6)

map:
                                                                                
                                                                                
                                                                                
                                                                                
                                                                                
                                @.... .......                                   
                                .   . .   . .                                   
                                .   . .  .. .                                   
                                .   . .                                         
                                .   .<.                                         
                                                                                
                                                                                
                                                                                
                                                                                
                                                                                
                                                                                
                                                                                
                                                                                
                                                                                
                                                                                
                                                                                
Agent the Aspirant             St:15 Dx:10 Co:14 In:7 Wi:20 Ch:11 Chaotic S:0   
Dlvl:1 $:0 HP:13(13) Pw:8(8) AC:7 Xp:1/0                                        

",-0.01,False
86,west,,"message:
It's solid stone.

language observation:
dark area near east and south
stairs up near eastsoutheast
dark area adjacent north, northeast, southeast, southwest, west, and northwest

cursor:
Yourself a priestess
(x=32, y=6)

map:
                                                                                
                                                                                
                                                                                
                                                                                
                                                                                
                                @.... .......                                   
                                .   . .   . .                                   
                                .   . .  .. .                                   
                                .   . .                                         
                                .   .<.                                         
                                                                                
                                                                                
                                                                                
                                                                                
                                                                                
                                                                                
                                                                                
                                                                                
                                                                                
                                                                                
                                                                                
Agent the Aspirant             St:15 Dx:10 Co:14 In:7 Wi:20 Ch:11 Chaotic S:0   
Dlvl:1 $:0 HP:13(13) Pw:8(8) AC:7 Xp:1/0                                        

",-0.01,False
87,north,,"message:
It's solid stone.

language observation:
dark area near east and south
stairs up near eastsoutheast
dark area adjacent north, northeast, southeast, southwest, west, and northwest

cursor:
Yourself a priestess
(x=32, y=6)

map:
                                                                                
                                                                                
                                                                                
                                                                                
                                                                                
                                @.... .......                                   
                                .   . .   . .                                   
                                .   . .  .. .                                   
                                .   . .                                         
                                .   .<.                                         
                                                                                
                                                                                
                                                                                
                                                                                
                                                                                
                                                                                
                                                                                
                                                                                
                                                                                
                                                                                
                                                                                
Agent the Aspirant             St:15 Dx:10 Co:14 In:7 Wi:20 Ch:11 Chaotic S:0   
Dlvl:1 $:0 HP:13(13) Pw:8(8) AC:7 Xp:1/0                                        

",-0.01,False
88,south,,"message:


language observation:
stairs up near eastsoutheast
dark area near south
dark area very near north and northeast
dark area adjacent east, southeast, southwest, west, and northwest

cursor:
Yourself a priestess
(x=32, y=7)

map:
                                                                                
                                                                                
                                                                                
                                                                                
                                                                                
                                ..... .......                                   
                                @   . .   . .                                   
                                .   . .  .. .                                   
                                .   . .                                         
                                .   .<.                                         
                                                                                
                                                                                
                                                                                
                                                                                
                                                                                
                                                                                
                                                                                
                                                                                
                                                                                
                                                                                
                                                                                
Agent the Aspirant             St:15 Dx:10 Co:14 In:7 Wi:20 Ch:11 Chaotic S:0   
Dlvl:1 $:0 HP:13(13) Pw:8(8) AC:7 Xp:1/0                                        

",0.0,False
89,south,,"message:


language observation:
dark area near north and south
stairs up near eastsoutheast
dark area adjacent northeast, east, southeast, southwest, west, and northwest

cursor:
Yourself a priestess
(x=32, y=8)

map:
                                                                                
                                                                                
                                                                                
                                                                                
                                                                                
                                ..... .......                                   
                                .   . .   . .                                   
                                @   . .  .. .                                   
                                .   . .                                         
                                .   .<.                                         
                                                                                
                                                                                
                                                                                
                                                                                
                                                                                
                                                                                
                                                                                
                                                                                
                                                                                
                                                                                
                                                                                
Agent the Aspirant             St:15 Dx:10 Co:14 In:7 Wi:20 Ch:11 Chaotic S:0   
Dlvl:1 $:0 HP:13(13) Pw:8(8) AC:7 Xp:1/0                                        

",0.0,False
90,south,,"message:


language observation:
dark area near north and southeast
stairs up near eastsoutheast
dark area very near south
dark area adjacent northeast, east, southwest, west, and northwest

cursor:
Yourself a priestess
(x=32, y=9)

map:
                                                                                
                                                                                
                                                                                
                                                                                
                                                                                
                                ..... .......                                   
                                .   . .   . .                                   
                                .   . .  .. .                                   
                                @   . .                                         
                                ... .<.                                         
                                  .                                             
                                                                                
                                                                                
                                                                                
                                                                                
                                                                                
                                                                                
                                                                                
                                                                                
                                                                                
                                                                                
Agent the Aspirant             St:15 Dx:10 Co:14 In:7 Wi:20 Ch:11 Chaotic S:0   
Dlvl:1 $:0 HP:13(13) Pw:8(8) AC:7 Xp:1/0                                        

",0.0,False
91,south,,"message:


language observation:
dark area near north and east
stairs up near east
dark area adjacent northeast, southeast, south, southwest, west, and northwest

cursor:
Yourself a priestess
(x=32, y=10)

map:
                                                                                
                                                                                
                                                                                
                                                                                
                                                                                
                                ..... .......                                   
                                .   . .   . .                                   
                                .   . .  .. .                                   
                                .   . .                                         
                                @.. .<.                                         
                                  .                                             
                                                                                
                                                                                
                                                                                
                                                                                
                                                                                
                                                                                
                                                                                
                                                                                
                                                                                
                                                                                
Agent the Aspirant             St:15 Dx:10 Co:14 In:7 Wi:20 Ch:11 Chaotic S:0   
Dlvl:1 $:0 HP:13(13) Pw:8(8) AC:7 Xp:1/0                                        

",0.0,False
92,east,,"message:


language observation:
stairs up near east
dark area very near northeast, east, southeast, west, and northwest
dark area adjacent north, south, and southwest

cursor:
Yourself a priestess
(x=33, y=10)

map:
                                                                                
                                                                                
                                                                                
                                                                                
                                                                                
                                ..... .......                                   
                                .   . .   . .                                   
                                . . . .  .. .                                   
                                . . . .                                         
                                .@. .<.                                         
                                  .                                             
                                  .                                             
                                                                                
                                                                                
                                                                                
                                                                                
                                                                                
                                                                                
                                                                                
                                                                                
                                                                                
Agent the Aspirant             St:15 Dx:10 Co:14 In:7 Wi:20 Ch:11 Chaotic S:0   
Dlvl:1 $:0 HP:13(13) Pw:8(8) AC:7 Xp:1/0                                        

",0.0,False
93,east,,"message:


language observation:
dark area near north, south, and west
stairs up near east
dark area adjacent northeast, east, southeast, southwest, and northwest

cursor:
Yourself a priestess
(x=34, y=10)

map:
                                                                                
                                                                                
                                                                                
                                                                                
                                                                                
                                ..... .......                                   
                                .   . .   . .                                   
                                . . . .  .. .                                   
                                . . . .                                         
                                ..@ .<.                                         
                                  .                                             
                                  .                                             
                                  .                                             
                                  .                                             
                                                                                
                                                                                
                                                                                
                                                                                
                                                                                
                                                                                
                                                                                
Agent the Aspirant             St:15 Dx:10 Co:14 In:7 Wi:20 Ch:11 Chaotic S:0   
Dlvl:1 $:0 HP:13(13) Pw:8(8) AC:7 Xp:1/0                                        

",0.0,False
94,east,,"message:
It's solid stone.

language observation:
dark area near north, south, and west
stairs up near east
dark area adjacent northeast, east, southeast, southwest, and northwest

cursor:
Yourself a priestess
(x=34, y=10)

map:
                                                                                
                                                                                
                                                                                
                                                                                
                                                                                
                                ..... .......                                   
                                .   . .   . .                                   
                                . . . .  .. .                                   
                                . . . .                                         
                                ..@ .<.                                         
                                  .                                             
                                  .                                             
                                  .                                             
                                  .                                             
                                                                                
                                                                                
                                                                                
                                                                                
                                                                                
                                                                                
                                                                                
Agent the Aspirant             St:15 Dx:10 Co:14 In:7 Wi:20 Ch:11 Chaotic S:0   
Dlvl:1 $:0 HP:13(13) Pw:8(8) AC:7 Xp:1/0                                        

",-0.01,False
95,south,,"message:


language observation:
dark area near north, south, and northwest
stairs up near eastnortheast
dark area adjacent northeast, east, southeast, southwest, and west

cursor:
Yourself a priestess
(x=34, y=11)

map:
                                                                                
                                                                                
                                                                                
                                                                                
                                                                                
                                ..... .......                                   
                                .   . .   . .                                   
                                . . . .  .. .                                   
                                . . . .                                         
                                ... .<.                                         
                                  @                                             
                                  .                                             
                                  .                                             
                                  .                                             
                                                                                
                                                                                
                                                                                
                                                                                
                                                                                
                                                                                
                                                                                
Agent the Aspirant             St:15 Dx:10 Co:14 In:7 Wi:20 Ch:11 Chaotic S:0   
Dlvl:1 $:0 HP:13(13) Pw:8(8) AC:7 Xp:1/0                                        

",0.0,False
96,south,,"message:


language observation:
dark area near north and south
stairs up near eastnortheast
dark area adjacent northeast, east, southeast, southwest, west, and northwest

cursor:
Yourself a priestess
(x=34, y=12)

map:
                                                                                
                                                                                
                                                                                
                                                                                
                                                                                
                                ..... .......                                   
                                .   . .   . .                                   
                                . . . .  .. .                                   
                                . . . .                                         
                                ... .<.                                         
                                  .                                             
                                  @                                             
                                  .                                             
                                  .                                             
                                                                                
                                                                                
                                                                                
                                                                                
                                                                                
                                                                                
                                                                                
Agent the Aspirant             St:15 Dx:10 Co:14 In:7 Wi:20 Ch:11 Chaotic S:0   
Dlvl:1 $:0 HP:13(13) Pw:8(8) AC:7 Xp:1/0                                        

",0.0,False
97,south,,"message:


language observation:
dark area far north
stairs up near northeast
dark area near southwest
dark area very near south
dark area adjacent northeast, east, southeast, west, and northwest

cursor:
Yourself a priestess
(x=34, y=13)

map:
                                                                                
                                                                                
                                                                                
                                                                                
                                                                                
                                ..... .......                                   
                                .   . .   . .                                   
                                . . . .  .. .                                   
                                . . . .                                         
                                ... .<.                                         
                                  .                                             
                                  .                                             
                                  @                                             
                                ...                                             
                                .                                               
                                                                                
                                                                                
                                                                                
                                                                                
                                                                                
                                                                                
Agent the Aspirant             St:15 Dx:10 Co:14 In:7 Wi:20 Ch:11 Chaotic S:0   
Dlvl:1 $:0 HP:13(13) Pw:8(8) AC:7 Xp:1/0                                        

",0.0,False
98,south,,"message:


language observation:
dark area far north
stairs up near northnortheast
dark area near west
dark area adjacent northeast, east, southeast, south, southwest, and northwest

cursor:
Yourself a priestess
(x=34, y=14)

map:
                                                                                
                                                                                
                                                                                
                                                                                
                                                                                
                                ..... .......                                   
                                .   . .   . .                                   
                                . . . .  .. .                                   
                                . . . .                                         
                                ... .<.                                         
                                  .                                             
                                  .                                             
                                  .                                             
                                ..@                                             
                                .                                               
                                                                                
                                                                                
                                                                                
                                                                                
                                                                                
                                                                                
Agent the Aspirant             St:15 Dx:10 Co:14 In:7 Wi:20 Ch:11 Chaotic S:0   
Dlvl:1 $:0 HP:13(13) Pw:8(8) AC:7 Xp:1/0                                        

",0.0,False
99,south,,"message:
 
No  Points     Name                                                   Hp [max]
0  Agent-Pri-Elf-Fem-Cha quit in The Dungeons of Doom on
level 1.                                               13  [13]


language observation:
dark area adjacent east, southeast, and south

cursor:
very far eastsoutheast 
(x=77, y=6)

map:
 No  Points     Name                                                   Hp [max] 
                                                                                
            0  Agent-Pri-Elf-Fem-Cha quit in The Dungeons of Doom on            
                                                                                
              level 1.                                               13  [13]   
                                                                                
                                                                                
                                                                                
                                                                                
                                                                                
                                                                                
                                                                                
                                                                                
                                                                                
                                                                                
                                                                                
                                                                                
                                                                                
                                                                                
                                                                                
                                                                                
                                                                                
                                                                                

",-0.01,True
