{
    "progression_percentage": 1.1553688988639115,
    "standard_error": 0.423598115933611,
    "average_steps": 1217.2,
    "episodes_played": 5,
    "tasks": {
        "NetHackChallenge-v0": {
            "progression_percentage": 1.1553688988639115,
            "standard_error": 0.423598115933611,
            "episodes_played": 5
        }
    },
    "input_tokens": 42754047,
    "output_tokens": 24366
}