{
    "progression_percentage": 0.36956809123452017,
    "standard_error": 0.33055174972609247,
    "average_steps": 528.0,
    "episodes_played": 5,
    "tasks": {
        "NetHackChallenge-v0": {
            "progression_percentage": 0.36956809123452017,
            "standard_error": 0.33055174972609247,
            "episodes_played": 5
        }
    },
    "input_tokens": 12452681,
    "output_tokens": 5903
}