{
    "progression_percentage": 10.588235294117649,
    "standard_error": 3.7450467094316306,
    "average_steps": 70.13333333333334,
    "episodes_played": 30,
    "tasks": {
        "coin_collector": {
            "progression_percentage": 0.0,
            "standard_error": 0.0,
            "episodes_played": 10
        },
        "the_cooking_game": {
            "progression_percentage": 21.764705882352946,
            "standard_error": 3.5343103260705417,
            "episodes_played": 10
        },
        "treasure_hunter": {
            "progression_percentage": 10.0,
            "standard_error": 9.486832980505138,
            "episodes_played": 10
        }
    },
    "input_tokens": 2978519,
    "output_tokens": 1806623
}