{
    "progression_percentage": 1.6937458032433108,
    "standard_error": 0.20935132629788197,
    "average_steps": 1320.3,
    "episodes_played": 10,
    "tasks": {
        "NetHackChallenge-v0": {
            "progression_percentage": 1.6937458032433108,
            "standard_error": 0.20935132629788197,
            "episodes_played": 10
        }
    },
    "input_tokens": 78212644,
    "output_tokens": 3591858
}